datetime,client_name,supply_period,date,correct_hour,hour,weekday,wesm,kwh,kw
26/08/2023 0:00,bounty_madera,30/09/2023 0:00,26/08/2023 0:00,0,1,5,5.410817467,433.182,433.182
26/08/2023 1:00,bounty_madera,30/09/2023 0:00,26/08/2023 0:00,1,2,5,5.039228767,416.093,416.093
26/08/2023 2:00,bounty_madera,30/09/2023 0:00,26/08/2023 0:00,2,3,5,4.553896917,414.557,414.557
26/08/2023 3:00,bounty_madera,30/09/2023 0:00,26/08/2023 0:00,3,4,5,4.437268858,405.076,405.076
26/08/2023 4:00,bounty_madera,30/09/2023 0:00,26/08/2023 0:00,4,5,5,4.332006475,439.397,439.397
26/08/2023 5:00,bounty_madera,30/09/2023 0:00,26/08/2023 0:00,5,6,5,3.96239975,472.98,472.98
26/08/2023 6:00,bounty_madera,30/09/2023 0:00,26/08/2023 0:00,6,7,5,2.654018917,470.929,470.929
26/08/2023 7:00,bounty_madera,30/09/2023 0:00,26/08/2023 0:00,7,8,5,2.58019965,512.617,512.617
26/08/2023 8:00,bounty_madera,30/09/2023 0:00,26/08/2023 0:00,8,9,5,3.097714683,544.483,544.483
26/08/2023 9:00,bounty_madera,30/09/2023 0:00,26/08/2023 0:00,9,10,5,3.455661992,562.825,562.825
26/08/2023 10:00,bounty_madera,30/09/2023 0:00,26/08/2023 0:00,10,11,5,3.725741267,577.854,577.854
26/08/2023 11:00,bounty_madera,30/09/2023 0:00,26/08/2023 0:00,11,12,5,3.299916633,548.225,548.225
26/08/2023 12:00,bounty_madera,30/09/2023 0:00,26/08/2023 0:00,12,13,5,2.761635617,566.979,566.979
26/08/2023 13:00,bounty_madera,30/09/2023 0:00,26/08/2023 0:00,13,14,5,3.721522808,504.117,504.117
26/08/2023 14:00,bounty_madera,30/09/2023 0:00,26/08/2023 0:00,14,15,5,2.973006542,516.114,516.114
26/08/2023 15:00,bounty_madera,30/09/2023 0:00,26/08/2023 0:00,15,16,5,2.6170175,64.621,64.621
26/08/2023 16:00,bounty_madera,30/09/2023 0:00,26/08/2023 0:00,16,17,5,2.645700633,0,0
26/08/2023 17:00,bounty_madera,30/09/2023 0:00,26/08/2023 0:00,17,18,5,2.695593908,23.142,23.142
26/08/2023 18:00,bounty_madera,30/09/2023 0:00,26/08/2023 0:00,18,19,5,2.749604325,113.904,113.904
26/08/2023 19:00,bounty_madera,30/09/2023 0:00,26/08/2023 0:00,19,20,5,3.04386095,476.723,476.723
26/08/2023 20:00,bounty_madera,30/09/2023 0:00,26/08/2023 0:00,20,21,5,3.971016133,407.958,407.958
26/08/2023 21:00,bounty_madera,30/09/2023 0:00,26/08/2023 0:00,21,22,5,4.027590017,456.305,456.305
26/08/2023 22:00,bounty_madera,30/09/2023 0:00,26/08/2023 0:00,22,23,5,3.60511115,447.653,447.653
26/08/2023 23:00,bounty_madera,30/09/2023 0:00,26/08/2023 0:00,23,24,5,3.356296942,455.45,455.45
27/08/2023 0:00,bounty_madera,30/09/2023 0:00,27/08/2023 0:00,0,1,6,3.667644442,431.947,431.947
27/08/2023 1:00,bounty_madera,30/09/2023 0:00,27/08/2023 0:00,1,2,6,3.411662225,397.597,397.597
27/08/2023 2:00,bounty_madera,30/09/2023 0:00,27/08/2023 0:00,2,3,6,3.81869045,357.958,357.958
27/08/2023 3:00,bounty_madera,30/09/2023 0:00,27/08/2023 0:00,3,4,6,3.681908975,345.006,345.006
27/08/2023 4:00,bounty_madera,30/09/2023 0:00,27/08/2023 0:00,4,5,6,3.531547017,386.748,386.748
27/08/2023 5:00,bounty_madera,30/09/2023 0:00,27/08/2023 0:00,5,6,6,3.218428675,452.23,452.23
27/08/2023 6:00,bounty_madera,30/09/2023 0:00,27/08/2023 0:00,6,7,6,3.030313358,490.581,490.581
27/08/2023 7:00,bounty_madera,30/09/2023 0:00,27/08/2023 0:00,7,8,6,3.284785867,503.551,503.551
27/08/2023 8:00,bounty_madera,30/09/2023 0:00,27/08/2023 0:00,8,9,6,3.378439692,541.67,541.67
27/08/2023 9:00,bounty_madera,30/09/2023 0:00,27/08/2023 0:00,9,10,6,3.505015425,565.669,565.669
27/08/2023 10:00,bounty_madera,30/09/2023 0:00,27/08/2023 0:00,10,11,6,3.127848867,579.948,579.948
27/08/2023 11:00,bounty_madera,30/09/2023 0:00,27/08/2023 0:00,11,12,6,3.244327667,536.327,536.327
27/08/2023 12:00,bounty_madera,30/09/2023 0:00,27/08/2023 0:00,12,13,6,2.944969625,566.938,566.938
27/08/2023 13:00,bounty_madera,30/09/2023 0:00,27/08/2023 0:00,13,14,6,2.9920115,558.421,558.421
27/08/2023 14:00,bounty_madera,30/09/2023 0:00,27/08/2023 0:00,14,15,6,3.107854575,546.022,546.022
27/08/2023 15:00,bounty_madera,30/09/2023 0:00,27/08/2023 0:00,15,16,6,2.971535183,513.748,513.748
27/08/2023 16:00,bounty_madera,30/09/2023 0:00,27/08/2023 0:00,16,17,6,2.884002258,504.622,504.622
27/08/2023 17:00,bounty_madera,30/09/2023 0:00,27/08/2023 0:00,17,18,6,2.935568383,476.611,476.611
27/08/2023 18:00,bounty_madera,30/09/2023 0:00,27/08/2023 0:00,18,19,6,3.9972757,454.142,454.142
27/08/2023 19:00,bounty_madera,30/09/2023 0:00,27/08/2023 0:00,19,20,6,4.021952083,412.617,412.617
27/08/2023 20:00,bounty_madera,30/09/2023 0:00,27/08/2023 0:00,20,21,6,3.622623283,375.512,375.512
27/08/2023 21:00,bounty_madera,30/09/2023 0:00,27/08/2023 0:00,21,22,6,3.074142442,335.202,335.202
27/08/2023 22:00,bounty_madera,30/09/2023 0:00,27/08/2023 0:00,22,23,6,2.744582158,333.446,333.446
27/08/2023 23:00,bounty_madera,30/09/2023 0:00,27/08/2023 0:00,23,24,6,2.63630325,362.367,362.367
28/08/2023 0:00,bounty_madera,30/09/2023 0:00,28/08/2023 0:00,0,1,0,3.583534858,344.157,344.157
28/08/2023 1:00,bounty_madera,30/09/2023 0:00,28/08/2023 0:00,1,2,0,3.119425242,307.253,307.253
28/08/2023 2:00,bounty_madera,30/09/2023 0:00,28/08/2023 0:00,2,3,0,2.838118358,296.895,296.895
28/08/2023 3:00,bounty_madera,30/09/2023 0:00,28/08/2023 0:00,3,4,0,2.636612092,293.386,293.386
28/08/2023 4:00,bounty_madera,30/09/2023 0:00,28/08/2023 0:00,4,5,0,2.704886033,304.953,304.953
28/08/2023 5:00,bounty_madera,30/09/2023 0:00,28/08/2023 0:00,5,6,0,2.780556367,320.498,320.498
28/08/2023 6:00,bounty_madera,30/09/2023 0:00,28/08/2023 0:00,6,7,0,2.646515,344.045,344.045
28/08/2023 7:00,bounty_madera,30/09/2023 0:00,28/08/2023 0:00,7,8,0,2.894300717,501.346,501.346
28/08/2023 8:00,bounty_madera,30/09/2023 0:00,28/08/2023 0:00,8,9,0,2.078120167,549.372,549.372
28/08/2023 9:00,bounty_madera,30/09/2023 0:00,28/08/2023 0:00,9,10,0,3.09480275,597.282,597.282
28/08/2023 10:00,bounty_madera,30/09/2023 0:00,28/08/2023 0:00,10,11,0,3.710594375,588.363,588.363
28/08/2023 11:00,bounty_madera,30/09/2023 0:00,28/08/2023 0:00,11,12,0,3.522477217,558.812,558.812
28/08/2023 12:00,bounty_madera,30/09/2023 0:00,28/08/2023 0:00,12,13,0,3.148155275,551.12,551.12
28/08/2023 13:00,bounty_madera,30/09/2023 0:00,28/08/2023 0:00,13,14,0,3.631648967,572.482,572.482
28/08/2023 14:00,bounty_madera,30/09/2023 0:00,28/08/2023 0:00,14,15,0,3.69541495,574.56,574.56
28/08/2023 15:00,bounty_madera,30/09/2023 0:00,28/08/2023 0:00,15,16,0,3.66017745,558.298,558.298
28/08/2023 16:00,bounty_madera,30/09/2023 0:00,28/08/2023 0:00,16,17,0,3.651452067,567.48,567.48
28/08/2023 17:00,bounty_madera,30/09/2023 0:00,28/08/2023 0:00,17,18,0,3.649097467,487.997,487.997
28/08/2023 18:00,bounty_madera,30/09/2023 0:00,28/08/2023 0:00,18,19,0,4.4002226,482.068,482.068
28/08/2023 19:00,bounty_madera,30/09/2023 0:00,28/08/2023 0:00,19,20,0,4.857784825,412.982,412.982
28/08/2023 20:00,bounty_madera,30/09/2023 0:00,28/08/2023 0:00,20,21,0,5.039265,386.992,386.992
28/08/2023 21:00,bounty_madera,30/09/2023 0:00,28/08/2023 0:00,21,22,0,5.254264675,379.482,379.482
28/08/2023 22:00,bounty_madera,30/09/2023 0:00,28/08/2023 0:00,22,23,0,4.4175074,388.517,388.517
28/08/2023 23:00,bounty_madera,30/09/2023 0:00,28/08/2023 0:00,23,24,0,4.27691985,389.13,389.13
29/08/2023 0:00,bounty_madera,30/09/2023 0:00,29/08/2023 0:00,0,1,1,4.197341992,345.168,345.168
29/08/2023 1:00,bounty_madera,30/09/2023 0:00,29/08/2023 0:00,1,2,1,3.541320667,316.437,316.437
29/08/2023 2:00,bounty_madera,30/09/2023 0:00,29/08/2023 0:00,2,3,1,2.997399158,305.428,305.428
29/08/2023 3:00,bounty_madera,30/09/2023 0:00,29/08/2023 0:00,3,4,1,2.913416133,297.187,297.187
29/08/2023 4:00,bounty_madera,30/09/2023 0:00,29/08/2023 0:00,4,5,1,3.562293467,306.381,306.381
29/08/2023 5:00,bounty_madera,30/09/2023 0:00,29/08/2023 0:00,5,6,1,3.638767708,337.578,337.578
29/08/2023 6:00,bounty_madera,30/09/2023 0:00,29/08/2023 0:00,6,7,1,3.396373858,348.348,348.348
29/08/2023 7:00,bounty_madera,30/09/2023 0:00,29/08/2023 0:00,7,8,1,4.20576,464.096,464.096
29/08/2023 8:00,bounty_madera,30/09/2023 0:00,29/08/2023 0:00,8,9,1,4.6130871,549.906,549.906
29/08/2023 9:00,bounty_madera,30/09/2023 0:00,29/08/2023 0:00,9,10,1,5.513163633,597.5,597.5
29/08/2023 10:00,bounty_madera,30/09/2023 0:00,29/08/2023 0:00,10,11,1,5.606508742,601.755,601.755
29/08/2023 11:00,bounty_madera,30/09/2023 0:00,29/08/2023 0:00,11,12,1,4.695462325,570.389,570.389
29/08/2023 12:00,bounty_madera,30/09/2023 0:00,29/08/2023 0:00,12,13,1,4.048006825,594.944,594.944
29/08/2023 13:00,bounty_madera,30/09/2023 0:00,29/08/2023 0:00,13,14,1,5.3062935,600.834,600.834
29/08/2023 14:00,bounty_madera,30/09/2023 0:00,29/08/2023 0:00,14,15,1,5.493147158,593.547,593.547
29/08/2023 15:00,bounty_madera,30/09/2023 0:00,29/08/2023 0:00,15,16,1,4.713739792,564.729,564.729
29/08/2023 16:00,bounty_madera,30/09/2023 0:00,29/08/2023 0:00,16,17,1,4.124756217,577.39,577.39
29/08/2023 17:00,bounty_madera,30/09/2023 0:00,29/08/2023 0:00,17,18,1,3.794687058,554.837,554.837
29/08/2023 18:00,bounty_madera,30/09/2023 0:00,29/08/2023 0:00,18,19,1,4.269122292,537.05,537.05
29/08/2023 19:00,bounty_madera,30/09/2023 0:00,29/08/2023 0:00,19,20,1,4.059376875,503.185,503.185
29/08/2023 20:00,bounty_madera,30/09/2023 0:00,29/08/2023 0:00,20,21,1,5.174804617,454.458,454.458
29/08/2023 21:00,bounty_madera,30/09/2023 0:00,29/08/2023 0:00,21,22,1,4.915340792,409.089,409.089
29/08/2023 22:00,bounty_madera,30/09/2023 0:00,29/08/2023 0:00,22,23,1,4.474419625,419.818,419.818
29/08/2023 23:00,bounty_madera,30/09/2023 0:00,29/08/2023 0:00,23,24,1,3.566372025,432.282,432.282
30/08/2023 0:00,bounty_madera,30/09/2023 0:00,30/08/2023 0:00,0,1,2,3.697185942,417.131,417.131
30/08/2023 1:00,bounty_madera,30/09/2023 0:00,30/08/2023 0:00,1,2,2,3.478739167,396.645,396.645
30/08/2023 2:00,bounty_madera,30/09/2023 0:00,30/08/2023 0:00,2,3,2,3.343983117,393.875,393.875
30/08/2023 3:00,bounty_madera,30/09/2023 0:00,30/08/2023 0:00,3,4,2,3.169957083,347.339,347.339
30/08/2023 4:00,bounty_madera,30/09/2023 0:00,30/08/2023 0:00,4,5,2,3.608026833,344.672,344.672
30/08/2023 5:00,bounty_madera,30/09/2023 0:00,30/08/2023 0:00,5,6,2,3.914591892,379.945,379.945
30/08/2023 6:00,bounty_madera,30/09/2023 0:00,30/08/2023 0:00,6,7,2,3.2433187,395.555,395.555
30/08/2023 7:00,bounty_madera,30/09/2023 0:00,30/08/2023 0:00,7,8,2,4.087620767,440.655,440.655
30/08/2023 8:00,bounty_madera,30/09/2023 0:00,30/08/2023 0:00,8,9,2,4.824492758,530.133,530.133
30/08/2023 9:00,bounty_madera,30/09/2023 0:00,30/08/2023 0:00,9,10,2,4.779092058,586.904,586.904
30/08/2023 10:00,bounty_madera,30/09/2023 0:00,30/08/2023 0:00,10,11,2,5.3275496,604.094,604.094
30/08/2023 11:00,bounty_madera,30/09/2023 0:00,30/08/2023 0:00,11,12,2,4.407328442,545.291,545.291
30/08/2023 12:00,bounty_madera,30/09/2023 0:00,30/08/2023 0:00,12,13,2,3.805047425,184.232,184.232
30/08/2023 13:00,bounty_madera,30/09/2023 0:00,30/08/2023 0:00,13,14,2,5.073385467,409.197,409.197
30/08/2023 14:00,bounty_madera,30/09/2023 0:00,30/08/2023 0:00,14,15,2,4.801380458,467.849,467.849
30/08/2023 15:00,bounty_madera,30/09/2023 0:00,30/08/2023 0:00,15,16,2,4.397681608,427.727,427.727
30/08/2023 16:00,bounty_madera,30/09/2023 0:00,30/08/2023 0:00,16,17,2,4.61316565,466.41,466.41
30/08/2023 17:00,bounty_madera,30/09/2023 0:00,30/08/2023 0:00,17,18,2,2.995315317,472.823,472.823
30/08/2023 18:00,bounty_madera,30/09/2023 0:00,30/08/2023 0:00,18,19,2,4.10938815,454.452,454.452
30/08/2023 19:00,bounty_madera,30/09/2023 0:00,30/08/2023 0:00,19,20,2,3.187043483,378.306,378.306
30/08/2023 20:00,bounty_madera,30/09/2023 0:00,30/08/2023 0:00,20,21,2,4.207265433,387.875,387.875
30/08/2023 21:00,bounty_madera,30/09/2023 0:00,30/08/2023 0:00,21,22,2,4.507118425,393.871,393.871
30/08/2023 22:00,bounty_madera,30/09/2023 0:00,30/08/2023 0:00,22,23,2,3.917404075,375.886,375.886
30/08/2023 23:00,bounty_madera,30/09/2023 0:00,30/08/2023 0:00,23,24,2,3.7419625,367.373,367.373
31/08/2023 0:00,bounty_madera,30/09/2023 0:00,31/08/2023 0:00,0,1,3,4.272519308,358.231,358.231
31/08/2023 1:00,bounty_madera,30/09/2023 0:00,31/08/2023 0:00,1,2,3,4.2395667,318.872,318.872
31/08/2023 2:00,bounty_madera,30/09/2023 0:00,31/08/2023 0:00,2,3,3,4.003060417,305.167,305.167
31/08/2023 3:00,bounty_madera,30/09/2023 0:00,31/08/2023 0:00,3,4,3,3.533543283,303.643,303.643
31/08/2023 4:00,bounty_madera,30/09/2023 0:00,31/08/2023 0:00,4,5,3,3.727396275,324.865,324.865
31/08/2023 5:00,bounty_madera,30/09/2023 0:00,31/08/2023 0:00,5,6,3,3.9617442,339.695,339.695
31/08/2023 6:00,bounty_madera,30/09/2023 0:00,31/08/2023 0:00,6,7,3,2.813665375,377.055,377.055
31/08/2023 7:00,bounty_madera,30/09/2023 0:00,31/08/2023 0:00,7,8,3,3.330796958,371.607,371.607
31/08/2023 8:00,bounty_madera,30/09/2023 0:00,31/08/2023 0:00,8,9,3,3.622290075,383.66,383.66
31/08/2023 9:00,bounty_madera,30/09/2023 0:00,31/08/2023 0:00,9,10,3,3.215702567,442.008,442.008
31/08/2023 10:00,bounty_madera,30/09/2023 0:00,31/08/2023 0:00,10,11,3,3.905558358,494.793,494.793
31/08/2023 11:00,bounty_madera,30/09/2023 0:00,31/08/2023 0:00,11,12,3,3.539522117,503.858,503.858
31/08/2023 12:00,bounty_madera,30/09/2023 0:00,31/08/2023 0:00,12,13,3,3.307371267,554.523,554.523
31/08/2023 13:00,bounty_madera,30/09/2023 0:00,31/08/2023 0:00,13,14,3,3.227838058,538.177,538.177
31/08/2023 14:00,bounty_madera,30/09/2023 0:00,31/08/2023 0:00,14,15,3,3.307915233,569.079,569.079
31/08/2023 15:00,bounty_madera,30/09/2023 0:00,31/08/2023 0:00,15,16,3,2.749037625,552.325,552.325
31/08/2023 16:00,bounty_madera,30/09/2023 0:00,31/08/2023 0:00,16,17,3,2.9840193,558.31,558.31
31/08/2023 17:00,bounty_madera,30/09/2023 0:00,31/08/2023 0:00,17,18,3,2.679894275,541.893,541.893
31/08/2023 18:00,bounty_madera,30/09/2023 0:00,31/08/2023 0:00,18,19,3,4.230396458,535.768,535.768
31/08/2023 19:00,bounty_madera,30/09/2023 0:00,31/08/2023 0:00,19,20,3,3.437985108,499.865,499.865
31/08/2023 20:00,bounty_madera,30/09/2023 0:00,31/08/2023 0:00,20,21,3,4.417389675,483.508,483.508
31/08/2023 21:00,bounty_madera,30/09/2023 0:00,31/08/2023 0:00,21,22,3,3.848912558,472.592,472.592
31/08/2023 22:00,bounty_madera,30/09/2023 0:00,31/08/2023 0:00,22,23,3,3.227296583,461.115,461.115
31/08/2023 23:00,bounty_madera,30/09/2023 0:00,31/08/2023 0:00,23,24,3,2.994144708,449.01,449.01
01/09/2023 0:00,bounty_madera,30/09/2023 0:00,01/09/2023 0:00,0,1,4,3.672709783,434.106,434.106
01/09/2023 1:00,bounty_madera,30/09/2023 0:00,01/09/2023 0:00,1,2,4,3.245246742,415.372,415.372
01/09/2023 2:00,bounty_madera,30/09/2023 0:00,01/09/2023 0:00,2,3,4,3.089847692,403.331,403.331
01/09/2023 3:00,bounty_madera,30/09/2023 0:00,01/09/2023 0:00,3,4,4,2.856676017,380.053,380.053
01/09/2023 4:00,bounty_madera,30/09/2023 0:00,01/09/2023 0:00,4,5,4,3.450669367,384.556,384.556
01/09/2023 5:00,bounty_madera,30/09/2023 0:00,01/09/2023 0:00,5,6,4,3.467529717,404.902,404.902
01/09/2023 6:00,bounty_madera,30/09/2023 0:00,01/09/2023 0:00,6,7,4,2.687778342,446.805,446.805
01/09/2023 7:00,bounty_madera,30/09/2023 0:00,01/09/2023 0:00,7,8,4,3.388971758,489.249,489.249
01/09/2023 8:00,bounty_madera,30/09/2023 0:00,01/09/2023 0:00,8,9,4,3.110067817,443.016,443.016
01/09/2023 9:00,bounty_madera,30/09/2023 0:00,01/09/2023 0:00,9,10,4,4.143553808,0,0
01/09/2023 10:00,bounty_madera,30/09/2023 0:00,01/09/2023 0:00,10,11,4,4.659159683,0,0
01/09/2023 11:00,bounty_madera,30/09/2023 0:00,01/09/2023 0:00,11,12,4,4.500675417,0,0
01/09/2023 12:00,bounty_madera,30/09/2023 0:00,01/09/2023 0:00,12,13,4,4.355594983,0,0
01/09/2023 13:00,bounty_madera,30/09/2023 0:00,01/09/2023 0:00,13,14,4,5.241627383,0,0
01/09/2023 14:00,bounty_madera,30/09/2023 0:00,01/09/2023 0:00,14,15,4,4.782098117,0,0
01/09/2023 15:00,bounty_madera,30/09/2023 0:00,01/09/2023 0:00,15,16,4,4.666901725,235.325,235.325
01/09/2023 16:00,bounty_madera,30/09/2023 0:00,01/09/2023 0:00,16,17,4,4.75365715,547.941,547.941
01/09/2023 17:00,bounty_madera,30/09/2023 0:00,01/09/2023 0:00,17,18,4,5.144980092,513.135,513.135
01/09/2023 18:00,bounty_madera,30/09/2023 0:00,01/09/2023 0:00,18,19,4,5.028136842,469.812,469.812
01/09/2023 19:00,bounty_madera,30/09/2023 0:00,01/09/2023 0:00,19,20,4,4.710363192,386.821,386.821
01/09/2023 20:00,bounty_madera,30/09/2023 0:00,01/09/2023 0:00,20,21,4,4.893568383,395.412,395.412
01/09/2023 21:00,bounty_madera,30/09/2023 0:00,01/09/2023 0:00,21,22,4,4.855908183,414.855,414.855
01/09/2023 22:00,bounty_madera,30/09/2023 0:00,01/09/2023 0:00,22,23,4,4.480953442,423.742,423.742
01/09/2023 23:00,bounty_madera,30/09/2023 0:00,01/09/2023 0:00,23,24,4,4.318389908,373.813,373.813
02/09/2023 0:00,bounty_madera,30/09/2023 0:00,02/09/2023 0:00,0,1,5,3.91963045,166.839,166.839
02/09/2023 1:00,bounty_madera,30/09/2023 0:00,02/09/2023 0:00,1,2,5,3.718560317,316.217,316.217
02/09/2023 2:00,bounty_madera,30/09/2023 0:00,02/09/2023 0:00,2,3,5,3.598567925,314.123,314.123
02/09/2023 3:00,bounty_madera,30/09/2023 0:00,02/09/2023 0:00,3,4,5,2.836697508,320.598,320.598
02/09/2023 4:00,bounty_madera,30/09/2023 0:00,02/09/2023 0:00,4,5,5,2.209126617,347.227,347.227
02/09/2023 5:00,bounty_madera,30/09/2023 0:00,02/09/2023 0:00,5,6,5,2.78340575,378.963,378.963
02/09/2023 6:00,bounty_madera,30/09/2023 0:00,02/09/2023 0:00,6,7,5,2.713932692,401.574,401.574
02/09/2023 7:00,bounty_madera,30/09/2023 0:00,02/09/2023 0:00,7,8,5,2.754155283,427.65,427.65
02/09/2023 8:00,bounty_madera,30/09/2023 0:00,02/09/2023 0:00,8,9,5,3.400703692,446.595,446.595
02/09/2023 9:00,bounty_madera,30/09/2023 0:00,02/09/2023 0:00,9,10,5,3.764139392,509.095,509.095
02/09/2023 10:00,bounty_madera,30/09/2023 0:00,02/09/2023 0:00,10,11,5,4.090381608,546.651,546.651
02/09/2023 11:00,bounty_madera,30/09/2023 0:00,02/09/2023 0:00,11,12,5,4.185297175,520.589,520.589
02/09/2023 12:00,bounty_madera,30/09/2023 0:00,02/09/2023 0:00,12,13,5,4.10548525,531.879,531.879
02/09/2023 13:00,bounty_madera,30/09/2023 0:00,02/09/2023 0:00,13,14,5,4.268665425,544.599,544.599
02/09/2023 14:00,bounty_madera,30/09/2023 0:00,02/09/2023 0:00,14,15,5,4.330551958,536.391,536.391
02/09/2023 15:00,bounty_madera,30/09/2023 0:00,02/09/2023 0:00,15,16,5,4.077098658,539.805,539.805
02/09/2023 16:00,bounty_madera,30/09/2023 0:00,02/09/2023 0:00,16,17,5,3.836825425,526.76,526.76
02/09/2023 17:00,bounty_madera,30/09/2023 0:00,02/09/2023 0:00,17,18,5,4.080551983,506.432,506.432
02/09/2023 18:00,bounty_madera,30/09/2023 0:00,02/09/2023 0:00,18,19,5,4.839037767,497.33,497.33
02/09/2023 19:00,bounty_madera,30/09/2023 0:00,02/09/2023 0:00,19,20,5,4.610064233,471.559,471.559
02/09/2023 20:00,bounty_madera,30/09/2023 0:00,02/09/2023 0:00,20,21,5,4.663658525,460.081,460.081
02/09/2023 21:00,bounty_madera,30/09/2023 0:00,02/09/2023 0:00,21,22,5,4.464041592,461.64,461.64
02/09/2023 22:00,bounty_madera,30/09/2023 0:00,02/09/2023 0:00,22,23,5,4.191084833,447.921,447.921
02/09/2023 23:00,bounty_madera,30/09/2023 0:00,02/09/2023 0:00,23,24,5,3.970614908,430.835,430.835
03/09/2023 0:00,bounty_madera,30/09/2023 0:00,03/09/2023 0:00,0,1,6,3.697957125,408.997,408.997
03/09/2023 1:00,bounty_madera,30/09/2023 0:00,03/09/2023 0:00,1,2,6,3.528557825,397.429,397.429
03/09/2023 2:00,bounty_madera,30/09/2023 0:00,03/09/2023 0:00,2,3,6,3.486334767,397.446,397.446
03/09/2023 3:00,bounty_madera,30/09/2023 0:00,03/09/2023 0:00,3,4,6,3.0915167,390.304,390.304
03/09/2023 4:00,bounty_madera,30/09/2023 0:00,03/09/2023 0:00,4,5,6,2.948312625,390.019,390.019
03/09/2023 5:00,bounty_madera,30/09/2023 0:00,03/09/2023 0:00,5,6,6,2.096861325,412.847,412.847
03/09/2023 6:00,bounty_madera,30/09/2023 0:00,03/09/2023 0:00,6,7,6,2.075251675,455.453,455.453
03/09/2023 7:00,bounty_madera,30/09/2023 0:00,03/09/2023 0:00,7,8,6,1.732842183,479.236,479.236
03/09/2023 8:00,bounty_madera,30/09/2023 0:00,03/09/2023 0:00,8,9,6,2.802718317,514.454,514.454
03/09/2023 9:00,bounty_madera,30/09/2023 0:00,03/09/2023 0:00,9,10,6,3.327924308,567.2,567.2
03/09/2023 10:00,bounty_madera,30/09/2023 0:00,03/09/2023 0:00,10,11,6,3.445955958,575.228,575.228
03/09/2023 11:00,bounty_madera,30/09/2023 0:00,03/09/2023 0:00,11,12,6,3.245432317,544.916,544.916
03/09/2023 12:00,bounty_madera,30/09/2023 0:00,03/09/2023 0:00,12,13,6,3.356625192,550.419,550.419
03/09/2023 13:00,bounty_madera,30/09/2023 0:00,03/09/2023 0:00,13,14,6,3.351497442,536.449,536.449
03/09/2023 14:00,bounty_madera,30/09/2023 0:00,03/09/2023 0:00,14,15,6,3.683314642,543.583,543.583
03/09/2023 15:00,bounty_madera,30/09/2023 0:00,03/09/2023 0:00,15,16,6,3.573672875,520.262,520.262
03/09/2023 16:00,bounty_madera,30/09/2023 0:00,03/09/2023 0:00,16,17,6,3.977813733,545.757,545.757
03/09/2023 17:00,bounty_madera,30/09/2023 0:00,03/09/2023 0:00,17,18,6,4.18489675,532.669,532.669
03/09/2023 18:00,bounty_madera,30/09/2023 0:00,03/09/2023 0:00,18,19,6,4.5313362,527.6,527.6
03/09/2023 19:00,bounty_madera,30/09/2023 0:00,03/09/2023 0:00,19,20,6,4.492839742,482.647,482.647
03/09/2023 20:00,bounty_madera,30/09/2023 0:00,03/09/2023 0:00,20,21,6,4.627656042,455.902,455.902
03/09/2023 21:00,bounty_madera,30/09/2023 0:00,03/09/2023 0:00,21,22,6,4.71603045,456.025,456.025
03/09/2023 22:00,bounty_madera,30/09/2023 0:00,03/09/2023 0:00,22,23,6,4.231346408,446.405,446.405
03/09/2023 23:00,bounty_madera,30/09/2023 0:00,03/09/2023 0:00,23,24,6,3.432969917,438.727,438.727
04/09/2023 0:00,bounty_madera,30/09/2023 0:00,04/09/2023 0:00,0,1,0,2.833720208,424.126,424.126
04/09/2023 1:00,bounty_madera,30/09/2023 0:00,04/09/2023 0:00,1,2,0,3.021744592,397.387,397.387
04/09/2023 2:00,bounty_madera,30/09/2023 0:00,04/09/2023 0:00,2,3,0,1.915873092,378.408,378.408
04/09/2023 3:00,bounty_madera,30/09/2023 0:00,04/09/2023 0:00,3,4,0,2.601414167,382.919,382.919
04/09/2023 4:00,bounty_madera,30/09/2023 0:00,04/09/2023 0:00,4,5,0,2.631735992,399.089,399.089
04/09/2023 5:00,bounty_madera,30/09/2023 0:00,04/09/2023 0:00,5,6,0,2.790484442,388.457,388.457
04/09/2023 6:00,bounty_madera,30/09/2023 0:00,04/09/2023 0:00,6,7,0,2.57124295,406.523,406.523
04/09/2023 7:00,bounty_madera,30/09/2023 0:00,04/09/2023 0:00,7,8,0,2.635859633,410.022,410.022
04/09/2023 8:00,bounty_madera,30/09/2023 0:00,04/09/2023 0:00,8,9,0,3.058752258,423.729,423.729
04/09/2023 9:00,bounty_madera,30/09/2023 0:00,04/09/2023 0:00,9,10,0,3.445577542,438.639,438.639
04/09/2023 10:00,bounty_madera,30/09/2023 0:00,04/09/2023 0:00,10,11,0,3.329134267,478.972,478.972
04/09/2023 11:00,bounty_madera,30/09/2023 0:00,04/09/2023 0:00,11,12,0,3.806346142,500.475,500.475
04/09/2023 12:00,bounty_madera,30/09/2023 0:00,04/09/2023 0:00,12,13,0,2.4587752,533.766,533.766
04/09/2023 13:00,bounty_madera,30/09/2023 0:00,04/09/2023 0:00,13,14,0,4.03873295,544.951,544.951
04/09/2023 14:00,bounty_madera,30/09/2023 0:00,04/09/2023 0:00,14,15,0,4.237693808,562.295,562.295
04/09/2023 15:00,bounty_madera,30/09/2023 0:00,04/09/2023 0:00,15,16,0,4.305303517,511.472,511.472
04/09/2023 16:00,bounty_madera,30/09/2023 0:00,04/09/2023 0:00,16,17,0,4.688076742,474.856,474.856
04/09/2023 17:00,bounty_madera,30/09/2023 0:00,04/09/2023 0:00,17,18,0,4.36048305,461.592,461.592
04/09/2023 18:00,bounty_madera,30/09/2023 0:00,04/09/2023 0:00,18,19,0,4.562872658,437.116,437.116
04/09/2023 19:00,bounty_madera,30/09/2023 0:00,04/09/2023 0:00,19,20,0,4.353872433,398.034,398.034
04/09/2023 20:00,bounty_madera,30/09/2023 0:00,04/09/2023 0:00,20,21,0,4.779229983,414.566,414.566
04/09/2023 21:00,bounty_madera,30/09/2023 0:00,04/09/2023 0:00,21,22,0,4.793449408,406.002,406.002
04/09/2023 22:00,bounty_madera,30/09/2023 0:00,04/09/2023 0:00,22,23,0,4.559820708,401.792,401.792
04/09/2023 23:00,bounty_madera,30/09/2023 0:00,04/09/2023 0:00,23,24,0,4.13727245,402.037,402.037
05/09/2023 0:00,bounty_madera,30/09/2023 0:00,05/09/2023 0:00,0,1,1,3.4595581,392.519,392.519
05/09/2023 1:00,bounty_madera,30/09/2023 0:00,05/09/2023 0:00,1,2,1,3.024535283,384.125,384.125
05/09/2023 2:00,bounty_madera,30/09/2023 0:00,05/09/2023 0:00,2,3,1,2.881264592,369.957,369.957
05/09/2023 3:00,bounty_madera,30/09/2023 0:00,05/09/2023 0:00,3,4,1,2.741507433,363.972,363.972
05/09/2023 4:00,bounty_madera,30/09/2023 0:00,05/09/2023 0:00,4,5,1,3.060158183,386.944,386.944
05/09/2023 5:00,bounty_madera,30/09/2023 0:00,05/09/2023 0:00,5,6,1,2.965274217,420.92,420.92
05/09/2023 6:00,bounty_madera,30/09/2023 0:00,05/09/2023 0:00,6,7,1,2.220151033,448.387,448.387
05/09/2023 7:00,bounty_madera,30/09/2023 0:00,05/09/2023 0:00,7,8,1,2.96788545,493.39,493.39
05/09/2023 8:00,bounty_madera,30/09/2023 0:00,05/09/2023 0:00,8,9,1,4.151575908,533.757,533.757
05/09/2023 9:00,bounty_madera,30/09/2023 0:00,05/09/2023 0:00,9,10,1,4.172689667,559.897,559.897
05/09/2023 10:00,bounty_madera,30/09/2023 0:00,05/09/2023 0:00,10,11,1,4.8678334,565.316,565.316
05/09/2023 11:00,bounty_madera,30/09/2023 0:00,05/09/2023 0:00,11,12,1,4.321164208,533.002,533.002
05/09/2023 12:00,bounty_madera,30/09/2023 0:00,05/09/2023 0:00,12,13,1,3.825000792,541.186,541.186
05/09/2023 13:00,bounty_madera,30/09/2023 0:00,05/09/2023 0:00,13,14,1,4.776529158,532.117,532.117
05/09/2023 14:00,bounty_madera,30/09/2023 0:00,05/09/2023 0:00,14,15,1,5.06235935,535.906,535.906
05/09/2023 15:00,bounty_madera,30/09/2023 0:00,05/09/2023 0:00,15,16,1,3.9502682,538.714,538.714
05/09/2023 16:00,bounty_madera,30/09/2023 0:00,05/09/2023 0:00,16,17,1,3.961149167,541.271,541.271
05/09/2023 17:00,bounty_madera,30/09/2023 0:00,05/09/2023 0:00,17,18,1,3.4058442,524.746,524.746
05/09/2023 18:00,bounty_madera,30/09/2023 0:00,05/09/2023 0:00,18,19,1,5.296429233,504.231,504.231
05/09/2023 19:00,bounty_madera,30/09/2023 0:00,05/09/2023 0:00,19,20,1,4.770999442,485.004,485.004
05/09/2023 20:00,bounty_madera,30/09/2023 0:00,05/09/2023 0:00,20,21,1,5.28206255,462.21,462.21
05/09/2023 21:00,bounty_madera,30/09/2023 0:00,05/09/2023 0:00,21,22,1,4.96137905,441.698,441.698
05/09/2023 22:00,bounty_madera,30/09/2023 0:00,05/09/2023 0:00,22,23,1,4.678105617,416.152,416.152
05/09/2023 23:00,bounty_madera,30/09/2023 0:00,05/09/2023 0:00,23,24,1,4.087859667,421.945,421.945
06/09/2023 0:00,bounty_madera,30/09/2023 0:00,06/09/2023 0:00,0,1,2,4.213718117,416.422,416.422
06/09/2023 1:00,bounty_madera,30/09/2023 0:00,06/09/2023 0:00,1,2,2,4.296195367,392.711,392.711
06/09/2023 2:00,bounty_madera,30/09/2023 0:00,06/09/2023 0:00,2,3,2,3.858160008,342.284,342.284
06/09/2023 3:00,bounty_madera,30/09/2023 0:00,06/09/2023 0:00,3,4,2,3.591286308,345.429,345.429
06/09/2023 4:00,bounty_madera,30/09/2023 0:00,06/09/2023 0:00,4,5,2,4.219895483,346.974,346.974
06/09/2023 5:00,bounty_madera,30/09/2023 0:00,06/09/2023 0:00,5,6,2,4.332618717,362.594,362.594
06/09/2023 6:00,bounty_madera,30/09/2023 0:00,06/09/2023 0:00,6,7,2,2.981271283,402.143,402.143
06/09/2023 7:00,bounty_madera,30/09/2023 0:00,06/09/2023 0:00,7,8,2,3.027111383,479.499,479.499
06/09/2023 8:00,bounty_madera,30/09/2023 0:00,06/09/2023 0:00,8,9,2,4.117764933,556.345,556.345
06/09/2023 9:00,bounty_madera,30/09/2023 0:00,06/09/2023 0:00,9,10,2,4.464723258,537.487,537.487
06/09/2023 10:00,bounty_madera,30/09/2023 0:00,06/09/2023 0:00,10,11,2,5.174446808,6.489,6.489
06/09/2023 11:00,bounty_madera,30/09/2023 0:00,06/09/2023 0:00,11,12,2,5.193308333,71.505,71.505
06/09/2023 12:00,bounty_madera,30/09/2023 0:00,06/09/2023 0:00,12,13,2,4.683953067,38.305,38.305
06/09/2023 13:00,bounty_madera,30/09/2023 0:00,06/09/2023 0:00,13,14,2,6.255173825,539.292,539.292
06/09/2023 14:00,bounty_madera,30/09/2023 0:00,06/09/2023 0:00,14,15,2,7.311304775,500.79,500.79
06/09/2023 15:00,bounty_madera,30/09/2023 0:00,06/09/2023 0:00,15,16,2,6.767607925,485.478,485.478
06/09/2023 16:00,bounty_madera,30/09/2023 0:00,06/09/2023 0:00,16,17,2,5.901459025,488.673,488.673
06/09/2023 17:00,bounty_madera,30/09/2023 0:00,06/09/2023 0:00,17,18,2,4.702359683,482.247,482.247
06/09/2023 18:00,bounty_madera,30/09/2023 0:00,06/09/2023 0:00,18,19,2,6.6669413,454.387,454.387
06/09/2023 19:00,bounty_madera,30/09/2023 0:00,06/09/2023 0:00,19,20,2,5.773183008,410.588,410.588
06/09/2023 20:00,bounty_madera,30/09/2023 0:00,06/09/2023 0:00,20,21,2,5.624975192,411.957,411.957
06/09/2023 21:00,bounty_madera,30/09/2023 0:00,06/09/2023 0:00,21,22,2,5.607269608,417.749,417.749
06/09/2023 22:00,bounty_madera,30/09/2023 0:00,06/09/2023 0:00,22,23,2,5.057398367,398.954,398.954
06/09/2023 23:00,bounty_madera,30/09/2023 0:00,06/09/2023 0:00,23,24,2,4.819592683,399.9,399.9
07/09/2023 0:00,bounty_madera,30/09/2023 0:00,07/09/2023 0:00,0,1,3,4.505916525,403.986,403.986
07/09/2023 1:00,bounty_madera,30/09/2023 0:00,07/09/2023 0:00,1,2,3,4.026872333,366.778,366.778
07/09/2023 2:00,bounty_madera,30/09/2023 0:00,07/09/2023 0:00,2,3,3,3.109588358,354.922,354.922
07/09/2023 3:00,bounty_madera,30/09/2023 0:00,07/09/2023 0:00,3,4,3,3.085415883,358.818,358.818
07/09/2023 4:00,bounty_madera,30/09/2023 0:00,07/09/2023 0:00,4,5,3,3.571144108,367.865,367.865
07/09/2023 5:00,bounty_madera,30/09/2023 0:00,07/09/2023 0:00,5,6,3,3.945952783,389.672,389.672
07/09/2023 6:00,bounty_madera,30/09/2023 0:00,07/09/2023 0:00,6,7,3,2.258316483,421.845,421.845
07/09/2023 7:00,bounty_madera,30/09/2023 0:00,07/09/2023 0:00,7,8,3,2.551081867,496.002,496.002
07/09/2023 8:00,bounty_madera,30/09/2023 0:00,07/09/2023 0:00,8,9,3,4.268347492,554.925,554.925
07/09/2023 9:00,bounty_madera,30/09/2023 0:00,07/09/2023 0:00,9,10,3,5.094588925,559.721,559.721
07/09/2023 10:00,bounty_madera,30/09/2023 0:00,07/09/2023 0:00,10,11,3,4.916520317,589.949,589.949
07/09/2023 11:00,bounty_madera,30/09/2023 0:00,07/09/2023 0:00,11,12,3,5.2646296,551.934,551.934
07/09/2023 12:00,bounty_madera,30/09/2023 0:00,07/09/2023 0:00,12,13,3,4.842871017,590.809,590.809
07/09/2023 13:00,bounty_madera,30/09/2023 0:00,07/09/2023 0:00,13,14,3,7.943683233,613.081,613.081
07/09/2023 14:00,bounty_madera,30/09/2023 0:00,07/09/2023 0:00,14,15,3,6.559525217,617.756,617.756
07/09/2023 15:00,bounty_madera,30/09/2023 0:00,07/09/2023 0:00,15,16,3,6.184728692,595.161,595.161
07/09/2023 16:00,bounty_madera,30/09/2023 0:00,07/09/2023 0:00,16,17,3,6.165145517,597.172,597.172
07/09/2023 17:00,bounty_madera,30/09/2023 0:00,07/09/2023 0:00,17,18,3,5.331736742,577.327,577.327
07/09/2023 18:00,bounty_madera,30/09/2023 0:00,07/09/2023 0:00,18,19,3,7.073172183,560.787,560.787
07/09/2023 19:00,bounty_madera,30/09/2023 0:00,07/09/2023 0:00,19,20,3,6.980595142,505.807,505.807
07/09/2023 20:00,bounty_madera,30/09/2023 0:00,07/09/2023 0:00,20,21,3,9.512523558,510.452,510.452
07/09/2023 21:00,bounty_madera,30/09/2023 0:00,07/09/2023 0:00,21,22,3,7.824931592,503.341,503.341
07/09/2023 22:00,bounty_madera,30/09/2023 0:00,07/09/2023 0:00,22,23,3,6.278502342,483.151,483.151
07/09/2023 23:00,bounty_madera,30/09/2023 0:00,07/09/2023 0:00,23,24,3,5.209412617,461.756,461.756
08/09/2023 0:00,bounty_madera,30/09/2023 0:00,08/09/2023 0:00,0,1,4,5.142026225,455.024,455.024
08/09/2023 1:00,bounty_madera,30/09/2023 0:00,08/09/2023 0:00,1,2,4,4.748288658,417.942,417.942
08/09/2023 2:00,bounty_madera,30/09/2023 0:00,08/09/2023 0:00,2,3,4,4.386698517,395.127,395.127
08/09/2023 3:00,bounty_madera,30/09/2023 0:00,08/09/2023 0:00,3,4,4,4.0091064,366.882,366.882
08/09/2023 4:00,bounty_madera,30/09/2023 0:00,08/09/2023 0:00,4,5,4,4.3616518,357.055,357.055
08/09/2023 5:00,bounty_madera,30/09/2023 0:00,08/09/2023 0:00,5,6,4,4.370500042,382.49,382.49
08/09/2023 6:00,bounty_madera,30/09/2023 0:00,08/09/2023 0:00,6,7,4,3.152184117,433.537,433.537
08/09/2023 7:00,bounty_madera,30/09/2023 0:00,08/09/2023 0:00,7,8,4,3.58836845,552.165,552.165
08/09/2023 8:00,bounty_madera,30/09/2023 0:00,08/09/2023 0:00,8,9,4,4.2177154,589.738,589.738
08/09/2023 9:00,bounty_madera,30/09/2023 0:00,08/09/2023 0:00,9,10,4,4.958323658,604.683,604.683
08/09/2023 10:00,bounty_madera,30/09/2023 0:00,08/09/2023 0:00,10,11,4,5.276491667,612.835,612.835
08/09/2023 11:00,bounty_madera,30/09/2023 0:00,08/09/2023 0:00,11,12,4,4.380086192,579.313,579.313
08/09/2023 12:00,bounty_madera,30/09/2023 0:00,08/09/2023 0:00,12,13,4,4.669146642,596.39,596.39
08/09/2023 13:00,bounty_madera,30/09/2023 0:00,08/09/2023 0:00,13,14,4,6.1481789,628.828,628.828
08/09/2023 14:00,bounty_madera,30/09/2023 0:00,08/09/2023 0:00,14,15,4,6.474072583,613.553,613.553
08/09/2023 15:00,bounty_madera,30/09/2023 0:00,08/09/2023 0:00,15,16,4,8.695856183,516.861,516.861
08/09/2023 16:00,bounty_madera,30/09/2023 0:00,08/09/2023 0:00,16,17,4,5.255773025,350.128,350.128
08/09/2023 17:00,bounty_madera,30/09/2023 0:00,08/09/2023 0:00,17,18,4,4.057973483,435.308,435.308
08/09/2023 18:00,bounty_madera,30/09/2023 0:00,08/09/2023 0:00,18,19,4,9.7031168,447.916,447.916
08/09/2023 19:00,bounty_madera,30/09/2023 0:00,08/09/2023 0:00,19,20,4,5.134429567,428.047,428.047
08/09/2023 20:00,bounty_madera,30/09/2023 0:00,08/09/2023 0:00,20,21,4,5.337397217,437.207,437.207
08/09/2023 21:00,bounty_madera,30/09/2023 0:00,08/09/2023 0:00,21,22,4,6.498887183,431.685,431.685
08/09/2023 22:00,bounty_madera,30/09/2023 0:00,08/09/2023 0:00,22,23,4,4.781322242,423.416,423.416
08/09/2023 23:00,bounty_madera,30/09/2023 0:00,08/09/2023 0:00,23,24,4,4.808117633,424.681,424.681
09/09/2023 0:00,bounty_madera,30/09/2023 0:00,09/09/2023 0:00,0,1,5,5.377602717,380.76,380.76
09/09/2023 1:00,bounty_madera,30/09/2023 0:00,09/09/2023 0:00,1,2,5,4.745324592,339.14,339.14
09/09/2023 2:00,bounty_madera,30/09/2023 0:00,09/09/2023 0:00,2,3,5,4.514708133,311.327,311.327
09/09/2023 3:00,bounty_madera,30/09/2023 0:00,09/09/2023 0:00,3,4,5,4.40738035,309.292,309.292
09/09/2023 4:00,bounty_madera,30/09/2023 0:00,09/09/2023 0:00,4,5,5,3.200022267,307.285,307.285
09/09/2023 5:00,bounty_madera,30/09/2023 0:00,09/09/2023 0:00,5,6,5,2.70613715,332.964,332.964
09/09/2023 6:00,bounty_madera,30/09/2023 0:00,09/09/2023 0:00,6,7,5,2.078353267,364.815,364.815
09/09/2023 7:00,bounty_madera,30/09/2023 0:00,09/09/2023 0:00,7,8,5,3.337130367,510.804,510.804
09/09/2023 8:00,bounty_madera,30/09/2023 0:00,09/09/2023 0:00,8,9,5,2.662132242,571.877,571.877
09/09/2023 9:00,bounty_madera,30/09/2023 0:00,09/09/2023 0:00,9,10,5,2.3717655,582.07,582.07
09/09/2023 10:00,bounty_madera,30/09/2023 0:00,09/09/2023 0:00,10,11,5,3.986418133,593.741,593.741
09/09/2023 11:00,bounty_madera,30/09/2023 0:00,09/09/2023 0:00,11,12,5,3.693417658,575.876,575.876
09/09/2023 12:00,bounty_madera,30/09/2023 0:00,09/09/2023 0:00,12,13,5,2.58187895,590.666,590.666
09/09/2023 13:00,bounty_madera,30/09/2023 0:00,09/09/2023 0:00,13,14,5,4.523350292,617.912,617.912
09/09/2023 14:00,bounty_madera,30/09/2023 0:00,09/09/2023 0:00,14,15,5,5.060748675,605.674,605.674
09/09/2023 15:00,bounty_madera,30/09/2023 0:00,09/09/2023 0:00,15,16,5,4.970345475,599.515,599.515
09/09/2023 16:00,bounty_madera,30/09/2023 0:00,09/09/2023 0:00,16,17,5,5.342565175,590.491,590.491
09/09/2023 17:00,bounty_madera,30/09/2023 0:00,09/09/2023 0:00,17,18,5,5.2432442,509.263,509.263
09/09/2023 18:00,bounty_madera,30/09/2023 0:00,09/09/2023 0:00,18,19,5,5.673061842,478.223,478.223
09/09/2023 19:00,bounty_madera,30/09/2023 0:00,09/09/2023 0:00,19,20,5,5.32876445,452.2,452.2
09/09/2023 20:00,bounty_madera,30/09/2023 0:00,09/09/2023 0:00,20,21,5,5.5856905,441.945,441.945
09/09/2023 21:00,bounty_madera,30/09/2023 0:00,09/09/2023 0:00,21,22,5,5.701695408,453.546,453.546
09/09/2023 22:00,bounty_madera,30/09/2023 0:00,09/09/2023 0:00,22,23,5,6.4144444,450.717,450.717
09/09/2023 23:00,bounty_madera,30/09/2023 0:00,09/09/2023 0:00,23,24,5,5.076189267,451.502,451.502
10/09/2023 0:00,bounty_madera,30/09/2023 0:00,10/09/2023 0:00,0,1,6,6.793137683,434.913,434.913
10/09/2023 1:00,bounty_madera,30/09/2023 0:00,10/09/2023 0:00,1,2,6,5.251058175,389.436,389.436
10/09/2023 2:00,bounty_madera,30/09/2023 0:00,10/09/2023 0:00,2,3,6,4.945786708,370.784,370.784
10/09/2023 3:00,bounty_madera,30/09/2023 0:00,10/09/2023 0:00,3,4,6,4.015341375,354.497,354.497
10/09/2023 4:00,bounty_madera,30/09/2023 0:00,10/09/2023 0:00,4,5,6,3.373386842,375.883,375.883
10/09/2023 5:00,bounty_madera,30/09/2023 0:00,10/09/2023 0:00,5,6,6,2.781396642,384.703,384.703
10/09/2023 6:00,bounty_madera,30/09/2023 0:00,10/09/2023 0:00,6,7,6,1.766639967,423.238,423.238
10/09/2023 7:00,bounty_madera,30/09/2023 0:00,10/09/2023 0:00,7,8,6,1.815762167,504.471,504.471
10/09/2023 8:00,bounty_madera,30/09/2023 0:00,10/09/2023 0:00,8,9,6,2.411957708,583.809,583.809
10/09/2023 9:00,bounty_madera,30/09/2023 0:00,10/09/2023 0:00,9,10,6,3.16819705,597.849,597.849
10/09/2023 10:00,bounty_madera,30/09/2023 0:00,10/09/2023 0:00,10,11,6,4.177431133,614.573,614.573
10/09/2023 11:00,bounty_madera,30/09/2023 0:00,10/09/2023 0:00,11,12,6,3.722266958,581.2,581.2
10/09/2023 12:00,bounty_madera,30/09/2023 0:00,10/09/2023 0:00,12,13,6,3.888418383,618.265,618.265
10/09/2023 13:00,bounty_madera,30/09/2023 0:00,10/09/2023 0:00,13,14,6,4.362917267,629.008,629.008
10/09/2023 14:00,bounty_madera,30/09/2023 0:00,10/09/2023 0:00,14,15,6,5.106848217,616.628,616.628
10/09/2023 15:00,bounty_madera,30/09/2023 0:00,10/09/2023 0:00,15,16,6,4.528184433,563.98,563.98
10/09/2023 16:00,bounty_madera,30/09/2023 0:00,10/09/2023 0:00,16,17,6,4.518822183,440.111,440.111
10/09/2023 17:00,bounty_madera,30/09/2023 0:00,10/09/2023 0:00,17,18,6,4.657566883,395.867,395.867
10/09/2023 18:00,bounty_madera,30/09/2023 0:00,10/09/2023 0:00,18,19,6,9.995664508,377.424,377.424
10/09/2023 19:00,bounty_madera,30/09/2023 0:00,10/09/2023 0:00,19,20,6,5.579590683,380.18,380.18
10/09/2023 20:00,bounty_madera,30/09/2023 0:00,10/09/2023 0:00,20,21,6,5.541849275,376.05,376.05
10/09/2023 21:00,bounty_madera,30/09/2023 0:00,10/09/2023 0:00,21,22,6,5.631689158,366.408,366.408
10/09/2023 22:00,bounty_madera,30/09/2023 0:00,10/09/2023 0:00,22,23,6,5.3040439,360.561,360.561
10/09/2023 23:00,bounty_madera,30/09/2023 0:00,10/09/2023 0:00,23,24,6,4.718164758,369.638,369.638
11/09/2023 0:00,bounty_madera,30/09/2023 0:00,11/09/2023 0:00,0,1,0,3.100034933,341.78,341.78
11/09/2023 1:00,bounty_madera,30/09/2023 0:00,11/09/2023 0:00,1,2,0,3.047415433,304.819,304.819
11/09/2023 2:00,bounty_madera,30/09/2023 0:00,11/09/2023 0:00,2,3,0,11.64446785,293.022,293.022
11/09/2023 3:00,bounty_madera,30/09/2023 0:00,11/09/2023 0:00,3,4,0,2.077681317,281.749,281.749
11/09/2023 4:00,bounty_madera,30/09/2023 0:00,11/09/2023 0:00,4,5,0,3.208638883,294.587,294.587
11/09/2023 5:00,bounty_madera,30/09/2023 0:00,11/09/2023 0:00,5,6,0,2.92912975,304.655,304.655
11/09/2023 6:00,bounty_madera,30/09/2023 0:00,11/09/2023 0:00,6,7,0,1.80522165,326.927,326.927
11/09/2023 7:00,bounty_madera,30/09/2023 0:00,11/09/2023 0:00,7,8,0,2.890983133,431.282,431.282
11/09/2023 8:00,bounty_madera,30/09/2023 0:00,11/09/2023 0:00,8,9,0,4.032136992,544.555,544.555
11/09/2023 9:00,bounty_madera,30/09/2023 0:00,11/09/2023 0:00,9,10,0,4.532426608,591.524,591.524
11/09/2023 10:00,bounty_madera,30/09/2023 0:00,11/09/2023 0:00,10,11,0,4.535845825,619.723,619.723
11/09/2023 11:00,bounty_madera,30/09/2023 0:00,11/09/2023 0:00,11,12,0,5.220186242,594.216,594.216
11/09/2023 12:00,bounty_madera,30/09/2023 0:00,11/09/2023 0:00,12,13,0,4.892483308,608.995,608.995
11/09/2023 13:00,bounty_madera,30/09/2023 0:00,11/09/2023 0:00,13,14,0,5.383983783,622.44,622.44
11/09/2023 14:00,bounty_madera,30/09/2023 0:00,11/09/2023 0:00,14,15,0,5.414279317,601.347,601.347
11/09/2023 15:00,bounty_madera,30/09/2023 0:00,11/09/2023 0:00,15,16,0,5.340469183,551.638,551.638
11/09/2023 16:00,bounty_madera,30/09/2023 0:00,11/09/2023 0:00,16,17,0,5.190373758,540.893,540.893
11/09/2023 17:00,bounty_madera,30/09/2023 0:00,11/09/2023 0:00,17,18,0,4.3425565,500.804,500.804
11/09/2023 18:00,bounty_madera,30/09/2023 0:00,11/09/2023 0:00,18,19,0,5.317840925,452.828,452.828
11/09/2023 19:00,bounty_madera,30/09/2023 0:00,11/09/2023 0:00,19,20,0,5.123073792,432.398,432.398
11/09/2023 20:00,bounty_madera,30/09/2023 0:00,11/09/2023 0:00,20,21,0,5.154693225,460.673,460.673
11/09/2023 21:00,bounty_madera,30/09/2023 0:00,11/09/2023 0:00,21,22,0,4.997542817,462.311,462.311
11/09/2023 22:00,bounty_madera,30/09/2023 0:00,11/09/2023 0:00,22,23,0,4.698731317,464.378,464.378
11/09/2023 23:00,bounty_madera,30/09/2023 0:00,11/09/2023 0:00,23,24,0,4.778059208,455.58,455.58
12/09/2023 0:00,bounty_madera,30/09/2023 0:00,12/09/2023 0:00,0,1,1,4.624281567,446.813,446.813
12/09/2023 1:00,bounty_madera,30/09/2023 0:00,12/09/2023 0:00,1,2,1,4.694440192,404.289,404.289
12/09/2023 2:00,bounty_madera,30/09/2023 0:00,12/09/2023 0:00,2,3,1,4.534145692,375.246,375.246
12/09/2023 3:00,bounty_madera,30/09/2023 0:00,12/09/2023 0:00,3,4,1,4.680216617,351.9,351.9
12/09/2023 4:00,bounty_madera,30/09/2023 0:00,12/09/2023 0:00,4,5,1,4.712000233,341.519,341.519
12/09/2023 5:00,bounty_madera,30/09/2023 0:00,12/09/2023 0:00,5,6,1,4.701961808,386.087,386.087
12/09/2023 6:00,bounty_madera,30/09/2023 0:00,12/09/2023 0:00,6,7,1,4.056566192,413.08,413.08
12/09/2023 7:00,bounty_madera,30/09/2023 0:00,12/09/2023 0:00,7,8,1,4.669455083,494.391,494.391
12/09/2023 8:00,bounty_madera,30/09/2023 0:00,12/09/2023 0:00,8,9,1,4.165044483,562.148,562.148
12/09/2023 9:00,bounty_madera,30/09/2023 0:00,12/09/2023 0:00,9,10,1,4.543827408,575.513,575.513
12/09/2023 10:00,bounty_madera,30/09/2023 0:00,12/09/2023 0:00,10,11,1,5.317216875,583.506,583.506
12/09/2023 11:00,bounty_madera,30/09/2023 0:00,12/09/2023 0:00,11,12,1,4.85824535,558.961,558.961
12/09/2023 12:00,bounty_madera,30/09/2023 0:00,12/09/2023 0:00,12,13,1,4.806206525,554.085,554.085
12/09/2023 13:00,bounty_madera,30/09/2023 0:00,12/09/2023 0:00,13,14,1,4.3944799,510.758,510.758
12/09/2023 14:00,bounty_madera,30/09/2023 0:00,12/09/2023 0:00,14,15,1,4.43814355,564.558,564.558
12/09/2023 15:00,bounty_madera,30/09/2023 0:00,12/09/2023 0:00,15,16,1,3.753498817,568.231,568.231
12/09/2023 16:00,bounty_madera,30/09/2023 0:00,12/09/2023 0:00,16,17,1,4.292034967,583.652,583.652
12/09/2023 17:00,bounty_madera,30/09/2023 0:00,12/09/2023 0:00,17,18,1,4.663104367,561.951,561.951
12/09/2023 18:00,bounty_madera,30/09/2023 0:00,12/09/2023 0:00,18,19,1,5.33957035,529.886,529.886
12/09/2023 19:00,bounty_madera,30/09/2023 0:00,12/09/2023 0:00,19,20,1,13.54563013,496.203,496.203
12/09/2023 20:00,bounty_madera,30/09/2023 0:00,12/09/2023 0:00,20,21,1,8.373400467,470.956,470.956
12/09/2023 21:00,bounty_madera,30/09/2023 0:00,12/09/2023 0:00,21,22,1,4.88556645,459.204,459.204
12/09/2023 22:00,bounty_madera,30/09/2023 0:00,12/09/2023 0:00,22,23,1,4.032894308,450.887,450.887
12/09/2023 23:00,bounty_madera,30/09/2023 0:00,12/09/2023 0:00,23,24,1,3.5724164,439.305,439.305
13/09/2023 0:00,bounty_madera,30/09/2023 0:00,13/09/2023 0:00,0,1,2,4.449638075,430.646,430.646
13/09/2023 1:00,bounty_madera,30/09/2023 0:00,13/09/2023 0:00,1,2,2,4.731248308,381.428,381.428
13/09/2023 2:00,bounty_madera,30/09/2023 0:00,13/09/2023 0:00,2,3,2,4.682432567,358.786,358.786
13/09/2023 3:00,bounty_madera,30/09/2023 0:00,13/09/2023 0:00,3,4,2,4.3456623,362.56,362.56
13/09/2023 4:00,bounty_madera,30/09/2023 0:00,13/09/2023 0:00,4,5,2,4.727057217,350.146,350.146
13/09/2023 5:00,bounty_madera,30/09/2023 0:00,13/09/2023 0:00,5,6,2,4.574157975,381.809,381.809
13/09/2023 6:00,bounty_madera,30/09/2023 0:00,13/09/2023 0:00,6,7,2,3.373079283,414.701,414.701
13/09/2023 7:00,bounty_madera,30/09/2023 0:00,13/09/2023 0:00,7,8,2,3.947213442,536.771,536.771
13/09/2023 8:00,bounty_madera,30/09/2023 0:00,13/09/2023 0:00,8,9,2,3.7698533,588.55,588.55
13/09/2023 9:00,bounty_madera,30/09/2023 0:00,13/09/2023 0:00,9,10,2,4.416454317,592.418,592.418
13/09/2023 10:00,bounty_madera,30/09/2023 0:00,13/09/2023 0:00,10,11,2,4.623063592,613.476,613.476
13/09/2023 11:00,bounty_madera,30/09/2023 0:00,13/09/2023 0:00,11,12,2,4.325416225,567.536,567.536
13/09/2023 12:00,bounty_madera,30/09/2023 0:00,13/09/2023 0:00,12,13,2,4.030964358,584.179,584.179
13/09/2023 13:00,bounty_madera,30/09/2023 0:00,13/09/2023 0:00,13,14,2,4.474537617,585.335,585.335
13/09/2023 14:00,bounty_madera,30/09/2023 0:00,13/09/2023 0:00,14,15,2,4.5839973,560.344,560.344
13/09/2023 15:00,bounty_madera,30/09/2023 0:00,13/09/2023 0:00,15,16,2,4.505224317,559.551,559.551
13/09/2023 16:00,bounty_madera,30/09/2023 0:00,13/09/2023 0:00,16,17,2,4.287047683,569.995,569.995
13/09/2023 17:00,bounty_madera,30/09/2023 0:00,13/09/2023 0:00,17,18,2,3.885780808,572.812,572.812
13/09/2023 18:00,bounty_madera,30/09/2023 0:00,13/09/2023 0:00,18,19,2,4.544102117,544.442,544.442
13/09/2023 19:00,bounty_madera,30/09/2023 0:00,13/09/2023 0:00,19,20,2,4.554466292,482.606,482.606
13/09/2023 20:00,bounty_madera,30/09/2023 0:00,13/09/2023 0:00,20,21,2,9.436261825,486.951,486.951
13/09/2023 21:00,bounty_madera,30/09/2023 0:00,13/09/2023 0:00,21,22,2,7.132660842,476.765,476.765
13/09/2023 22:00,bounty_madera,30/09/2023 0:00,13/09/2023 0:00,22,23,2,6.389611175,463.704,463.704
13/09/2023 23:00,bounty_madera,30/09/2023 0:00,13/09/2023 0:00,23,24,2,4.854261667,442.27,442.27
14/09/2023 0:00,bounty_madera,30/09/2023 0:00,14/09/2023 0:00,0,1,3,5.272343283,391.021,391.021
14/09/2023 1:00,bounty_madera,30/09/2023 0:00,14/09/2023 0:00,1,2,3,4.367196883,339.893,339.893
14/09/2023 2:00,bounty_madera,30/09/2023 0:00,14/09/2023 0:00,2,3,3,4.083121392,326.295,326.295
14/09/2023 3:00,bounty_madera,30/09/2023 0:00,14/09/2023 0:00,3,4,3,3.274246642,308.671,308.671
14/09/2023 4:00,bounty_madera,30/09/2023 0:00,14/09/2023 0:00,4,5,3,4.103415633,305.704,305.704
14/09/2023 5:00,bounty_madera,30/09/2023 0:00,14/09/2023 0:00,5,6,3,4.206682317,325.429,325.429
14/09/2023 6:00,bounty_madera,30/09/2023 0:00,14/09/2023 0:00,6,7,3,3.188628075,363.175,363.175
14/09/2023 7:00,bounty_madera,30/09/2023 0:00,14/09/2023 0:00,7,8,3,4.26530675,529.603,529.603
14/09/2023 8:00,bounty_madera,30/09/2023 0:00,14/09/2023 0:00,8,9,3,3.033039475,598.479,598.479
14/09/2023 9:00,bounty_madera,30/09/2023 0:00,14/09/2023 0:00,9,10,3,4.318049175,616.237,616.237
14/09/2023 10:00,bounty_madera,30/09/2023 0:00,14/09/2023 0:00,10,11,3,4.411241867,613.914,613.914
14/09/2023 11:00,bounty_madera,30/09/2023 0:00,14/09/2023 0:00,11,12,3,4.348617967,586.006,586.006
14/09/2023 12:00,bounty_madera,30/09/2023 0:00,14/09/2023 0:00,12,13,3,4.279381192,608.37,608.37
14/09/2023 13:00,bounty_madera,30/09/2023 0:00,14/09/2023 0:00,13,14,3,5.799048283,629.846,629.846
14/09/2023 14:00,bounty_madera,30/09/2023 0:00,14/09/2023 0:00,14,15,3,5.253523075,621.307,621.307
14/09/2023 15:00,bounty_madera,30/09/2023 0:00,14/09/2023 0:00,15,16,3,5.279726108,612.793,612.793
14/09/2023 16:00,bounty_madera,30/09/2023 0:00,14/09/2023 0:00,16,17,3,4.891597667,611.403,611.403
14/09/2023 17:00,bounty_madera,30/09/2023 0:00,14/09/2023 0:00,17,18,3,4.445114008,593.665,593.665
14/09/2023 18:00,bounty_madera,30/09/2023 0:00,14/09/2023 0:00,18,19,3,6.488838275,566.199,566.199
14/09/2023 19:00,bounty_madera,30/09/2023 0:00,14/09/2023 0:00,19,20,3,4.740756133,528.287,528.287
14/09/2023 20:00,bounty_madera,30/09/2023 0:00,14/09/2023 0:00,20,21,3,4.994748567,511.122,511.122
14/09/2023 21:00,bounty_madera,30/09/2023 0:00,14/09/2023 0:00,21,22,3,5.0621857,507.691,507.691
14/09/2023 22:00,bounty_madera,30/09/2023 0:00,14/09/2023 0:00,22,23,3,5.066857883,486.201,486.201
14/09/2023 23:00,bounty_madera,30/09/2023 0:00,14/09/2023 0:00,23,24,3,6.03229635,474.139,474.139
15/09/2023 0:00,bounty_madera,30/09/2023 0:00,15/09/2023 0:00,0,1,4,4.917496742,457.347,457.347
15/09/2023 1:00,bounty_madera,30/09/2023 0:00,15/09/2023 0:00,1,2,4,4.71301495,441.286,441.286
15/09/2023 2:00,bounty_madera,30/09/2023 0:00,15/09/2023 0:00,2,3,4,4.576602175,410.822,410.822
15/09/2023 3:00,bounty_madera,30/09/2023 0:00,15/09/2023 0:00,3,4,4,4.387181658,396.657,396.657
15/09/2023 4:00,bounty_madera,30/09/2023 0:00,15/09/2023 0:00,4,5,4,4.477158892,371.222,371.222
15/09/2023 5:00,bounty_madera,30/09/2023 0:00,15/09/2023 0:00,5,6,4,4.525709908,400.822,400.822
15/09/2023 6:00,bounty_madera,30/09/2023 0:00,15/09/2023 0:00,6,7,4,3.406659508,441.136,441.136
15/09/2023 7:00,bounty_madera,30/09/2023 0:00,15/09/2023 0:00,7,8,4,3.946026008,547.192,547.192
15/09/2023 8:00,bounty_madera,30/09/2023 0:00,15/09/2023 0:00,8,9,4,4.3473767,574.018,574.018
15/09/2023 9:00,bounty_madera,30/09/2023 0:00,15/09/2023 0:00,9,10,4,4.132209817,594.632,594.632
15/09/2023 10:00,bounty_madera,30/09/2023 0:00,15/09/2023 0:00,10,11,4,4.983033967,600.095,600.095
15/09/2023 11:00,bounty_madera,30/09/2023 0:00,15/09/2023 0:00,11,12,4,5.567967967,581.689,581.689
15/09/2023 12:00,bounty_madera,30/09/2023 0:00,15/09/2023 0:00,12,13,4,4.962289183,606.815,606.815
15/09/2023 13:00,bounty_madera,30/09/2023 0:00,15/09/2023 0:00,13,14,4,8.952018075,609.588,609.588
15/09/2023 14:00,bounty_madera,30/09/2023 0:00,15/09/2023 0:00,14,15,4,7.331171883,583.969,583.969
15/09/2023 15:00,bounty_madera,30/09/2023 0:00,15/09/2023 0:00,15,16,4,4.980438633,549.285,549.285
15/09/2023 16:00,bounty_madera,30/09/2023 0:00,15/09/2023 0:00,16,17,4,4.93458305,565.315,565.315
15/09/2023 17:00,bounty_madera,30/09/2023 0:00,15/09/2023 0:00,17,18,4,4.728061033,562.174,562.174
15/09/2023 18:00,bounty_madera,30/09/2023 0:00,15/09/2023 0:00,18,19,4,5.742867792,532.975,532.975
15/09/2023 19:00,bounty_madera,30/09/2023 0:00,15/09/2023 0:00,19,20,4,5.656324217,522.346,522.346
15/09/2023 20:00,bounty_madera,30/09/2023 0:00,15/09/2023 0:00,20,21,4,5.501208125,495.433,495.433
15/09/2023 21:00,bounty_madera,30/09/2023 0:00,15/09/2023 0:00,21,22,4,8.751077067,498.839,498.839
15/09/2023 22:00,bounty_madera,30/09/2023 0:00,15/09/2023 0:00,22,23,4,5.007519733,470.534,470.534
15/09/2023 23:00,bounty_madera,30/09/2023 0:00,15/09/2023 0:00,23,24,4,4.901559908,465.423,465.423
16/09/2023 0:00,bounty_madera,30/09/2023 0:00,16/09/2023 0:00,0,1,5,4.971113983,431.512,431.512
16/09/2023 1:00,bounty_madera,30/09/2023 0:00,16/09/2023 0:00,1,2,5,5.03087345,401.533,401.533
16/09/2023 2:00,bounty_madera,30/09/2023 0:00,16/09/2023 0:00,2,3,5,4.945271467,363.046,363.046
16/09/2023 3:00,bounty_madera,30/09/2023 0:00,16/09/2023 0:00,3,4,5,4.90787655,343.412,343.412
16/09/2023 4:00,bounty_madera,30/09/2023 0:00,16/09/2023 0:00,4,5,5,4.771146508,359.296,359.296
16/09/2023 5:00,bounty_madera,30/09/2023 0:00,16/09/2023 0:00,5,6,5,4.416288525,394.044,394.044
16/09/2023 6:00,bounty_madera,30/09/2023 0:00,16/09/2023 0:00,6,7,5,3.522674908,420.82,420.82
16/09/2023 7:00,bounty_madera,30/09/2023 0:00,16/09/2023 0:00,7,8,5,3.274885233,502.983,502.983
16/09/2023 8:00,bounty_madera,30/09/2023 0:00,16/09/2023 0:00,8,9,5,3.875241908,553.918,553.918
16/09/2023 9:00,bounty_madera,30/09/2023 0:00,16/09/2023 0:00,9,10,5,4.2154476,588.614,588.614
16/09/2023 10:00,bounty_madera,30/09/2023 0:00,16/09/2023 0:00,10,11,5,4.572416917,598.542,598.542
16/09/2023 11:00,bounty_madera,30/09/2023 0:00,16/09/2023 0:00,11,12,5,4.615086983,566.487,566.487
16/09/2023 12:00,bounty_madera,30/09/2023 0:00,16/09/2023 0:00,12,13,5,4.497696,582.273,582.273
16/09/2023 13:00,bounty_madera,30/09/2023 0:00,16/09/2023 0:00,13,14,5,4.982429775,611.642,611.642
16/09/2023 14:00,bounty_madera,30/09/2023 0:00,16/09/2023 0:00,14,15,5,5.0165957,603.443,603.443
16/09/2023 15:00,bounty_madera,30/09/2023 0:00,16/09/2023 0:00,15,16,5,4.732333842,594.119,594.119
16/09/2023 16:00,bounty_madera,30/09/2023 0:00,16/09/2023 0:00,16,17,5,4.379631583,599.773,599.773
16/09/2023 17:00,bounty_madera,30/09/2023 0:00,16/09/2023 0:00,17,18,5,4.48992455,591.426,591.426
16/09/2023 18:00,bounty_madera,30/09/2023 0:00,16/09/2023 0:00,18,19,5,4.787087875,572.397,572.397
16/09/2023 19:00,bounty_madera,30/09/2023 0:00,16/09/2023 0:00,19,20,5,4.681455908,531.25,531.25
16/09/2023 20:00,bounty_madera,30/09/2023 0:00,16/09/2023 0:00,20,21,5,4.771312458,487.237,487.237
16/09/2023 21:00,bounty_madera,30/09/2023 0:00,16/09/2023 0:00,21,22,5,4.883562117,502.901,502.901
16/09/2023 22:00,bounty_madera,30/09/2023 0:00,16/09/2023 0:00,22,23,5,4.876050717,483.071,483.071
16/09/2023 23:00,bounty_madera,30/09/2023 0:00,16/09/2023 0:00,23,24,5,4.65661865,480.14,480.14
17/09/2023 0:00,bounty_madera,30/09/2023 0:00,17/09/2023 0:00,0,1,6,4.738402108,461.277,461.277
17/09/2023 1:00,bounty_madera,30/09/2023 0:00,17/09/2023 0:00,1,2,6,4.691381225,433.49,433.49
17/09/2023 2:00,bounty_madera,30/09/2023 0:00,17/09/2023 0:00,2,3,6,4.418828967,427.055,427.055
17/09/2023 3:00,bounty_madera,30/09/2023 0:00,17/09/2023 0:00,3,4,6,4.343860842,425.192,425.192
17/09/2023 4:00,bounty_madera,30/09/2023 0:00,17/09/2023 0:00,4,5,6,4.325566767,414.448,414.448
17/09/2023 5:00,bounty_madera,30/09/2023 0:00,17/09/2023 0:00,5,6,6,4.103550842,416.048,416.048
17/09/2023 6:00,bounty_madera,30/09/2023 0:00,17/09/2023 0:00,6,7,6,3.77551375,466.178,466.178
17/09/2023 7:00,bounty_madera,30/09/2023 0:00,17/09/2023 0:00,7,8,6,4.0354315,546.008,546.008
17/09/2023 8:00,bounty_madera,30/09/2023 0:00,17/09/2023 0:00,8,9,6,4.043005433,585.804,585.804
17/09/2023 9:00,bounty_madera,30/09/2023 0:00,17/09/2023 0:00,9,10,6,4.1380823,598.656,598.656
17/09/2023 10:00,bounty_madera,30/09/2023 0:00,17/09/2023 0:00,10,11,6,4.352517808,607.971,607.971
17/09/2023 11:00,bounty_madera,30/09/2023 0:00,17/09/2023 0:00,11,12,6,12.94133761,566.668,566.668
17/09/2023 12:00,bounty_madera,30/09/2023 0:00,17/09/2023 0:00,12,13,6,14.94770795,593.182,593.182
17/09/2023 13:00,bounty_madera,30/09/2023 0:00,17/09/2023 0:00,13,14,6,4.287904683,619.875,619.875
17/09/2023 14:00,bounty_madera,30/09/2023 0:00,17/09/2023 0:00,14,15,6,17.72235891,603.909,603.909
17/09/2023 15:00,bounty_madera,30/09/2023 0:00,17/09/2023 0:00,15,16,6,4.699702775,582.73,582.73
17/09/2023 16:00,bounty_madera,30/09/2023 0:00,17/09/2023 0:00,16,17,6,9.72072815,480.06,480.06
17/09/2023 17:00,bounty_madera,30/09/2023 0:00,17/09/2023 0:00,17,18,6,5.011197867,341.695,341.695
17/09/2023 18:00,bounty_madera,30/09/2023 0:00,17/09/2023 0:00,18,19,6,5.375552317,471.655,471.655
17/09/2023 19:00,bounty_madera,30/09/2023 0:00,17/09/2023 0:00,19,20,6,5.007162517,368.924,368.924
17/09/2023 20:00,bounty_madera,30/09/2023 0:00,17/09/2023 0:00,20,21,6,4.649107642,343.572,343.572
17/09/2023 21:00,bounty_madera,30/09/2023 0:00,17/09/2023 0:00,21,22,6,4.815800675,359.801,359.801
17/09/2023 22:00,bounty_madera,30/09/2023 0:00,17/09/2023 0:00,22,23,6,4.515682442,362.468,362.468
17/09/2023 23:00,bounty_madera,30/09/2023 0:00,17/09/2023 0:00,23,24,6,4.340607242,367.495,367.495
18/09/2023 0:00,bounty_madera,30/09/2023 0:00,18/09/2023 0:00,0,1,0,4.145926067,353.292,353.292
18/09/2023 1:00,bounty_madera,30/09/2023 0:00,18/09/2023 0:00,1,2,0,3.839352225,321.977,321.977
18/09/2023 2:00,bounty_madera,30/09/2023 0:00,18/09/2023 0:00,2,3,0,2.876316933,314.002,314.002
18/09/2023 3:00,bounty_madera,30/09/2023 0:00,18/09/2023 0:00,3,4,0,2.553261067,313.921,313.921
18/09/2023 4:00,bounty_madera,30/09/2023 0:00,18/09/2023 0:00,4,5,0,3.014112475,310.346,310.346
18/09/2023 5:00,bounty_madera,30/09/2023 0:00,18/09/2023 0:00,5,6,0,3.161768283,345.367,345.367
18/09/2023 6:00,bounty_madera,30/09/2023 0:00,18/09/2023 0:00,6,7,0,2.627284592,374.495,374.495
18/09/2023 7:00,bounty_madera,30/09/2023 0:00,18/09/2023 0:00,7,8,0,3.443009483,469.401,469.401
18/09/2023 8:00,bounty_madera,30/09/2023 0:00,18/09/2023 0:00,8,9,0,4.48571025,540.464,540.464
18/09/2023 9:00,bounty_madera,30/09/2023 0:00,18/09/2023 0:00,9,10,0,4.370521767,582.389,582.389
18/09/2023 10:00,bounty_madera,30/09/2023 0:00,18/09/2023 0:00,10,11,0,4.594018492,571.679,571.679
18/09/2023 11:00,bounty_madera,30/09/2023 0:00,18/09/2023 0:00,11,12,0,4.578775275,571.898,571.898
18/09/2023 12:00,bounty_madera,30/09/2023 0:00,18/09/2023 0:00,12,13,0,6.976909175,600.721,600.721
18/09/2023 13:00,bounty_madera,30/09/2023 0:00,18/09/2023 0:00,13,14,0,9.434422375,618.152,618.152
18/09/2023 14:00,bounty_madera,30/09/2023 0:00,18/09/2023 0:00,14,15,0,5.357870992,618.604,618.604
18/09/2023 15:00,bounty_madera,30/09/2023 0:00,18/09/2023 0:00,15,16,0,5.157326492,598.853,598.853
18/09/2023 16:00,bounty_madera,30/09/2023 0:00,18/09/2023 0:00,16,17,0,5.167635942,612.919,612.919
18/09/2023 17:00,bounty_madera,30/09/2023 0:00,18/09/2023 0:00,17,18,0,4.656375108,601.5,601.5
18/09/2023 18:00,bounty_madera,30/09/2023 0:00,18/09/2023 0:00,18,19,0,4.800635783,572.328,572.328
18/09/2023 19:00,bounty_madera,30/09/2023 0:00,18/09/2023 0:00,19,20,0,4.9276751579999996,501.208,501.208
18/09/2023 20:00,bounty_madera,30/09/2023 0:00,18/09/2023 0:00,20,21,0,5.3300715,428.597,428.597
18/09/2023 21:00,bounty_madera,30/09/2023 0:00,18/09/2023 0:00,21,22,0,10.52606757,391.899,391.899
18/09/2023 22:00,bounty_madera,30/09/2023 0:00,18/09/2023 0:00,22,23,0,6.1390009,381.776,381.776
18/09/2023 23:00,bounty_madera,30/09/2023 0:00,18/09/2023 0:00,23,24,0,5.3188968,385.539,385.539
19/09/2023 0:00,bounty_madera,30/09/2023 0:00,19/09/2023 0:00,0,1,1,6.621914392,389.781,389.781
19/09/2023 1:00,bounty_madera,30/09/2023 0:00,19/09/2023 0:00,1,2,1,5.80027235,370.843,370.843
19/09/2023 2:00,bounty_madera,30/09/2023 0:00,19/09/2023 0:00,2,3,1,4.849663467,360.965,360.965
19/09/2023 3:00,bounty_madera,30/09/2023 0:00,19/09/2023 0:00,3,4,1,4.259294408,359.329,359.329
19/09/2023 4:00,bounty_madera,30/09/2023 0:00,19/09/2023 0:00,4,5,1,4.615913108,367.005,367.005
19/09/2023 5:00,bounty_madera,30/09/2023 0:00,19/09/2023 0:00,5,6,1,4.566859858,387.962,387.962
19/09/2023 6:00,bounty_madera,30/09/2023 0:00,19/09/2023 0:00,6,7,1,3.211129225,416.627,416.627
19/09/2023 7:00,bounty_madera,30/09/2023 0:00,19/09/2023 0:00,7,8,1,3.871023683,532.249,532.249
19/09/2023 8:00,bounty_madera,30/09/2023 0:00,19/09/2023 0:00,8,9,1,5.760841992,576.791,576.791
19/09/2023 9:00,bounty_madera,30/09/2023 0:00,19/09/2023 0:00,9,10,1,7.060260142,580.334,580.334
19/09/2023 10:00,bounty_madera,30/09/2023 0:00,19/09/2023 0:00,10,11,1,8.3397784,615.237,615.237
19/09/2023 11:00,bounty_madera,30/09/2023 0:00,19/09/2023 0:00,11,12,1,6.568684783,579.868,579.868
19/09/2023 12:00,bounty_madera,30/09/2023 0:00,19/09/2023 0:00,12,13,1,6.4769709,602.241,602.241
19/09/2023 13:00,bounty_madera,30/09/2023 0:00,19/09/2023 0:00,13,14,1,9.620498,546.756,546.756
19/09/2023 14:00,bounty_madera,30/09/2023 0:00,19/09/2023 0:00,14,15,1,9.2992131,0.536,0.536
19/09/2023 15:00,bounty_madera,30/09/2023 0:00,19/09/2023 0:00,15,16,1,8.173696758,0.452,0.452
19/09/2023 16:00,bounty_madera,30/09/2023 0:00,19/09/2023 0:00,16,17,1,7.742988325,0.456,0.456
19/09/2023 17:00,bounty_madera,30/09/2023 0:00,19/09/2023 0:00,17,18,1,5.082437142,233.948,233.948
19/09/2023 18:00,bounty_madera,30/09/2023 0:00,19/09/2023 0:00,18,19,1,7.579637058,496.048,496.048
19/09/2023 19:00,bounty_madera,30/09/2023 0:00,19/09/2023 0:00,19,20,1,8.403127642,361.236,361.236
19/09/2023 20:00,bounty_madera,30/09/2023 0:00,19/09/2023 0:00,20,21,1,10.32677233,365.867,365.867
19/09/2023 21:00,bounty_madera,30/09/2023 0:00,19/09/2023 0:00,21,22,1,8.511790342,384.248,384.248
19/09/2023 22:00,bounty_madera,30/09/2023 0:00,19/09/2023 0:00,22,23,1,7.800535908,343.992,343.992
19/09/2023 23:00,bounty_madera,30/09/2023 0:00,19/09/2023 0:00,23,24,1,6.915449333,322.876,322.876
20/09/2023 0:00,bounty_madera,30/09/2023 0:00,20/09/2023 0:00,0,1,2,4.916693233,333.891,333.891
20/09/2023 1:00,bounty_madera,30/09/2023 0:00,20/09/2023 0:00,1,2,2,4.398299883,325.126,325.126
20/09/2023 2:00,bounty_madera,30/09/2023 0:00,20/09/2023 0:00,2,3,2,3.790221925,320.497,320.497
20/09/2023 3:00,bounty_madera,30/09/2023 0:00,20/09/2023 0:00,3,4,2,3.411274233,324.424,324.424
20/09/2023 4:00,bounty_madera,30/09/2023 0:00,20/09/2023 0:00,4,5,2,3.87684195,339.079,339.079
20/09/2023 5:00,bounty_madera,30/09/2023 0:00,20/09/2023 0:00,5,6,2,4.391681233,360.948,360.948
20/09/2023 6:00,bounty_madera,30/09/2023 0:00,20/09/2023 0:00,6,7,2,2.688149133,377.642,377.642
20/09/2023 7:00,bounty_madera,30/09/2023 0:00,20/09/2023 0:00,7,8,2,2.8856881,456.412,456.412
20/09/2023 8:00,bounty_madera,30/09/2023 0:00,20/09/2023 0:00,8,9,2,5.33959445,535.618,535.618
20/09/2023 9:00,bounty_madera,30/09/2023 0:00,20/09/2023 0:00,9,10,2,5.163640308,582.736,582.736
20/09/2023 10:00,bounty_madera,30/09/2023 0:00,20/09/2023 0:00,10,11,2,6.425417033,608.28,608.28
20/09/2023 11:00,bounty_madera,30/09/2023 0:00,20/09/2023 0:00,11,12,2,7.635883308,567.981,567.981
20/09/2023 12:00,bounty_madera,30/09/2023 0:00,20/09/2023 0:00,12,13,2,7.681054908,589.336,589.336
20/09/2023 13:00,bounty_madera,30/09/2023 0:00,20/09/2023 0:00,13,14,2,9.727589133,617.59,617.59
20/09/2023 14:00,bounty_madera,30/09/2023 0:00,20/09/2023 0:00,14,15,2,9.641528942,607.312,607.312
20/09/2023 15:00,bounty_madera,30/09/2023 0:00,20/09/2023 0:00,15,16,2,9.5548311,606.124,606.124
20/09/2023 16:00,bounty_madera,30/09/2023 0:00,20/09/2023 0:00,16,17,2,14.26953678,159.222,159.222
20/09/2023 17:00,bounty_madera,30/09/2023 0:00,20/09/2023 0:00,17,18,2,13.27824963,598.247,598.247
20/09/2023 18:00,bounty_madera,30/09/2023 0:00,20/09/2023 0:00,18,19,2,17.94925437,573.158,573.158
20/09/2023 19:00,bounty_madera,30/09/2023 0:00,20/09/2023 0:00,19,20,2,12.30939764,523.61,523.61
20/09/2023 20:00,bounty_madera,30/09/2023 0:00,20/09/2023 0:00,20,21,2,12.81072091,515.453,515.453
20/09/2023 21:00,bounty_madera,30/09/2023 0:00,20/09/2023 0:00,21,22,2,15.65441513,528.407,528.407
20/09/2023 22:00,bounty_madera,30/09/2023 0:00,20/09/2023 0:00,22,23,2,11.21778387,520.003,520.003
20/09/2023 23:00,bounty_madera,30/09/2023 0:00,20/09/2023 0:00,23,24,2,10.35419026,492.115,492.115
21/09/2023 0:00,bounty_madera,30/09/2023 0:00,21/09/2023 0:00,0,1,3,8.521489675,487.053,487.053
21/09/2023 1:00,bounty_madera,30/09/2023 0:00,21/09/2023 0:00,1,2,3,5.764106508,462.677,462.677
21/09/2023 2:00,bounty_madera,30/09/2023 0:00,21/09/2023 0:00,2,3,3,5.950961642,455.894,455.894
21/09/2023 3:00,bounty_madera,30/09/2023 0:00,21/09/2023 0:00,3,4,3,6.102149917,444.706,444.706
21/09/2023 4:00,bounty_madera,30/09/2023 0:00,21/09/2023 0:00,4,5,3,7.492802575,439.48,439.48
21/09/2023 5:00,bounty_madera,30/09/2023 0:00,21/09/2023 0:00,5,6,3,7.672792892,443.193,443.193
21/09/2023 6:00,bounty_madera,30/09/2023 0:00,21/09/2023 0:00,6,7,3,3.783917083,466.272,466.272
21/09/2023 7:00,bounty_madera,30/09/2023 0:00,21/09/2023 0:00,7,8,3,5.788459842,544.081,544.081
21/09/2023 8:00,bounty_madera,30/09/2023 0:00,21/09/2023 0:00,8,9,3,9.690617783,581.149,581.149
21/09/2023 9:00,bounty_madera,30/09/2023 0:00,21/09/2023 0:00,9,10,3,10.29665216,601.805,601.805
21/09/2023 10:00,bounty_madera,30/09/2023 0:00,21/09/2023 0:00,10,11,3,10.49234628,612.428,612.428
21/09/2023 11:00,bounty_madera,30/09/2023 0:00,21/09/2023 0:00,11,12,3,11.00665272,579.334,579.334
21/09/2023 12:00,bounty_madera,30/09/2023 0:00,21/09/2023 0:00,12,13,3,9.404534917,602.532,602.532
21/09/2023 13:00,bounty_madera,30/09/2023 0:00,21/09/2023 0:00,13,14,3,13.32150762,626.7,626.7
21/09/2023 14:00,bounty_madera,30/09/2023 0:00,21/09/2023 0:00,14,15,3,17.00436639,624.537,624.537
21/09/2023 15:00,bounty_madera,30/09/2023 0:00,21/09/2023 0:00,15,16,3,9.733618133,598.037,598.037
21/09/2023 16:00,bounty_madera,30/09/2023 0:00,21/09/2023 0:00,16,17,3,8.589457117,597.583,597.583
21/09/2023 17:00,bounty_madera,30/09/2023 0:00,21/09/2023 0:00,17,18,3,6.765906708,573.031,573.031
21/09/2023 18:00,bounty_madera,30/09/2023 0:00,21/09/2023 0:00,18,19,3,11.91434022,527.444,527.444
21/09/2023 19:00,bounty_madera,30/09/2023 0:00,21/09/2023 0:00,19,20,3,9.486528275,412.063,412.063
21/09/2023 20:00,bounty_madera,30/09/2023 0:00,21/09/2023 0:00,20,21,3,9.900426783,445.931,445.931
21/09/2023 21:00,bounty_madera,30/09/2023 0:00,21/09/2023 0:00,21,22,3,11.78346833,450.758,450.758
21/09/2023 22:00,bounty_madera,30/09/2023 0:00,21/09/2023 0:00,22,23,3,8.80624845,439.085,439.085
21/09/2023 23:00,bounty_madera,30/09/2023 0:00,21/09/2023 0:00,23,24,3,7.217056133,429.798,429.798
22/09/2023 0:00,bounty_madera,30/09/2023 0:00,22/09/2023 0:00,0,1,4,7.130900633,439.539,439.539
22/09/2023 1:00,bounty_madera,30/09/2023 0:00,22/09/2023 0:00,1,2,4,6.752149275,396.452,396.452
22/09/2023 2:00,bounty_madera,30/09/2023 0:00,22/09/2023 0:00,2,3,4,5.975101092,370.577,370.577
22/09/2023 3:00,bounty_madera,30/09/2023 0:00,22/09/2023 0:00,3,4,4,4.372017633,376.399,376.399
22/09/2023 4:00,bounty_madera,30/09/2023 0:00,22/09/2023 0:00,4,5,4,5.980394367,378.025,378.025
22/09/2023 5:00,bounty_madera,30/09/2023 0:00,22/09/2023 0:00,5,6,4,4.990684992,398.621,398.621
22/09/2023 6:00,bounty_madera,30/09/2023 0:00,22/09/2023 0:00,6,7,4,3.844195967,430.911,430.911
22/09/2023 7:00,bounty_madera,30/09/2023 0:00,22/09/2023 0:00,7,8,4,4.899164192,533.588,533.588
22/09/2023 8:00,bounty_madera,30/09/2023 0:00,22/09/2023 0:00,8,9,4,7.6697943,578.462,578.462
22/09/2023 9:00,bounty_madera,30/09/2023 0:00,22/09/2023 0:00,9,10,4,6.3090779,598.685,598.685
22/09/2023 10:00,bounty_madera,30/09/2023 0:00,22/09/2023 0:00,10,11,4,7.774019275,621.469,621.469
22/09/2023 11:00,bounty_madera,30/09/2023 0:00,22/09/2023 0:00,11,12,4,7.277544325,582.918,582.918
22/09/2023 12:00,bounty_madera,30/09/2023 0:00,22/09/2023 0:00,12,13,4,9.58580985,588.193,588.193
22/09/2023 13:00,bounty_madera,30/09/2023 0:00,22/09/2023 0:00,13,14,4,8.311990875,596.958,596.958
22/09/2023 14:00,bounty_madera,30/09/2023 0:00,22/09/2023 0:00,14,15,4,8.134076408,582.968,582.968
22/09/2023 15:00,bounty_madera,30/09/2023 0:00,22/09/2023 0:00,15,16,4,4.530184092,559.096,559.096
22/09/2023 16:00,bounty_madera,30/09/2023 0:00,22/09/2023 0:00,16,17,4,5.981491642,582.654,582.654
22/09/2023 17:00,bounty_madera,30/09/2023 0:00,22/09/2023 0:00,17,18,4,4.871048092,569.307,569.307
22/09/2023 18:00,bounty_madera,30/09/2023 0:00,22/09/2023 0:00,18,19,4,7.746792975,552.178,552.178
22/09/2023 19:00,bounty_madera,30/09/2023 0:00,22/09/2023 0:00,19,20,4,6.456227317,521.3,521.3
22/09/2023 20:00,bounty_madera,30/09/2023 0:00,22/09/2023 0:00,20,21,4,7.977583267,505.927,505.927
22/09/2023 21:00,bounty_madera,30/09/2023 0:00,22/09/2023 0:00,21,22,4,7.848862942,517.801,517.801
22/09/2023 22:00,bounty_madera,30/09/2023 0:00,22/09/2023 0:00,22,23,4,8.0011838,503.896,503.896
22/09/2023 23:00,bounty_madera,30/09/2023 0:00,22/09/2023 0:00,23,24,4,6.8608708,484.701,484.701
23/09/2023 0:00,bounty_madera,30/09/2023 0:00,23/09/2023 0:00,0,1,5,9.75160345,483.74,483.74
23/09/2023 1:00,bounty_madera,30/09/2023 0:00,23/09/2023 0:00,1,2,5,5.619236967,458.337,458.337
23/09/2023 2:00,bounty_madera,30/09/2023 0:00,23/09/2023 0:00,2,3,5,4.850910225,438.316,438.316
23/09/2023 3:00,bounty_madera,30/09/2023 0:00,23/09/2023 0:00,3,4,5,5.266425967,427.436,427.436
23/09/2023 4:00,bounty_madera,30/09/2023 0:00,23/09/2023 0:00,4,5,5,5.031285467,441.942,441.942
23/09/2023 5:00,bounty_madera,30/09/2023 0:00,23/09/2023 0:00,5,6,5,3.259127892,475.39,475.39
23/09/2023 6:00,bounty_madera,30/09/2023 0:00,23/09/2023 0:00,6,7,5,3.144929458,487.41,487.41
23/09/2023 7:00,bounty_madera,30/09/2023 0:00,23/09/2023 0:00,7,8,5,2.786647608,540.301,540.301
23/09/2023 8:00,bounty_madera,30/09/2023 0:00,23/09/2023 0:00,8,9,5,4.39700525,572.308,572.308
23/09/2023 9:00,bounty_madera,30/09/2023 0:00,23/09/2023 0:00,9,10,5,4.588302183,584.166,584.166
23/09/2023 10:00,bounty_madera,30/09/2023 0:00,23/09/2023 0:00,10,11,5,4.917487358,611.436,611.436
23/09/2023 11:00,bounty_madera,30/09/2023 0:00,23/09/2023 0:00,11,12,5,5.191319567,587.448,587.448
23/09/2023 12:00,bounty_madera,30/09/2023 0:00,23/09/2023 0:00,12,13,5,3.6036591,592.683,592.683
23/09/2023 13:00,bounty_madera,30/09/2023 0:00,23/09/2023 0:00,13,14,5,3.942715958,591.993,591.993
23/09/2023 14:00,bounty_madera,30/09/2023 0:00,23/09/2023 0:00,14,15,5,4.111457625,577.828,577.828
23/09/2023 15:00,bounty_madera,30/09/2023 0:00,23/09/2023 0:00,15,16,5,4.130376617,578.253,578.253
23/09/2023 16:00,bounty_madera,30/09/2023 0:00,23/09/2023 0:00,16,17,5,5.458575383,562.624,562.624
23/09/2023 17:00,bounty_madera,30/09/2023 0:00,23/09/2023 0:00,17,18,5,7.36825235,562.485,562.485
23/09/2023 18:00,bounty_madera,30/09/2023 0:00,23/09/2023 0:00,18,19,5,7.058618867,556.697,556.697
23/09/2023 19:00,bounty_madera,30/09/2023 0:00,23/09/2023 0:00,19,20,5,5.566825708,517.369,517.369
23/09/2023 20:00,bounty_madera,30/09/2023 0:00,23/09/2023 0:00,20,21,5,6.259803408,518.964,518.964
23/09/2023 21:00,bounty_madera,30/09/2023 0:00,23/09/2023 0:00,21,22,5,8.026430042,518.478,518.478
23/09/2023 22:00,bounty_madera,30/09/2023 0:00,23/09/2023 0:00,22,23,5,7.979558658,491.504,491.504
23/09/2023 23:00,bounty_madera,30/09/2023 0:00,23/09/2023 0:00,23,24,5,5.32203615,492.782,492.782
24/09/2023 0:00,bounty_madera,30/09/2023 0:00,24/09/2023 0:00,0,1,6,7.62472275,468.314,468.314
24/09/2023 1:00,bounty_madera,30/09/2023 0:00,24/09/2023 0:00,1,2,6,5.455027608,429.008,429.008
24/09/2023 2:00,bounty_madera,30/09/2023 0:00,24/09/2023 0:00,2,3,6,4.985520592,405.988,405.988
24/09/2023 3:00,bounty_madera,30/09/2023 0:00,24/09/2023 0:00,3,4,6,4.594929675,401.78,401.78
24/09/2023 4:00,bounty_madera,30/09/2023 0:00,24/09/2023 0:00,4,5,6,4.3699907,410.467,410.467
24/09/2023 5:00,bounty_madera,30/09/2023 0:00,24/09/2023 0:00,5,6,6,3.472881317,428.353,428.353
24/09/2023 6:00,bounty_madera,30/09/2023 0:00,24/09/2023 0:00,6,7,6,2.564498892,452.931,452.931
24/09/2023 7:00,bounty_madera,30/09/2023 0:00,24/09/2023 0:00,7,8,6,2.628533258,539.55,539.55
24/09/2023 8:00,bounty_madera,30/09/2023 0:00,24/09/2023 0:00,8,9,6,2.906387075,570.478,570.478
24/09/2023 9:00,bounty_madera,30/09/2023 0:00,24/09/2023 0:00,9,10,6,3.317390233,601.899,601.899
24/09/2023 10:00,bounty_madera,30/09/2023 0:00,24/09/2023 0:00,10,11,6,4.776527808,616.161,616.161
24/09/2023 11:00,bounty_madera,30/09/2023 0:00,24/09/2023 0:00,11,12,6,5.147644517,580.066,580.066
24/09/2023 12:00,bounty_madera,30/09/2023 0:00,24/09/2023 0:00,12,13,6,4.693046017,607.992,607.992
24/09/2023 13:00,bounty_madera,30/09/2023 0:00,24/09/2023 0:00,13,14,6,4.891769083,620.786,620.786
24/09/2023 14:00,bounty_madera,30/09/2023 0:00,24/09/2023 0:00,14,15,6,5.437901217,590.82,590.82
24/09/2023 15:00,bounty_madera,30/09/2023 0:00,24/09/2023 0:00,15,16,6,5.689001842,593.086,593.086
24/09/2023 16:00,bounty_madera,30/09/2023 0:00,24/09/2023 0:00,16,17,6,5.789965308,610.226,610.226
24/09/2023 17:00,bounty_madera,30/09/2023 0:00,24/09/2023 0:00,17,18,6,12.01791771,601.314,601.314
24/09/2023 18:00,bounty_madera,30/09/2023 0:00,24/09/2023 0:00,18,19,6,11.83508534,587.546,587.546
24/09/2023 19:00,bounty_madera,30/09/2023 0:00,24/09/2023 0:00,19,20,6,5.828562425,531.561,531.561
24/09/2023 20:00,bounty_madera,30/09/2023 0:00,24/09/2023 0:00,20,21,6,6.443870075,513.275,513.275
24/09/2023 21:00,bounty_madera,30/09/2023 0:00,24/09/2023 0:00,21,22,6,6.766350175,506.9,506.9
24/09/2023 22:00,bounty_madera,30/09/2023 0:00,24/09/2023 0:00,22,23,6,5.722863908,501.296,501.296
24/09/2023 23:00,bounty_madera,30/09/2023 0:00,24/09/2023 0:00,23,24,6,5.087734767,478.216,478.216
25/09/2023 0:00,bounty_madera,30/09/2023 0:00,25/09/2023 0:00,0,1,0,5.169774542,469.513,469.513
25/09/2023 1:00,bounty_madera,30/09/2023 0:00,25/09/2023 0:00,1,2,0,4.996650533,444.536,444.536
25/09/2023 2:00,bounty_madera,30/09/2023 0:00,25/09/2023 0:00,2,3,0,4.688180475,445.2,445.2
25/09/2023 3:00,bounty_madera,30/09/2023 0:00,25/09/2023 0:00,3,4,0,4.625088933,455.086,455.086
25/09/2023 4:00,bounty_madera,30/09/2023 0:00,25/09/2023 0:00,4,5,0,4.915643117,453.891,453.891
25/09/2023 5:00,bounty_madera,30/09/2023 0:00,25/09/2023 0:00,5,6,0,4.6374984,473.235,473.235
25/09/2023 6:00,bounty_madera,30/09/2023 0:00,25/09/2023 0:00,6,7,0,4.399312325,509.725,509.725
25/09/2023 7:00,bounty_madera,30/09/2023 0:00,25/09/2023 0:00,7,8,0,4.913653675,551.514,551.514
25/09/2023 8:00,bounty_madera,30/09/2023 0:00,25/09/2023 0:00,8,9,0,6.458246133,556.264,556.264
25/09/2023 9:00,bounty_madera,30/09/2023 0:00,25/09/2023 0:00,9,10,0,5.496867483,582.602,582.602
25/09/2023 10:00,bounty_madera,30/09/2023 0:00,25/09/2023 0:00,10,11,0,5.808880967,589.942,589.942
25/09/2023 11:00,bounty_madera,30/09/2023 0:00,25/09/2023 0:00,11,12,0,5.275998667,553.626,553.626
25/09/2023 12:00,bounty_madera,30/09/2023 0:00,25/09/2023 0:00,12,13,0,4.751349917,589.32,589.32
25/09/2023 13:00,bounty_madera,30/09/2023 0:00,25/09/2023 0:00,13,14,0,5.291604033,598.231,598.231
25/09/2023 14:00,bounty_madera,30/09/2023 0:00,25/09/2023 0:00,14,15,0,5.97194955,584.48,584.48
25/09/2023 15:00,bounty_madera,30/09/2023 0:00,25/09/2023 0:00,15,16,0,5.2533666,559.046,559.046
25/09/2023 16:00,bounty_madera,30/09/2023 0:00,25/09/2023 0:00,16,17,0,4.844222492,588.949,588.949
25/09/2023 17:00,bounty_madera,30/09/2023 0:00,25/09/2023 0:00,17,18,0,5.147036767,536.763,536.763
25/09/2023 18:00,bounty_madera,30/09/2023 0:00,25/09/2023 0:00,18,19,0,7.604606442,562.241,562.241
25/09/2023 19:00,bounty_madera,30/09/2023 0:00,25/09/2023 0:00,19,20,0,5.398664017,518.406,518.406
25/09/2023 20:00,bounty_madera,30/09/2023 0:00,25/09/2023 0:00,20,21,0,6.662069375,512.915,512.915
25/09/2023 21:00,bounty_madera,30/09/2023 0:00,25/09/2023 0:00,21,22,0,5.534406308,507.515,507.515
25/09/2023 22:00,bounty_madera,30/09/2023 0:00,25/09/2023 0:00,22,23,0,8.01411295,459.593,459.593
25/09/2023 23:00,bounty_madera,30/09/2023 0:00,25/09/2023 0:00,23,24,0,5.196694667,417.026,417.026
26/09/2023 0:00,bounty_madera,31/10/2023 0:00,26/09/2023 0:00,0,1,1,5.002106608,414.385,414.385
26/09/2023 1:00,bounty_madera,31/10/2023 0:00,26/09/2023 0:00,1,2,1,4.756564158,377.581,377.581
26/09/2023 2:00,bounty_madera,31/10/2023 0:00,26/09/2023 0:00,2,3,1,4.762646008,369.148,369.148
26/09/2023 3:00,bounty_madera,31/10/2023 0:00,26/09/2023 0:00,3,4,1,4.573952642,353.476,353.476
26/09/2023 4:00,bounty_madera,31/10/2023 0:00,26/09/2023 0:00,4,5,1,4.700341233,368.656,368.656
26/09/2023 5:00,bounty_madera,31/10/2023 0:00,26/09/2023 0:00,5,6,1,4.795448467,385.845,385.845
26/09/2023 6:00,bounty_madera,31/10/2023 0:00,26/09/2023 0:00,6,7,1,4.469009558,426.61,426.61
26/09/2023 7:00,bounty_madera,31/10/2023 0:00,26/09/2023 0:00,7,8,1,4.870610542,507.86,507.86
26/09/2023 8:00,bounty_madera,31/10/2023 0:00,26/09/2023 0:00,8,9,1,5.308731608,549.805,549.805
26/09/2023 9:00,bounty_madera,31/10/2023 0:00,26/09/2023 0:00,9,10,1,5.181670858,559.979,559.979
26/09/2023 10:00,bounty_madera,31/10/2023 0:00,26/09/2023 0:00,10,11,1,5.549113975,594.917,594.917
26/09/2023 11:00,bounty_madera,31/10/2023 0:00,26/09/2023 0:00,11,12,1,5.4066963,578.667,578.667
26/09/2023 12:00,bounty_madera,31/10/2023 0:00,26/09/2023 0:00,12,13,1,5.243159917,602.959,602.959
26/09/2023 13:00,bounty_madera,31/10/2023 0:00,26/09/2023 0:00,13,14,1,16.56843317,622.273,622.273
26/09/2023 14:00,bounty_madera,31/10/2023 0:00,26/09/2023 0:00,14,15,1,8.193765925,612.869,612.869
26/09/2023 15:00,bounty_madera,31/10/2023 0:00,26/09/2023 0:00,15,16,1,6.5943776,594.149,594.149
26/09/2023 16:00,bounty_madera,31/10/2023 0:00,26/09/2023 0:00,16,17,1,6.413106392,592.532,592.532
26/09/2023 17:00,bounty_madera,31/10/2023 0:00,26/09/2023 0:00,17,18,1,5.53939335,484.311,484.311
26/09/2023 18:00,bounty_madera,31/10/2023 0:00,26/09/2023 0:00,18,19,1,6.33966095,400.377,400.377
26/09/2023 19:00,bounty_madera,31/10/2023 0:00,26/09/2023 0:00,19,20,1,5.528500992,381.318,381.318
26/09/2023 20:00,bounty_madera,31/10/2023 0:00,26/09/2023 0:00,20,21,1,5.933645558,387.916,387.916
26/09/2023 21:00,bounty_madera,31/10/2023 0:00,26/09/2023 0:00,21,22,1,8.235731042,395.996,395.996
26/09/2023 22:00,bounty_madera,31/10/2023 0:00,26/09/2023 0:00,22,23,1,5.34720105,375.018,375.018
26/09/2023 23:00,bounty_madera,31/10/2023 0:00,26/09/2023 0:00,23,24,1,5.033290367,374.728,374.728
27/09/2023 0:00,bounty_madera,31/10/2023 0:00,27/09/2023 0:00,0,1,2,4.720065717,350.888,350.888
27/09/2023 1:00,bounty_madera,31/10/2023 0:00,27/09/2023 0:00,1,2,2,4.9620309,334.82,334.82
27/09/2023 2:00,bounty_madera,31/10/2023 0:00,27/09/2023 0:00,2,3,2,4.755758908,340.978,340.978
27/09/2023 3:00,bounty_madera,31/10/2023 0:00,27/09/2023 0:00,3,4,2,4.712311192,349.811,349.811
27/09/2023 4:00,bounty_madera,31/10/2023 0:00,27/09/2023 0:00,4,5,2,4.690603025,371.007,371.007
27/09/2023 5:00,bounty_madera,31/10/2023 0:00,27/09/2023 0:00,5,6,2,4.7881924,398.534,398.534
27/09/2023 6:00,bounty_madera,31/10/2023 0:00,27/09/2023 0:00,6,7,2,4.32401295,415.72,415.72
27/09/2023 7:00,bounty_madera,31/10/2023 0:00,27/09/2023 0:00,7,8,2,4.877676933,482.827,482.827
27/09/2023 8:00,bounty_madera,31/10/2023 0:00,27/09/2023 0:00,8,9,2,5.2293958,512.039,512.039
27/09/2023 9:00,bounty_madera,31/10/2023 0:00,27/09/2023 0:00,9,10,2,5.207224167,571.753,571.753
27/09/2023 10:00,bounty_madera,31/10/2023 0:00,27/09/2023 0:00,10,11,2,16.84982698,609.377,609.377
27/09/2023 11:00,bounty_madera,31/10/2023 0:00,27/09/2023 0:00,11,12,2,6.122596367,560.459,560.459
27/09/2023 12:00,bounty_madera,31/10/2023 0:00,27/09/2023 0:00,12,13,2,7.059878858,586.306,586.306
27/09/2023 13:00,bounty_madera,31/10/2023 0:00,27/09/2023 0:00,13,14,2,9.26540815,558.206,558.206
27/09/2023 14:00,bounty_madera,31/10/2023 0:00,27/09/2023 0:00,14,15,2,7.326615925,519.045,519.045
27/09/2023 15:00,bounty_madera,31/10/2023 0:00,27/09/2023 0:00,15,16,2,8.960410617,541.679,541.679
27/09/2023 16:00,bounty_madera,31/10/2023 0:00,27/09/2023 0:00,16,17,2,7.627579675,583.409,583.409
27/09/2023 17:00,bounty_madera,31/10/2023 0:00,27/09/2023 0:00,17,18,2,6.472986333,586.157,586.157
27/09/2023 18:00,bounty_madera,31/10/2023 0:00,27/09/2023 0:00,18,19,2,7.841693542,528.973,528.973
27/09/2023 19:00,bounty_madera,31/10/2023 0:00,27/09/2023 0:00,19,20,2,6.657831317,503.457,503.457
27/09/2023 20:00,bounty_madera,31/10/2023 0:00,27/09/2023 0:00,20,21,2,8.770814658,473.172,473.172
27/09/2023 21:00,bounty_madera,31/10/2023 0:00,27/09/2023 0:00,21,22,2,9.033121983,450.732,450.732
27/09/2023 22:00,bounty_madera,31/10/2023 0:00,27/09/2023 0:00,22,23,2,5.830241792,439.157,439.157
27/09/2023 23:00,bounty_madera,31/10/2023 0:00,27/09/2023 0:00,23,24,2,5.602530175,443.847,443.847
28/09/2023 0:00,bounty_madera,31/10/2023 0:00,28/09/2023 0:00,0,1,3,5.358264792,428.279,428.279
28/09/2023 1:00,bounty_madera,31/10/2023 0:00,28/09/2023 0:00,1,2,3,4.881539675,405.648,405.648
28/09/2023 2:00,bounty_madera,31/10/2023 0:00,28/09/2023 0:00,2,3,3,4.563567808,403.078,403.078
28/09/2023 3:00,bounty_madera,31/10/2023 0:00,28/09/2023 0:00,3,4,3,4.557197092,389.257,389.257
28/09/2023 4:00,bounty_madera,31/10/2023 0:00,28/09/2023 0:00,4,5,3,4.7497231,395.698,395.698
28/09/2023 5:00,bounty_madera,31/10/2023 0:00,28/09/2023 0:00,5,6,3,4.59283115,428.758,428.758
28/09/2023 6:00,bounty_madera,31/10/2023 0:00,28/09/2023 0:00,6,7,3,4.526963683,453.449,453.449
28/09/2023 7:00,bounty_madera,31/10/2023 0:00,28/09/2023 0:00,7,8,3,4.706583542,511.375,511.375
28/09/2023 8:00,bounty_madera,31/10/2023 0:00,28/09/2023 0:00,8,9,3,4.665710308,322.724,322.724
28/09/2023 9:00,bounty_madera,31/10/2023 0:00,28/09/2023 0:00,9,10,3,5.056786858,0,0
28/09/2023 10:00,bounty_madera,31/10/2023 0:00,28/09/2023 0:00,10,11,3,6.925659392,0,0
28/09/2023 11:00,bounty_madera,31/10/2023 0:00,28/09/2023 0:00,11,12,3,8.782525417,0,0
28/09/2023 12:00,bounty_madera,31/10/2023 0:00,28/09/2023 0:00,12,13,3,6.02827305,0,0
28/09/2023 13:00,bounty_madera,31/10/2023 0:00,28/09/2023 0:00,13,14,3,11.84005087,0,0
28/09/2023 14:00,bounty_madera,31/10/2023 0:00,28/09/2023 0:00,14,15,3,7.769691933,0,0
28/09/2023 15:00,bounty_madera,31/10/2023 0:00,28/09/2023 0:00,15,16,3,7.3217257,0,0
28/09/2023 16:00,bounty_madera,31/10/2023 0:00,28/09/2023 0:00,16,17,3,5.10760275,450.285,450.285
28/09/2023 17:00,bounty_madera,31/10/2023 0:00,28/09/2023 0:00,17,18,3,6.676385392,549.789,549.789
28/09/2023 18:00,bounty_madera,31/10/2023 0:00,28/09/2023 0:00,18,19,3,7.201876458,502.504,502.504
28/09/2023 19:00,bounty_madera,31/10/2023 0:00,28/09/2023 0:00,19,20,3,5.566982392,463.121,463.121
28/09/2023 20:00,bounty_madera,31/10/2023 0:00,28/09/2023 0:00,20,21,3,5.97469055,463.201,463.201
28/09/2023 21:00,bounty_madera,31/10/2023 0:00,28/09/2023 0:00,21,22,3,5.851379908,462.698,462.698
28/09/2023 22:00,bounty_madera,31/10/2023 0:00,28/09/2023 0:00,22,23,3,7.666103225,436.645,436.645
28/09/2023 23:00,bounty_madera,31/10/2023 0:00,28/09/2023 0:00,23,24,3,5.133224475,410.023,410.023
29/09/2023 0:00,bounty_madera,31/10/2023 0:00,29/09/2023 0:00,0,1,4,5.012687408,383.224,383.224
29/09/2023 1:00,bounty_madera,31/10/2023 0:00,29/09/2023 0:00,1,2,4,4.720544,371.33,371.33
29/09/2023 2:00,bounty_madera,31/10/2023 0:00,29/09/2023 0:00,2,3,4,4.668996617,357.651,357.651
29/09/2023 3:00,bounty_madera,31/10/2023 0:00,29/09/2023 0:00,3,4,4,4.561289292,362.133,362.133
29/09/2023 4:00,bounty_madera,31/10/2023 0:00,29/09/2023 0:00,4,5,4,4.73097765,363.254,363.254
29/09/2023 5:00,bounty_madera,31/10/2023 0:00,29/09/2023 0:00,5,6,4,4.625367392,386.734,386.734
29/09/2023 6:00,bounty_madera,31/10/2023 0:00,29/09/2023 0:00,6,7,4,4.536220783,408.601,408.601
29/09/2023 7:00,bounty_madera,31/10/2023 0:00,29/09/2023 0:00,7,8,4,5.0398181,479.155,479.155
29/09/2023 8:00,bounty_madera,31/10/2023 0:00,29/09/2023 0:00,8,9,4,5.423626883,543.339,543.339
29/09/2023 9:00,bounty_madera,31/10/2023 0:00,29/09/2023 0:00,9,10,4,8.466684825,563.238,563.238
29/09/2023 10:00,bounty_madera,31/10/2023 0:00,29/09/2023 0:00,10,11,4,6.404666158,586.389,586.389
29/09/2023 11:00,bounty_madera,31/10/2023 0:00,29/09/2023 0:00,11,12,4,6.077489783,578.373,578.373
29/09/2023 12:00,bounty_madera,31/10/2023 0:00,29/09/2023 0:00,12,13,4,6.978126458,592.605,592.605
29/09/2023 13:00,bounty_madera,31/10/2023 0:00,29/09/2023 0:00,13,14,4,12.40875303,619.307,619.307
29/09/2023 14:00,bounty_madera,31/10/2023 0:00,29/09/2023 0:00,14,15,4,9.179465908,630.117,630.117
29/09/2023 15:00,bounty_madera,31/10/2023 0:00,29/09/2023 0:00,15,16,4,8.917619942,597.547,597.547
29/09/2023 16:00,bounty_madera,31/10/2023 0:00,29/09/2023 0:00,16,17,4,8.864441783,598.008,598.008
29/09/2023 17:00,bounty_madera,31/10/2023 0:00,29/09/2023 0:00,17,18,4,7.998339217,567.644,567.644
29/09/2023 18:00,bounty_madera,31/10/2023 0:00,29/09/2023 0:00,18,19,4,9.403758725,554.8,554.8
29/09/2023 19:00,bounty_madera,31/10/2023 0:00,29/09/2023 0:00,19,20,4,6.928613733,526.29,526.29
29/09/2023 20:00,bounty_madera,31/10/2023 0:00,29/09/2023 0:00,20,21,4,7.279919592,320.66,320.66
29/09/2023 21:00,bounty_madera,31/10/2023 0:00,29/09/2023 0:00,21,22,4,10.12510224,0,0
29/09/2023 22:00,bounty_madera,31/10/2023 0:00,29/09/2023 0:00,22,23,4,8.279218917,431.386,431.386
29/09/2023 23:00,bounty_madera,31/10/2023 0:00,29/09/2023 0:00,23,24,4,9.615533658,455.55,455.55
30/09/2023 0:00,bounty_madera,31/10/2023 0:00,30/09/2023 0:00,0,1,5,5.570295133,445.035,445.035
30/09/2023 1:00,bounty_madera,31/10/2023 0:00,30/09/2023 0:00,1,2,5,5.401050058,413.376,413.376
30/09/2023 2:00,bounty_madera,31/10/2023 0:00,30/09/2023 0:00,2,3,5,5.156141808,414.356,414.356
30/09/2023 3:00,bounty_madera,31/10/2023 0:00,30/09/2023 0:00,3,4,5,5.049098275,422.944,422.944
30/09/2023 4:00,bounty_madera,31/10/2023 0:00,30/09/2023 0:00,4,5,5,4.826013425,445.238,445.238
30/09/2023 5:00,bounty_madera,31/10/2023 0:00,30/09/2023 0:00,5,6,5,4.938715708,472.273,472.273
30/09/2023 6:00,bounty_madera,31/10/2023 0:00,30/09/2023 0:00,6,7,5,4.878056983,482.71,482.71
30/09/2023 7:00,bounty_madera,31/10/2023 0:00,30/09/2023 0:00,7,8,5,4.990397642,537.617,537.617
30/09/2023 8:00,bounty_madera,31/10/2023 0:00,30/09/2023 0:00,8,9,5,4.750269967,583.606,583.606
30/09/2023 9:00,bounty_madera,31/10/2023 0:00,30/09/2023 0:00,9,10,5,4.897910233,591.428,591.428
30/09/2023 10:00,bounty_madera,31/10/2023 0:00,30/09/2023 0:00,10,11,5,4.67114515,588.719,588.719
30/09/2023 11:00,bounty_madera,31/10/2023 0:00,30/09/2023 0:00,11,12,5,4.7736135,572.734,572.734
30/09/2023 12:00,bounty_madera,31/10/2023 0:00,30/09/2023 0:00,12,13,5,4.795643083,575.651,575.651
30/09/2023 13:00,bounty_madera,31/10/2023 0:00,30/09/2023 0:00,13,14,5,7.053398058,601.6,601.6
30/09/2023 14:00,bounty_madera,31/10/2023 0:00,30/09/2023 0:00,14,15,5,7.216960375,593.93,593.93
30/09/2023 15:00,bounty_madera,31/10/2023 0:00,30/09/2023 0:00,15,16,5,6.917694183,581.587,581.587
30/09/2023 16:00,bounty_madera,31/10/2023 0:00,30/09/2023 0:00,16,17,5,7.028054525,568.525,568.525
30/09/2023 17:00,bounty_madera,31/10/2023 0:00,30/09/2023 0:00,17,18,5,6.8226457,529.263,529.263
30/09/2023 18:00,bounty_madera,31/10/2023 0:00,30/09/2023 0:00,18,19,5,9.072152717,529.628,529.628
30/09/2023 19:00,bounty_madera,31/10/2023 0:00,30/09/2023 0:00,19,20,5,7.596824975,501.09,501.09
30/09/2023 20:00,bounty_madera,31/10/2023 0:00,30/09/2023 0:00,20,21,5,8.06050475,487.276,487.276
30/09/2023 21:00,bounty_madera,31/10/2023 0:00,30/09/2023 0:00,21,22,5,13.9864508,512.341,512.341
30/09/2023 22:00,bounty_madera,31/10/2023 0:00,30/09/2023 0:00,22,23,5,12.52311137,493.198,493.198
30/09/2023 23:00,bounty_madera,31/10/2023 0:00,30/09/2023 0:00,23,24,5,10.09623909,487.21,487.21
01/10/2023 0:00,bounty_madera,31/10/2023 0:00,01/10/2023 0:00,0,1,6,5.396297408,467.008,467.008
01/10/2023 1:00,bounty_madera,31/10/2023 0:00,01/10/2023 0:00,1,2,6,5.368756967,438.273,438.273
01/10/2023 2:00,bounty_madera,31/10/2023 0:00,01/10/2023 0:00,2,3,6,5.114546642,431.214,431.214
01/10/2023 3:00,bounty_madera,31/10/2023 0:00,01/10/2023 0:00,3,4,6,5.050490517,438.527,438.527
01/10/2023 4:00,bounty_madera,31/10/2023 0:00,01/10/2023 0:00,4,5,6,5.014409692,418.634,418.634
01/10/2023 5:00,bounty_madera,31/10/2023 0:00,01/10/2023 0:00,5,6,6,4.794743708,450.783,450.783
01/10/2023 6:00,bounty_madera,31/10/2023 0:00,01/10/2023 0:00,6,7,6,5.751160083,487.326,487.326
01/10/2023 7:00,bounty_madera,31/10/2023 0:00,01/10/2023 0:00,7,8,6,4.635172975,554.012,554.012
01/10/2023 8:00,bounty_madera,31/10/2023 0:00,01/10/2023 0:00,8,9,6,4.1740686,592.904,592.904
01/10/2023 9:00,bounty_madera,31/10/2023 0:00,01/10/2023 0:00,9,10,6,4.6907437,607.345,607.345
01/10/2023 10:00,bounty_madera,31/10/2023 0:00,01/10/2023 0:00,10,11,6,4.857411592,612.886,612.886
01/10/2023 11:00,bounty_madera,31/10/2023 0:00,01/10/2023 0:00,11,12,6,4.896484017,587.074,587.074
01/10/2023 12:00,bounty_madera,31/10/2023 0:00,01/10/2023 0:00,12,13,6,4.834281758,606.514,606.514
01/10/2023 13:00,bounty_madera,31/10/2023 0:00,01/10/2023 0:00,13,14,6,4.851825692,620.675,620.675
01/10/2023 14:00,bounty_madera,31/10/2023 0:00,01/10/2023 0:00,14,15,6,4.870522708,585.925,585.925
01/10/2023 15:00,bounty_madera,31/10/2023 0:00,01/10/2023 0:00,15,16,6,4.905886942,448.707,448.707
01/10/2023 16:00,bounty_madera,31/10/2023 0:00,01/10/2023 0:00,16,17,6,5.008505533,508.793,508.793
01/10/2023 17:00,bounty_madera,31/10/2023 0:00,01/10/2023 0:00,17,18,6,5.316821792,547.772,547.772
01/10/2023 18:00,bounty_madera,31/10/2023 0:00,01/10/2023 0:00,18,19,6,9.4911334,536.519,536.519
01/10/2023 19:00,bounty_madera,31/10/2023 0:00,01/10/2023 0:00,19,20,6,9.074941242,499.019,499.019
01/10/2023 20:00,bounty_madera,31/10/2023 0:00,01/10/2023 0:00,20,21,6,34.5911917,496.869,496.869
01/10/2023 21:00,bounty_madera,31/10/2023 0:00,01/10/2023 0:00,21,22,6,16.27123667,485.892,485.892
01/10/2023 22:00,bounty_madera,31/10/2023 0:00,01/10/2023 0:00,22,23,6,13.01312811,446.818,446.818
01/10/2023 23:00,bounty_madera,31/10/2023 0:00,01/10/2023 0:00,23,24,6,9.643845917,414.519,414.519
02/10/2023 0:00,bounty_madera,31/10/2023 0:00,02/10/2023 0:00,0,1,0,6.527954808,405.759,405.759
02/10/2023 1:00,bounty_madera,31/10/2023 0:00,02/10/2023 0:00,1,2,0,5.8099063,361.158,361.158
02/10/2023 2:00,bounty_madera,31/10/2023 0:00,02/10/2023 0:00,2,3,0,5.631139458,352.623,352.623
02/10/2023 3:00,bounty_madera,31/10/2023 0:00,02/10/2023 0:00,3,4,0,5.110108367,345.312,345.312
02/10/2023 4:00,bounty_madera,31/10/2023 0:00,02/10/2023 0:00,4,5,0,5.301260017,346.73,346.73
02/10/2023 5:00,bounty_madera,31/10/2023 0:00,02/10/2023 0:00,5,6,0,5.101541608,374.439,374.439
02/10/2023 6:00,bounty_madera,31/10/2023 0:00,02/10/2023 0:00,6,7,0,4.984197425,403.722,403.722
02/10/2023 7:00,bounty_madera,31/10/2023 0:00,02/10/2023 0:00,7,8,0,8.2324155,484.777,484.777
02/10/2023 8:00,bounty_madera,31/10/2023 0:00,02/10/2023 0:00,8,9,0,9.700244158,556.224,556.224
02/10/2023 9:00,bounty_madera,31/10/2023 0:00,02/10/2023 0:00,9,10,0,9.386915467,591.901,591.901
02/10/2023 10:00,bounty_madera,31/10/2023 0:00,02/10/2023 0:00,10,11,0,16.19494252,604.715,604.715
02/10/2023 11:00,bounty_madera,31/10/2023 0:00,02/10/2023 0:00,11,12,0,11.15674424,581.666,581.666
02/10/2023 12:00,bounty_madera,31/10/2023 0:00,02/10/2023 0:00,12,13,0,10.39570099,602.721,602.721
02/10/2023 13:00,bounty_madera,31/10/2023 0:00,02/10/2023 0:00,13,14,0,25.57742423,589.215,589.215
02/10/2023 14:00,bounty_madera,31/10/2023 0:00,02/10/2023 0:00,14,15,0,13.39888213,586.349,586.349
02/10/2023 15:00,bounty_madera,31/10/2023 0:00,02/10/2023 0:00,15,16,0,9.486487325,582.562,582.562
02/10/2023 16:00,bounty_madera,31/10/2023 0:00,02/10/2023 0:00,16,17,0,9.699545208,604.41,604.41
02/10/2023 17:00,bounty_madera,31/10/2023 0:00,02/10/2023 0:00,17,18,0,7.649928925,582.604,582.604
02/10/2023 18:00,bounty_madera,31/10/2023 0:00,02/10/2023 0:00,18,19,0,9.288222883,560.266,560.266
02/10/2023 19:00,bounty_madera,31/10/2023 0:00,02/10/2023 0:00,19,20,0,7.260479533,508.56,508.56
02/10/2023 20:00,bounty_madera,31/10/2023 0:00,02/10/2023 0:00,20,21,0,9.007106283,523.459,523.459
02/10/2023 21:00,bounty_madera,31/10/2023 0:00,02/10/2023 0:00,21,22,0,12.087905,541.577,541.577
02/10/2023 22:00,bounty_madera,31/10/2023 0:00,02/10/2023 0:00,22,23,0,9.40431365,526.625,526.625
02/10/2023 23:00,bounty_madera,31/10/2023 0:00,02/10/2023 0:00,23,24,0,5.684232808,509.775,509.775
03/10/2023 0:00,bounty_madera,31/10/2023 0:00,03/10/2023 0:00,0,1,1,4.948231458,481.775,481.775
03/10/2023 1:00,bounty_madera,31/10/2023 0:00,03/10/2023 0:00,1,2,1,5.05080625,467.154,467.154
03/10/2023 2:00,bounty_madera,31/10/2023 0:00,03/10/2023 0:00,2,3,1,5.284596383,459.341,459.341
03/10/2023 3:00,bounty_madera,31/10/2023 0:00,03/10/2023 0:00,3,4,1,4.858391925,435.875,435.875
03/10/2023 4:00,bounty_madera,31/10/2023 0:00,03/10/2023 0:00,4,5,1,5.327621533,420.895,420.895
03/10/2023 5:00,bounty_madera,31/10/2023 0:00,03/10/2023 0:00,5,6,1,5.7760189,430.538,430.538
03/10/2023 6:00,bounty_madera,31/10/2023 0:00,03/10/2023 0:00,6,7,1,5.572526708,454.602,454.602
03/10/2023 7:00,bounty_madera,31/10/2023 0:00,03/10/2023 0:00,7,8,1,6.527946042,518.088,518.088
03/10/2023 8:00,bounty_madera,31/10/2023 0:00,03/10/2023 0:00,8,9,1,6.430117675,557.278,557.278
03/10/2023 9:00,bounty_madera,31/10/2023 0:00,03/10/2023 0:00,9,10,1,6.78085655,590.369,590.369
03/10/2023 10:00,bounty_madera,31/10/2023 0:00,03/10/2023 0:00,10,11,1,7.809974767,591.663,591.663
03/10/2023 11:00,bounty_madera,31/10/2023 0:00,03/10/2023 0:00,11,12,1,7.760664992,554.484,554.484
03/10/2023 12:00,bounty_madera,31/10/2023 0:00,03/10/2023 0:00,12,13,1,7.018248833,570.154,570.154
03/10/2023 13:00,bounty_madera,31/10/2023 0:00,03/10/2023 0:00,13,14,1,9.085478108,588.778,588.778
03/10/2023 14:00,bounty_madera,31/10/2023 0:00,03/10/2023 0:00,14,15,1,8.532591675,585.081,585.081
03/10/2023 15:00,bounty_madera,31/10/2023 0:00,03/10/2023 0:00,15,16,1,8.466736758,568.961,568.961
03/10/2023 16:00,bounty_madera,31/10/2023 0:00,03/10/2023 0:00,16,17,1,9.083644925,581.901,581.901
03/10/2023 17:00,bounty_madera,31/10/2023 0:00,03/10/2023 0:00,17,18,1,8.53437165,562.733,562.733
03/10/2023 18:00,bounty_madera,31/10/2023 0:00,03/10/2023 0:00,18,19,1,10.68754991,553.698,553.698
03/10/2023 19:00,bounty_madera,31/10/2023 0:00,03/10/2023 0:00,19,20,1,9.146213708,513.995,513.995
03/10/2023 20:00,bounty_madera,31/10/2023 0:00,03/10/2023 0:00,20,21,1,10.51682643,514.927,514.927
03/10/2023 21:00,bounty_madera,31/10/2023 0:00,03/10/2023 0:00,21,22,1,10.43934637,531.659,531.659
03/10/2023 22:00,bounty_madera,31/10/2023 0:00,03/10/2023 0:00,22,23,1,8.760738292,512.464,512.464
03/10/2023 23:00,bounty_madera,31/10/2023 0:00,03/10/2023 0:00,23,24,1,7.9620385,482.315,482.315
04/10/2023 0:00,bounty_madera,31/10/2023 0:00,04/10/2023 0:00,0,1,2,5.762831125,359.968,359.968
04/10/2023 1:00,bounty_madera,31/10/2023 0:00,04/10/2023 0:00,1,2,2,5.357031967,335.539,335.539
04/10/2023 2:00,bounty_madera,31/10/2023 0:00,04/10/2023 0:00,2,3,2,5.408759825,333.801,333.801
04/10/2023 3:00,bounty_madera,31/10/2023 0:00,04/10/2023 0:00,3,4,2,5.266331142,353.112,353.112
04/10/2023 4:00,bounty_madera,31/10/2023 0:00,04/10/2023 0:00,4,5,2,6.903333775,361.315,361.315
04/10/2023 5:00,bounty_madera,31/10/2023 0:00,04/10/2023 0:00,5,6,2,6.214441317,408.669,408.669
04/10/2023 6:00,bounty_madera,31/10/2023 0:00,04/10/2023 0:00,6,7,2,5.679825042,485.726,485.726
04/10/2023 7:00,bounty_madera,31/10/2023 0:00,04/10/2023 0:00,7,8,2,6.758982883,550.986,550.986
04/10/2023 8:00,bounty_madera,31/10/2023 0:00,04/10/2023 0:00,8,9,2,7.663051217,575.026,575.026
04/10/2023 9:00,bounty_madera,31/10/2023 0:00,04/10/2023 0:00,9,10,2,8.81261495,600.929,600.929
04/10/2023 10:00,bounty_madera,31/10/2023 0:00,04/10/2023 0:00,10,11,2,9.221903483,613.21,613.21
04/10/2023 11:00,bounty_madera,31/10/2023 0:00,04/10/2023 0:00,11,12,2,9.001343933,574.069,574.069
04/10/2023 12:00,bounty_madera,31/10/2023 0:00,04/10/2023 0:00,12,13,2,8.40060065,590.579,590.579
04/10/2023 13:00,bounty_madera,31/10/2023 0:00,04/10/2023 0:00,13,14,2,9.332427333,609.917,609.917
04/10/2023 14:00,bounty_madera,31/10/2023 0:00,04/10/2023 0:00,14,15,2,9.529259858,592.427,592.427
04/10/2023 15:00,bounty_madera,31/10/2023 0:00,04/10/2023 0:00,15,16,2,8.993689475,557.509,557.509
04/10/2023 16:00,bounty_madera,31/10/2023 0:00,04/10/2023 0:00,16,17,2,9.517433267,587.827,587.827
04/10/2023 17:00,bounty_madera,31/10/2023 0:00,04/10/2023 0:00,17,18,2,8.975798683,584.833,584.833
04/10/2023 18:00,bounty_madera,31/10/2023 0:00,04/10/2023 0:00,18,19,2,10.07850683,565.106,565.106
04/10/2023 19:00,bounty_madera,31/10/2023 0:00,04/10/2023 0:00,19,20,2,9.039592992,534.371,534.371
04/10/2023 20:00,bounty_madera,31/10/2023 0:00,04/10/2023 0:00,20,21,2,10.65364718,528.686,528.686
04/10/2023 21:00,bounty_madera,31/10/2023 0:00,04/10/2023 0:00,21,22,2,10.091831,530.746,530.746
04/10/2023 22:00,bounty_madera,31/10/2023 0:00,04/10/2023 0:00,22,23,2,8.92499945,536.472,536.472
04/10/2023 23:00,bounty_madera,31/10/2023 0:00,04/10/2023 0:00,23,24,2,6.477787017,510.775,510.775
05/10/2023 0:00,bounty_madera,31/10/2023 0:00,05/10/2023 0:00,0,1,3,5.1188808,502.9,502.9
05/10/2023 1:00,bounty_madera,31/10/2023 0:00,05/10/2023 0:00,1,2,3,5.123003717,486.086,486.086
05/10/2023 2:00,bounty_madera,31/10/2023 0:00,05/10/2023 0:00,2,3,3,4.980772825,472.311,472.311
05/10/2023 3:00,bounty_madera,31/10/2023 0:00,05/10/2023 0:00,3,4,3,4.915578525,442.539,442.539
05/10/2023 4:00,bounty_madera,31/10/2023 0:00,05/10/2023 0:00,4,5,3,5.467433317,433.808,433.808
05/10/2023 5:00,bounty_madera,31/10/2023 0:00,05/10/2023 0:00,5,6,3,5.246721308,472.555,472.555
05/10/2023 6:00,bounty_madera,31/10/2023 0:00,05/10/2023 0:00,6,7,3,5.079445725,481.8,481.8
05/10/2023 7:00,bounty_madera,31/10/2023 0:00,05/10/2023 0:00,7,8,3,7.593002033,516.672,516.672
05/10/2023 8:00,bounty_madera,31/10/2023 0:00,05/10/2023 0:00,8,9,3,8.068512258,548.365,548.365
05/10/2023 9:00,bounty_madera,31/10/2023 0:00,05/10/2023 0:00,9,10,3,8.392231333,583.942,583.942
05/10/2023 10:00,bounty_madera,31/10/2023 0:00,05/10/2023 0:00,10,11,3,9.615280908,607.774,607.774
05/10/2023 11:00,bounty_madera,31/10/2023 0:00,05/10/2023 0:00,11,12,3,10.06929775,573.734,573.734
05/10/2023 12:00,bounty_madera,31/10/2023 0:00,05/10/2023 0:00,12,13,3,9.2189262,528.986,528.986
05/10/2023 13:00,bounty_madera,31/10/2023 0:00,05/10/2023 0:00,13,14,3,9.725878467,538.997,538.997
05/10/2023 14:00,bounty_madera,31/10/2023 0:00,05/10/2023 0:00,14,15,3,8.876879858,550.943,550.943
05/10/2023 15:00,bounty_madera,31/10/2023 0:00,05/10/2023 0:00,15,16,3,7.658720967,514.991,514.991
05/10/2023 16:00,bounty_madera,31/10/2023 0:00,05/10/2023 0:00,16,17,3,6.964455825,535.081,535.081
05/10/2023 17:00,bounty_madera,31/10/2023 0:00,05/10/2023 0:00,17,18,3,5.992259058,534.562,534.562
05/10/2023 18:00,bounty_madera,31/10/2023 0:00,05/10/2023 0:00,18,19,3,6.131219042,507.489,507.489
05/10/2023 19:00,bounty_madera,31/10/2023 0:00,05/10/2023 0:00,19,20,3,5.922780233,428.948,428.948
05/10/2023 20:00,bounty_madera,31/10/2023 0:00,05/10/2023 0:00,20,21,3,5.588939017,433.214,433.214
05/10/2023 21:00,bounty_madera,31/10/2023 0:00,05/10/2023 0:00,21,22,3,6.159387758,449.716,449.716
05/10/2023 22:00,bounty_madera,31/10/2023 0:00,05/10/2023 0:00,22,23,3,8.946888517,456.897,456.897
05/10/2023 23:00,bounty_madera,31/10/2023 0:00,05/10/2023 0:00,23,24,3,6.077930308,427.148,427.148
06/10/2023 0:00,bounty_madera,31/10/2023 0:00,06/10/2023 0:00,0,1,4,5.068878192,368.412,368.412
06/10/2023 1:00,bounty_madera,31/10/2023 0:00,06/10/2023 0:00,1,2,4,5.000484267,335.479,335.479
06/10/2023 2:00,bounty_madera,31/10/2023 0:00,06/10/2023 0:00,2,3,4,4.716655,330.738,330.738
06/10/2023 3:00,bounty_madera,31/10/2023 0:00,06/10/2023 0:00,3,4,4,4.552616192,341.875,341.875
06/10/2023 4:00,bounty_madera,31/10/2023 0:00,06/10/2023 0:00,4,5,4,4.823899483,335.58,335.58
06/10/2023 5:00,bounty_madera,31/10/2023 0:00,06/10/2023 0:00,5,6,4,4.725076767,352.275,352.275
06/10/2023 6:00,bounty_madera,31/10/2023 0:00,06/10/2023 0:00,6,7,4,4.758198842,377.257,377.257
06/10/2023 7:00,bounty_madera,31/10/2023 0:00,06/10/2023 0:00,7,8,4,6.18219125,442.496,442.496
06/10/2023 8:00,bounty_madera,31/10/2023 0:00,06/10/2023 0:00,8,9,4,6.28858025,535.726,535.726
06/10/2023 9:00,bounty_madera,31/10/2023 0:00,06/10/2023 0:00,9,10,4,8.916152692,555.105,555.105
06/10/2023 10:00,bounty_madera,31/10/2023 0:00,06/10/2023 0:00,10,11,4,10.37145837,582.137,582.137
06/10/2023 11:00,bounty_madera,31/10/2023 0:00,06/10/2023 0:00,11,12,4,8.433526667,541.22,541.22
06/10/2023 12:00,bounty_madera,31/10/2023 0:00,06/10/2023 0:00,12,13,4,8.535797475,568.311,568.311
06/10/2023 13:00,bounty_madera,31/10/2023 0:00,06/10/2023 0:00,13,14,4,11.35873714,581.305,581.305
06/10/2023 14:00,bounty_madera,31/10/2023 0:00,06/10/2023 0:00,14,15,4,11.50802983,583.217,583.217
06/10/2023 15:00,bounty_madera,31/10/2023 0:00,06/10/2023 0:00,15,16,4,10.99241344,552.577,552.577
06/10/2023 16:00,bounty_madera,31/10/2023 0:00,06/10/2023 0:00,16,17,4,10.05077264,573.761,573.761
06/10/2023 17:00,bounty_madera,31/10/2023 0:00,06/10/2023 0:00,17,18,4,9.099029508,545.531,545.531
06/10/2023 18:00,bounty_madera,31/10/2023 0:00,06/10/2023 0:00,18,19,4,23.13766603,539.478,539.478
06/10/2023 19:00,bounty_madera,31/10/2023 0:00,06/10/2023 0:00,19,20,4,17.54041406,494.258,494.258
06/10/2023 20:00,bounty_madera,31/10/2023 0:00,06/10/2023 0:00,20,21,4,19.92204123,508.405,508.405
06/10/2023 21:00,bounty_madera,31/10/2023 0:00,06/10/2023 0:00,21,22,4,29.05337839,520.7,520.7
06/10/2023 22:00,bounty_madera,31/10/2023 0:00,06/10/2023 0:00,22,23,4,34.7762921,474.234,474.234
06/10/2023 23:00,bounty_madera,31/10/2023 0:00,06/10/2023 0:00,23,24,4,11.724696,413.993,413.993
07/10/2023 0:00,bounty_madera,31/10/2023 0:00,07/10/2023 0:00,0,1,5,7.717932208,390.936,390.936
07/10/2023 1:00,bounty_madera,31/10/2023 0:00,07/10/2023 0:00,1,2,5,6.901732683,333.096,333.096
07/10/2023 2:00,bounty_madera,31/10/2023 0:00,07/10/2023 0:00,2,3,5,4.904754242,309.012,309.012
07/10/2023 3:00,bounty_madera,31/10/2023 0:00,07/10/2023 0:00,3,4,5,4.837362142,296.145,296.145
07/10/2023 4:00,bounty_madera,31/10/2023 0:00,07/10/2023 0:00,4,5,5,4.712098892,301.721,301.721
07/10/2023 5:00,bounty_madera,31/10/2023 0:00,07/10/2023 0:00,5,6,5,4.572124225,317.674,317.674
07/10/2023 6:00,bounty_madera,31/10/2023 0:00,07/10/2023 0:00,6,7,5,4.822296567,351.388,351.388
07/10/2023 7:00,bounty_madera,31/10/2023 0:00,07/10/2023 0:00,7,8,5,4.740165725,500.31,500.31
07/10/2023 8:00,bounty_madera,31/10/2023 0:00,07/10/2023 0:00,8,9,5,4.390075617,562.948,562.948
07/10/2023 9:00,bounty_madera,31/10/2023 0:00,07/10/2023 0:00,9,10,5,5.100324758,566.543,566.543
07/10/2023 10:00,bounty_madera,31/10/2023 0:00,07/10/2023 0:00,10,11,5,6.473609142,578.034,578.034
07/10/2023 11:00,bounty_madera,31/10/2023 0:00,07/10/2023 0:00,11,12,5,6.339800658,552.824,552.824
07/10/2023 12:00,bounty_madera,31/10/2023 0:00,07/10/2023 0:00,12,13,5,5.296397317,540.843,540.843
07/10/2023 13:00,bounty_madera,31/10/2023 0:00,07/10/2023 0:00,13,14,5,8.559255892,559.918,559.918
07/10/2023 14:00,bounty_madera,31/10/2023 0:00,07/10/2023 0:00,14,15,5,8.599388908,564.77,564.77
07/10/2023 15:00,bounty_madera,31/10/2023 0:00,07/10/2023 0:00,15,16,5,9.6368957,549.65,549.65
07/10/2023 16:00,bounty_madera,31/10/2023 0:00,07/10/2023 0:00,16,17,5,8.926354617,527.275,527.275
07/10/2023 17:00,bounty_madera,31/10/2023 0:00,07/10/2023 0:00,17,18,5,9.609764967,519.952,519.952
07/10/2023 18:00,bounty_madera,31/10/2023 0:00,07/10/2023 0:00,18,19,5,30.18598103,510.845,510.845
07/10/2023 19:00,bounty_madera,31/10/2023 0:00,07/10/2023 0:00,19,20,5,32.24695358,484.495,484.495
07/10/2023 20:00,bounty_madera,31/10/2023 0:00,07/10/2023 0:00,20,21,5,17.7523329,474.07,474.07
07/10/2023 21:00,bounty_madera,31/10/2023 0:00,07/10/2023 0:00,21,22,5,20.71228779,468.79,468.79
07/10/2023 22:00,bounty_madera,31/10/2023 0:00,07/10/2023 0:00,22,23,5,6.243850792,396.209,396.209
07/10/2023 23:00,bounty_madera,31/10/2023 0:00,07/10/2023 0:00,23,24,5,6.242716917,366.221,366.221
08/10/2023 0:00,bounty_madera,31/10/2023 0:00,08/10/2023 0:00,0,1,6,6.239267342,342.242,342.242
08/10/2023 1:00,bounty_madera,31/10/2023 0:00,08/10/2023 0:00,1,2,6,5.341738842,310.508,310.508
08/10/2023 2:00,bounty_madera,31/10/2023 0:00,08/10/2023 0:00,2,3,6,4.886609142,295.949,295.949
08/10/2023 3:00,bounty_madera,31/10/2023 0:00,08/10/2023 0:00,3,4,6,5.549507867,296.299,296.299
08/10/2023 4:00,bounty_madera,31/10/2023 0:00,08/10/2023 0:00,4,5,6,5.212198092,295.343,295.343
08/10/2023 5:00,bounty_madera,31/10/2023 0:00,08/10/2023 0:00,5,6,6,4.660638608,325.886,325.886
08/10/2023 6:00,bounty_madera,31/10/2023 0:00,08/10/2023 0:00,6,7,6,4.598507242,372.204,372.204
08/10/2023 7:00,bounty_madera,31/10/2023 0:00,08/10/2023 0:00,7,8,6,4.711988392,514.117,514.117
08/10/2023 8:00,bounty_madera,31/10/2023 0:00,08/10/2023 0:00,8,9,6,4.936199658,553.447,553.447
08/10/2023 9:00,bounty_madera,31/10/2023 0:00,08/10/2023 0:00,9,10,6,5.6789564,583.313,583.313
08/10/2023 10:00,bounty_madera,31/10/2023 0:00,08/10/2023 0:00,10,11,6,8.031782908,586.895,586.895
08/10/2023 11:00,bounty_madera,31/10/2023 0:00,08/10/2023 0:00,11,12,6,8.21926785,560.796,560.796
08/10/2023 12:00,bounty_madera,31/10/2023 0:00,08/10/2023 0:00,12,13,6,6.878698967,570.706,570.706
08/10/2023 13:00,bounty_madera,31/10/2023 0:00,08/10/2023 0:00,13,14,6,8.908729425,581.314,581.314
08/10/2023 14:00,bounty_madera,31/10/2023 0:00,08/10/2023 0:00,14,15,6,11.95049605,589.323,589.323
08/10/2023 15:00,bounty_madera,31/10/2023 0:00,08/10/2023 0:00,15,16,6,11.12111266,581.225,581.225
08/10/2023 16:00,bounty_madera,31/10/2023 0:00,08/10/2023 0:00,16,17,6,8.61049955,586.635,586.635
08/10/2023 17:00,bounty_madera,31/10/2023 0:00,08/10/2023 0:00,17,18,6,6.758181383,584.547,584.547
08/10/2023 18:00,bounty_madera,31/10/2023 0:00,08/10/2023 0:00,18,19,6,10.88569098,562.065,562.065
08/10/2023 19:00,bounty_madera,31/10/2023 0:00,08/10/2023 0:00,19,20,6,6.256171283,512.568,512.568
08/10/2023 20:00,bounty_madera,31/10/2023 0:00,08/10/2023 0:00,20,21,6,6.260390475,529.632,529.632
08/10/2023 21:00,bounty_madera,31/10/2023 0:00,08/10/2023 0:00,21,22,6,6.255243525,530.33,530.33
08/10/2023 22:00,bounty_madera,31/10/2023 0:00,08/10/2023 0:00,22,23,6,6.250407883,520.81,520.81
08/10/2023 23:00,bounty_madera,31/10/2023 0:00,08/10/2023 0:00,23,24,6,5.931640775,486.969,486.969
09/10/2023 0:00,bounty_madera,31/10/2023 0:00,09/10/2023 0:00,0,1,0,4.821206783,473.129,473.129
09/10/2023 1:00,bounty_madera,31/10/2023 0:00,09/10/2023 0:00,1,2,0,4.992930067,435.943,435.943
09/10/2023 2:00,bounty_madera,31/10/2023 0:00,09/10/2023 0:00,2,3,0,4.809154117,415.946,415.946
09/10/2023 3:00,bounty_madera,31/10/2023 0:00,09/10/2023 0:00,3,4,0,4.669189992,394.162,394.162
09/10/2023 4:00,bounty_madera,31/10/2023 0:00,09/10/2023 0:00,4,5,0,5.431257808,386.362,386.362
09/10/2023 5:00,bounty_madera,31/10/2023 0:00,09/10/2023 0:00,5,6,0,5.750809467,397.411,397.411
09/10/2023 6:00,bounty_madera,31/10/2023 0:00,09/10/2023 0:00,6,7,0,5.15811315,435.703,435.703
09/10/2023 7:00,bounty_madera,31/10/2023 0:00,09/10/2023 0:00,7,8,0,5.61300995,539.62,539.62
09/10/2023 8:00,bounty_madera,31/10/2023 0:00,09/10/2023 0:00,8,9,0,6.116444467,578.581,578.581
09/10/2023 9:00,bounty_madera,31/10/2023 0:00,09/10/2023 0:00,9,10,0,6.24010555,594.967,594.967
09/10/2023 10:00,bounty_madera,31/10/2023 0:00,09/10/2023 0:00,10,11,0,10.73824213,608.564,608.564
09/10/2023 11:00,bounty_madera,31/10/2023 0:00,09/10/2023 0:00,11,12,0,6.260063625,566.442,566.442
09/10/2023 12:00,bounty_madera,31/10/2023 0:00,09/10/2023 0:00,12,13,0,10.81335673,595.756,595.756
09/10/2023 13:00,bounty_madera,31/10/2023 0:00,09/10/2023 0:00,13,14,0,10.90652706,614.065,614.065
09/10/2023 14:00,bounty_madera,31/10/2023 0:00,09/10/2023 0:00,14,15,0,10.92323581,608.445,608.445
09/10/2023 15:00,bounty_madera,31/10/2023 0:00,09/10/2023 0:00,15,16,0,10.85052748,599.087,599.087
09/10/2023 16:00,bounty_madera,31/10/2023 0:00,09/10/2023 0:00,16,17,0,10.90134721,614.003,614.003
09/10/2023 17:00,bounty_madera,31/10/2023 0:00,09/10/2023 0:00,17,18,0,6.255853592,601.958,601.958
09/10/2023 18:00,bounty_madera,31/10/2023 0:00,09/10/2023 0:00,18,19,0,25.06675027,570.121,570.121
09/10/2023 19:00,bounty_madera,31/10/2023 0:00,09/10/2023 0:00,19,20,0,17.85000284,534.1,534.1
09/10/2023 20:00,bounty_madera,31/10/2023 0:00,09/10/2023 0:00,20,21,0,20.32874077,550.763,550.763
09/10/2023 21:00,bounty_madera,31/10/2023 0:00,09/10/2023 0:00,21,22,0,24.93796653,545.659,545.659
09/10/2023 22:00,bounty_madera,31/10/2023 0:00,09/10/2023 0:00,22,23,0,31.02347957,526.121,526.121
09/10/2023 23:00,bounty_madera,31/10/2023 0:00,09/10/2023 0:00,23,24,0,19.55535151,506.163,506.163
10/10/2023 0:00,bounty_madera,31/10/2023 0:00,10/10/2023 0:00,0,1,1,5.853674575,502.005,502.005
10/10/2023 1:00,bounty_madera,31/10/2023 0:00,10/10/2023 0:00,1,2,1,7.934146142,467.186,467.186
10/10/2023 2:00,bounty_madera,31/10/2023 0:00,10/10/2023 0:00,2,3,1,5.62923645,443.743,443.743
10/10/2023 3:00,bounty_madera,31/10/2023 0:00,10/10/2023 0:00,3,4,1,5.443477408,428.304,428.304
10/10/2023 4:00,bounty_madera,31/10/2023 0:00,10/10/2023 0:00,4,5,1,5.970342675,426.614,426.614
10/10/2023 5:00,bounty_madera,31/10/2023 0:00,10/10/2023 0:00,5,6,1,5.735756808,403.419,403.419
10/10/2023 6:00,bounty_madera,31/10/2023 0:00,10/10/2023 0:00,6,7,1,4.620526642,441.287,441.287
10/10/2023 7:00,bounty_madera,31/10/2023 0:00,10/10/2023 0:00,7,8,1,5.412914442,545.618,545.618
10/10/2023 8:00,bounty_madera,31/10/2023 0:00,10/10/2023 0:00,8,9,1,6.256409942,574.034,574.034
10/10/2023 9:00,bounty_madera,31/10/2023 0:00,10/10/2023 0:00,9,10,1,6.144924567,582.416,582.416
10/10/2023 10:00,bounty_madera,31/10/2023 0:00,10/10/2023 0:00,10,11,1,6.27153355,587.193,587.193
10/10/2023 11:00,bounty_madera,31/10/2023 0:00,10/10/2023 0:00,11,12,1,6.257748417,561.541,561.541
10/10/2023 12:00,bounty_madera,31/10/2023 0:00,10/10/2023 0:00,12,13,1,5.537639342,596.572,596.572
10/10/2023 13:00,bounty_madera,31/10/2023 0:00,10/10/2023 0:00,13,14,1,6.2719376,600.004,600.004
10/10/2023 14:00,bounty_madera,31/10/2023 0:00,10/10/2023 0:00,14,15,1,6.267164808,605.09,605.09
10/10/2023 15:00,bounty_madera,31/10/2023 0:00,10/10/2023 0:00,15,16,1,6.265177533,591.912,591.912
10/10/2023 16:00,bounty_madera,31/10/2023 0:00,10/10/2023 0:00,16,17,1,10.64565433,609.369,609.369
10/10/2023 17:00,bounty_madera,31/10/2023 0:00,10/10/2023 0:00,17,18,1,6.263087133,588.868,588.868
10/10/2023 18:00,bounty_madera,31/10/2023 0:00,10/10/2023 0:00,18,19,1,28.88333497,569.377,569.377
10/10/2023 19:00,bounty_madera,31/10/2023 0:00,10/10/2023 0:00,19,20,1,15.01608765,510.86,510.86
10/10/2023 20:00,bounty_madera,31/10/2023 0:00,10/10/2023 0:00,20,21,1,20.4875271,505.485,505.485
10/10/2023 21:00,bounty_madera,31/10/2023 0:00,10/10/2023 0:00,21,22,1,17.70453818,523.961,523.961
10/10/2023 22:00,bounty_madera,31/10/2023 0:00,10/10/2023 0:00,22,23,1,13.53043326,506.444,506.444
10/10/2023 23:00,bounty_madera,31/10/2023 0:00,10/10/2023 0:00,23,24,1,9.350703392,494.987,494.987
11/10/2023 0:00,bounty_madera,31/10/2023 0:00,11/10/2023 0:00,0,1,2,8.0572247,475.02,475.02
11/10/2023 1:00,bounty_madera,31/10/2023 0:00,11/10/2023 0:00,1,2,2,5.693662067,458.057,458.057
11/10/2023 2:00,bounty_madera,31/10/2023 0:00,11/10/2023 0:00,2,3,2,5.423413533,454.208,454.208
11/10/2023 3:00,bounty_madera,31/10/2023 0:00,11/10/2023 0:00,3,4,2,5.322999575,440.992,440.992
11/10/2023 4:00,bounty_madera,31/10/2023 0:00,11/10/2023 0:00,4,5,2,6.725505625,416.047,416.047
11/10/2023 5:00,bounty_madera,31/10/2023 0:00,11/10/2023 0:00,5,6,2,5.1182113,421.902,421.902
11/10/2023 6:00,bounty_madera,31/10/2023 0:00,11/10/2023 0:00,6,7,2,4.948058208,466.981,466.981
11/10/2023 7:00,bounty_madera,31/10/2023 0:00,11/10/2023 0:00,7,8,2,7.0971122,535.058,535.058
11/10/2023 8:00,bounty_madera,31/10/2023 0:00,11/10/2023 0:00,8,9,2,8.754482483,554.865,554.865
11/10/2023 9:00,bounty_madera,31/10/2023 0:00,11/10/2023 0:00,9,10,2,8.193201617,555.513,555.513
11/10/2023 10:00,bounty_madera,31/10/2023 0:00,11/10/2023 0:00,10,11,2,8.708106775,580.378,580.378
11/10/2023 11:00,bounty_madera,31/10/2023 0:00,11/10/2023 0:00,11,12,2,7.8915585,557.806,557.806
11/10/2023 12:00,bounty_madera,31/10/2023 0:00,11/10/2023 0:00,12,13,2,5.6426766,580.876,580.876
11/10/2023 13:00,bounty_madera,31/10/2023 0:00,11/10/2023 0:00,13,14,2,8.22182375,599.222,599.222
11/10/2023 14:00,bounty_madera,31/10/2023 0:00,11/10/2023 0:00,14,15,2,8.882302525,600.805,600.805
11/10/2023 15:00,bounty_madera,31/10/2023 0:00,11/10/2023 0:00,15,16,2,8.908698992,584.456,584.456
11/10/2023 16:00,bounty_madera,31/10/2023 0:00,11/10/2023 0:00,16,17,2,9.8801598,584.455,584.455
11/10/2023 17:00,bounty_madera,31/10/2023 0:00,11/10/2023 0:00,17,18,2,7.322739742,569.364,569.364
11/10/2023 18:00,bounty_madera,31/10/2023 0:00,11/10/2023 0:00,18,19,2,9.3339193,558.349,558.349
11/10/2023 19:00,bounty_madera,31/10/2023 0:00,11/10/2023 0:00,19,20,2,7.647882283,530.658,530.658
11/10/2023 20:00,bounty_madera,31/10/2023 0:00,11/10/2023 0:00,20,21,2,7.735229058,531.696,531.696
11/10/2023 21:00,bounty_madera,31/10/2023 0:00,11/10/2023 0:00,21,22,2,6.942772942,535.587,535.587
11/10/2023 22:00,bounty_madera,31/10/2023 0:00,11/10/2023 0:00,22,23,2,5.237410725,515.651,515.651
11/10/2023 23:00,bounty_madera,31/10/2023 0:00,11/10/2023 0:00,23,24,2,5.0726088,483.057,483.057
12/10/2023 0:00,bounty_madera,31/10/2023 0:00,12/10/2023 0:00,0,1,3,5.086146375,474.91,474.91
12/10/2023 1:00,bounty_madera,31/10/2023 0:00,12/10/2023 0:00,1,2,3,4.946122783,413.225,413.225
12/10/2023 2:00,bounty_madera,31/10/2023 0:00,12/10/2023 0:00,2,3,3,4.743937892,381.633,381.633
12/10/2023 3:00,bounty_madera,31/10/2023 0:00,12/10/2023 0:00,3,4,3,4.711272433,388.215,388.215
12/10/2023 4:00,bounty_madera,31/10/2023 0:00,12/10/2023 0:00,4,5,3,4.804298508,393.614,393.614
12/10/2023 5:00,bounty_madera,31/10/2023 0:00,12/10/2023 0:00,5,6,3,4.805856583,396.919,396.919
12/10/2023 6:00,bounty_madera,31/10/2023 0:00,12/10/2023 0:00,6,7,3,4.029631058,433.062,433.062
12/10/2023 7:00,bounty_madera,31/10/2023 0:00,12/10/2023 0:00,7,8,3,5.012834167,539.682,539.682
12/10/2023 8:00,bounty_madera,31/10/2023 0:00,12/10/2023 0:00,8,9,3,5.068145817,569.163,569.163
12/10/2023 9:00,bounty_madera,31/10/2023 0:00,12/10/2023 0:00,9,10,3,5.490194542,600.064,600.064
12/10/2023 10:00,bounty_madera,31/10/2023 0:00,12/10/2023 0:00,10,11,3,6.327987408,613.729,613.729
12/10/2023 11:00,bounty_madera,31/10/2023 0:00,12/10/2023 0:00,11,12,3,5.088340892,590.226,590.226
12/10/2023 12:00,bounty_madera,31/10/2023 0:00,12/10/2023 0:00,12,13,3,4.979088475,604.808,604.808
12/10/2023 13:00,bounty_madera,31/10/2023 0:00,12/10/2023 0:00,13,14,3,6.604143992,618.071,618.071
12/10/2023 14:00,bounty_madera,31/10/2023 0:00,12/10/2023 0:00,14,15,3,6.425101467,621.315,621.315
12/10/2023 15:00,bounty_madera,31/10/2023 0:00,12/10/2023 0:00,15,16,3,5.996133308,608.754,608.754
12/10/2023 16:00,bounty_madera,31/10/2023 0:00,12/10/2023 0:00,16,17,3,6.035499642,623.654,623.654
12/10/2023 17:00,bounty_madera,31/10/2023 0:00,12/10/2023 0:00,17,18,3,6.063964892,611.506,611.506
12/10/2023 18:00,bounty_madera,31/10/2023 0:00,12/10/2023 0:00,18,19,3,6.652208917,567.276,567.276
12/10/2023 19:00,bounty_madera,31/10/2023 0:00,12/10/2023 0:00,19,20,3,6.046856017,541.502,541.502
12/10/2023 20:00,bounty_madera,31/10/2023 0:00,12/10/2023 0:00,20,21,3,6.128108233,541.575,541.575
12/10/2023 21:00,bounty_madera,31/10/2023 0:00,12/10/2023 0:00,21,22,3,6.677935825,536.217,536.217
12/10/2023 22:00,bounty_madera,31/10/2023 0:00,12/10/2023 0:00,22,23,3,5.997574483,493.751,493.751
12/10/2023 23:00,bounty_madera,31/10/2023 0:00,12/10/2023 0:00,23,24,3,5.784195942,481.776,481.776
13/10/2023 0:00,bounty_madera,31/10/2023 0:00,13/10/2023 0:00,0,1,4,5.230593258,457.791,457.791
13/10/2023 1:00,bounty_madera,31/10/2023 0:00,13/10/2023 0:00,1,2,4,4.835688742,429.809,429.809
13/10/2023 2:00,bounty_madera,31/10/2023 0:00,13/10/2023 0:00,2,3,4,4.6851168,405.657,405.657
13/10/2023 3:00,bounty_madera,31/10/2023 0:00,13/10/2023 0:00,3,4,4,4.653050908,396.691,396.691
13/10/2023 4:00,bounty_madera,31/10/2023 0:00,13/10/2023 0:00,4,5,4,4.767090642,396.033,396.033
13/10/2023 5:00,bounty_madera,31/10/2023 0:00,13/10/2023 0:00,5,6,4,4.627560917,411.354,411.354
13/10/2023 6:00,bounty_madera,31/10/2023 0:00,13/10/2023 0:00,6,7,4,3.880228417,438.506,438.506
13/10/2023 7:00,bounty_madera,31/10/2023 0:00,13/10/2023 0:00,7,8,4,4.657853883,552.082,552.082
13/10/2023 8:00,bounty_madera,31/10/2023 0:00,13/10/2023 0:00,8,9,4,4.942729642,571.789,571.789
13/10/2023 9:00,bounty_madera,31/10/2023 0:00,13/10/2023 0:00,9,10,4,4.862890167,615.594,615.594
13/10/2023 10:00,bounty_madera,31/10/2023 0:00,13/10/2023 0:00,10,11,4,5.645209208,624.345,624.345
13/10/2023 11:00,bounty_madera,31/10/2023 0:00,13/10/2023 0:00,11,12,4,5.321249425,591.852,591.852
13/10/2023 12:00,bounty_madera,31/10/2023 0:00,13/10/2023 0:00,12,13,4,5.423781858,604.196,604.196
13/10/2023 13:00,bounty_madera,31/10/2023 0:00,13/10/2023 0:00,13,14,4,6.675524642,624.771,624.771
13/10/2023 14:00,bounty_madera,31/10/2023 0:00,13/10/2023 0:00,14,15,4,6.580059583,630.885,630.885
13/10/2023 15:00,bounty_madera,31/10/2023 0:00,13/10/2023 0:00,15,16,4,6.582259108,611.245,611.245
13/10/2023 16:00,bounty_madera,31/10/2023 0:00,13/10/2023 0:00,16,17,4,6.509669117,624.012,624.012
13/10/2023 17:00,bounty_madera,31/10/2023 0:00,13/10/2023 0:00,17,18,4,6.024851717,603.045,603.045
13/10/2023 18:00,bounty_madera,31/10/2023 0:00,13/10/2023 0:00,18,19,4,6.557285967,574.877,574.877
13/10/2023 19:00,bounty_madera,31/10/2023 0:00,13/10/2023 0:00,19,20,4,6.149428558,535.395,535.395
13/10/2023 20:00,bounty_madera,31/10/2023 0:00,13/10/2023 0:00,20,21,4,6.040429833,524.568,524.568
13/10/2023 21:00,bounty_madera,31/10/2023 0:00,13/10/2023 0:00,21,22,4,6.348296775,517.265,517.265
13/10/2023 22:00,bounty_madera,31/10/2023 0:00,13/10/2023 0:00,22,23,4,6.0127345,509.623,509.623
13/10/2023 23:00,bounty_madera,31/10/2023 0:00,13/10/2023 0:00,23,24,4,6.172113825,508.265,508.265
14/10/2023 0:00,bounty_madera,31/10/2023 0:00,14/10/2023 0:00,0,1,5,6.329118517,485.696,485.696
14/10/2023 1:00,bounty_madera,31/10/2023 0:00,14/10/2023 0:00,1,2,5,5.123053883,463.912,463.912
14/10/2023 2:00,bounty_madera,31/10/2023 0:00,14/10/2023 0:00,2,3,5,4.782702167,448.841,448.841
14/10/2023 3:00,bounty_madera,31/10/2023 0:00,14/10/2023 0:00,3,4,5,4.562722142,435.329,435.329
14/10/2023 4:00,bounty_madera,31/10/2023 0:00,14/10/2023 0:00,4,5,5,4.465151667,424.797,424.797
14/10/2023 5:00,bounty_madera,31/10/2023 0:00,14/10/2023 0:00,5,6,5,3.789872575,421.343,421.343
14/10/2023 6:00,bounty_madera,31/10/2023 0:00,14/10/2023 0:00,6,7,5,2.904160575,447.613,447.613
14/10/2023 7:00,bounty_madera,31/10/2023 0:00,14/10/2023 0:00,7,8,5,3.755058983,547.159,547.159
14/10/2023 8:00,bounty_madera,31/10/2023 0:00,14/10/2023 0:00,8,9,5,3.669161083,587.249,587.249
14/10/2023 9:00,bounty_madera,31/10/2023 0:00,14/10/2023 0:00,9,10,5,4.677505808,594.752,594.752
14/10/2023 10:00,bounty_madera,31/10/2023 0:00,14/10/2023 0:00,10,11,5,6.654829875,626.778,626.778
14/10/2023 11:00,bounty_madera,31/10/2023 0:00,14/10/2023 0:00,11,12,5,5.191431,587.278,587.278
14/10/2023 12:00,bounty_madera,31/10/2023 0:00,14/10/2023 0:00,12,13,5,4.844585683,601.003,601.003
14/10/2023 13:00,bounty_madera,31/10/2023 0:00,14/10/2023 0:00,13,14,5,7.641265383,605.45,605.45
14/10/2023 14:00,bounty_madera,31/10/2023 0:00,14/10/2023 0:00,14,15,5,8.00972085,606.316,606.316
14/10/2023 15:00,bounty_madera,31/10/2023 0:00,14/10/2023 0:00,15,16,5,7.974638167,591.667,591.667
14/10/2023 16:00,bounty_madera,31/10/2023 0:00,14/10/2023 0:00,16,17,5,8.356707217,605.454,605.454
14/10/2023 17:00,bounty_madera,31/10/2023 0:00,14/10/2023 0:00,17,18,5,8.386948375,585.107,585.107
14/10/2023 18:00,bounty_madera,31/10/2023 0:00,14/10/2023 0:00,18,19,5,19.79349709,551.455,551.455
14/10/2023 19:00,bounty_madera,31/10/2023 0:00,14/10/2023 0:00,19,20,5,14.62125422,507.767,507.767
14/10/2023 20:00,bounty_madera,31/10/2023 0:00,14/10/2023 0:00,20,21,5,18.71458618,496.528,496.528
14/10/2023 21:00,bounty_madera,31/10/2023 0:00,14/10/2023 0:00,21,22,5,20.66629872,487.099,487.099
14/10/2023 22:00,bounty_madera,31/10/2023 0:00,14/10/2023 0:00,22,23,5,14.46333546,505.663,505.663
14/10/2023 23:00,bounty_madera,31/10/2023 0:00,14/10/2023 0:00,23,24,5,8.687949225,487.498,487.498
15/10/2023 0:00,bounty_madera,31/10/2023 0:00,15/10/2023 0:00,0,1,6,7.07017,452.269,452.269
15/10/2023 1:00,bounty_madera,31/10/2023 0:00,15/10/2023 0:00,1,2,6,6.275203442,376.541,376.541
15/10/2023 2:00,bounty_madera,31/10/2023 0:00,15/10/2023 0:00,2,3,6,5.391741475,355.497,355.497
15/10/2023 3:00,bounty_madera,31/10/2023 0:00,15/10/2023 0:00,3,4,6,5.064606333,343.892,343.892
15/10/2023 4:00,bounty_madera,31/10/2023 0:00,15/10/2023 0:00,4,5,6,4.704268258,363.267,363.267
15/10/2023 5:00,bounty_madera,31/10/2023 0:00,15/10/2023 0:00,5,6,6,4.536884067,368.336,368.336
15/10/2023 6:00,bounty_madera,31/10/2023 0:00,15/10/2023 0:00,6,7,6,3.418539783,415.649,415.649
15/10/2023 7:00,bounty_madera,31/10/2023 0:00,15/10/2023 0:00,7,8,6,3.216856567,545.395,545.395
15/10/2023 8:00,bounty_madera,31/10/2023 0:00,15/10/2023 0:00,8,9,6,3.5963179,571.347,571.347
15/10/2023 9:00,bounty_madera,31/10/2023 0:00,15/10/2023 0:00,9,10,6,4.356586825,590.516,590.516
15/10/2023 10:00,bounty_madera,31/10/2023 0:00,15/10/2023 0:00,10,11,6,6.061846758,618.852,618.852
15/10/2023 11:00,bounty_madera,31/10/2023 0:00,15/10/2023 0:00,11,12,6,5.145097558,579.949,579.949
15/10/2023 12:00,bounty_madera,31/10/2023 0:00,15/10/2023 0:00,12,13,6,3.781035933,603.494,603.494
15/10/2023 13:00,bounty_madera,31/10/2023 0:00,15/10/2023 0:00,13,14,6,4.873813625,605.485,605.485
15/10/2023 14:00,bounty_madera,31/10/2023 0:00,15/10/2023 0:00,14,15,6,5.354160242,605.69,605.69
15/10/2023 15:00,bounty_madera,31/10/2023 0:00,15/10/2023 0:00,15,16,6,5.416655558,573.706,573.706
15/10/2023 16:00,bounty_madera,31/10/2023 0:00,15/10/2023 0:00,16,17,6,4.947644933,568.991,568.991
15/10/2023 17:00,bounty_madera,31/10/2023 0:00,15/10/2023 0:00,17,18,6,6.482854483,557.835,557.835
15/10/2023 18:00,bounty_madera,31/10/2023 0:00,15/10/2023 0:00,18,19,6,9.264835817,552.938,552.938
15/10/2023 19:00,bounty_madera,31/10/2023 0:00,15/10/2023 0:00,19,20,6,8.724132175,524.997,524.997
15/10/2023 20:00,bounty_madera,31/10/2023 0:00,15/10/2023 0:00,20,21,6,8.809744167,529.024,529.024
15/10/2023 21:00,bounty_madera,31/10/2023 0:00,15/10/2023 0:00,21,22,6,8.071567967,523.229,523.229
15/10/2023 22:00,bounty_madera,31/10/2023 0:00,15/10/2023 0:00,22,23,6,5.059934225,524.429,524.429
15/10/2023 23:00,bounty_madera,31/10/2023 0:00,15/10/2023 0:00,23,24,6,4.749929092,502.394,502.394
16/10/2023 0:00,bounty_madera,31/10/2023 0:00,16/10/2023 0:00,0,1,0,4.824834067,490.263,490.263
16/10/2023 1:00,bounty_madera,31/10/2023 0:00,16/10/2023 0:00,1,2,0,4.887355325,454.822,454.822
16/10/2023 2:00,bounty_madera,31/10/2023 0:00,16/10/2023 0:00,2,3,0,4.64133535,409.227,409.227
16/10/2023 3:00,bounty_madera,31/10/2023 0:00,16/10/2023 0:00,3,4,0,4.5402347,388.114,388.114
16/10/2023 4:00,bounty_madera,31/10/2023 0:00,16/10/2023 0:00,4,5,0,4.670199058,384.33,384.33
16/10/2023 5:00,bounty_madera,31/10/2023 0:00,16/10/2023 0:00,5,6,0,4.685718242,401.621,401.621
16/10/2023 6:00,bounty_madera,31/10/2023 0:00,16/10/2023 0:00,6,7,0,3.96766145,427.816,427.816
16/10/2023 7:00,bounty_madera,31/10/2023 0:00,16/10/2023 0:00,7,8,0,4.832334375,507.578,507.578
16/10/2023 8:00,bounty_madera,31/10/2023 0:00,16/10/2023 0:00,8,9,0,5.3739688,542.644,542.644
16/10/2023 9:00,bounty_madera,31/10/2023 0:00,16/10/2023 0:00,9,10,0,4.978153658,569.727,569.727
16/10/2023 10:00,bounty_madera,31/10/2023 0:00,16/10/2023 0:00,10,11,0,6.204854358,581.751,581.751
16/10/2023 11:00,bounty_madera,31/10/2023 0:00,16/10/2023 0:00,11,12,0,5.804193708,561.771,561.771
16/10/2023 12:00,bounty_madera,31/10/2023 0:00,16/10/2023 0:00,12,13,0,5.251220317,592.64,592.64
16/10/2023 13:00,bounty_madera,31/10/2023 0:00,16/10/2023 0:00,13,14,0,6.093157292,604.107,604.107
16/10/2023 14:00,bounty_madera,31/10/2023 0:00,16/10/2023 0:00,14,15,0,6.293178508,590.82,590.82
16/10/2023 15:00,bounty_madera,31/10/2023 0:00,16/10/2023 0:00,15,16,0,6.344662633,573.003,573.003
16/10/2023 16:00,bounty_madera,31/10/2023 0:00,16/10/2023 0:00,16,17,0,6.460481033,601.377,601.377
16/10/2023 17:00,bounty_madera,31/10/2023 0:00,16/10/2023 0:00,17,18,0,6.259026233,585.802,585.802
16/10/2023 18:00,bounty_madera,31/10/2023 0:00,16/10/2023 0:00,18,19,0,8.382877767,576.03,576.03
16/10/2023 19:00,bounty_madera,31/10/2023 0:00,16/10/2023 0:00,19,20,0,6.1624159,513.16,513.16
16/10/2023 20:00,bounty_madera,31/10/2023 0:00,16/10/2023 0:00,20,21,0,6.240166875,515.147,515.147
16/10/2023 21:00,bounty_madera,31/10/2023 0:00,16/10/2023 0:00,21,22,0,6.011808058,518.345,518.345
16/10/2023 22:00,bounty_madera,31/10/2023 0:00,16/10/2023 0:00,22,23,0,5.929543633,474.533,474.533
16/10/2023 23:00,bounty_madera,31/10/2023 0:00,16/10/2023 0:00,23,24,0,5.202791158,411.033,411.033
17/10/2023 0:00,bounty_madera,31/10/2023 0:00,17/10/2023 0:00,0,1,1,4.845825633,378.688,378.688
17/10/2023 1:00,bounty_madera,31/10/2023 0:00,17/10/2023 0:00,1,2,1,4.77763615,336.898,336.898
17/10/2023 2:00,bounty_madera,31/10/2023 0:00,17/10/2023 0:00,2,3,1,4.661248758,316.836,316.836
17/10/2023 3:00,bounty_madera,31/10/2023 0:00,17/10/2023 0:00,3,4,1,4.693634917,308.427,308.427
17/10/2023 4:00,bounty_madera,31/10/2023 0:00,17/10/2023 0:00,4,5,1,4.821147592,316.855,316.855
17/10/2023 5:00,bounty_madera,31/10/2023 0:00,17/10/2023 0:00,5,6,1,4.960248208,334.239,334.239
17/10/2023 6:00,bounty_madera,31/10/2023 0:00,17/10/2023 0:00,6,7,1,4.158834142,351.518,351.518
17/10/2023 7:00,bounty_madera,31/10/2023 0:00,17/10/2023 0:00,7,8,1,4.459700492,485.381,485.381
17/10/2023 8:00,bounty_madera,31/10/2023 0:00,17/10/2023 0:00,8,9,1,4.889377708,571.839,571.839
17/10/2023 9:00,bounty_madera,31/10/2023 0:00,17/10/2023 0:00,9,10,1,5.067346025,588.021,588.021
17/10/2023 10:00,bounty_madera,31/10/2023 0:00,17/10/2023 0:00,10,11,1,5.977400333,609.702,609.702
17/10/2023 11:00,bounty_madera,31/10/2023 0:00,17/10/2023 0:00,11,12,1,5.8806904,593.733,593.733
17/10/2023 12:00,bounty_madera,31/10/2023 0:00,17/10/2023 0:00,12,13,1,5.450380783,611.133,611.133
17/10/2023 13:00,bounty_madera,31/10/2023 0:00,17/10/2023 0:00,13,14,1,7.382316475,627.208,627.208
17/10/2023 14:00,bounty_madera,31/10/2023 0:00,17/10/2023 0:00,14,15,1,7.013524242,624.278,624.278
17/10/2023 15:00,bounty_madera,31/10/2023 0:00,17/10/2023 0:00,15,16,1,6.419726158,604.674,604.674
17/10/2023 16:00,bounty_madera,31/10/2023 0:00,17/10/2023 0:00,16,17,1,6.659073167,624.695,624.695
17/10/2023 17:00,bounty_madera,31/10/2023 0:00,17/10/2023 0:00,17,18,1,6.482906733,597.073,597.073
17/10/2023 18:00,bounty_madera,31/10/2023 0:00,17/10/2023 0:00,18,19,1,11.4594803,586.554,586.554
17/10/2023 19:00,bounty_madera,31/10/2023 0:00,17/10/2023 0:00,19,20,1,10.36007523,531.448,531.448
17/10/2023 20:00,bounty_madera,31/10/2023 0:00,17/10/2023 0:00,20,21,1,10.13317013,528.452,528.452
17/10/2023 21:00,bounty_madera,31/10/2023 0:00,17/10/2023 0:00,21,22,1,7.827173458,503.81,503.81
17/10/2023 22:00,bounty_madera,31/10/2023 0:00,17/10/2023 0:00,22,23,1,9.734875517,507.95,507.95
17/10/2023 23:00,bounty_madera,31/10/2023 0:00,17/10/2023 0:00,23,24,1,5.297892133,496.44,496.44
18/10/2023 0:00,bounty_madera,31/10/2023 0:00,18/10/2023 0:00,0,1,2,4.983418792,459.068,459.068
18/10/2023 1:00,bounty_madera,31/10/2023 0:00,18/10/2023 0:00,1,2,2,4.974715475,403.875,403.875
18/10/2023 2:00,bounty_madera,31/10/2023 0:00,18/10/2023 0:00,2,3,2,5.028421183,403.335,403.335
18/10/2023 3:00,bounty_madera,31/10/2023 0:00,18/10/2023 0:00,3,4,2,4.743496675,381.252,381.252
18/10/2023 4:00,bounty_madera,31/10/2023 0:00,18/10/2023 0:00,4,5,2,5.208480933,373.591,373.591
18/10/2023 5:00,bounty_madera,31/10/2023 0:00,18/10/2023 0:00,5,6,2,5.677152925,374.678,374.678
18/10/2023 6:00,bounty_madera,31/10/2023 0:00,18/10/2023 0:00,6,7,2,4.572942358,413.862,413.862
18/10/2023 7:00,bounty_madera,31/10/2023 0:00,18/10/2023 0:00,7,8,2,5.109449583,536.766,536.766
18/10/2023 8:00,bounty_madera,31/10/2023 0:00,18/10/2023 0:00,8,9,2,5.948910125,560.956,560.956
18/10/2023 9:00,bounty_madera,31/10/2023 0:00,18/10/2023 0:00,9,10,2,6.058523483,572.666,572.666
18/10/2023 10:00,bounty_madera,31/10/2023 0:00,18/10/2023 0:00,10,11,2,6.599717767,590.054,590.054
18/10/2023 11:00,bounty_madera,31/10/2023 0:00,18/10/2023 0:00,11,12,2,6.283239492,575.9,575.9
18/10/2023 12:00,bounty_madera,31/10/2023 0:00,18/10/2023 0:00,12,13,2,5.8413207,610.472,610.472
18/10/2023 13:00,bounty_madera,31/10/2023 0:00,18/10/2023 0:00,13,14,2,6.286484892,607.862,607.862
18/10/2023 14:00,bounty_madera,31/10/2023 0:00,18/10/2023 0:00,14,15,2,6.283965825,608.636,608.636
18/10/2023 15:00,bounty_madera,31/10/2023 0:00,18/10/2023 0:00,15,16,2,6.084025108,590.028,590.028
18/10/2023 16:00,bounty_madera,31/10/2023 0:00,18/10/2023 0:00,16,17,2,5.850950942,607.275,607.275
18/10/2023 17:00,bounty_madera,31/10/2023 0:00,18/10/2023 0:00,17,18,2,5.758392842,608.807,608.807
18/10/2023 18:00,bounty_madera,31/10/2023 0:00,18/10/2023 0:00,18,19,2,7.577280642,569.726,569.726
18/10/2023 19:00,bounty_madera,31/10/2023 0:00,18/10/2023 0:00,19,20,2,5.6178132,516.731,516.731
18/10/2023 20:00,bounty_madera,31/10/2023 0:00,18/10/2023 0:00,20,21,2,5.463155092,521.501,521.501
18/10/2023 21:00,bounty_madera,31/10/2023 0:00,18/10/2023 0:00,21,22,2,5.401639733,521.126,521.126
18/10/2023 22:00,bounty_madera,31/10/2023 0:00,18/10/2023 0:00,22,23,2,5.16517845,517.742,517.742
18/10/2023 23:00,bounty_madera,31/10/2023 0:00,18/10/2023 0:00,23,24,2,5.0974108,466.683,466.683
19/10/2023 0:00,bounty_madera,31/10/2023 0:00,19/10/2023 0:00,0,1,3,4.737248508,428.484,428.484
19/10/2023 1:00,bounty_madera,31/10/2023 0:00,19/10/2023 0:00,1,2,3,4.986517408,379.848,379.848
19/10/2023 2:00,bounty_madera,31/10/2023 0:00,19/10/2023 0:00,2,3,3,5.05188015,375.057,375.057
19/10/2023 3:00,bounty_madera,31/10/2023 0:00,19/10/2023 0:00,3,4,3,4.741787442,363.336,363.336
19/10/2023 4:00,bounty_madera,31/10/2023 0:00,19/10/2023 0:00,4,5,3,4.703651908,370.822,370.822
19/10/2023 5:00,bounty_madera,31/10/2023 0:00,19/10/2023 0:00,5,6,3,4.942694625,398.245,398.245
19/10/2023 6:00,bounty_madera,31/10/2023 0:00,19/10/2023 0:00,6,7,3,3.343876317,439.081,439.081
19/10/2023 7:00,bounty_madera,31/10/2023 0:00,19/10/2023 0:00,7,8,3,3.615832508,524.373,524.373
19/10/2023 8:00,bounty_madera,31/10/2023 0:00,19/10/2023 0:00,8,9,3,5.287623892,543.735,543.735
19/10/2023 9:00,bounty_madera,31/10/2023 0:00,19/10/2023 0:00,9,10,3,4.314257008,547.79,547.79
19/10/2023 10:00,bounty_madera,31/10/2023 0:00,19/10/2023 0:00,10,11,3,4.52064745,590.663,590.663
19/10/2023 11:00,bounty_madera,31/10/2023 0:00,19/10/2023 0:00,11,12,3,4.390203925,540.637,540.637
19/10/2023 12:00,bounty_madera,31/10/2023 0:00,19/10/2023 0:00,12,13,3,4.151491983,530.514,530.514
19/10/2023 13:00,bounty_madera,31/10/2023 0:00,19/10/2023 0:00,13,14,3,4.517222158,556.79,556.79
19/10/2023 14:00,bounty_madera,31/10/2023 0:00,19/10/2023 0:00,14,15,3,4.435528392,570.386,570.386
19/10/2023 15:00,bounty_madera,31/10/2023 0:00,19/10/2023 0:00,15,16,3,4.242961583,562.145,562.145
19/10/2023 16:00,bounty_madera,31/10/2023 0:00,19/10/2023 0:00,16,17,3,4.279939008,563.648,563.648
19/10/2023 17:00,bounty_madera,31/10/2023 0:00,19/10/2023 0:00,17,18,3,4.4253273,553.068,553.068
19/10/2023 18:00,bounty_madera,31/10/2023 0:00,19/10/2023 0:00,18,19,3,4.644922383,540.194,540.194
19/10/2023 19:00,bounty_madera,31/10/2023 0:00,19/10/2023 0:00,19,20,3,6.917875008,490.027,490.027
19/10/2023 20:00,bounty_madera,31/10/2023 0:00,19/10/2023 0:00,20,21,3,4.789138317,463.244,463.244
19/10/2023 21:00,bounty_madera,31/10/2023 0:00,19/10/2023 0:00,21,22,3,4.92449945,457.563,457.563
19/10/2023 22:00,bounty_madera,31/10/2023 0:00,19/10/2023 0:00,22,23,3,4.969576242,435.848,435.848
19/10/2023 23:00,bounty_madera,31/10/2023 0:00,19/10/2023 0:00,23,24,3,4.674312575,403.674,403.674
20/10/2023 0:00,bounty_madera,31/10/2023 0:00,20/10/2023 0:00,0,1,4,5.024754692,373.005,373.005
20/10/2023 1:00,bounty_madera,31/10/2023 0:00,20/10/2023 0:00,1,2,4,4.41751785,319.417,319.417
20/10/2023 2:00,bounty_madera,31/10/2023 0:00,20/10/2023 0:00,2,3,4,4.057311783,306.503,306.503
20/10/2023 3:00,bounty_madera,31/10/2023 0:00,20/10/2023 0:00,3,4,4,3.545693767,297.579,297.579
20/10/2023 4:00,bounty_madera,31/10/2023 0:00,20/10/2023 0:00,4,5,4,4.0901547,299.737,299.737
20/10/2023 5:00,bounty_madera,31/10/2023 0:00,20/10/2023 0:00,5,6,4,3.828155625,324.143,324.143
20/10/2023 6:00,bounty_madera,31/10/2023 0:00,20/10/2023 0:00,6,7,4,3.371042917,367.004,367.004
20/10/2023 7:00,bounty_madera,31/10/2023 0:00,20/10/2023 0:00,7,8,4,4.380405483,489.774,489.774
20/10/2023 8:00,bounty_madera,31/10/2023 0:00,20/10/2023 0:00,8,9,4,5.347826475,567.164,567.164
20/10/2023 9:00,bounty_madera,31/10/2023 0:00,20/10/2023 0:00,9,10,4,5.296474933,587.073,587.073
20/10/2023 10:00,bounty_madera,31/10/2023 0:00,20/10/2023 0:00,10,11,4,5.698060692,601.209,601.209
20/10/2023 11:00,bounty_madera,31/10/2023 0:00,20/10/2023 0:00,11,12,4,5.626799,577.786,577.786
20/10/2023 12:00,bounty_madera,31/10/2023 0:00,20/10/2023 0:00,12,13,4,5.420953942,605.248,605.248
20/10/2023 13:00,bounty_madera,31/10/2023 0:00,20/10/2023 0:00,13,14,4,13.68264898,612.099,612.099
20/10/2023 14:00,bounty_madera,31/10/2023 0:00,20/10/2023 0:00,14,15,4,8.149615692,617.672,617.672
20/10/2023 15:00,bounty_madera,31/10/2023 0:00,20/10/2023 0:00,15,16,4,6.182890533,590.641,590.641
20/10/2023 16:00,bounty_madera,31/10/2023 0:00,20/10/2023 0:00,16,17,4,6.005528425,601.901,601.901
20/10/2023 17:00,bounty_madera,31/10/2023 0:00,20/10/2023 0:00,17,18,4,5.863431775,608.82,608.82
20/10/2023 18:00,bounty_madera,31/10/2023 0:00,20/10/2023 0:00,18,19,4,6.030603758,540.832,540.832
20/10/2023 19:00,bounty_madera,31/10/2023 0:00,20/10/2023 0:00,19,20,4,5.544461792,377.79,377.79
20/10/2023 20:00,bounty_madera,31/10/2023 0:00,20/10/2023 0:00,20,21,4,5.464973367,401.436,401.436
20/10/2023 21:00,bounty_madera,31/10/2023 0:00,20/10/2023 0:00,21,22,4,5.179746708,432.778,432.778
20/10/2023 22:00,bounty_madera,31/10/2023 0:00,20/10/2023 0:00,22,23,4,5.240507725,418.122,418.122
20/10/2023 23:00,bounty_madera,31/10/2023 0:00,20/10/2023 0:00,23,24,4,5.077386233,414.388,414.388
21/10/2023 0:00,bounty_madera,31/10/2023 0:00,21/10/2023 0:00,0,1,5,5.178533275,397.643,397.643
21/10/2023 1:00,bounty_madera,31/10/2023 0:00,21/10/2023 0:00,1,2,5,5.130497208,375.528,375.528
21/10/2023 2:00,bounty_madera,31/10/2023 0:00,21/10/2023 0:00,2,3,5,5.124489625,369.432,369.432
21/10/2023 3:00,bounty_madera,31/10/2023 0:00,21/10/2023 0:00,3,4,5,5.077192625,379.858,379.858
21/10/2023 4:00,bounty_madera,31/10/2023 0:00,21/10/2023 0:00,4,5,5,4.431697192,391.376,391.376
21/10/2023 5:00,bounty_madera,31/10/2023 0:00,21/10/2023 0:00,5,6,5,4.048138158,423.428,423.428
21/10/2023 6:00,bounty_madera,31/10/2023 0:00,21/10/2023 0:00,6,7,5,2.792876617,440.626,440.626
21/10/2023 7:00,bounty_madera,31/10/2023 0:00,21/10/2023 0:00,7,8,5,3.946802058,441.385,441.385
21/10/2023 8:00,bounty_madera,31/10/2023 0:00,21/10/2023 0:00,8,9,5,3.653565542,474.383,474.383
21/10/2023 9:00,bounty_madera,31/10/2023 0:00,21/10/2023 0:00,9,10,5,4.126375358,514.747,514.747
21/10/2023 10:00,bounty_madera,31/10/2023 0:00,21/10/2023 0:00,10,11,5,4.218549492,551.568,551.568
21/10/2023 11:00,bounty_madera,31/10/2023 0:00,21/10/2023 0:00,11,12,5,3.682343067,549.933,549.933
21/10/2023 12:00,bounty_madera,31/10/2023 0:00,21/10/2023 0:00,12,13,5,2.813169817,540.544,540.544
21/10/2023 13:00,bounty_madera,31/10/2023 0:00,21/10/2023 0:00,13,14,5,3.609894283,549.978,549.978
21/10/2023 14:00,bounty_madera,31/10/2023 0:00,21/10/2023 0:00,14,15,5,3.193552883,544.449,544.449
21/10/2023 15:00,bounty_madera,31/10/2023 0:00,21/10/2023 0:00,15,16,5,2.771171892,545.971,545.971
21/10/2023 16:00,bounty_madera,31/10/2023 0:00,21/10/2023 0:00,16,17,5,3.473611867,546.238,546.238
21/10/2023 17:00,bounty_madera,31/10/2023 0:00,21/10/2023 0:00,17,18,5,4.034835625,536.784,536.784
21/10/2023 18:00,bounty_madera,31/10/2023 0:00,21/10/2023 0:00,18,19,5,4.643098808,524.236,524.236
21/10/2023 19:00,bounty_madera,31/10/2023 0:00,21/10/2023 0:00,19,20,5,4.349761842,481.421,481.421
21/10/2023 20:00,bounty_madera,31/10/2023 0:00,21/10/2023 0:00,20,21,5,4.195089917,460.132,460.132
21/10/2023 21:00,bounty_madera,31/10/2023 0:00,21/10/2023 0:00,21,22,5,4.035998667,460.358,460.358
21/10/2023 22:00,bounty_madera,31/10/2023 0:00,21/10/2023 0:00,22,23,5,3.639089608,436.251,436.251
21/10/2023 23:00,bounty_madera,31/10/2023 0:00,21/10/2023 0:00,23,24,5,3.57036845,397.792,397.792
22/10/2023 0:00,bounty_madera,31/10/2023 0:00,22/10/2023 0:00,0,1,6,3.722339558,368.764,368.764
22/10/2023 1:00,bounty_madera,31/10/2023 0:00,22/10/2023 0:00,1,2,6,3.6016887,317.334,317.334
22/10/2023 2:00,bounty_madera,31/10/2023 0:00,22/10/2023 0:00,2,3,6,3.321572508,302.59,302.59
22/10/2023 3:00,bounty_madera,31/10/2023 0:00,22/10/2023 0:00,3,4,6,3.423498083,293.441,293.441
22/10/2023 4:00,bounty_madera,31/10/2023 0:00,22/10/2023 0:00,4,5,6,3.130060375,298.62,298.62
22/10/2023 5:00,bounty_madera,31/10/2023 0:00,22/10/2023 0:00,5,6,6,2.848885217,315.751,315.751
22/10/2023 6:00,bounty_madera,31/10/2023 0:00,22/10/2023 0:00,6,7,6,0.675816408,343.266,343.266
22/10/2023 7:00,bounty_madera,31/10/2023 0:00,22/10/2023 0:00,7,8,6,3.278532367,497.092,497.092
22/10/2023 8:00,bounty_madera,31/10/2023 0:00,22/10/2023 0:00,8,9,6,3.80357825,537.819,537.819
22/10/2023 9:00,bounty_madera,31/10/2023 0:00,22/10/2023 0:00,9,10,6,3.978334008,578.314,578.314
22/10/2023 10:00,bounty_madera,31/10/2023 0:00,22/10/2023 0:00,10,11,6,4.233454425,595.699,595.699
22/10/2023 11:00,bounty_madera,31/10/2023 0:00,22/10/2023 0:00,11,12,6,4.162050758,554.977,554.977
22/10/2023 12:00,bounty_madera,31/10/2023 0:00,22/10/2023 0:00,12,13,6,3.827501967,590.033,590.033
22/10/2023 13:00,bounty_madera,31/10/2023 0:00,22/10/2023 0:00,13,14,6,4.349235817,607.342,607.342
22/10/2023 14:00,bounty_madera,31/10/2023 0:00,22/10/2023 0:00,14,15,6,4.11254975,596.727,596.727
22/10/2023 15:00,bounty_madera,31/10/2023 0:00,22/10/2023 0:00,15,16,6,3.721134067,583.039,583.039
22/10/2023 16:00,bounty_madera,31/10/2023 0:00,22/10/2023 0:00,16,17,6,3.358744233,547.284,547.284
22/10/2023 17:00,bounty_madera,31/10/2023 0:00,22/10/2023 0:00,17,18,6,4.312702892,482.829,482.829
22/10/2023 18:00,bounty_madera,31/10/2023 0:00,22/10/2023 0:00,18,19,6,4.522611008,449.695,449.695
22/10/2023 19:00,bounty_madera,31/10/2023 0:00,22/10/2023 0:00,19,20,6,4.342949325,401.63,401.63
22/10/2023 20:00,bounty_madera,31/10/2023 0:00,22/10/2023 0:00,20,21,6,4.451109092,386.328,386.328
22/10/2023 21:00,bounty_madera,31/10/2023 0:00,22/10/2023 0:00,21,22,6,4.516088217,385.615,385.615
22/10/2023 22:00,bounty_madera,31/10/2023 0:00,22/10/2023 0:00,22,23,6,3.848973758,389.261,389.261
22/10/2023 23:00,bounty_madera,31/10/2023 0:00,22/10/2023 0:00,23,24,6,3.737080167,392.487,392.487
23/10/2023 0:00,bounty_madera,31/10/2023 0:00,23/10/2023 0:00,0,1,0,3.435685458,357.982,357.982
23/10/2023 1:00,bounty_madera,31/10/2023 0:00,23/10/2023 0:00,1,2,0,3.04548425,310.606,310.606
23/10/2023 2:00,bounty_madera,31/10/2023 0:00,23/10/2023 0:00,2,3,0,2.309022133,304.632,304.632
23/10/2023 3:00,bounty_madera,31/10/2023 0:00,23/10/2023 0:00,3,4,0,2.766851875,303.708,303.708
23/10/2023 4:00,bounty_madera,31/10/2023 0:00,23/10/2023 0:00,4,5,0,2.876520658,299.039,299.039
23/10/2023 5:00,bounty_madera,31/10/2023 0:00,23/10/2023 0:00,5,6,0,2.563982883,316.386,316.386
23/10/2023 6:00,bounty_madera,31/10/2023 0:00,23/10/2023 0:00,6,7,0,1.686481992,354.191,354.191
23/10/2023 7:00,bounty_madera,31/10/2023 0:00,23/10/2023 0:00,7,8,0,2.892532483,387.064,387.064
23/10/2023 8:00,bounty_madera,31/10/2023 0:00,23/10/2023 0:00,8,9,0,3.181673367,465.679,465.679
23/10/2023 9:00,bounty_madera,31/10/2023 0:00,23/10/2023 0:00,9,10,0,3.106883025,544.653,544.653
23/10/2023 10:00,bounty_madera,31/10/2023 0:00,23/10/2023 0:00,10,11,0,3.766603392,570.553,570.553
23/10/2023 11:00,bounty_madera,31/10/2023 0:00,23/10/2023 0:00,11,12,0,3.983645867,532.779,532.779
23/10/2023 12:00,bounty_madera,31/10/2023 0:00,23/10/2023 0:00,12,13,0,3.556291967,555.084,555.084
23/10/2023 13:00,bounty_madera,31/10/2023 0:00,23/10/2023 0:00,13,14,0,4.108376733,570.43,570.43
23/10/2023 14:00,bounty_madera,31/10/2023 0:00,23/10/2023 0:00,14,15,0,3.978145325,555.739,555.739
23/10/2023 15:00,bounty_madera,31/10/2023 0:00,23/10/2023 0:00,15,16,0,3.843397792,555.76,555.76
23/10/2023 16:00,bounty_madera,31/10/2023 0:00,23/10/2023 0:00,16,17,0,3.843927392,570.432,570.432
23/10/2023 17:00,bounty_madera,31/10/2023 0:00,23/10/2023 0:00,17,18,0,4.345839483,554.764,554.764
23/10/2023 18:00,bounty_madera,31/10/2023 0:00,23/10/2023 0:00,18,19,0,4.531100675,538.351,538.351
23/10/2023 19:00,bounty_madera,31/10/2023 0:00,23/10/2023 0:00,19,20,0,4.361728867,492.393,492.393
23/10/2023 20:00,bounty_madera,31/10/2023 0:00,23/10/2023 0:00,20,21,0,4.297341858,439.065,439.065
23/10/2023 21:00,bounty_madera,31/10/2023 0:00,23/10/2023 0:00,21,22,0,4.349609142,423.511,423.511
23/10/2023 22:00,bounty_madera,31/10/2023 0:00,23/10/2023 0:00,22,23,0,4.079957767,413.51,413.51
23/10/2023 23:00,bounty_madera,31/10/2023 0:00,23/10/2023 0:00,23,24,0,3.792595658,380.785,380.785
24/10/2023 0:00,bounty_madera,31/10/2023 0:00,24/10/2023 0:00,0,1,1,3.809753083,359.273,359.273
24/10/2023 1:00,bounty_madera,31/10/2023 0:00,24/10/2023 0:00,1,2,1,3.9374371,325.315,325.315
24/10/2023 2:00,bounty_madera,31/10/2023 0:00,24/10/2023 0:00,2,3,1,3.357067567,303.345,303.345
24/10/2023 3:00,bounty_madera,31/10/2023 0:00,24/10/2023 0:00,3,4,1,3.296494742,294.919,294.919
24/10/2023 4:00,bounty_madera,31/10/2023 0:00,24/10/2023 0:00,4,5,1,3.709407883,301.341,301.341
24/10/2023 5:00,bounty_madera,31/10/2023 0:00,24/10/2023 0:00,5,6,1,3.773974825,304.68,304.68
24/10/2023 6:00,bounty_madera,31/10/2023 0:00,24/10/2023 0:00,6,7,1,2.762256883,336.139,336.139
24/10/2023 7:00,bounty_madera,31/10/2023 0:00,24/10/2023 0:00,7,8,1,3.166701442,478.927,478.927
24/10/2023 8:00,bounty_madera,31/10/2023 0:00,24/10/2023 0:00,8,9,1,3.827491533,555.059,555.059
24/10/2023 9:00,bounty_madera,31/10/2023 0:00,24/10/2023 0:00,9,10,1,3.915957783,578.567,578.567
24/10/2023 10:00,bounty_madera,31/10/2023 0:00,24/10/2023 0:00,10,11,1,4.060746392,594.631,594.631
24/10/2023 11:00,bounty_madera,31/10/2023 0:00,24/10/2023 0:00,11,12,1,4.029553567,576.022,576.022
24/10/2023 12:00,bounty_madera,31/10/2023 0:00,24/10/2023 0:00,12,13,1,3.667982675,587.412,587.412
24/10/2023 13:00,bounty_madera,31/10/2023 0:00,24/10/2023 0:00,13,14,1,4.16098485,593.187,593.187
24/10/2023 14:00,bounty_madera,31/10/2023 0:00,24/10/2023 0:00,14,15,1,5.7194928,603.701,603.701
24/10/2023 15:00,bounty_madera,31/10/2023 0:00,24/10/2023 0:00,15,16,1,3.892139158,580.175,580.175
24/10/2023 16:00,bounty_madera,31/10/2023 0:00,24/10/2023 0:00,16,17,1,3.859163975,582.299,582.299
24/10/2023 17:00,bounty_madera,31/10/2023 0:00,24/10/2023 0:00,17,18,1,3.810718175,562.2,562.2
24/10/2023 18:00,bounty_madera,31/10/2023 0:00,24/10/2023 0:00,18,19,1,4.11703045,522.323,522.323
24/10/2023 19:00,bounty_madera,31/10/2023 0:00,24/10/2023 0:00,19,20,1,3.946529333,494.534,494.534
24/10/2023 20:00,bounty_madera,31/10/2023 0:00,24/10/2023 0:00,20,21,1,3.994274858,474.021,474.021
24/10/2023 21:00,bounty_madera,31/10/2023 0:00,24/10/2023 0:00,21,22,1,4.096020825,473.136,473.136
24/10/2023 22:00,bounty_madera,31/10/2023 0:00,24/10/2023 0:00,22,23,1,3.84781685,472.265,472.265
24/10/2023 23:00,bounty_madera,31/10/2023 0:00,24/10/2023 0:00,23,24,1,3.564129133,451.67,451.67
25/10/2023 0:00,bounty_madera,31/10/2023 0:00,25/10/2023 0:00,0,1,2,3.750142767,439.567,439.567
25/10/2023 1:00,bounty_madera,31/10/2023 0:00,25/10/2023 0:00,1,2,2,3.555638083,388.996,388.996
25/10/2023 2:00,bounty_madera,31/10/2023 0:00,25/10/2023 0:00,2,3,2,3.3883797,364.93,364.93
25/10/2023 3:00,bounty_madera,31/10/2023 0:00,25/10/2023 0:00,3,4,2,3.263779958,370.055,370.055
25/10/2023 4:00,bounty_madera,31/10/2023 0:00,25/10/2023 0:00,4,5,2,3.477112617,396.867,396.867
25/10/2023 5:00,bounty_madera,31/10/2023 0:00,25/10/2023 0:00,5,6,2,3.488807825,444.52,444.52
25/10/2023 6:00,bounty_madera,31/10/2023 0:00,25/10/2023 0:00,6,7,2,2.819108708,496.281,496.281
25/10/2023 7:00,bounty_madera,31/10/2023 0:00,25/10/2023 0:00,7,8,2,3.226377308,533.483,533.483
25/10/2023 8:00,bounty_madera,31/10/2023 0:00,25/10/2023 0:00,8,9,2,3.82532715,566.526,566.526
25/10/2023 9:00,bounty_madera,31/10/2023 0:00,25/10/2023 0:00,9,10,2,4.20231895,580.818,580.818
25/10/2023 10:00,bounty_madera,31/10/2023 0:00,25/10/2023 0:00,10,11,2,4.211874958,604.759,604.759
25/10/2023 11:00,bounty_madera,31/10/2023 0:00,25/10/2023 0:00,11,12,2,4.256704783,570.621,570.621
25/10/2023 12:00,bounty_madera,31/10/2023 0:00,25/10/2023 0:00,12,13,2,3.96907805,597.005,597.005
25/10/2023 13:00,bounty_madera,31/10/2023 0:00,25/10/2023 0:00,13,14,2,4.532867808,610.089,610.089
25/10/2023 14:00,bounty_madera,31/10/2023 0:00,25/10/2023 0:00,14,15,2,4.4873629,615.115,615.115
25/10/2023 15:00,bounty_madera,31/10/2023 0:00,25/10/2023 0:00,15,16,2,4.4991542,603.403,603.403
25/10/2023 16:00,bounty_madera,31/10/2023 0:00,25/10/2023 0:00,16,17,2,4.520316483,611.726,611.726
25/10/2023 17:00,bounty_madera,31/10/2023 0:00,25/10/2023 0:00,17,18,2,4.50689235,594.28,594.28
25/10/2023 18:00,bounty_madera,31/10/2023 0:00,25/10/2023 0:00,18,19,2,4.580707775,558.919,558.919
25/10/2023 19:00,bounty_madera,31/10/2023 0:00,25/10/2023 0:00,19,20,2,4.449855067,505.78,505.78
25/10/2023 20:00,bounty_madera,31/10/2023 0:00,25/10/2023 0:00,20,21,2,4.414465325,513.942,513.942
25/10/2023 21:00,bounty_madera,31/10/2023 0:00,25/10/2023 0:00,21,22,2,4.389606367,505.085,505.085
25/10/2023 22:00,bounty_madera,31/10/2023 0:00,25/10/2023 0:00,22,23,2,4.267448867,501.555,501.555
25/10/2023 23:00,bounty_madera,31/10/2023 0:00,25/10/2023 0:00,23,24,2,3.717314583,448.431,448.431
26/10/2023 0:00,bounty_madera,30/11/2023 0:00,26/10/2023 0:00,0,1,3,4.070586817,378.344,378.344
26/10/2023 1:00,bounty_madera,30/11/2023 0:00,26/10/2023 0:00,1,2,3,3.360275308,323.351,323.351
26/10/2023 2:00,bounty_madera,30/11/2023 0:00,26/10/2023 0:00,2,3,3,3.282770542,308.782,308.782
26/10/2023 3:00,bounty_madera,30/11/2023 0:00,26/10/2023 0:00,3,4,3,2.867892775,310.019,310.019
26/10/2023 4:00,bounty_madera,30/11/2023 0:00,26/10/2023 0:00,4,5,3,3.36591255,317.017,317.017
26/10/2023 5:00,bounty_madera,30/11/2023 0:00,26/10/2023 0:00,5,6,3,3.446648525,325.933,325.933
26/10/2023 6:00,bounty_madera,30/11/2023 0:00,26/10/2023 0:00,6,7,3,2.072001108,362.367,362.367
26/10/2023 7:00,bounty_madera,30/11/2023 0:00,26/10/2023 0:00,7,8,3,2.991340308,487.873,487.873
26/10/2023 8:00,bounty_madera,30/11/2023 0:00,26/10/2023 0:00,8,9,3,3.2116802,568.546,568.546
26/10/2023 9:00,bounty_madera,30/11/2023 0:00,26/10/2023 0:00,9,10,3,3.823541,607.963,607.963
26/10/2023 10:00,bounty_madera,30/11/2023 0:00,26/10/2023 0:00,10,11,3,4.2057127,610.575,610.575
26/10/2023 11:00,bounty_madera,30/11/2023 0:00,26/10/2023 0:00,11,12,3,4.285127333,580.26,580.26
26/10/2023 12:00,bounty_madera,30/11/2023 0:00,26/10/2023 0:00,12,13,3,3.385832617,612.663,612.663
26/10/2023 13:00,bounty_madera,30/11/2023 0:00,26/10/2023 0:00,13,14,3,4.894507033,623.718,623.718
26/10/2023 14:00,bounty_madera,30/11/2023 0:00,26/10/2023 0:00,14,15,3,4.545035442,617.699,617.699
26/10/2023 15:00,bounty_madera,30/11/2023 0:00,26/10/2023 0:00,15,16,3,4.51755595,599.198,599.198
26/10/2023 16:00,bounty_madera,30/11/2023 0:00,26/10/2023 0:00,16,17,3,4.676190675,617.488,617.488
26/10/2023 17:00,bounty_madera,30/11/2023 0:00,26/10/2023 0:00,17,18,3,5.173812417,609.038,609.038
26/10/2023 18:00,bounty_madera,30/11/2023 0:00,26/10/2023 0:00,18,19,3,4.883233892,588.043,588.043
26/10/2023 19:00,bounty_madera,30/11/2023 0:00,26/10/2023 0:00,19,20,3,4.559701208,531.085,531.085
26/10/2023 20:00,bounty_madera,30/11/2023 0:00,26/10/2023 0:00,20,21,3,4.541841183,526.184,526.184
26/10/2023 21:00,bounty_madera,30/11/2023 0:00,26/10/2023 0:00,21,22,3,7.563661875,535.155,535.155
26/10/2023 22:00,bounty_madera,30/11/2023 0:00,26/10/2023 0:00,22,23,3,4.608562817,539.449,539.449
26/10/2023 23:00,bounty_madera,30/11/2023 0:00,26/10/2023 0:00,23,24,3,4.466818375,519.944,519.944
27/10/2023 0:00,bounty_madera,30/11/2023 0:00,27/10/2023 0:00,0,1,4,4.077759992,461.714,461.714
27/10/2023 1:00,bounty_madera,30/11/2023 0:00,27/10/2023 0:00,1,2,4,3.957397017,420.173,420.173
27/10/2023 2:00,bounty_madera,30/11/2023 0:00,27/10/2023 0:00,2,3,4,3.540487192,403.636,403.636
27/10/2023 3:00,bounty_madera,30/11/2023 0:00,27/10/2023 0:00,3,4,4,3.3189038,413.936,413.936
27/10/2023 4:00,bounty_madera,30/11/2023 0:00,27/10/2023 0:00,4,5,4,3.5778477,430.675,430.675
27/10/2023 5:00,bounty_madera,30/11/2023 0:00,27/10/2023 0:00,5,6,4,3.556103925,468.623,468.623
27/10/2023 6:00,bounty_madera,30/11/2023 0:00,27/10/2023 0:00,6,7,4,2.656708775,504.583,504.583
27/10/2023 7:00,bounty_madera,30/11/2023 0:00,27/10/2023 0:00,7,8,4,3.198766175,555.693,555.693
27/10/2023 8:00,bounty_madera,30/11/2023 0:00,27/10/2023 0:00,8,9,4,3.849398267,584.506,584.506
27/10/2023 9:00,bounty_madera,30/11/2023 0:00,27/10/2023 0:00,9,10,4,3.265958642,606.711,606.711
27/10/2023 10:00,bounty_madera,30/11/2023 0:00,27/10/2023 0:00,10,11,4,3.192811625,619.616,619.616
27/10/2023 11:00,bounty_madera,30/11/2023 0:00,27/10/2023 0:00,11,12,4,3.664467658,592.766,592.766
27/10/2023 12:00,bounty_madera,30/11/2023 0:00,27/10/2023 0:00,12,13,4,3.639095683,625.527,625.527
27/10/2023 13:00,bounty_madera,30/11/2023 0:00,27/10/2023 0:00,13,14,4,7.266843725,628.295,628.295
27/10/2023 14:00,bounty_madera,30/11/2023 0:00,27/10/2023 0:00,14,15,4,4.168229192,632.021,632.021
27/10/2023 15:00,bounty_madera,30/11/2023 0:00,27/10/2023 0:00,15,16,4,3.9209786,616.313,616.313
27/10/2023 16:00,bounty_madera,30/11/2023 0:00,27/10/2023 0:00,16,17,4,3.5268668,616.564,616.564
27/10/2023 17:00,bounty_madera,30/11/2023 0:00,27/10/2023 0:00,17,18,4,3.214307183,559.885,559.885
27/10/2023 18:00,bounty_madera,30/11/2023 0:00,27/10/2023 0:00,18,19,4,3.782924542,536.673,536.673
27/10/2023 19:00,bounty_madera,30/11/2023 0:00,27/10/2023 0:00,19,20,4,3.588092425,518.271,518.271
27/10/2023 20:00,bounty_madera,30/11/2023 0:00,27/10/2023 0:00,20,21,4,3.767445167,486.366,486.366
27/10/2023 21:00,bounty_madera,30/11/2023 0:00,27/10/2023 0:00,21,22,4,7.339513667,487.847,487.847
27/10/2023 22:00,bounty_madera,30/11/2023 0:00,27/10/2023 0:00,22,23,4,5.0248111,459.543,459.543
27/10/2023 23:00,bounty_madera,30/11/2023 0:00,27/10/2023 0:00,23,24,4,3.791940575,470.673,470.673
28/10/2023 0:00,bounty_madera,30/11/2023 0:00,28/10/2023 0:00,0,1,5,4.045141658,454.398,454.398
28/10/2023 1:00,bounty_madera,30/11/2023 0:00,28/10/2023 0:00,1,2,5,4.014703675,421.179,421.179
28/10/2023 2:00,bounty_madera,30/11/2023 0:00,28/10/2023 0:00,2,3,5,4.243322333,384.987,384.987
28/10/2023 3:00,bounty_madera,30/11/2023 0:00,28/10/2023 0:00,3,4,5,3.863303883,397.031,397.031
28/10/2023 4:00,bounty_madera,30/11/2023 0:00,28/10/2023 0:00,4,5,5,3.839456083,423.805,423.805
28/10/2023 5:00,bounty_madera,30/11/2023 0:00,28/10/2023 0:00,5,6,5,3.509804492,446.135,446.135
28/10/2023 6:00,bounty_madera,30/11/2023 0:00,28/10/2023 0:00,6,7,5,3.182954175,482.378,482.378
28/10/2023 7:00,bounty_madera,30/11/2023 0:00,28/10/2023 0:00,7,8,5,2.938085625,551.531,551.531
28/10/2023 8:00,bounty_madera,30/11/2023 0:00,28/10/2023 0:00,8,9,5,3.619732517,586.506,586.506
28/10/2023 9:00,bounty_madera,30/11/2023 0:00,28/10/2023 0:00,9,10,5,4.01072655,585.74,585.74
28/10/2023 10:00,bounty_madera,30/11/2023 0:00,28/10/2023 0:00,10,11,5,4.405567775,604.74,604.74
28/10/2023 11:00,bounty_madera,30/11/2023 0:00,28/10/2023 0:00,11,12,5,4.072118625,586.59,586.59
28/10/2023 12:00,bounty_madera,30/11/2023 0:00,28/10/2023 0:00,12,13,5,3.77707345,589.923,589.923
28/10/2023 13:00,bounty_madera,30/11/2023 0:00,28/10/2023 0:00,13,14,5,4.63036475,600.587,600.587
28/10/2023 14:00,bounty_madera,30/11/2023 0:00,28/10/2023 0:00,14,15,5,4.188344258,598.92,598.92
28/10/2023 15:00,bounty_madera,30/11/2023 0:00,28/10/2023 0:00,15,16,5,4.342633233,588.632,588.632
28/10/2023 16:00,bounty_madera,30/11/2023 0:00,28/10/2023 0:00,16,17,5,5.415937667,597.387,597.387
28/10/2023 17:00,bounty_madera,30/11/2023 0:00,28/10/2023 0:00,17,18,5,4.106425633,543.341,543.341
28/10/2023 18:00,bounty_madera,30/11/2023 0:00,28/10/2023 0:00,18,19,5,4.226046758,522.245,522.245
28/10/2023 19:00,bounty_madera,30/11/2023 0:00,28/10/2023 0:00,19,20,5,3.957944108,495.219,495.219
28/10/2023 20:00,bounty_madera,30/11/2023 0:00,28/10/2023 0:00,20,21,5,4.247272367,490.576,490.576
28/10/2023 21:00,bounty_madera,30/11/2023 0:00,28/10/2023 0:00,21,22,5,4.55933395,511.585,511.585
28/10/2023 22:00,bounty_madera,30/11/2023 0:00,28/10/2023 0:00,22,23,5,5.51635805,513.547,513.547
28/10/2023 23:00,bounty_madera,30/11/2023 0:00,28/10/2023 0:00,23,24,5,3.867297567,509.824,509.824
29/10/2023 0:00,bounty_madera,30/11/2023 0:00,29/10/2023 0:00,0,1,6,4.358719958,477.14,477.14
29/10/2023 1:00,bounty_madera,30/11/2023 0:00,29/10/2023 0:00,1,2,6,3.869398575,441.626,441.626
29/10/2023 2:00,bounty_madera,30/11/2023 0:00,29/10/2023 0:00,2,3,6,4.168927525,386.04,386.04
29/10/2023 3:00,bounty_madera,30/11/2023 0:00,29/10/2023 0:00,3,4,6,3.747013075,359.303,359.303
29/10/2023 4:00,bounty_madera,30/11/2023 0:00,29/10/2023 0:00,4,5,6,3.61821705,359.57,359.57
29/10/2023 5:00,bounty_madera,30/11/2023 0:00,29/10/2023 0:00,5,6,6,3.352188058,361.218,361.218
29/10/2023 6:00,bounty_madera,30/11/2023 0:00,29/10/2023 0:00,6,7,6,2.641515858,387.484,387.484
29/10/2023 7:00,bounty_madera,30/11/2023 0:00,29/10/2023 0:00,7,8,6,2.391116425,521.086,521.086
29/10/2023 8:00,bounty_madera,30/11/2023 0:00,29/10/2023 0:00,8,9,6,2.897071508,559.782,559.782
29/10/2023 9:00,bounty_madera,30/11/2023 0:00,29/10/2023 0:00,9,10,6,3.641457083,596.408,596.408
29/10/2023 10:00,bounty_madera,30/11/2023 0:00,29/10/2023 0:00,10,11,6,4.0213286,599.445,599.445
29/10/2023 11:00,bounty_madera,30/11/2023 0:00,29/10/2023 0:00,11,12,6,3.696964575,564.665,564.665
29/10/2023 12:00,bounty_madera,30/11/2023 0:00,29/10/2023 0:00,12,13,6,3.791604908,588.375,588.375
29/10/2023 13:00,bounty_madera,30/11/2023 0:00,29/10/2023 0:00,13,14,6,4.153636183,596.906,596.906
29/10/2023 14:00,bounty_madera,30/11/2023 0:00,29/10/2023 0:00,14,15,6,3.817433025,582.851,582.851
29/10/2023 15:00,bounty_madera,30/11/2023 0:00,29/10/2023 0:00,15,16,6,3.7862324,575.013,575.013
29/10/2023 16:00,bounty_madera,30/11/2023 0:00,29/10/2023 0:00,16,17,6,3.842094158,578.491,578.491
29/10/2023 17:00,bounty_madera,30/11/2023 0:00,29/10/2023 0:00,17,18,6,4.113502683,538.039,538.039
29/10/2023 18:00,bounty_madera,30/11/2023 0:00,29/10/2023 0:00,18,19,6,4.414455867,492.232,492.232
29/10/2023 19:00,bounty_madera,30/11/2023 0:00,29/10/2023 0:00,19,20,6,4.385937725,471.513,471.513
29/10/2023 20:00,bounty_madera,30/11/2023 0:00,29/10/2023 0:00,20,21,6,4.081328258,475.355,475.355
29/10/2023 21:00,bounty_madera,30/11/2023 0:00,29/10/2023 0:00,21,22,6,4.130771317,495.291,495.291
29/10/2023 22:00,bounty_madera,30/11/2023 0:00,29/10/2023 0:00,22,23,6,3.667313017,481.468,481.468
29/10/2023 23:00,bounty_madera,30/11/2023 0:00,29/10/2023 0:00,23,24,6,3.511402475,428.469,428.469
30/10/2023 0:00,bounty_madera,30/11/2023 0:00,30/10/2023 0:00,0,1,0,3.391719692,346.497,346.497
30/10/2023 1:00,bounty_madera,30/11/2023 0:00,30/10/2023 0:00,1,2,0,3.243331408,311.211,311.211
30/10/2023 2:00,bounty_madera,30/11/2023 0:00,30/10/2023 0:00,2,3,0,2.887666075,295.789,295.789
30/10/2023 3:00,bounty_madera,30/11/2023 0:00,30/10/2023 0:00,3,4,0,2.76472325,309.573,309.573
30/10/2023 4:00,bounty_madera,30/11/2023 0:00,30/10/2023 0:00,4,5,0,2.78355,316.638,316.638
30/10/2023 5:00,bounty_madera,30/11/2023 0:00,30/10/2023 0:00,5,6,0,2.0367659,325.223,325.223
30/10/2023 6:00,bounty_madera,30/11/2023 0:00,30/10/2023 0:00,6,7,0,0.681533133,351.493,351.493
30/10/2023 7:00,bounty_madera,30/11/2023 0:00,30/10/2023 0:00,7,8,0,1.0600902,491.765,491.765
30/10/2023 8:00,bounty_madera,30/11/2023 0:00,30/10/2023 0:00,8,9,0,0.150968858,544.062,544.062
30/10/2023 9:00,bounty_madera,30/11/2023 0:00,30/10/2023 0:00,9,10,0,0.834576983,578.572,578.572
30/10/2023 10:00,bounty_madera,30/11/2023 0:00,30/10/2023 0:00,10,11,0,2.09265225,593.224,593.224
30/10/2023 11:00,bounty_madera,30/11/2023 0:00,30/10/2023 0:00,11,12,0,0.530489025,564.716,564.716
30/10/2023 12:00,bounty_madera,30/11/2023 0:00,30/10/2023 0:00,12,13,0,2.267600933,591.608,591.608
30/10/2023 13:00,bounty_madera,30/11/2023 0:00,30/10/2023 0:00,13,14,0,2.712282983,604.027,604.027
30/10/2023 14:00,bounty_madera,30/11/2023 0:00,30/10/2023 0:00,14,15,0,2.771205792,593.146,593.146
30/10/2023 15:00,bounty_madera,30/11/2023 0:00,30/10/2023 0:00,15,16,0,2.752688417,580.198,580.198
30/10/2023 16:00,bounty_madera,30/11/2023 0:00,30/10/2023 0:00,16,17,0,2.711596158,573.67,573.67
30/10/2023 17:00,bounty_madera,30/11/2023 0:00,30/10/2023 0:00,17,18,0,2.820794875,533.967,533.967
30/10/2023 18:00,bounty_madera,30/11/2023 0:00,30/10/2023 0:00,18,19,0,3.721797467,515.967,515.967
30/10/2023 19:00,bounty_madera,30/11/2023 0:00,30/10/2023 0:00,19,20,0,3.048054033,510.243,510.243
30/10/2023 20:00,bounty_madera,30/11/2023 0:00,30/10/2023 0:00,20,21,0,3.099372917,515.953,515.953
30/10/2023 21:00,bounty_madera,30/11/2023 0:00,30/10/2023 0:00,21,22,0,3.645636658,516.466,516.466
30/10/2023 22:00,bounty_madera,30/11/2023 0:00,30/10/2023 0:00,22,23,0,3.506940125,484.52,484.52
30/10/2023 23:00,bounty_madera,30/11/2023 0:00,30/10/2023 0:00,23,24,0,3.311127708,425.133,425.133
31/10/2023 0:00,bounty_madera,30/11/2023 0:00,31/10/2023 0:00,0,1,1,2.950155817,381.566,381.566
31/10/2023 1:00,bounty_madera,30/11/2023 0:00,31/10/2023 0:00,1,2,1,2.76319605,322.651,322.651
31/10/2023 2:00,bounty_madera,30/11/2023 0:00,31/10/2023 0:00,2,3,1,2.689022608,312.917,312.917
31/10/2023 3:00,bounty_madera,30/11/2023 0:00,31/10/2023 0:00,3,4,1,2.677177775,294.713,294.713
31/10/2023 4:00,bounty_madera,30/11/2023 0:00,31/10/2023 0:00,4,5,1,2.4636999,305.093,305.093
31/10/2023 5:00,bounty_madera,30/11/2023 0:00,31/10/2023 0:00,5,6,1,2.1723621,319.57,319.57
31/10/2023 6:00,bounty_madera,30/11/2023 0:00,31/10/2023 0:00,6,7,1,0.578704767,339.35,339.35
31/10/2023 7:00,bounty_madera,30/11/2023 0:00,31/10/2023 0:00,7,8,1,2.118424075,476.847,476.847
31/10/2023 8:00,bounty_madera,30/11/2023 0:00,31/10/2023 0:00,8,9,1,3.481003558,552.17,552.17
31/10/2023 9:00,bounty_madera,30/11/2023 0:00,31/10/2023 0:00,9,10,1,3.169343592,563.986,563.986
31/10/2023 10:00,bounty_madera,30/11/2023 0:00,31/10/2023 0:00,10,11,1,3.372991975,601.159,601.159
31/10/2023 11:00,bounty_madera,30/11/2023 0:00,31/10/2023 0:00,11,12,1,3.47089135,590.029,590.029
31/10/2023 12:00,bounty_madera,30/11/2023 0:00,31/10/2023 0:00,12,13,1,3.431008825,590.999,590.999
31/10/2023 13:00,bounty_madera,30/11/2023 0:00,31/10/2023 0:00,13,14,1,3.962763517,600.516,600.516
31/10/2023 14:00,bounty_madera,30/11/2023 0:00,31/10/2023 0:00,14,15,1,3.237907867,595.263,595.263
31/10/2023 15:00,bounty_madera,30/11/2023 0:00,31/10/2023 0:00,15,16,1,3.748960875,584.707,584.707
31/10/2023 16:00,bounty_madera,30/11/2023 0:00,31/10/2023 0:00,16,17,1,3.969085467,582.348,582.348
31/10/2023 17:00,bounty_madera,30/11/2023 0:00,31/10/2023 0:00,17,18,1,3.766057817,547.676,547.676
31/10/2023 18:00,bounty_madera,30/11/2023 0:00,31/10/2023 0:00,18,19,1,3.629729875,531.304,531.304
31/10/2023 19:00,bounty_madera,30/11/2023 0:00,31/10/2023 0:00,19,20,1,3.1883059,490.179,490.179
31/10/2023 20:00,bounty_madera,30/11/2023 0:00,31/10/2023 0:00,20,21,1,3.595553433,480.516,480.516
31/10/2023 21:00,bounty_madera,30/11/2023 0:00,31/10/2023 0:00,21,22,1,6.36614825,477.142,477.142
31/10/2023 22:00,bounty_madera,30/11/2023 0:00,31/10/2023 0:00,22,23,1,6.087577192,477.259,477.259
31/10/2023 23:00,bounty_madera,30/11/2023 0:00,31/10/2023 0:00,23,24,1,3.537568683,483.126,483.126
01/11/2023 0:00,bounty_madera,30/11/2023 0:00,01/11/2023 0:00,0,1,2,3.147845683,472.074,472.074
01/11/2023 1:00,bounty_madera,30/11/2023 0:00,01/11/2023 0:00,1,2,2,2.816679633,422.4,422.4
01/11/2023 2:00,bounty_madera,30/11/2023 0:00,01/11/2023 0:00,2,3,2,2.833969617,395.425,395.425
01/11/2023 3:00,bounty_madera,30/11/2023 0:00,01/11/2023 0:00,3,4,2,2.779950575,400.315,400.315
01/11/2023 4:00,bounty_madera,30/11/2023 0:00,01/11/2023 0:00,4,5,2,2.9792812,423.132,423.132
01/11/2023 5:00,bounty_madera,30/11/2023 0:00,01/11/2023 0:00,5,6,2,2.799229192,443.306,443.306
01/11/2023 6:00,bounty_madera,30/11/2023 0:00,01/11/2023 0:00,6,7,2,1.959825192,472.517,472.517
01/11/2023 7:00,bounty_madera,30/11/2023 0:00,01/11/2023 0:00,7,8,2,0.090278625,490.334,490.334
01/11/2023 8:00,bounty_madera,30/11/2023 0:00,01/11/2023 0:00,8,9,2,-0.503122308,513.441,513.441
01/11/2023 9:00,bounty_madera,30/11/2023 0:00,01/11/2023 0:00,9,10,2,-0.349801975,542.656,542.656
01/11/2023 10:00,bounty_madera,30/11/2023 0:00,01/11/2023 0:00,10,11,2,1.759753308,565.631,565.631
01/11/2023 11:00,bounty_madera,30/11/2023 0:00,01/11/2023 0:00,11,12,2,1.614002875,531.041,531.041
01/11/2023 12:00,bounty_madera,30/11/2023 0:00,01/11/2023 0:00,12,13,2,2.145168392,564.853,564.853
01/11/2023 13:00,bounty_madera,30/11/2023 0:00,01/11/2023 0:00,13,14,2,2.678385058,590.26,590.26
01/11/2023 14:00,bounty_madera,30/11/2023 0:00,01/11/2023 0:00,14,15,2,2.405581825,579.753,579.753
01/11/2023 15:00,bounty_madera,30/11/2023 0:00,01/11/2023 0:00,15,16,2,2.241686083,556.151,556.151
01/11/2023 16:00,bounty_madera,30/11/2023 0:00,01/11/2023 0:00,16,17,2,2.545102292,566.613,566.613
01/11/2023 17:00,bounty_madera,30/11/2023 0:00,01/11/2023 0:00,17,18,2,3.409786017,538.277,538.277
01/11/2023 18:00,bounty_madera,30/11/2023 0:00,01/11/2023 0:00,18,19,2,2.995289075,503.384,503.384
01/11/2023 19:00,bounty_madera,30/11/2023 0:00,01/11/2023 0:00,19,20,2,2.48252015,466.208,466.208
01/11/2023 20:00,bounty_madera,30/11/2023 0:00,01/11/2023 0:00,20,21,2,2.487064558,428.476,428.476
01/11/2023 21:00,bounty_madera,30/11/2023 0:00,01/11/2023 0:00,21,22,2,3.270863758,410.654,410.654
01/11/2023 22:00,bounty_madera,30/11/2023 0:00,01/11/2023 0:00,22,23,2,3.11675245,409.093,409.093
01/11/2023 23:00,bounty_madera,30/11/2023 0:00,01/11/2023 0:00,23,24,2,3.29311685,426.312,426.312
02/11/2023 0:00,bounty_madera,30/11/2023 0:00,02/11/2023 0:00,0,1,3,2.66876905,396.541,396.541
02/11/2023 1:00,bounty_madera,30/11/2023 0:00,02/11/2023 0:00,1,2,3,2.744119992,362.956,362.956
02/11/2023 2:00,bounty_madera,30/11/2023 0:00,02/11/2023 0:00,2,3,3,2.809111317,352.174,352.174
02/11/2023 3:00,bounty_madera,30/11/2023 0:00,02/11/2023 0:00,3,4,3,2.777277142,312.274,312.274
02/11/2023 4:00,bounty_madera,30/11/2023 0:00,02/11/2023 0:00,4,5,3,3.007533483,310.822,310.822
02/11/2023 5:00,bounty_madera,30/11/2023 0:00,02/11/2023 0:00,5,6,3,1.504868525,335.803,335.803
02/11/2023 6:00,bounty_madera,30/11/2023 0:00,02/11/2023 0:00,6,7,3,1.832228292,382.343,382.343
02/11/2023 7:00,bounty_madera,30/11/2023 0:00,02/11/2023 0:00,7,8,3,2.418971292,481.567,481.567
02/11/2023 8:00,bounty_madera,30/11/2023 0:00,02/11/2023 0:00,8,9,3,2.505635817,566.207,566.207
02/11/2023 9:00,bounty_madera,30/11/2023 0:00,02/11/2023 0:00,9,10,3,2.556936233,582.095,582.095
02/11/2023 10:00,bounty_madera,30/11/2023 0:00,02/11/2023 0:00,10,11,3,2.636222692,580.982,580.982
02/11/2023 11:00,bounty_madera,30/11/2023 0:00,02/11/2023 0:00,11,12,3,2.7731907,576.757,576.757
02/11/2023 12:00,bounty_madera,30/11/2023 0:00,02/11/2023 0:00,12,13,3,2.9297328,597.425,597.425
02/11/2023 13:00,bounty_madera,30/11/2023 0:00,02/11/2023 0:00,13,14,3,3.413323958,599.511,599.511
02/11/2023 14:00,bounty_madera,30/11/2023 0:00,02/11/2023 0:00,14,15,3,3.073413242,595.094,595.094
02/11/2023 15:00,bounty_madera,30/11/2023 0:00,02/11/2023 0:00,15,16,3,3.09637615,586.936,586.936
02/11/2023 16:00,bounty_madera,30/11/2023 0:00,02/11/2023 0:00,16,17,3,3.444022517,600.867,600.867
02/11/2023 17:00,bounty_madera,30/11/2023 0:00,02/11/2023 0:00,17,18,3,4.387869775,586.584,586.584
02/11/2023 18:00,bounty_madera,30/11/2023 0:00,02/11/2023 0:00,18,19,3,4.042530258,558.305,558.305
02/11/2023 19:00,bounty_madera,30/11/2023 0:00,02/11/2023 0:00,19,20,3,3.765267933,539.149,539.149
02/11/2023 20:00,bounty_madera,30/11/2023 0:00,02/11/2023 0:00,20,21,3,3.97556515,527.844,527.844
02/11/2023 21:00,bounty_madera,30/11/2023 0:00,02/11/2023 0:00,21,22,3,4.316790967,515.093,515.093
02/11/2023 22:00,bounty_madera,30/11/2023 0:00,02/11/2023 0:00,22,23,3,5.233572258,502.38,502.38
02/11/2023 23:00,bounty_madera,30/11/2023 0:00,02/11/2023 0:00,23,24,3,3.744487025,435.859,435.859
03/11/2023 0:00,bounty_madera,30/11/2023 0:00,03/11/2023 0:00,0,1,4,3.537018825,420.188,420.188
03/11/2023 1:00,bounty_madera,30/11/2023 0:00,03/11/2023 0:00,1,2,4,3.398051125,388.951,388.951
03/11/2023 2:00,bounty_madera,30/11/2023 0:00,03/11/2023 0:00,2,3,4,3.28550645,361.132,361.132
03/11/2023 3:00,bounty_madera,30/11/2023 0:00,03/11/2023 0:00,3,4,4,3.098617783,364.161,364.161
03/11/2023 4:00,bounty_madera,30/11/2023 0:00,03/11/2023 0:00,4,5,4,3.09897275,377.179,377.179
03/11/2023 5:00,bounty_madera,30/11/2023 0:00,03/11/2023 0:00,5,6,4,3.321047583,361.275,361.275
03/11/2023 6:00,bounty_madera,30/11/2023 0:00,03/11/2023 0:00,6,7,4,2.566705608,384.901,384.901
03/11/2023 7:00,bounty_madera,30/11/2023 0:00,03/11/2023 0:00,7,8,4,3.395435067,496.956,496.956
03/11/2023 8:00,bounty_madera,30/11/2023 0:00,03/11/2023 0:00,8,9,4,4.227260242,560.075,560.075
03/11/2023 9:00,bounty_madera,30/11/2023 0:00,03/11/2023 0:00,9,10,4,4.242684617,598.734,598.734
03/11/2023 10:00,bounty_madera,30/11/2023 0:00,03/11/2023 0:00,10,11,4,4.547943783,619.483,619.483
03/11/2023 11:00,bounty_madera,30/11/2023 0:00,03/11/2023 0:00,11,12,4,4.3783626,583.716,583.716
03/11/2023 12:00,bounty_madera,30/11/2023 0:00,03/11/2023 0:00,12,13,4,4.353379708,606.423,606.423
03/11/2023 13:00,bounty_madera,30/11/2023 0:00,03/11/2023 0:00,13,14,4,5.64068335,625.634,625.634
03/11/2023 14:00,bounty_madera,30/11/2023 0:00,03/11/2023 0:00,14,15,4,4.772428958,623.724,623.724
03/11/2023 15:00,bounty_madera,30/11/2023 0:00,03/11/2023 0:00,15,16,4,5.0878079,611.828,611.828
03/11/2023 16:00,bounty_madera,30/11/2023 0:00,03/11/2023 0:00,16,17,4,7.121938017,620.278,620.278
03/11/2023 17:00,bounty_madera,30/11/2023 0:00,03/11/2023 0:00,17,18,4,6.5521112,593.464,593.464
03/11/2023 18:00,bounty_madera,30/11/2023 0:00,03/11/2023 0:00,18,19,4,7.701296458,568.247,568.247
03/11/2023 19:00,bounty_madera,30/11/2023 0:00,03/11/2023 0:00,19,20,4,4.712475633,520.805,520.805
03/11/2023 20:00,bounty_madera,30/11/2023 0:00,03/11/2023 0:00,20,21,4,6.376189483,518.764,518.764
03/11/2023 21:00,bounty_madera,30/11/2023 0:00,03/11/2023 0:00,21,22,4,9.7943804,519.703,519.703
03/11/2023 22:00,bounty_madera,30/11/2023 0:00,03/11/2023 0:00,22,23,4,6.070255025,512.975,512.975
03/11/2023 23:00,bounty_madera,30/11/2023 0:00,03/11/2023 0:00,23,24,4,4.951097383,511.015,511.015
04/11/2023 0:00,bounty_madera,30/11/2023 0:00,04/11/2023 0:00,0,1,5,3.871091833,488.397,488.397
04/11/2023 1:00,bounty_madera,30/11/2023 0:00,04/11/2023 0:00,1,2,5,3.835173567,470.505,470.505
04/11/2023 2:00,bounty_madera,30/11/2023 0:00,04/11/2023 0:00,2,3,5,3.642176608,446.914,446.914
04/11/2023 3:00,bounty_madera,30/11/2023 0:00,04/11/2023 0:00,3,4,5,3.527242525,430.05,430.05
04/11/2023 4:00,bounty_madera,30/11/2023 0:00,04/11/2023 0:00,4,5,5,3.542748683,421.186,421.186
04/11/2023 5:00,bounty_madera,30/11/2023 0:00,04/11/2023 0:00,5,6,5,3.644167475,414.082,414.082
04/11/2023 6:00,bounty_madera,30/11/2023 0:00,04/11/2023 0:00,6,7,5,3.163394667,436.027,436.027
04/11/2023 7:00,bounty_madera,30/11/2023 0:00,04/11/2023 0:00,7,8,5,3.00346205,488.372,488.372
04/11/2023 8:00,bounty_madera,30/11/2023 0:00,04/11/2023 0:00,8,9,5,3.6947219,577.654,577.654
04/11/2023 9:00,bounty_madera,30/11/2023 0:00,04/11/2023 0:00,9,10,5,3.619668833,583.124,583.124
04/11/2023 10:00,bounty_madera,30/11/2023 0:00,04/11/2023 0:00,10,11,5,4.265447717,588.738,588.738
04/11/2023 11:00,bounty_madera,30/11/2023 0:00,04/11/2023 0:00,11,12,5,4.080536933,575.912,575.912
04/11/2023 12:00,bounty_madera,30/11/2023 0:00,04/11/2023 0:00,12,13,5,3.923736067,590.726,590.726
04/11/2023 13:00,bounty_madera,30/11/2023 0:00,04/11/2023 0:00,13,14,5,4.615248792,604.061,604.061
04/11/2023 14:00,bounty_madera,30/11/2023 0:00,04/11/2023 0:00,14,15,5,4.250463375,596.496,596.496
04/11/2023 15:00,bounty_madera,30/11/2023 0:00,04/11/2023 0:00,15,16,5,4.267626617,590.641,590.641
04/11/2023 16:00,bounty_madera,30/11/2023 0:00,04/11/2023 0:00,16,17,5,5.6263204,596.568,596.568
04/11/2023 17:00,bounty_madera,30/11/2023 0:00,04/11/2023 0:00,17,18,5,5.592073317,595.788,595.788
04/11/2023 18:00,bounty_madera,30/11/2023 0:00,04/11/2023 0:00,18,19,5,5.086794317,534.354,534.354
04/11/2023 19:00,bounty_madera,30/11/2023 0:00,04/11/2023 0:00,19,20,5,4.311169725,480.115,480.115
04/11/2023 20:00,bounty_madera,30/11/2023 0:00,04/11/2023 0:00,20,21,5,4.684662408,468.284,468.284
04/11/2023 21:00,bounty_madera,30/11/2023 0:00,04/11/2023 0:00,21,22,5,8.577206475,490.842,490.842
04/11/2023 22:00,bounty_madera,30/11/2023 0:00,04/11/2023 0:00,22,23,5,7.512840567,505.411,505.411
04/11/2023 23:00,bounty_madera,30/11/2023 0:00,04/11/2023 0:00,23,24,5,6.602032733,505.972,505.972
05/11/2023 0:00,bounty_madera,30/11/2023 0:00,05/11/2023 0:00,0,1,6,3.841636333,490.665,490.665
05/11/2023 1:00,bounty_madera,30/11/2023 0:00,05/11/2023 0:00,1,2,6,3.961890075,456.59,456.59
05/11/2023 2:00,bounty_madera,30/11/2023 0:00,05/11/2023 0:00,2,3,6,4.315808575,447.821,447.821
05/11/2023 3:00,bounty_madera,30/11/2023 0:00,05/11/2023 0:00,3,4,6,3.866190508,439.87,439.87
05/11/2023 4:00,bounty_madera,30/11/2023 0:00,05/11/2023 0:00,4,5,6,3.9376133,437.195,437.195
05/11/2023 5:00,bounty_madera,30/11/2023 0:00,05/11/2023 0:00,5,6,6,3.644930867,440.592,440.592
05/11/2023 6:00,bounty_madera,30/11/2023 0:00,05/11/2023 0:00,6,7,6,3.391607425,463.609,463.609
05/11/2023 7:00,bounty_madera,30/11/2023 0:00,05/11/2023 0:00,7,8,6,3.6265618,530.125,530.125
05/11/2023 8:00,bounty_madera,30/11/2023 0:00,05/11/2023 0:00,8,9,6,3.667518325,590.831,590.831
05/11/2023 9:00,bounty_madera,30/11/2023 0:00,05/11/2023 0:00,9,10,6,4.114187083,598.68,598.68
05/11/2023 10:00,bounty_madera,30/11/2023 0:00,05/11/2023 0:00,10,11,6,4.551277575,613.326,613.326
05/11/2023 11:00,bounty_madera,30/11/2023 0:00,05/11/2023 0:00,11,12,6,4.497864458,586.979,586.979
05/11/2023 12:00,bounty_madera,30/11/2023 0:00,05/11/2023 0:00,12,13,6,4.008729175,625.888,625.888
05/11/2023 13:00,bounty_madera,30/11/2023 0:00,05/11/2023 0:00,13,14,6,4.375368858,639.443,639.443
05/11/2023 14:00,bounty_madera,30/11/2023 0:00,05/11/2023 0:00,14,15,6,3.869387625,636.136,636.136
05/11/2023 15:00,bounty_madera,30/11/2023 0:00,05/11/2023 0:00,15,16,6,3.813026325,608.42,608.42
05/11/2023 16:00,bounty_madera,30/11/2023 0:00,05/11/2023 0:00,16,17,6,4.413022833,615.811,615.811
05/11/2023 17:00,bounty_madera,30/11/2023 0:00,05/11/2023 0:00,17,18,6,5.873240367,582.02,582.02
05/11/2023 18:00,bounty_madera,30/11/2023 0:00,05/11/2023 0:00,18,19,6,8.865264208,554.445,554.445
05/11/2023 19:00,bounty_madera,30/11/2023 0:00,05/11/2023 0:00,19,20,6,5.062279875,516.176,516.176
05/11/2023 20:00,bounty_madera,30/11/2023 0:00,05/11/2023 0:00,20,21,6,5.417738133,510.678,510.678
05/11/2023 21:00,bounty_madera,30/11/2023 0:00,05/11/2023 0:00,21,22,6,12.50778368,512.501,512.501
05/11/2023 22:00,bounty_madera,30/11/2023 0:00,05/11/2023 0:00,22,23,6,6.676093,511.788,511.788
05/11/2023 23:00,bounty_madera,30/11/2023 0:00,05/11/2023 0:00,23,24,6,4.116430333,498.844,498.844
06/11/2023 0:00,bounty_madera,30/11/2023 0:00,06/11/2023 0:00,0,1,0,3.547269275,479.925,479.925
06/11/2023 1:00,bounty_madera,30/11/2023 0:00,06/11/2023 0:00,1,2,0,3.50392345,436.552,436.552
06/11/2023 2:00,bounty_madera,30/11/2023 0:00,06/11/2023 0:00,2,3,0,3.471329967,415.647,415.647
06/11/2023 3:00,bounty_madera,30/11/2023 0:00,06/11/2023 0:00,3,4,0,3.376630167,404.619,404.619
06/11/2023 4:00,bounty_madera,30/11/2023 0:00,06/11/2023 0:00,4,5,0,3.636253408,371.733,371.733
06/11/2023 5:00,bounty_madera,30/11/2023 0:00,06/11/2023 0:00,5,6,0,4.531759908,384.583,384.583
06/11/2023 6:00,bounty_madera,30/11/2023 0:00,06/11/2023 0:00,6,7,0,3.511838617,412.304,412.304
06/11/2023 7:00,bounty_madera,30/11/2023 0:00,06/11/2023 0:00,7,8,0,3.8625089,488.43,488.43
06/11/2023 8:00,bounty_madera,30/11/2023 0:00,06/11/2023 0:00,8,9,0,6.570356625,528.053,528.053
06/11/2023 9:00,bounty_madera,30/11/2023 0:00,06/11/2023 0:00,9,10,0,5.466983608,584.708,584.708
06/11/2023 10:00,bounty_madera,30/11/2023 0:00,06/11/2023 0:00,10,11,0,11.10433768,596.982,596.982
06/11/2023 11:00,bounty_madera,30/11/2023 0:00,06/11/2023 0:00,11,12,0,10.56612071,580.104,580.104
06/11/2023 12:00,bounty_madera,30/11/2023 0:00,06/11/2023 0:00,12,13,0,10.54451207,602.02,602.02
06/11/2023 13:00,bounty_madera,30/11/2023 0:00,06/11/2023 0:00,13,14,0,16.65057267,619.778,619.778
06/11/2023 14:00,bounty_madera,30/11/2023 0:00,06/11/2023 0:00,14,15,0,11.00062548,607.588,607.588
06/11/2023 15:00,bounty_madera,30/11/2023 0:00,06/11/2023 0:00,15,16,0,7.574735625,591.578,591.578
06/11/2023 16:00,bounty_madera,30/11/2023 0:00,06/11/2023 0:00,16,17,0,7.976335508,610.234,610.234
06/11/2023 17:00,bounty_madera,30/11/2023 0:00,06/11/2023 0:00,17,18,0,5.42153145,608.567,608.567
06/11/2023 18:00,bounty_madera,30/11/2023 0:00,06/11/2023 0:00,18,19,0,9.788139208,578.314,578.314
06/11/2023 19:00,bounty_madera,30/11/2023 0:00,06/11/2023 0:00,19,20,0,5.554411425,515.501,515.501
06/11/2023 20:00,bounty_madera,30/11/2023 0:00,06/11/2023 0:00,20,21,0,5.77590575,500.69,500.69
06/11/2023 21:00,bounty_madera,30/11/2023 0:00,06/11/2023 0:00,21,22,0,13.53564567,500.534,500.534
06/11/2023 22:00,bounty_madera,30/11/2023 0:00,06/11/2023 0:00,22,23,0,7.183008742,515.714,515.714
06/11/2023 23:00,bounty_madera,30/11/2023 0:00,06/11/2023 0:00,23,24,0,5.165027258,515.016,515.016
07/11/2023 0:00,bounty_madera,30/11/2023 0:00,07/11/2023 0:00,0,1,1,4.341969308,490.845,490.845
07/11/2023 1:00,bounty_madera,30/11/2023 0:00,07/11/2023 0:00,1,2,1,4.017455467,427.266,427.266
07/11/2023 2:00,bounty_madera,30/11/2023 0:00,07/11/2023 0:00,2,3,1,3.505003175,387.968,387.968
07/11/2023 3:00,bounty_madera,30/11/2023 0:00,07/11/2023 0:00,3,4,1,3.574557533,377.53,377.53
07/11/2023 4:00,bounty_madera,30/11/2023 0:00,07/11/2023 0:00,4,5,1,4.141036883,383.111,383.111
07/11/2023 5:00,bounty_madera,30/11/2023 0:00,07/11/2023 0:00,5,6,1,3.740230158,395.435,395.435
07/11/2023 6:00,bounty_madera,30/11/2023 0:00,07/11/2023 0:00,6,7,1,2.901293167,416.04,416.04
07/11/2023 7:00,bounty_madera,30/11/2023 0:00,07/11/2023 0:00,7,8,1,3.483144417,512.627,512.627
07/11/2023 8:00,bounty_madera,30/11/2023 0:00,07/11/2023 0:00,8,9,1,4.228295508,551.662,551.662
07/11/2023 9:00,bounty_madera,30/11/2023 0:00,07/11/2023 0:00,9,10,1,3.918018633,570.595,570.595
07/11/2023 10:00,bounty_madera,30/11/2023 0:00,07/11/2023 0:00,10,11,1,4.999819175,578.979,578.979
07/11/2023 11:00,bounty_madera,30/11/2023 0:00,07/11/2023 0:00,11,12,1,4.1789456,550.898,550.898
07/11/2023 12:00,bounty_madera,30/11/2023 0:00,07/11/2023 0:00,12,13,1,3.761550817,569.688,569.688
07/11/2023 13:00,bounty_madera,30/11/2023 0:00,07/11/2023 0:00,13,14,1,8.939150283,587.992,587.992
07/11/2023 14:00,bounty_madera,30/11/2023 0:00,07/11/2023 0:00,14,15,1,4.59784795,589.365,589.365
07/11/2023 15:00,bounty_madera,30/11/2023 0:00,07/11/2023 0:00,15,16,1,4.666892392,585.064,585.064
07/11/2023 16:00,bounty_madera,30/11/2023 0:00,07/11/2023 0:00,16,17,1,5.728543042,580.839,580.839
07/11/2023 17:00,bounty_madera,30/11/2023 0:00,07/11/2023 0:00,17,18,1,8.09046255,560.031,560.031
07/11/2023 18:00,bounty_madera,30/11/2023 0:00,07/11/2023 0:00,18,19,1,4.88916715,538.626,538.626
07/11/2023 19:00,bounty_madera,30/11/2023 0:00,07/11/2023 0:00,19,20,1,4.629882317,490.794,490.794
07/11/2023 20:00,bounty_madera,30/11/2023 0:00,07/11/2023 0:00,20,21,1,4.680274525,506.052,506.052
07/11/2023 21:00,bounty_madera,30/11/2023 0:00,07/11/2023 0:00,21,22,1,31.74274085,503.74,503.74
07/11/2023 22:00,bounty_madera,30/11/2023 0:00,07/11/2023 0:00,22,23,1,5.241573092,508.604,508.604
07/11/2023 23:00,bounty_madera,30/11/2023 0:00,07/11/2023 0:00,23,24,1,4.425828333,514.636,514.636
08/11/2023 0:00,bounty_madera,30/11/2023 0:00,08/11/2023 0:00,0,1,2,4.08033885,490.088,490.088
08/11/2023 1:00,bounty_madera,30/11/2023 0:00,08/11/2023 0:00,1,2,2,4.4676426,460.928,460.928
08/11/2023 2:00,bounty_madera,30/11/2023 0:00,08/11/2023 0:00,2,3,2,4.141516075,453.576,453.576
08/11/2023 3:00,bounty_madera,30/11/2023 0:00,08/11/2023 0:00,3,4,2,3.594160092,435.244,435.244
08/11/2023 4:00,bounty_madera,30/11/2023 0:00,08/11/2023 0:00,4,5,2,3.836088008,440.864,440.864
08/11/2023 5:00,bounty_madera,30/11/2023 0:00,08/11/2023 0:00,5,6,2,4.006511508,447.182,447.182
08/11/2023 6:00,bounty_madera,30/11/2023 0:00,08/11/2023 0:00,6,7,2,3.597230608,479.009,479.009
08/11/2023 7:00,bounty_madera,30/11/2023 0:00,08/11/2023 0:00,7,8,2,3.899915158,530.129,530.129
08/11/2023 8:00,bounty_madera,30/11/2023 0:00,08/11/2023 0:00,8,9,2,4.469962292,563.14,563.14
08/11/2023 9:00,bounty_madera,30/11/2023 0:00,08/11/2023 0:00,9,10,2,9.909350258,585.579,585.579
08/11/2023 10:00,bounty_madera,30/11/2023 0:00,08/11/2023 0:00,10,11,2,7.816755267,613.977,613.977
08/11/2023 11:00,bounty_madera,30/11/2023 0:00,08/11/2023 0:00,11,12,2,4.474588242,575.354,575.354
08/11/2023 12:00,bounty_madera,30/11/2023 0:00,08/11/2023 0:00,12,13,2,5.093207533,608.947,608.947
08/11/2023 13:00,bounty_madera,30/11/2023 0:00,08/11/2023 0:00,13,14,2,13.00446753,623.308,623.308
08/11/2023 14:00,bounty_madera,30/11/2023 0:00,08/11/2023 0:00,14,15,2,5.964776717,619.978,619.978
08/11/2023 15:00,bounty_madera,30/11/2023 0:00,08/11/2023 0:00,15,16,2,4.689720908,602.036,602.036
08/11/2023 16:00,bounty_madera,30/11/2023 0:00,08/11/2023 0:00,16,17,2,4.665934992,610.335,610.335
08/11/2023 17:00,bounty_madera,30/11/2023 0:00,08/11/2023 0:00,17,18,2,9.193870475,588.688,588.688
08/11/2023 18:00,bounty_madera,30/11/2023 0:00,08/11/2023 0:00,18,19,2,7.036734008,561.999,561.999
08/11/2023 19:00,bounty_madera,30/11/2023 0:00,08/11/2023 0:00,19,20,2,4.633290958,525.224,525.224
08/11/2023 20:00,bounty_madera,30/11/2023 0:00,08/11/2023 0:00,20,21,2,4.593709367,527.431,527.431
08/11/2023 21:00,bounty_madera,30/11/2023 0:00,08/11/2023 0:00,21,22,2,9.059307817,523.453,523.453
08/11/2023 22:00,bounty_madera,30/11/2023 0:00,08/11/2023 0:00,22,23,2,4.554128683,472.035,472.035
08/11/2023 23:00,bounty_madera,30/11/2023 0:00,08/11/2023 0:00,23,24,2,4.226462708,450.248,450.248
09/11/2023 0:00,bounty_madera,30/11/2023 0:00,09/11/2023 0:00,0,1,3,4.402597517,409.508,409.508
09/11/2023 1:00,bounty_madera,30/11/2023 0:00,09/11/2023 0:00,1,2,3,4.53771525,342.106,342.106
09/11/2023 2:00,bounty_madera,30/11/2023 0:00,09/11/2023 0:00,2,3,3,4.598813033,338.788,338.788
09/11/2023 3:00,bounty_madera,30/11/2023 0:00,09/11/2023 0:00,3,4,3,4.357044633,344.854,344.854
09/11/2023 4:00,bounty_madera,30/11/2023 0:00,09/11/2023 0:00,4,5,3,3.835930242,345.497,345.497
09/11/2023 5:00,bounty_madera,30/11/2023 0:00,09/11/2023 0:00,5,6,3,4.317529842,351.912,351.912
09/11/2023 6:00,bounty_madera,30/11/2023 0:00,09/11/2023 0:00,6,7,3,3.069341683,401.079,401.079
09/11/2023 7:00,bounty_madera,30/11/2023 0:00,09/11/2023 0:00,7,8,3,3.370546342,511.557,511.557
09/11/2023 8:00,bounty_madera,30/11/2023 0:00,09/11/2023 0:00,8,9,3,4.209648058,563.609,563.609
09/11/2023 9:00,bounty_madera,30/11/2023 0:00,09/11/2023 0:00,9,10,3,4.729392442,580.604,580.604
09/11/2023 10:00,bounty_madera,30/11/2023 0:00,09/11/2023 0:00,10,11,3,6.001041492,596.568,596.568
09/11/2023 11:00,bounty_madera,30/11/2023 0:00,09/11/2023 0:00,11,12,3,4.431080917,577.047,577.047
09/11/2023 12:00,bounty_madera,30/11/2023 0:00,09/11/2023 0:00,12,13,3,4.607775758,599.475,599.475
09/11/2023 13:00,bounty_madera,30/11/2023 0:00,09/11/2023 0:00,13,14,3,11.78148821,622.667,622.667
09/11/2023 14:00,bounty_madera,30/11/2023 0:00,09/11/2023 0:00,14,15,3,5.31370295,633.733,633.733
09/11/2023 15:00,bounty_madera,30/11/2023 0:00,09/11/2023 0:00,15,16,3,5.418540958,604.099,604.099
09/11/2023 16:00,bounty_madera,30/11/2023 0:00,09/11/2023 0:00,16,17,3,10.54860939,612.171,612.171
09/11/2023 17:00,bounty_madera,30/11/2023 0:00,09/11/2023 0:00,17,18,3,9.150023108,602.87,602.87
09/11/2023 18:00,bounty_madera,30/11/2023 0:00,09/11/2023 0:00,18,19,3,5.721558858,537.289,537.289
09/11/2023 19:00,bounty_madera,30/11/2023 0:00,09/11/2023 0:00,19,20,3,4.82217155,488.893,488.893
09/11/2023 20:00,bounty_madera,30/11/2023 0:00,09/11/2023 0:00,20,21,3,5.023418933,497.532,497.532
09/11/2023 21:00,bounty_madera,30/11/2023 0:00,09/11/2023 0:00,21,22,3,26.01927345,474.168,474.168
09/11/2023 22:00,bounty_madera,30/11/2023 0:00,09/11/2023 0:00,22,23,3,9.254775017,451.34,451.34
09/11/2023 23:00,bounty_madera,30/11/2023 0:00,09/11/2023 0:00,23,24,3,6.889165708,400.444,400.444
10/11/2023 0:00,bounty_madera,30/11/2023 0:00,10/11/2023 0:00,0,1,4,4.458201725,342.154,342.154
10/11/2023 1:00,bounty_madera,30/11/2023 0:00,10/11/2023 0:00,1,2,4,4.367428417,304.152,304.152
10/11/2023 2:00,bounty_madera,30/11/2023 0:00,10/11/2023 0:00,2,3,4,4.359601692,312.677,312.677
10/11/2023 3:00,bounty_madera,30/11/2023 0:00,10/11/2023 0:00,3,4,4,4.02103645,302.51,302.51
10/11/2023 4:00,bounty_madera,30/11/2023 0:00,10/11/2023 0:00,4,5,4,4.420543925,334.402,334.402
10/11/2023 5:00,bounty_madera,30/11/2023 0:00,10/11/2023 0:00,5,6,4,4.044077967,347.446,347.446
10/11/2023 6:00,bounty_madera,30/11/2023 0:00,10/11/2023 0:00,6,7,4,3.414882575,396.249,396.249
10/11/2023 7:00,bounty_madera,30/11/2023 0:00,10/11/2023 0:00,7,8,4,3.682910033,491.317,491.317
10/11/2023 8:00,bounty_madera,30/11/2023 0:00,10/11/2023 0:00,8,9,4,4.353043958,548.978,548.978
10/11/2023 9:00,bounty_madera,30/11/2023 0:00,10/11/2023 0:00,9,10,4,4.902120017,582.985,582.985
10/11/2023 10:00,bounty_madera,30/11/2023 0:00,10/11/2023 0:00,10,11,4,5.368733058,608.455,608.455
10/11/2023 11:00,bounty_madera,30/11/2023 0:00,10/11/2023 0:00,11,12,4,5.8878933,588.243,588.243
10/11/2023 12:00,bounty_madera,30/11/2023 0:00,10/11/2023 0:00,12,13,4,6.548307133,601.961,601.961
10/11/2023 13:00,bounty_madera,30/11/2023 0:00,10/11/2023 0:00,13,14,4,11.29547237,601.339,601.339
10/11/2023 14:00,bounty_madera,30/11/2023 0:00,10/11/2023 0:00,14,15,4,8.687751167,613.865,613.865
10/11/2023 15:00,bounty_madera,30/11/2023 0:00,10/11/2023 0:00,15,16,4,5.526176392,599.487,599.487
10/11/2023 16:00,bounty_madera,30/11/2023 0:00,10/11/2023 0:00,16,17,4,5.950326683,602.426,602.426
10/11/2023 17:00,bounty_madera,30/11/2023 0:00,10/11/2023 0:00,17,18,4,7.496721217,578.558,578.558
10/11/2023 18:00,bounty_madera,30/11/2023 0:00,10/11/2023 0:00,18,19,4,5.885998267,565.003,565.003
10/11/2023 19:00,bounty_madera,30/11/2023 0:00,10/11/2023 0:00,19,20,4,4.855350925,526.062,526.062
10/11/2023 20:00,bounty_madera,30/11/2023 0:00,10/11/2023 0:00,20,21,4,5.005123125,525.573,525.573
10/11/2023 21:00,bounty_madera,30/11/2023 0:00,10/11/2023 0:00,21,22,4,26.42913026,519.609,519.609
10/11/2023 22:00,bounty_madera,30/11/2023 0:00,10/11/2023 0:00,22,23,4,7.039358583,512.66,512.66
10/11/2023 23:00,bounty_madera,30/11/2023 0:00,10/11/2023 0:00,23,24,4,6.913052642,500.174,500.174
11/11/2023 0:00,bounty_madera,30/11/2023 0:00,11/11/2023 0:00,0,1,5,4.595953733,452.546,452.546
11/11/2023 1:00,bounty_madera,30/11/2023 0:00,11/11/2023 0:00,1,2,5,4.579758117,387.803,387.803
11/11/2023 2:00,bounty_madera,30/11/2023 0:00,11/11/2023 0:00,2,3,5,4.539915175,351.969,351.969
11/11/2023 3:00,bounty_madera,30/11/2023 0:00,11/11/2023 0:00,3,4,5,3.698027675,329.722,329.722
11/11/2023 4:00,bounty_madera,30/11/2023 0:00,11/11/2023 0:00,4,5,5,3.29612905,326.18,326.18
11/11/2023 5:00,bounty_madera,30/11/2023 0:00,11/11/2023 0:00,5,6,5,3.437344458,39.833,39.833
11/11/2023 6:00,bounty_madera,30/11/2023 0:00,11/11/2023 0:00,6,7,5,3.063875108,0,0
11/11/2023 7:00,bounty_madera,30/11/2023 0:00,11/11/2023 0:00,7,8,5,3.599011042,194.927,194.927
11/11/2023 8:00,bounty_madera,30/11/2023 0:00,11/11/2023 0:00,8,9,5,3.461227408,576.222,576.222
11/11/2023 9:00,bounty_madera,30/11/2023 0:00,11/11/2023 0:00,9,10,5,4.1987321,579.461,579.461
11/11/2023 10:00,bounty_madera,30/11/2023 0:00,11/11/2023 0:00,10,11,5,4.468077542,601.402,601.402
11/11/2023 11:00,bounty_madera,30/11/2023 0:00,11/11/2023 0:00,11,12,5,3.636646708,566.671,566.671
11/11/2023 12:00,bounty_madera,30/11/2023 0:00,11/11/2023 0:00,12,13,5,3.436618625,579.218,579.218
11/11/2023 13:00,bounty_madera,30/11/2023 0:00,11/11/2023 0:00,13,14,5,4.504008917,610.062,610.062
11/11/2023 14:00,bounty_madera,30/11/2023 0:00,11/11/2023 0:00,14,15,5,4.611285892,594.956,594.956
11/11/2023 15:00,bounty_madera,30/11/2023 0:00,11/11/2023 0:00,15,16,5,4.5877215,595.311,595.311
11/11/2023 16:00,bounty_madera,30/11/2023 0:00,11/11/2023 0:00,16,17,5,4.578702767,588.194,588.194
11/11/2023 17:00,bounty_madera,30/11/2023 0:00,11/11/2023 0:00,17,18,5,5.228815583,508.284,508.284
11/11/2023 18:00,bounty_madera,30/11/2023 0:00,11/11/2023 0:00,18,19,5,5.230621992,22.352,22.352
11/11/2023 19:00,bounty_madera,30/11/2023 0:00,11/11/2023 0:00,19,20,5,4.7815102,497.136,497.136
11/11/2023 20:00,bounty_madera,30/11/2023 0:00,11/11/2023 0:00,20,21,5,4.987993783,481.351,481.351
11/11/2023 21:00,bounty_madera,30/11/2023 0:00,11/11/2023 0:00,21,22,5,9.515032808,490.863,490.863
11/11/2023 22:00,bounty_madera,30/11/2023 0:00,11/11/2023 0:00,22,23,5,4.57030085,478.329,478.329
11/11/2023 23:00,bounty_madera,30/11/2023 0:00,11/11/2023 0:00,23,24,5,4.566336033,441.807,441.807
12/11/2023 0:00,bounty_madera,30/11/2023 0:00,12/11/2023 0:00,0,1,6,4.166388375,393.196,393.196
12/11/2023 1:00,bounty_madera,30/11/2023 0:00,12/11/2023 0:00,1,2,6,3.566385767,348.87,348.87
12/11/2023 2:00,bounty_madera,30/11/2023 0:00,12/11/2023 0:00,2,3,6,3.537177208,323.481,323.481
12/11/2023 3:00,bounty_madera,30/11/2023 0:00,12/11/2023 0:00,3,4,6,3.586740833,320.36,320.36
12/11/2023 4:00,bounty_madera,30/11/2023 0:00,12/11/2023 0:00,4,5,6,3.340353042,333.565,333.565
12/11/2023 5:00,bounty_madera,30/11/2023 0:00,12/11/2023 0:00,5,6,6,2.718133433,332.909,332.909
12/11/2023 6:00,bounty_madera,30/11/2023 0:00,12/11/2023 0:00,6,7,6,2.340140992,368.932,368.932
12/11/2023 7:00,bounty_madera,30/11/2023 0:00,12/11/2023 0:00,7,8,6,2.375973583,489.291,489.291
12/11/2023 8:00,bounty_madera,30/11/2023 0:00,12/11/2023 0:00,8,9,6,2.591808492,559.958,559.958
12/11/2023 9:00,bounty_madera,30/11/2023 0:00,12/11/2023 0:00,9,10,6,2.710709558,575.496,575.496
12/11/2023 10:00,bounty_madera,30/11/2023 0:00,12/11/2023 0:00,10,11,6,3.351206508,584.93,584.93
12/11/2023 11:00,bounty_madera,30/11/2023 0:00,12/11/2023 0:00,11,12,6,3.345198292,561.919,561.919
12/11/2023 12:00,bounty_madera,30/11/2023 0:00,12/11/2023 0:00,12,13,6,3.484184575,578.888,578.888
12/11/2023 13:00,bounty_madera,30/11/2023 0:00,12/11/2023 0:00,13,14,6,3.879441933,594.368,594.368
12/11/2023 14:00,bounty_madera,30/11/2023 0:00,12/11/2023 0:00,14,15,6,4.449015692,592.473,592.473
12/11/2023 15:00,bounty_madera,30/11/2023 0:00,12/11/2023 0:00,15,16,6,3.873995733,568.978,568.978
12/11/2023 16:00,bounty_madera,30/11/2023 0:00,12/11/2023 0:00,16,17,6,3.765187842,579.348,579.348
12/11/2023 17:00,bounty_madera,30/11/2023 0:00,12/11/2023 0:00,17,18,6,7.844300192,568.389,568.389
12/11/2023 18:00,bounty_madera,30/11/2023 0:00,12/11/2023 0:00,18,19,6,4.662308067,538.914,538.914
12/11/2023 19:00,bounty_madera,30/11/2023 0:00,12/11/2023 0:00,19,20,6,4.596123592,503.711,503.711
12/11/2023 20:00,bounty_madera,30/11/2023 0:00,12/11/2023 0:00,20,21,6,4.654051408,504.421,504.421
12/11/2023 21:00,bounty_madera,30/11/2023 0:00,12/11/2023 0:00,21,22,6,7.303269567,514.851,514.851
12/11/2023 22:00,bounty_madera,30/11/2023 0:00,12/11/2023 0:00,22,23,6,4.582486142,502.715,502.715
12/11/2023 23:00,bounty_madera,30/11/2023 0:00,12/11/2023 0:00,23,24,6,4.069993492,504.799,504.799
13/11/2023 0:00,bounty_madera,30/11/2023 0:00,13/11/2023 0:00,0,1,0,3.442799817,470.55,470.55
13/11/2023 1:00,bounty_madera,30/11/2023 0:00,13/11/2023 0:00,1,2,0,3.314285783,399.357,399.357
13/11/2023 2:00,bounty_madera,30/11/2023 0:00,13/11/2023 0:00,2,3,0,2.999064667,356.36,356.36
13/11/2023 3:00,bounty_madera,30/11/2023 0:00,13/11/2023 0:00,3,4,0,2.923711433,330.18,330.18
13/11/2023 4:00,bounty_madera,30/11/2023 0:00,13/11/2023 0:00,4,5,0,3.20873545,327.266,327.266
13/11/2023 5:00,bounty_madera,30/11/2023 0:00,13/11/2023 0:00,5,6,0,3.497360133,332.136,332.136
13/11/2023 6:00,bounty_madera,30/11/2023 0:00,13/11/2023 0:00,6,7,0,2.136475317,368.722,368.722
13/11/2023 7:00,bounty_madera,30/11/2023 0:00,13/11/2023 0:00,7,8,0,2.821960317,478.15,478.15
13/11/2023 8:00,bounty_madera,30/11/2023 0:00,13/11/2023 0:00,8,9,0,4.3122211,555.972,555.972
13/11/2023 9:00,bounty_madera,30/11/2023 0:00,13/11/2023 0:00,9,10,0,3.97226355,576.043,576.043
13/11/2023 10:00,bounty_madera,30/11/2023 0:00,13/11/2023 0:00,10,11,0,4.364108792,592.951,592.951
13/11/2023 11:00,bounty_madera,30/11/2023 0:00,13/11/2023 0:00,11,12,0,4.486256342,566.538,566.538
13/11/2023 12:00,bounty_madera,30/11/2023 0:00,13/11/2023 0:00,12,13,0,3.9184681,591.759,591.759
13/11/2023 13:00,bounty_madera,30/11/2023 0:00,13/11/2023 0:00,13,14,0,5.863342442,599.143,599.143
13/11/2023 14:00,bounty_madera,30/11/2023 0:00,13/11/2023 0:00,14,15,0,4.85990295,581.089,581.089
13/11/2023 15:00,bounty_madera,30/11/2023 0:00,13/11/2023 0:00,15,16,0,4.917407242,569.735,569.735
13/11/2023 16:00,bounty_madera,30/11/2023 0:00,13/11/2023 0:00,16,17,0,4.872843208,582.049,582.049
13/11/2023 17:00,bounty_madera,30/11/2023 0:00,13/11/2023 0:00,17,18,0,4.596790325,557.968,557.968
13/11/2023 18:00,bounty_madera,30/11/2023 0:00,13/11/2023 0:00,18,19,0,4.890969058,548.75,548.75
13/11/2023 19:00,bounty_madera,30/11/2023 0:00,13/11/2023 0:00,19,20,0,4.660406475,497.905,497.905
13/11/2023 20:00,bounty_madera,30/11/2023 0:00,13/11/2023 0:00,20,21,0,4.700799192,489.51,489.51
13/11/2023 21:00,bounty_madera,30/11/2023 0:00,13/11/2023 0:00,21,22,0,7.086737183,463.443,463.443
13/11/2023 22:00,bounty_madera,30/11/2023 0:00,13/11/2023 0:00,22,23,0,4.354981408,441.613,441.613
13/11/2023 23:00,bounty_madera,30/11/2023 0:00,13/11/2023 0:00,23,24,0,3.932764425,431.012,431.012
14/11/2023 0:00,bounty_madera,30/11/2023 0:00,14/11/2023 0:00,0,1,1,3.586241208,394.234,394.234
14/11/2023 1:00,bounty_madera,30/11/2023 0:00,14/11/2023 0:00,1,2,1,3.200694233,370.225,370.225
14/11/2023 2:00,bounty_madera,30/11/2023 0:00,14/11/2023 0:00,2,3,1,3.115628642,357.309,357.309
14/11/2023 3:00,bounty_madera,30/11/2023 0:00,14/11/2023 0:00,3,4,1,2.964107533,339.575,339.575
14/11/2023 4:00,bounty_madera,30/11/2023 0:00,14/11/2023 0:00,4,5,1,3.295092008,342.54,342.54
14/11/2023 5:00,bounty_madera,30/11/2023 0:00,14/11/2023 0:00,5,6,1,3.518807433,343.836,343.836
14/11/2023 6:00,bounty_madera,30/11/2023 0:00,14/11/2023 0:00,6,7,1,2.415361717,393.318,393.318
14/11/2023 7:00,bounty_madera,30/11/2023 0:00,14/11/2023 0:00,7,8,1,3.020323233,498.585,498.585
14/11/2023 8:00,bounty_madera,30/11/2023 0:00,14/11/2023 0:00,8,9,1,3.12037235,575.785,575.785
14/11/2023 9:00,bounty_madera,30/11/2023 0:00,14/11/2023 0:00,9,10,1,3.92542205,602.476,602.476
14/11/2023 10:00,bounty_madera,30/11/2023 0:00,14/11/2023 0:00,10,11,1,4.352316567,613.079,613.079
14/11/2023 11:00,bounty_madera,30/11/2023 0:00,14/11/2023 0:00,11,12,1,4.087615158,585.622,585.622
14/11/2023 12:00,bounty_madera,30/11/2023 0:00,14/11/2023 0:00,12,13,1,4.196448267,611.991,611.991
14/11/2023 13:00,bounty_madera,30/11/2023 0:00,14/11/2023 0:00,13,14,1,4.778220042,627.791,627.791
14/11/2023 14:00,bounty_madera,30/11/2023 0:00,14/11/2023 0:00,14,15,1,4.851753858,602.91,602.91
14/11/2023 15:00,bounty_madera,30/11/2023 0:00,14/11/2023 0:00,15,16,1,4.759285475,592.532,592.532
14/11/2023 16:00,bounty_madera,30/11/2023 0:00,14/11/2023 0:00,16,17,1,5.645428392,584.506,584.506
14/11/2023 17:00,bounty_madera,30/11/2023 0:00,14/11/2023 0:00,17,18,1,4.955558408,579.759,579.759
14/11/2023 18:00,bounty_madera,30/11/2023 0:00,14/11/2023 0:00,18,19,1,4.841002808,555.052,555.052
14/11/2023 19:00,bounty_madera,30/11/2023 0:00,14/11/2023 0:00,19,20,1,4.677526367,521.036,521.036
14/11/2023 20:00,bounty_madera,30/11/2023 0:00,14/11/2023 0:00,20,21,1,4.690152017,490.461,490.461
14/11/2023 21:00,bounty_madera,30/11/2023 0:00,14/11/2023 0:00,21,22,1,4.7922555,470.575,470.575
14/11/2023 22:00,bounty_madera,30/11/2023 0:00,14/11/2023 0:00,22,23,1,4.489721125,475.46,475.46
14/11/2023 23:00,bounty_madera,30/11/2023 0:00,14/11/2023 0:00,23,24,1,4.234884267,476.208,476.208
15/11/2023 0:00,bounty_madera,30/11/2023 0:00,15/11/2023 0:00,0,1,2,3.965400383,473.011,473.011
15/11/2023 1:00,bounty_madera,30/11/2023 0:00,15/11/2023 0:00,1,2,2,3.569386683,440.311,440.311
15/11/2023 2:00,bounty_madera,30/11/2023 0:00,15/11/2023 0:00,2,3,2,3.42687585,416.641,416.641
15/11/2023 3:00,bounty_madera,30/11/2023 0:00,15/11/2023 0:00,3,4,2,3.160781758,410.197,410.197
15/11/2023 4:00,bounty_madera,30/11/2023 0:00,15/11/2023 0:00,4,5,2,3.601129742,433.139,433.139
15/11/2023 5:00,bounty_madera,30/11/2023 0:00,15/11/2023 0:00,5,6,2,3.64049395,435.3,435.3
15/11/2023 6:00,bounty_madera,30/11/2023 0:00,15/11/2023 0:00,6,7,2,2.779468592,430.861,430.861
15/11/2023 7:00,bounty_madera,30/11/2023 0:00,15/11/2023 0:00,7,8,2,2.904752192,532.989,532.989
15/11/2023 8:00,bounty_madera,30/11/2023 0:00,15/11/2023 0:00,8,9,2,3.368229917,571.512,571.512
15/11/2023 9:00,bounty_madera,30/11/2023 0:00,15/11/2023 0:00,9,10,2,4.286488567,601.357,601.357
15/11/2023 10:00,bounty_madera,30/11/2023 0:00,15/11/2023 0:00,10,11,2,4.172350592,618.353,618.353
15/11/2023 11:00,bounty_madera,30/11/2023 0:00,15/11/2023 0:00,11,12,2,4.034324192,590.64,590.64
15/11/2023 12:00,bounty_madera,30/11/2023 0:00,15/11/2023 0:00,12,13,2,3.77698675,600.05,600.05
15/11/2023 13:00,bounty_madera,30/11/2023 0:00,15/11/2023 0:00,13,14,2,4.435765875,616.394,616.394
15/11/2023 14:00,bounty_madera,30/11/2023 0:00,15/11/2023 0:00,14,15,2,4.281901617,598.527,598.527
15/11/2023 15:00,bounty_madera,30/11/2023 0:00,15/11/2023 0:00,15,16,2,4.421847142,583.166,583.166
15/11/2023 16:00,bounty_madera,30/11/2023 0:00,15/11/2023 0:00,16,17,2,3.963346075,576.344,576.344
15/11/2023 17:00,bounty_madera,30/11/2023 0:00,15/11/2023 0:00,17,18,2,3.698657317,570.44,570.44
15/11/2023 18:00,bounty_madera,30/11/2023 0:00,15/11/2023 0:00,18,19,2,4.4648878,554.737,554.737
15/11/2023 19:00,bounty_madera,30/11/2023 0:00,15/11/2023 0:00,19,20,2,4.094653608,533.06,533.06
15/11/2023 20:00,bounty_madera,30/11/2023 0:00,15/11/2023 0:00,20,21,2,4.572650133,526.125,526.125
15/11/2023 21:00,bounty_madera,30/11/2023 0:00,15/11/2023 0:00,21,22,2,6.841389933,514.324,514.324
15/11/2023 22:00,bounty_madera,30/11/2023 0:00,15/11/2023 0:00,22,23,2,3.835925692,492.761,492.761
15/11/2023 23:00,bounty_madera,30/11/2023 0:00,15/11/2023 0:00,23,24,2,3.48098805,502.831,502.831
16/11/2023 0:00,bounty_madera,30/11/2023 0:00,16/11/2023 0:00,0,1,3,3.730260808,417.039,417.039
16/11/2023 1:00,bounty_madera,30/11/2023 0:00,16/11/2023 0:00,1,2,3,3.4542069,346.451,346.451
16/11/2023 2:00,bounty_madera,30/11/2023 0:00,16/11/2023 0:00,2,3,3,3.389502358,338.168,338.168
16/11/2023 3:00,bounty_madera,30/11/2023 0:00,16/11/2023 0:00,3,4,3,3.027462267,330.588,330.588
16/11/2023 4:00,bounty_madera,30/11/2023 0:00,16/11/2023 0:00,4,5,3,3.464533833,332.343,332.343
16/11/2023 5:00,bounty_madera,30/11/2023 0:00,16/11/2023 0:00,5,6,3,3.450000783,334.708,334.708
16/11/2023 6:00,bounty_madera,30/11/2023 0:00,16/11/2023 0:00,6,7,3,2.834731042,346.875,346.875
16/11/2023 7:00,bounty_madera,30/11/2023 0:00,16/11/2023 0:00,7,8,3,2.639349058,489.362,489.362
16/11/2023 8:00,bounty_madera,30/11/2023 0:00,16/11/2023 0:00,8,9,3,3.415368308,547.248,547.248
16/11/2023 9:00,bounty_madera,30/11/2023 0:00,16/11/2023 0:00,9,10,3,3.470058858,586.533,586.533
16/11/2023 10:00,bounty_madera,30/11/2023 0:00,16/11/2023 0:00,10,11,3,4.266888,601.918,601.918
16/11/2023 11:00,bounty_madera,30/11/2023 0:00,16/11/2023 0:00,11,12,3,4.37264075,585.266,585.266
16/11/2023 12:00,bounty_madera,30/11/2023 0:00,16/11/2023 0:00,12,13,3,3.660143758,605.542,605.542
16/11/2023 13:00,bounty_madera,30/11/2023 0:00,16/11/2023 0:00,13,14,3,4.778766392,618.592,618.592
16/11/2023 14:00,bounty_madera,30/11/2023 0:00,16/11/2023 0:00,14,15,3,4.813289925,622.852,622.852
16/11/2023 15:00,bounty_madera,30/11/2023 0:00,16/11/2023 0:00,15,16,3,4.599393892,607.242,607.242
16/11/2023 16:00,bounty_madera,30/11/2023 0:00,16/11/2023 0:00,16,17,3,4.813235942,623.42,623.42
16/11/2023 17:00,bounty_madera,30/11/2023 0:00,16/11/2023 0:00,17,18,3,4.542623183,588.017,588.017
16/11/2023 18:00,bounty_madera,30/11/2023 0:00,16/11/2023 0:00,18,19,3,4.880006517,573.644,573.644
16/11/2023 19:00,bounty_madera,30/11/2023 0:00,16/11/2023 0:00,19,20,3,4.523483092,534.445,534.445
16/11/2023 20:00,bounty_madera,30/11/2023 0:00,16/11/2023 0:00,20,21,3,4.624940358,526.214,526.214
16/11/2023 21:00,bounty_madera,30/11/2023 0:00,16/11/2023 0:00,21,22,3,6.926578158,441.418,441.418
16/11/2023 22:00,bounty_madera,30/11/2023 0:00,16/11/2023 0:00,22,23,3,4.46205615,404.452,404.452
16/11/2023 23:00,bounty_madera,30/11/2023 0:00,16/11/2023 0:00,23,24,3,3.558942833,384.915,384.915
17/11/2023 0:00,bounty_madera,30/11/2023 0:00,17/11/2023 0:00,0,1,4,3.408775558,357.811,357.811
17/11/2023 1:00,bounty_madera,30/11/2023 0:00,17/11/2023 0:00,1,2,4,3.188798792,307.608,307.608
17/11/2023 2:00,bounty_madera,30/11/2023 0:00,17/11/2023 0:00,2,3,4,2.907614433,296.973,296.973
17/11/2023 3:00,bounty_madera,30/11/2023 0:00,17/11/2023 0:00,3,4,4,2.841620808,287.113,287.113
17/11/2023 4:00,bounty_madera,30/11/2023 0:00,17/11/2023 0:00,4,5,4,2.995568967,305.638,305.638
17/11/2023 5:00,bounty_madera,30/11/2023 0:00,17/11/2023 0:00,5,6,4,3.13954505,323.742,323.742
17/11/2023 6:00,bounty_madera,30/11/2023 0:00,17/11/2023 0:00,6,7,4,2.8918956,328.461,328.461
17/11/2023 7:00,bounty_madera,30/11/2023 0:00,17/11/2023 0:00,7,8,4,2.483224592,434.462,434.462
17/11/2023 8:00,bounty_madera,30/11/2023 0:00,17/11/2023 0:00,8,9,4,2.603732442,611.675,611.675
17/11/2023 9:00,bounty_madera,30/11/2023 0:00,17/11/2023 0:00,9,10,4,2.71706595,569.809,569.809
17/11/2023 10:00,bounty_madera,30/11/2023 0:00,17/11/2023 0:00,10,11,4,3.404720283,600.347,600.347
17/11/2023 11:00,bounty_madera,30/11/2023 0:00,17/11/2023 0:00,11,12,4,2.713911433,571.838,571.838
17/11/2023 12:00,bounty_madera,30/11/2023 0:00,17/11/2023 0:00,12,13,4,2.630255942,580.432,580.432
17/11/2023 13:00,bounty_madera,30/11/2023 0:00,17/11/2023 0:00,13,14,4,4.15199125,599.567,599.567
17/11/2023 14:00,bounty_madera,30/11/2023 0:00,17/11/2023 0:00,14,15,4,4.0236698,592.768,592.768
17/11/2023 15:00,bounty_madera,30/11/2023 0:00,17/11/2023 0:00,15,16,4,4.093483083,590.15,590.15
17/11/2023 16:00,bounty_madera,30/11/2023 0:00,17/11/2023 0:00,16,17,4,4.265515983,582.304,582.304
17/11/2023 17:00,bounty_madera,30/11/2023 0:00,17/11/2023 0:00,17,18,4,3.362579683,533.988,533.988
17/11/2023 18:00,bounty_madera,30/11/2023 0:00,17/11/2023 0:00,18,19,4,3.881972767,503.419,503.419
17/11/2023 19:00,bounty_madera,30/11/2023 0:00,17/11/2023 0:00,19,20,4,3.729492967,494.084,494.084
17/11/2023 20:00,bounty_madera,30/11/2023 0:00,17/11/2023 0:00,20,21,4,4.11489695,445.367,445.367
17/11/2023 21:00,bounty_madera,30/11/2023 0:00,17/11/2023 0:00,21,22,4,4.343248433,380.714,380.714
17/11/2023 22:00,bounty_madera,30/11/2023 0:00,17/11/2023 0:00,22,23,4,3.782502958,338.638,338.638
17/11/2023 23:00,bounty_madera,30/11/2023 0:00,17/11/2023 0:00,23,24,4,3.510054642,333.632,333.632
18/11/2023 0:00,bounty_madera,30/11/2023 0:00,18/11/2023 0:00,0,1,5,3.538085567,298.108,298.108
18/11/2023 1:00,bounty_madera,30/11/2023 0:00,18/11/2023 0:00,1,2,5,3.454570958,277.486,277.486
18/11/2023 2:00,bounty_madera,30/11/2023 0:00,18/11/2023 0:00,2,3,5,3.295573858,273.638,273.638
18/11/2023 3:00,bounty_madera,30/11/2023 0:00,18/11/2023 0:00,3,4,5,2.960956425,273.5,273.5
18/11/2023 4:00,bounty_madera,30/11/2023 0:00,18/11/2023 0:00,4,5,5,2.876818875,291.963,291.963
18/11/2023 5:00,bounty_madera,30/11/2023 0:00,18/11/2023 0:00,5,6,5,2.840998933,301.756,301.756
18/11/2023 6:00,bounty_madera,30/11/2023 0:00,18/11/2023 0:00,6,7,5,2.786966783,313.218,313.218
18/11/2023 7:00,bounty_madera,30/11/2023 0:00,18/11/2023 0:00,7,8,5,1.829648242,373.904,373.904
18/11/2023 8:00,bounty_madera,30/11/2023 0:00,18/11/2023 0:00,8,9,5,2.390349517,536.777,536.777
18/11/2023 9:00,bounty_madera,30/11/2023 0:00,18/11/2023 0:00,9,10,5,2.500354983,548.699,548.699
18/11/2023 10:00,bounty_madera,30/11/2023 0:00,18/11/2023 0:00,10,11,5,3.25726635,563.515,563.515
18/11/2023 11:00,bounty_madera,30/11/2023 0:00,18/11/2023 0:00,11,12,5,3.385588025,559.187,559.187
18/11/2023 12:00,bounty_madera,30/11/2023 0:00,18/11/2023 0:00,12,13,5,3.069808275,551.934,551.934
18/11/2023 13:00,bounty_madera,30/11/2023 0:00,18/11/2023 0:00,13,14,5,3.293325883,565.042,565.042
18/11/2023 14:00,bounty_madera,30/11/2023 0:00,18/11/2023 0:00,14,15,5,3.511839867,560.398,560.398
18/11/2023 15:00,bounty_madera,30/11/2023 0:00,18/11/2023 0:00,15,16,5,3.259334008,552.804,552.804
18/11/2023 16:00,bounty_madera,30/11/2023 0:00,18/11/2023 0:00,16,17,5,3.172323075,536.718,536.718
18/11/2023 17:00,bounty_madera,30/11/2023 0:00,18/11/2023 0:00,17,18,5,3.877339742,521.805,521.805
18/11/2023 18:00,bounty_madera,30/11/2023 0:00,18/11/2023 0:00,18,19,5,3.56485785,512.162,512.162
18/11/2023 19:00,bounty_madera,30/11/2023 0:00,18/11/2023 0:00,19,20,5,3.225791542,496.395,496.395
18/11/2023 20:00,bounty_madera,30/11/2023 0:00,18/11/2023 0:00,20,21,5,3.2295916,479.547,479.547
18/11/2023 21:00,bounty_madera,30/11/2023 0:00,18/11/2023 0:00,21,22,5,5.265609717,419.529,419.529
18/11/2023 22:00,bounty_madera,30/11/2023 0:00,18/11/2023 0:00,22,23,5,4.112208283,398.105,398.105
18/11/2023 23:00,bounty_madera,30/11/2023 0:00,18/11/2023 0:00,23,24,5,4.177267217,364.152,364.152
19/11/2023 0:00,bounty_madera,30/11/2023 0:00,19/11/2023 0:00,0,1,6,3.414191083,305.902,305.902
19/11/2023 1:00,bounty_madera,30/11/2023 0:00,19/11/2023 0:00,1,2,6,3.4670089,265.83,265.83
19/11/2023 2:00,bounty_madera,30/11/2023 0:00,19/11/2023 0:00,2,3,6,3.353370583,268.468,268.468
19/11/2023 3:00,bounty_madera,30/11/2023 0:00,19/11/2023 0:00,3,4,6,3.221526667,280.719,280.719
19/11/2023 4:00,bounty_madera,30/11/2023 0:00,19/11/2023 0:00,4,5,6,2.898272475,293.928,293.928
19/11/2023 5:00,bounty_madera,30/11/2023 0:00,19/11/2023 0:00,5,6,6,2.704309792,302.112,302.112
19/11/2023 6:00,bounty_madera,30/11/2023 0:00,19/11/2023 0:00,6,7,6,2.767249933,358.23,358.23
19/11/2023 7:00,bounty_madera,30/11/2023 0:00,19/11/2023 0:00,7,8,6,2.576293358,471.237,471.237
19/11/2023 8:00,bounty_madera,30/11/2023 0:00,19/11/2023 0:00,8,9,6,2.250349492,515.311,515.311
19/11/2023 9:00,bounty_madera,30/11/2023 0:00,19/11/2023 0:00,9,10,6,2.649793875,525.721,525.721
19/11/2023 10:00,bounty_madera,30/11/2023 0:00,19/11/2023 0:00,10,11,6,2.978955883,561.569,561.569
19/11/2023 11:00,bounty_madera,30/11/2023 0:00,19/11/2023 0:00,11,12,6,2.98229345,546.731,546.731
19/11/2023 12:00,bounty_madera,30/11/2023 0:00,19/11/2023 0:00,12,13,6,2.64480595,576.663,576.663
19/11/2023 13:00,bounty_madera,30/11/2023 0:00,19/11/2023 0:00,13,14,6,3.041373975,601.118,601.118
19/11/2023 14:00,bounty_madera,30/11/2023 0:00,19/11/2023 0:00,14,15,6,3.046040075,578.558,578.558
19/11/2023 15:00,bounty_madera,30/11/2023 0:00,19/11/2023 0:00,15,16,6,2.992323275,569.756,569.756
19/11/2023 16:00,bounty_madera,30/11/2023 0:00,19/11/2023 0:00,16,17,6,2.934828092,553.701,553.701
19/11/2023 17:00,bounty_madera,30/11/2023 0:00,19/11/2023 0:00,17,18,6,3.749309242,535.642,535.642
19/11/2023 18:00,bounty_madera,30/11/2023 0:00,19/11/2023 0:00,18,19,6,4.473229192,530.972,530.972
19/11/2023 19:00,bounty_madera,30/11/2023 0:00,19/11/2023 0:00,19,20,6,3.457733592,430.738,430.738
19/11/2023 20:00,bounty_madera,30/11/2023 0:00,19/11/2023 0:00,20,21,6,3.419483208,373.851,373.851
19/11/2023 21:00,bounty_madera,30/11/2023 0:00,19/11/2023 0:00,21,22,6,3.612847608,340.154,340.154
19/11/2023 22:00,bounty_madera,30/11/2023 0:00,19/11/2023 0:00,22,23,6,3.664093683,319.384,319.384
19/11/2023 23:00,bounty_madera,30/11/2023 0:00,19/11/2023 0:00,23,24,6,2.9908383,321.177,321.177
20/11/2023 0:00,bounty_madera,30/11/2023 0:00,20/11/2023 0:00,0,1,0,2.517189083,301.274,301.274
20/11/2023 1:00,bounty_madera,30/11/2023 0:00,20/11/2023 0:00,1,2,0,2.519831425,279.668,279.668
20/11/2023 2:00,bounty_madera,30/11/2023 0:00,20/11/2023 0:00,2,3,0,1.431122808,280.232,280.232
20/11/2023 3:00,bounty_madera,30/11/2023 0:00,20/11/2023 0:00,3,4,0,2.421621908,281.202,281.202
20/11/2023 4:00,bounty_madera,30/11/2023 0:00,20/11/2023 0:00,4,5,0,2.963526108,300.015,300.015
20/11/2023 5:00,bounty_madera,30/11/2023 0:00,20/11/2023 0:00,5,6,0,2.644558767,314.4,314.4
20/11/2023 6:00,bounty_madera,30/11/2023 0:00,20/11/2023 0:00,6,7,0,0.16797545,330.808,330.808
20/11/2023 7:00,bounty_madera,30/11/2023 0:00,20/11/2023 0:00,7,8,0,1.910409333,339.445,339.445
20/11/2023 8:00,bounty_madera,30/11/2023 0:00,20/11/2023 0:00,8,9,0,1.501580817,490,490
20/11/2023 9:00,bounty_madera,30/11/2023 0:00,20/11/2023 0:00,9,10,0,2.414665892,517.964,517.964
20/11/2023 10:00,bounty_madera,30/11/2023 0:00,20/11/2023 0:00,10,11,0,3.118777733,534.026,534.026
20/11/2023 11:00,bounty_madera,30/11/2023 0:00,20/11/2023 0:00,11,12,0,3.006028058,524.629,524.629
20/11/2023 12:00,bounty_madera,30/11/2023 0:00,20/11/2023 0:00,12,13,0,2.780627758,562.577,562.577
20/11/2023 13:00,bounty_madera,30/11/2023 0:00,20/11/2023 0:00,13,14,0,5.076289,586.22,586.22
20/11/2023 14:00,bounty_madera,30/11/2023 0:00,20/11/2023 0:00,14,15,0,3.49727685,585.06,585.06
20/11/2023 15:00,bounty_madera,30/11/2023 0:00,20/11/2023 0:00,15,16,0,3.474396267,577.563,577.563
20/11/2023 16:00,bounty_madera,30/11/2023 0:00,20/11/2023 0:00,16,17,0,3.408136133,580.971,580.971
20/11/2023 17:00,bounty_madera,30/11/2023 0:00,20/11/2023 0:00,17,18,0,2.999539,562.614,562.614
20/11/2023 18:00,bounty_madera,30/11/2023 0:00,20/11/2023 0:00,18,19,0,3.115422742,541.432,541.432
20/11/2023 19:00,bounty_madera,30/11/2023 0:00,20/11/2023 0:00,19,20,0,2.9575862,500.056,500.056
20/11/2023 20:00,bounty_madera,30/11/2023 0:00,20/11/2023 0:00,20,21,0,3.347938558,485.781,485.781
20/11/2023 21:00,bounty_madera,30/11/2023 0:00,20/11/2023 0:00,21,22,0,3.497012558,433,433
20/11/2023 22:00,bounty_madera,30/11/2023 0:00,20/11/2023 0:00,22,23,0,3.624622875,374.581,374.581
20/11/2023 23:00,bounty_madera,30/11/2023 0:00,20/11/2023 0:00,23,24,0,3.518643967,330.793,330.793
21/11/2023 0:00,bounty_madera,30/11/2023 0:00,21/11/2023 0:00,0,1,1,3.347521158,306.327,306.327
21/11/2023 1:00,bounty_madera,30/11/2023 0:00,21/11/2023 0:00,1,2,1,3.189311458,287.196,287.196
21/11/2023 2:00,bounty_madera,30/11/2023 0:00,21/11/2023 0:00,2,3,1,3.119166908,271.345,271.345
21/11/2023 3:00,bounty_madera,30/11/2023 0:00,21/11/2023 0:00,3,4,1,1.052170467,271.379,271.379
21/11/2023 4:00,bounty_madera,30/11/2023 0:00,21/11/2023 0:00,4,5,1,3.120847392,287.566,287.566
21/11/2023 5:00,bounty_madera,30/11/2023 0:00,21/11/2023 0:00,5,6,1,3.311667875,314.802,314.802
21/11/2023 6:00,bounty_madera,30/11/2023 0:00,21/11/2023 0:00,6,7,1,2.078414642,324.598,324.598
21/11/2023 7:00,bounty_madera,30/11/2023 0:00,21/11/2023 0:00,7,8,1,0.40852765,377.508,377.508
21/11/2023 8:00,bounty_madera,30/11/2023 0:00,21/11/2023 0:00,8,9,1,2.33440225,509.233,509.233
21/11/2023 9:00,bounty_madera,30/11/2023 0:00,21/11/2023 0:00,9,10,1,2.782459192,532.909,532.909
21/11/2023 10:00,bounty_madera,30/11/2023 0:00,21/11/2023 0:00,10,11,1,2.721284333,569.407,569.407
21/11/2023 11:00,bounty_madera,30/11/2023 0:00,21/11/2023 0:00,11,12,1,3.40434695,549.779,549.779
21/11/2023 12:00,bounty_madera,30/11/2023 0:00,21/11/2023 0:00,12,13,1,1.615254258,568.78,568.78
21/11/2023 13:00,bounty_madera,30/11/2023 0:00,21/11/2023 0:00,13,14,1,2.64618525,591.225,591.225
21/11/2023 14:00,bounty_madera,30/11/2023 0:00,21/11/2023 0:00,14,15,1,3.342014017,587.298,587.298
21/11/2023 15:00,bounty_madera,30/11/2023 0:00,21/11/2023 0:00,15,16,1,2.786918908,574.321,574.321
21/11/2023 16:00,bounty_madera,30/11/2023 0:00,21/11/2023 0:00,16,17,1,3.234739567,579.501,579.501
21/11/2023 17:00,bounty_madera,30/11/2023 0:00,21/11/2023 0:00,17,18,1,3.460754492,556.671,556.671
21/11/2023 18:00,bounty_madera,30/11/2023 0:00,21/11/2023 0:00,18,19,1,3.241699733,553.367,553.367
21/11/2023 19:00,bounty_madera,30/11/2023 0:00,21/11/2023 0:00,19,20,1,2.823428567,500.171,500.171
21/11/2023 20:00,bounty_madera,30/11/2023 0:00,21/11/2023 0:00,20,21,1,4.564931383,424.698,424.698
21/11/2023 21:00,bounty_madera,30/11/2023 0:00,21/11/2023 0:00,21,22,1,12.58814212,380.519,380.519
21/11/2023 22:00,bounty_madera,30/11/2023 0:00,21/11/2023 0:00,22,23,1,4.787197825,355.854,355.854
21/11/2023 23:00,bounty_madera,30/11/2023 0:00,21/11/2023 0:00,23,24,1,3.454569033,335.639,335.639
22/11/2023 0:00,bounty_madera,30/11/2023 0:00,22/11/2023 0:00,0,1,2,2.7132957,313.979,313.979
22/11/2023 1:00,bounty_madera,30/11/2023 0:00,22/11/2023 0:00,1,2,2,2.97071655,287.42,287.42
22/11/2023 2:00,bounty_madera,30/11/2023 0:00,22/11/2023 0:00,2,3,2,2.499423692,277.008,277.008
22/11/2023 3:00,bounty_madera,30/11/2023 0:00,22/11/2023 0:00,3,4,2,2.861398017,282.689,282.689
22/11/2023 4:00,bounty_madera,30/11/2023 0:00,22/11/2023 0:00,4,5,2,3.371402708,292.372,292.372
22/11/2023 5:00,bounty_madera,30/11/2023 0:00,22/11/2023 0:00,5,6,2,3.77499835,323.165,323.165
22/11/2023 6:00,bounty_madera,30/11/2023 0:00,22/11/2023 0:00,6,7,2,-0.995485667,324.945,324.945
22/11/2023 7:00,bounty_madera,30/11/2023 0:00,22/11/2023 0:00,7,8,2,1.680729792,376.153,376.153
22/11/2023 8:00,bounty_madera,30/11/2023 0:00,22/11/2023 0:00,8,9,2,3.124520758,542.803,542.803
22/11/2023 9:00,bounty_madera,30/11/2023 0:00,22/11/2023 0:00,9,10,2,3.339406475,551.56,551.56
22/11/2023 10:00,bounty_madera,30/11/2023 0:00,22/11/2023 0:00,10,11,2,3.37233905,591.856,591.856
22/11/2023 11:00,bounty_madera,30/11/2023 0:00,22/11/2023 0:00,11,12,2,3.677179975,557.446,557.446
22/11/2023 12:00,bounty_madera,30/11/2023 0:00,22/11/2023 0:00,12,13,2,1.976339242,594.802,594.802
22/11/2023 13:00,bounty_madera,30/11/2023 0:00,22/11/2023 0:00,13,14,2,7.546259233,608.803,608.803
22/11/2023 14:00,bounty_madera,30/11/2023 0:00,22/11/2023 0:00,14,15,2,3.6071194,589.146,589.146
22/11/2023 15:00,bounty_madera,30/11/2023 0:00,22/11/2023 0:00,15,16,2,3.888099192,581.495,581.495
22/11/2023 16:00,bounty_madera,30/11/2023 0:00,22/11/2023 0:00,16,17,2,3.713678375,604.779,604.779
22/11/2023 17:00,bounty_madera,30/11/2023 0:00,22/11/2023 0:00,17,18,2,3.492725875,592.693,592.693
22/11/2023 18:00,bounty_madera,30/11/2023 0:00,22/11/2023 0:00,18,19,2,5.010485383,544.585,544.585
22/11/2023 19:00,bounty_madera,30/11/2023 0:00,22/11/2023 0:00,19,20,2,3.472634025,513.87,513.87
22/11/2023 20:00,bounty_madera,30/11/2023 0:00,22/11/2023 0:00,20,21,2,6.205200417,539.831,539.831
22/11/2023 21:00,bounty_madera,30/11/2023 0:00,22/11/2023 0:00,21,22,2,6.389155917,495.904,495.904
22/11/2023 22:00,bounty_madera,30/11/2023 0:00,22/11/2023 0:00,22,23,2,4.295603167,404.241,404.241
22/11/2023 23:00,bounty_madera,30/11/2023 0:00,22/11/2023 0:00,23,24,2,3.529082025,343.522,343.522
23/11/2023 0:00,bounty_madera,30/11/2023 0:00,23/11/2023 0:00,0,1,3,3.611218975,307.886,307.886
23/11/2023 1:00,bounty_madera,30/11/2023 0:00,23/11/2023 0:00,1,2,3,3.463680158,276.229,276.229
23/11/2023 2:00,bounty_madera,30/11/2023 0:00,23/11/2023 0:00,2,3,3,3.07580095,279.22,279.22
23/11/2023 3:00,bounty_madera,30/11/2023 0:00,23/11/2023 0:00,3,4,3,2.745679617,278.688,278.688
23/11/2023 4:00,bounty_madera,30/11/2023 0:00,23/11/2023 0:00,4,5,3,2.434388125,284.982,284.982
23/11/2023 5:00,bounty_madera,30/11/2023 0:00,23/11/2023 0:00,5,6,3,1.000134833,308.154,308.154
23/11/2023 6:00,bounty_madera,30/11/2023 0:00,23/11/2023 0:00,6,7,3,0.904378883,334.581,334.581
23/11/2023 7:00,bounty_madera,30/11/2023 0:00,23/11/2023 0:00,7,8,3,2.877455383,442.495,442.495
23/11/2023 8:00,bounty_madera,30/11/2023 0:00,23/11/2023 0:00,8,9,3,-2.394525075,549.854,549.854
23/11/2023 9:00,bounty_madera,30/11/2023 0:00,23/11/2023 0:00,9,10,3,2.4700617,591.195,591.195
23/11/2023 10:00,bounty_madera,30/11/2023 0:00,23/11/2023 0:00,10,11,3,3.079273525,602.125,602.125
23/11/2023 11:00,bounty_madera,30/11/2023 0:00,23/11/2023 0:00,11,12,3,3.024629117,588.401,588.401
23/11/2023 12:00,bounty_madera,30/11/2023 0:00,23/11/2023 0:00,12,13,3,2.235798433,612.359,612.359
23/11/2023 13:00,bounty_madera,30/11/2023 0:00,23/11/2023 0:00,13,14,3,3.007438275,610.207,610.207
23/11/2023 14:00,bounty_madera,30/11/2023 0:00,23/11/2023 0:00,14,15,3,3.472789133,613.587,613.587
23/11/2023 15:00,bounty_madera,30/11/2023 0:00,23/11/2023 0:00,15,16,3,3.373690008,601.595,601.595
23/11/2023 16:00,bounty_madera,30/11/2023 0:00,23/11/2023 0:00,16,17,3,3.474349208,613.52,613.52
23/11/2023 17:00,bounty_madera,30/11/2023 0:00,23/11/2023 0:00,17,18,3,3.745624575,597.616,597.616
23/11/2023 18:00,bounty_madera,30/11/2023 0:00,23/11/2023 0:00,18,19,3,3.721653542,575.114,575.114
23/11/2023 19:00,bounty_madera,30/11/2023 0:00,23/11/2023 0:00,19,20,3,3.586766842,533.01,533.01
23/11/2023 20:00,bounty_madera,30/11/2023 0:00,23/11/2023 0:00,20,21,3,6.947680225,535.761,535.761
23/11/2023 21:00,bounty_madera,30/11/2023 0:00,23/11/2023 0:00,21,22,3,3.958165775,546.672,546.672
23/11/2023 22:00,bounty_madera,30/11/2023 0:00,23/11/2023 0:00,22,23,3,6.579187575,548.128,548.128
23/11/2023 23:00,bounty_madera,30/11/2023 0:00,23/11/2023 0:00,23,24,3,3.550418675,540.178,540.178
24/11/2023 0:00,bounty_madera,30/11/2023 0:00,24/11/2023 0:00,0,1,4,3.62368675,500.156,500.156
24/11/2023 1:00,bounty_madera,30/11/2023 0:00,24/11/2023 0:00,1,2,4,3.391303483,479.742,479.742
24/11/2023 2:00,bounty_madera,30/11/2023 0:00,24/11/2023 0:00,2,3,4,2.88967725,480.312,480.312
24/11/2023 3:00,bounty_madera,30/11/2023 0:00,24/11/2023 0:00,3,4,4,2.470357625,486.567,486.567
24/11/2023 4:00,bounty_madera,30/11/2023 0:00,24/11/2023 0:00,4,5,4,3.432267167,491.555,491.555
24/11/2023 5:00,bounty_madera,30/11/2023 0:00,24/11/2023 0:00,5,6,4,3.523465608,501.379,501.379
24/11/2023 6:00,bounty_madera,30/11/2023 0:00,24/11/2023 0:00,6,7,4,2.787373925,490.564,490.564
24/11/2023 7:00,bounty_madera,30/11/2023 0:00,24/11/2023 0:00,7,8,4,2.761229708,512.456,512.456
24/11/2023 8:00,bounty_madera,30/11/2023 0:00,24/11/2023 0:00,8,9,4,2.646197783,590.092,590.092
24/11/2023 9:00,bounty_madera,30/11/2023 0:00,24/11/2023 0:00,9,10,4,2.07959505,611.6,611.6
24/11/2023 10:00,bounty_madera,30/11/2023 0:00,24/11/2023 0:00,10,11,4,3.110589208,637.086,637.086
24/11/2023 11:00,bounty_madera,30/11/2023 0:00,24/11/2023 0:00,11,12,4,2.782176708,614.007,614.007
24/11/2023 12:00,bounty_madera,30/11/2023 0:00,24/11/2023 0:00,12,13,4,2.45271085,628.295,628.295
24/11/2023 13:00,bounty_madera,30/11/2023 0:00,24/11/2023 0:00,13,14,4,3.47232815,635.833,635.833
24/11/2023 14:00,bounty_madera,30/11/2023 0:00,24/11/2023 0:00,14,15,4,2.976759458,614.233,614.233
24/11/2023 15:00,bounty_madera,30/11/2023 0:00,24/11/2023 0:00,15,16,4,3.439878508,591.641,591.641
24/11/2023 16:00,bounty_madera,30/11/2023 0:00,24/11/2023 0:00,16,17,4,3.544605217,609.803,609.803
24/11/2023 17:00,bounty_madera,30/11/2023 0:00,24/11/2023 0:00,17,18,4,3.211870867,610.259,610.259
24/11/2023 18:00,bounty_madera,30/11/2023 0:00,24/11/2023 0:00,18,19,4,3.361763158,580.723,580.723
24/11/2023 19:00,bounty_madera,30/11/2023 0:00,24/11/2023 0:00,19,20,4,3.5171847,513.987,513.987
24/11/2023 20:00,bounty_madera,30/11/2023 0:00,24/11/2023 0:00,20,21,4,3.717196742,502.194,502.194
24/11/2023 21:00,bounty_madera,30/11/2023 0:00,24/11/2023 0:00,21,22,4,6.12503985,522.392,522.392
24/11/2023 22:00,bounty_madera,30/11/2023 0:00,24/11/2023 0:00,22,23,4,5.993685725,532.467,532.467
24/11/2023 23:00,bounty_madera,30/11/2023 0:00,24/11/2023 0:00,23,24,4,3.429124742,524.715,524.715
25/11/2023 0:00,bounty_madera,30/11/2023 0:00,25/11/2023 0:00,0,1,5,3.627655042,477.741,477.741
25/11/2023 1:00,bounty_madera,30/11/2023 0:00,25/11/2023 0:00,1,2,5,3.6797327,402.889,402.889
25/11/2023 2:00,bounty_madera,30/11/2023 0:00,25/11/2023 0:00,2,3,5,3.47529935,360.314,360.314
25/11/2023 3:00,bounty_madera,30/11/2023 0:00,25/11/2023 0:00,3,4,5,1.851445383,350.77,350.77
25/11/2023 4:00,bounty_madera,30/11/2023 0:00,25/11/2023 0:00,4,5,5,1.723019542,374.867,374.867
25/11/2023 5:00,bounty_madera,30/11/2023 0:00,25/11/2023 0:00,5,6,5,1.885203517,386.156,386.156
25/11/2023 6:00,bounty_madera,30/11/2023 0:00,25/11/2023 0:00,6,7,5,2.455852442,427.195,427.195
25/11/2023 7:00,bounty_madera,30/11/2023 0:00,25/11/2023 0:00,7,8,5,2.112020208,528.353,528.353
25/11/2023 8:00,bounty_madera,30/11/2023 0:00,25/11/2023 0:00,8,9,5,-0.701176883,524.071,524.071
25/11/2023 9:00,bounty_madera,30/11/2023 0:00,25/11/2023 0:00,9,10,5,2.578302892,573.614,573.614
25/11/2023 10:00,bounty_madera,30/11/2023 0:00,25/11/2023 0:00,10,11,5,2.535614442,589.374,589.374
25/11/2023 11:00,bounty_madera,30/11/2023 0:00,25/11/2023 0:00,11,12,5,2.248864183,579.361,579.361
25/11/2023 12:00,bounty_madera,30/11/2023 0:00,25/11/2023 0:00,12,13,5,1.046749958,606.186,606.186
25/11/2023 13:00,bounty_madera,30/11/2023 0:00,25/11/2023 0:00,13,14,5,2.640802167,616.938,616.938
25/11/2023 14:00,bounty_madera,30/11/2023 0:00,25/11/2023 0:00,14,15,5,3.141022267,594.395,594.395
25/11/2023 15:00,bounty_madera,30/11/2023 0:00,25/11/2023 0:00,15,16,5,3.48655605,595.505,595.505
25/11/2023 16:00,bounty_madera,30/11/2023 0:00,25/11/2023 0:00,16,17,5,3.534414283,577.441,577.441
25/11/2023 17:00,bounty_madera,30/11/2023 0:00,25/11/2023 0:00,17,18,5,4.223073667,563.702,563.702
25/11/2023 18:00,bounty_madera,30/11/2023 0:00,25/11/2023 0:00,18,19,5,3.63302855,538.335,538.335
25/11/2023 19:00,bounty_madera,30/11/2023 0:00,25/11/2023 0:00,19,20,5,3.202015358,507.221,507.221
25/11/2023 20:00,bounty_madera,30/11/2023 0:00,25/11/2023 0:00,20,21,5,6.8286521,476.381,476.381
25/11/2023 21:00,bounty_madera,30/11/2023 0:00,25/11/2023 0:00,21,22,5,3.653126325,467.3,467.3
25/11/2023 22:00,bounty_madera,30/11/2023 0:00,25/11/2023 0:00,22,23,5,3.7128693,462.615,462.615
25/11/2023 23:00,bounty_madera,30/11/2023 0:00,25/11/2023 0:00,23,24,5,2.757627883,435.624,435.624
26/11/2023 0:00,bounty_madera,31/12/2023 0:00,26/11/2023 0:00,0,1,6,2.711209,388.21,388.21
26/11/2023 1:00,bounty_madera,31/12/2023 0:00,26/11/2023 0:00,1,2,6,2.5271001,349.858,349.858
26/11/2023 2:00,bounty_madera,31/12/2023 0:00,26/11/2023 0:00,2,3,6,2.666939808,331.089,331.089
26/11/2023 3:00,bounty_madera,31/12/2023 0:00,26/11/2023 0:00,3,4,6,0.470563492,321.161,321.161
26/11/2023 4:00,bounty_madera,31/12/2023 0:00,26/11/2023 0:00,4,5,6,-0.001778533,321.967,321.967
26/11/2023 5:00,bounty_madera,31/12/2023 0:00,26/11/2023 0:00,5,6,6,1.745726917,348.935,348.935
26/11/2023 6:00,bounty_madera,31/12/2023 0:00,26/11/2023 0:00,6,7,6,2.276053792,385.463,385.463
26/11/2023 7:00,bounty_madera,31/12/2023 0:00,26/11/2023 0:00,7,8,6,2.332635517,529.529,529.529
26/11/2023 8:00,bounty_madera,31/12/2023 0:00,26/11/2023 0:00,8,9,6,-1.661734608,560.96,560.96
26/11/2023 9:00,bounty_madera,31/12/2023 0:00,26/11/2023 0:00,9,10,6,2.647010892,593.577,593.577
26/11/2023 10:00,bounty_madera,31/12/2023 0:00,26/11/2023 0:00,10,11,6,2.979085583,601.108,601.108
26/11/2023 11:00,bounty_madera,31/12/2023 0:00,26/11/2023 0:00,11,12,6,2.460053117,579.474,579.474
26/11/2023 12:00,bounty_madera,31/12/2023 0:00,26/11/2023 0:00,12,13,6,2.311199292,602.615,602.615
26/11/2023 13:00,bounty_madera,31/12/2023 0:00,26/11/2023 0:00,13,14,6,2.86484255,618.044,618.044
26/11/2023 14:00,bounty_madera,31/12/2023 0:00,26/11/2023 0:00,14,15,6,2.791605975,607.325,607.325
26/11/2023 15:00,bounty_madera,31/12/2023 0:00,26/11/2023 0:00,15,16,6,2.81659965,604.851,604.851
26/11/2023 16:00,bounty_madera,31/12/2023 0:00,26/11/2023 0:00,16,17,6,2.923390192,607.173,607.173
26/11/2023 17:00,bounty_madera,31/12/2023 0:00,26/11/2023 0:00,17,18,6,2.999626867,589.689,589.689
26/11/2023 18:00,bounty_madera,31/12/2023 0:00,26/11/2023 0:00,18,19,6,3.597896517,558.201,558.201
26/11/2023 19:00,bounty_madera,31/12/2023 0:00,26/11/2023 0:00,19,20,6,3.571069742,522.252,522.252
26/11/2023 20:00,bounty_madera,31/12/2023 0:00,26/11/2023 0:00,20,21,6,5.05914525,516.504,516.504
26/11/2023 21:00,bounty_madera,31/12/2023 0:00,26/11/2023 0:00,21,22,6,8.378583175,521.068,521.068
26/11/2023 22:00,bounty_madera,31/12/2023 0:00,26/11/2023 0:00,22,23,6,3.485045283,520.913,520.913
26/11/2023 23:00,bounty_madera,31/12/2023 0:00,26/11/2023 0:00,23,24,6,2.228252425,469.315,469.315
27/11/2023 0:00,bounty_madera,31/12/2023 0:00,27/11/2023 0:00,0,1,0,2.387026825,396.933,396.933
27/11/2023 1:00,bounty_madera,31/12/2023 0:00,27/11/2023 0:00,1,2,0,2.859669517,340.293,340.293
27/11/2023 2:00,bounty_madera,31/12/2023 0:00,27/11/2023 0:00,2,3,0,2.800740242,341.481,341.481
27/11/2023 3:00,bounty_madera,31/12/2023 0:00,27/11/2023 0:00,3,4,0,2.532561783,331.176,331.176
27/11/2023 4:00,bounty_madera,31/12/2023 0:00,27/11/2023 0:00,4,5,0,-6.452605742,339.096,339.096
27/11/2023 5:00,bounty_madera,31/12/2023 0:00,27/11/2023 0:00,5,6,0,-6.534610192,351.267,351.267
27/11/2023 6:00,bounty_madera,31/12/2023 0:00,27/11/2023 0:00,6,7,0,-6.551893192,403.382,403.382
27/11/2023 7:00,bounty_madera,31/12/2023 0:00,27/11/2023 0:00,7,8,0,-5.119760583,536.113,536.113
27/11/2023 8:00,bounty_madera,31/12/2023 0:00,27/11/2023 0:00,8,9,0,-3.670809817,582.392,582.392
27/11/2023 9:00,bounty_madera,31/12/2023 0:00,27/11/2023 0:00,9,10,0,1.253137725,609.164,609.164
27/11/2023 10:00,bounty_madera,31/12/2023 0:00,27/11/2023 0:00,10,11,0,2.983201717,603.995,603.995
27/11/2023 11:00,bounty_madera,31/12/2023 0:00,27/11/2023 0:00,11,12,0,0.534668475,591.622,591.622
27/11/2023 12:00,bounty_madera,31/12/2023 0:00,27/11/2023 0:00,12,13,0,0,606.329,606.329
27/11/2023 13:00,bounty_madera,31/12/2023 0:00,27/11/2023 0:00,13,14,0,3.072448083,626.081,626.081
27/11/2023 14:00,bounty_madera,31/12/2023 0:00,27/11/2023 0:00,14,15,0,3.551178442,623.015,623.015
27/11/2023 15:00,bounty_madera,31/12/2023 0:00,27/11/2023 0:00,15,16,0,3.587859517,614.61,614.61
27/11/2023 16:00,bounty_madera,31/12/2023 0:00,27/11/2023 0:00,16,17,0,4.657064017,613.074,613.074
27/11/2023 17:00,bounty_madera,31/12/2023 0:00,27/11/2023 0:00,17,18,0,3.294578317,584.48,584.48
27/11/2023 18:00,bounty_madera,31/12/2023 0:00,27/11/2023 0:00,18,19,0,3.436472683,550.675,550.675
27/11/2023 19:00,bounty_madera,31/12/2023 0:00,27/11/2023 0:00,19,20,0,3.311342658,525.102,525.102
27/11/2023 20:00,bounty_madera,31/12/2023 0:00,27/11/2023 0:00,20,21,0,4.426727,527.186,527.186
27/11/2023 21:00,bounty_madera,31/12/2023 0:00,27/11/2023 0:00,21,22,0,6.720324192,534.631,534.631
27/11/2023 22:00,bounty_madera,31/12/2023 0:00,27/11/2023 0:00,22,23,0,3.32785045,547.794,547.794
27/11/2023 23:00,bounty_madera,31/12/2023 0:00,27/11/2023 0:00,23,24,0,3.735606858,538.832,538.832
28/11/2023 0:00,bounty_madera,31/12/2023 0:00,28/11/2023 0:00,0,1,1,3.245496917,504.755,504.755
28/11/2023 1:00,bounty_madera,31/12/2023 0:00,28/11/2023 0:00,1,2,1,1.491224767,395.275,395.275
28/11/2023 2:00,bounty_madera,31/12/2023 0:00,28/11/2023 0:00,2,3,1,2.661771525,378.402,378.402
28/11/2023 3:00,bounty_madera,31/12/2023 0:00,28/11/2023 0:00,3,4,1,2.799280008,403.757,403.757
28/11/2023 4:00,bounty_madera,31/12/2023 0:00,28/11/2023 0:00,4,5,1,3.255714075,402.259,402.259
28/11/2023 5:00,bounty_madera,31/12/2023 0:00,28/11/2023 0:00,5,6,1,3.278442225,436.074,436.074
28/11/2023 6:00,bounty_madera,31/12/2023 0:00,28/11/2023 0:00,6,7,1,1.887267692,438.597,438.597
28/11/2023 7:00,bounty_madera,31/12/2023 0:00,28/11/2023 0:00,7,8,1,3.052362008,541.112,541.112
28/11/2023 8:00,bounty_madera,31/12/2023 0:00,28/11/2023 0:00,8,9,1,2.736211517,594.56,594.56
28/11/2023 9:00,bounty_madera,31/12/2023 0:00,28/11/2023 0:00,9,10,1,3.469723875,620.634,620.634
28/11/2023 10:00,bounty_madera,31/12/2023 0:00,28/11/2023 0:00,10,11,1,3.929587508,621.349,621.349
28/11/2023 11:00,bounty_madera,31/12/2023 0:00,28/11/2023 0:00,11,12,1,4.165890017,601.44,601.44
28/11/2023 12:00,bounty_madera,31/12/2023 0:00,28/11/2023 0:00,12,13,1,3.517574233,619.894,619.894
28/11/2023 13:00,bounty_madera,31/12/2023 0:00,28/11/2023 0:00,13,14,1,7.875419467,645.783,645.783
28/11/2023 14:00,bounty_madera,31/12/2023 0:00,28/11/2023 0:00,14,15,1,4.602923617,631.484,631.484
28/11/2023 15:00,bounty_madera,31/12/2023 0:00,28/11/2023 0:00,15,16,1,5.088842708,635.502,635.502
28/11/2023 16:00,bounty_madera,31/12/2023 0:00,28/11/2023 0:00,16,17,1,4.591352575,637.942,637.942
28/11/2023 17:00,bounty_madera,31/12/2023 0:00,28/11/2023 0:00,17,18,1,5.43191515,620.004,620.004
28/11/2023 18:00,bounty_madera,31/12/2023 0:00,28/11/2023 0:00,18,19,1,4.909118733,581.062,581.062
28/11/2023 19:00,bounty_madera,31/12/2023 0:00,28/11/2023 0:00,19,20,1,4.253255725,516.533,516.533
28/11/2023 20:00,bounty_madera,31/12/2023 0:00,28/11/2023 0:00,20,21,1,5.545612933,514.722,514.722
28/11/2023 21:00,bounty_madera,31/12/2023 0:00,28/11/2023 0:00,21,22,1,8.650085333,513.476,513.476
28/11/2023 22:00,bounty_madera,31/12/2023 0:00,28/11/2023 0:00,22,23,1,4.156021258,522.131,522.131
28/11/2023 23:00,bounty_madera,31/12/2023 0:00,28/11/2023 0:00,23,24,1,3.617878425,524.1,524.1
29/11/2023 0:00,bounty_madera,31/12/2023 0:00,29/11/2023 0:00,0,1,2,3.434341392,508.527,508.527
29/11/2023 1:00,bounty_madera,31/12/2023 0:00,29/11/2023 0:00,1,2,2,3.366564242,481.598,481.598
29/11/2023 2:00,bounty_madera,31/12/2023 0:00,29/11/2023 0:00,2,3,2,3.074032542,481.492,481.492
29/11/2023 3:00,bounty_madera,31/12/2023 0:00,29/11/2023 0:00,3,4,2,2.148179092,488.061,488.061
29/11/2023 4:00,bounty_madera,31/12/2023 0:00,29/11/2023 0:00,4,5,2,3.070566158,463.009,463.009
29/11/2023 5:00,bounty_madera,31/12/2023 0:00,29/11/2023 0:00,5,6,2,3.542582017,455.797,455.797
29/11/2023 6:00,bounty_madera,31/12/2023 0:00,29/11/2023 0:00,6,7,2,2.070385925,447.922,447.922
29/11/2023 7:00,bounty_madera,31/12/2023 0:00,29/11/2023 0:00,7,8,2,3.168958492,465.93,465.93
29/11/2023 8:00,bounty_madera,31/12/2023 0:00,29/11/2023 0:00,8,9,2,3.399835967,562.078,562.078
29/11/2023 9:00,bounty_madera,31/12/2023 0:00,29/11/2023 0:00,9,10,2,3.768860642,609.16,609.16
29/11/2023 10:00,bounty_madera,31/12/2023 0:00,29/11/2023 0:00,10,11,2,4.527776108,613.18,613.18
29/11/2023 11:00,bounty_madera,31/12/2023 0:00,29/11/2023 0:00,11,12,2,4.19720685,605.586,605.586
29/11/2023 12:00,bounty_madera,31/12/2023 0:00,29/11/2023 0:00,12,13,2,4.514170525,633.356,633.356
29/11/2023 13:00,bounty_madera,31/12/2023 0:00,29/11/2023 0:00,13,14,2,10.88066813,637.425,637.425
29/11/2023 14:00,bounty_madera,31/12/2023 0:00,29/11/2023 0:00,14,15,2,9.589895017,629.462,629.462
29/11/2023 15:00,bounty_madera,31/12/2023 0:00,29/11/2023 0:00,15,16,2,4.253858042,626.094,626.094
29/11/2023 16:00,bounty_madera,31/12/2023 0:00,29/11/2023 0:00,16,17,2,5.265575883,631.343,631.343
29/11/2023 17:00,bounty_madera,31/12/2023 0:00,29/11/2023 0:00,17,18,2,8.250967942,605.743,605.743
29/11/2023 18:00,bounty_madera,31/12/2023 0:00,29/11/2023 0:00,18,19,2,5.202604317,563.161,563.161
29/11/2023 19:00,bounty_madera,31/12/2023 0:00,29/11/2023 0:00,19,20,2,4.07980125,541.044,541.044
29/11/2023 20:00,bounty_madera,31/12/2023 0:00,29/11/2023 0:00,20,21,2,6.582041508,528.38,528.38
29/11/2023 21:00,bounty_madera,31/12/2023 0:00,29/11/2023 0:00,21,22,2,10.54354468,530.864,530.864
29/11/2023 22:00,bounty_madera,31/12/2023 0:00,29/11/2023 0:00,22,23,2,4.74811865,526.504,526.504
29/11/2023 23:00,bounty_madera,31/12/2023 0:00,29/11/2023 0:00,23,24,2,3.481384542,511.716,511.716
30/11/2023 0:00,bounty_madera,31/12/2023 0:00,30/11/2023 0:00,0,1,3,3.423914633,467.384,467.384
30/11/2023 1:00,bounty_madera,31/12/2023 0:00,30/11/2023 0:00,1,2,3,3.445394908,475.424,475.424
30/11/2023 2:00,bounty_madera,31/12/2023 0:00,30/11/2023 0:00,2,3,3,2.778620233,454.944,454.944
30/11/2023 3:00,bounty_madera,31/12/2023 0:00,30/11/2023 0:00,3,4,3,2.792025767,420.111,420.111
30/11/2023 4:00,bounty_madera,31/12/2023 0:00,30/11/2023 0:00,4,5,3,2.835562642,430.782,430.782
30/11/2023 5:00,bounty_madera,31/12/2023 0:00,30/11/2023 0:00,5,6,3,3.389734225,424.033,424.033
30/11/2023 6:00,bounty_madera,31/12/2023 0:00,30/11/2023 0:00,6,7,3,2.747773108,485.441,485.441
30/11/2023 7:00,bounty_madera,31/12/2023 0:00,30/11/2023 0:00,7,8,3,3.624699383,548.52,548.52
30/11/2023 8:00,bounty_madera,31/12/2023 0:00,30/11/2023 0:00,8,9,3,3.956224017,587.714,587.714
30/11/2023 9:00,bounty_madera,31/12/2023 0:00,30/11/2023 0:00,9,10,3,1.735570192,623.796,623.796
30/11/2023 10:00,bounty_madera,31/12/2023 0:00,30/11/2023 0:00,10,11,3,3.205635708,618.329,618.329
30/11/2023 11:00,bounty_madera,31/12/2023 0:00,30/11/2023 0:00,11,12,3,3.60688885,599.121,599.121
30/11/2023 12:00,bounty_madera,31/12/2023 0:00,30/11/2023 0:00,12,13,3,3.3895693,630.574,630.574
30/11/2023 13:00,bounty_madera,31/12/2023 0:00,30/11/2023 0:00,13,14,3,4.026550367,641.106,641.106
30/11/2023 14:00,bounty_madera,31/12/2023 0:00,30/11/2023 0:00,14,15,3,4.097341517,632.895,632.895
30/11/2023 15:00,bounty_madera,31/12/2023 0:00,30/11/2023 0:00,15,16,3,3.9708884,623.082,623.082
30/11/2023 16:00,bounty_madera,31/12/2023 0:00,30/11/2023 0:00,16,17,3,6.261835508,641.664,641.664
30/11/2023 17:00,bounty_madera,31/12/2023 0:00,30/11/2023 0:00,17,18,3,7.05635375,623.262,623.262
30/11/2023 18:00,bounty_madera,31/12/2023 0:00,30/11/2023 0:00,18,19,3,6.5488902,584.69,584.69
30/11/2023 19:00,bounty_madera,31/12/2023 0:00,30/11/2023 0:00,19,20,3,4.368953025,542.704,542.704
30/11/2023 20:00,bounty_madera,31/12/2023 0:00,30/11/2023 0:00,20,21,3,10.79893467,543.569,543.569
30/11/2023 21:00,bounty_madera,31/12/2023 0:00,30/11/2023 0:00,21,22,3,9.767344292,546.307,546.307
30/11/2023 22:00,bounty_madera,31/12/2023 0:00,30/11/2023 0:00,22,23,3,7.183215858,548.714,548.714
30/11/2023 23:00,bounty_madera,31/12/2023 0:00,30/11/2023 0:00,23,24,3,4.53357285,534.118,534.118
01/12/2023 0:00,bounty_madera,31/12/2023 0:00,01/12/2023 0:00,0,1,4,3.495931208,508.877,508.877
01/12/2023 1:00,bounty_madera,31/12/2023 0:00,01/12/2023 0:00,1,2,4,3.362524575,483.1,483.1
01/12/2023 2:00,bounty_madera,31/12/2023 0:00,01/12/2023 0:00,2,3,4,2.905674467,441.663,441.663
01/12/2023 3:00,bounty_madera,31/12/2023 0:00,01/12/2023 0:00,3,4,4,2.859390983,406.35,406.35
01/12/2023 4:00,bounty_madera,31/12/2023 0:00,01/12/2023 0:00,4,5,4,3.251441008,423.118,423.118
01/12/2023 5:00,bounty_madera,31/12/2023 0:00,01/12/2023 0:00,5,6,4,3.475799967,442.365,442.365
01/12/2023 6:00,bounty_madera,31/12/2023 0:00,01/12/2023 0:00,6,7,4,2.902381225,493.427,493.427
01/12/2023 7:00,bounty_madera,31/12/2023 0:00,01/12/2023 0:00,7,8,4,4.257441,559.847,559.847
01/12/2023 8:00,bounty_madera,31/12/2023 0:00,01/12/2023 0:00,8,9,4,3.959142808,530.499,530.499
01/12/2023 9:00,bounty_madera,31/12/2023 0:00,01/12/2023 0:00,9,10,4,3.347220558,0,0
01/12/2023 10:00,bounty_madera,31/12/2023 0:00,01/12/2023 0:00,10,11,4,4.173495908,0,0
01/12/2023 11:00,bounty_madera,31/12/2023 0:00,01/12/2023 0:00,11,12,4,3.505659325,0,0
01/12/2023 12:00,bounty_madera,31/12/2023 0:00,01/12/2023 0:00,12,13,4,2.525263083,0,0
01/12/2023 13:00,bounty_madera,31/12/2023 0:00,01/12/2023 0:00,13,14,4,4.206615417,0,0
01/12/2023 14:00,bounty_madera,31/12/2023 0:00,01/12/2023 0:00,14,15,4,6.618712008,205.288,205.288
01/12/2023 15:00,bounty_madera,31/12/2023 0:00,01/12/2023 0:00,15,16,4,4.834551683,615.712,615.712
01/12/2023 16:00,bounty_madera,31/12/2023 0:00,01/12/2023 0:00,16,17,4,3.712945,622.627,622.627
01/12/2023 17:00,bounty_madera,31/12/2023 0:00,01/12/2023 0:00,17,18,4,3.143091617,602.714,602.714
01/12/2023 18:00,bounty_madera,31/12/2023 0:00,01/12/2023 0:00,18,19,4,3.533172742,566.79,566.79
01/12/2023 19:00,bounty_madera,31/12/2023 0:00,01/12/2023 0:00,19,20,4,2.66839535,528.514,528.514
01/12/2023 20:00,bounty_madera,31/12/2023 0:00,01/12/2023 0:00,20,21,4,8.1025179,538.851,538.851
01/12/2023 21:00,bounty_madera,31/12/2023 0:00,01/12/2023 0:00,21,22,4,4.42788255,543.863,543.863
01/12/2023 22:00,bounty_madera,31/12/2023 0:00,01/12/2023 0:00,22,23,4,3.3861365,544.911,544.911
01/12/2023 23:00,bounty_madera,31/12/2023 0:00,01/12/2023 0:00,23,24,4,7.793822767,493.196,493.196
02/12/2023 0:00,bounty_madera,31/12/2023 0:00,02/12/2023 0:00,0,1,5,3.383287875,414.171,414.171
02/12/2023 1:00,bounty_madera,31/12/2023 0:00,02/12/2023 0:00,1,2,5,1.585251458,371.315,371.315
02/12/2023 2:00,bounty_madera,31/12/2023 0:00,02/12/2023 0:00,2,3,5,2.136606867,359.747,359.747
02/12/2023 3:00,bounty_madera,31/12/2023 0:00,02/12/2023 0:00,3,4,5,3.994560525,367.868,367.868
02/12/2023 4:00,bounty_madera,31/12/2023 0:00,02/12/2023 0:00,4,5,5,0.5713799,392.869,392.869
02/12/2023 5:00,bounty_madera,31/12/2023 0:00,02/12/2023 0:00,5,6,5,2.593940167,396.418,396.418
02/12/2023 6:00,bounty_madera,31/12/2023 0:00,02/12/2023 0:00,6,7,5,2.295670292,420.171,420.171
02/12/2023 7:00,bounty_madera,31/12/2023 0:00,02/12/2023 0:00,7,8,5,2.250210767,545,545
02/12/2023 8:00,bounty_madera,31/12/2023 0:00,02/12/2023 0:00,8,9,5,2.786138433,574.494,574.494
02/12/2023 9:00,bounty_madera,31/12/2023 0:00,02/12/2023 0:00,9,10,5,10.52117476,581.27,581.27
02/12/2023 10:00,bounty_madera,31/12/2023 0:00,02/12/2023 0:00,10,11,5,3.542604458,577.299,577.299
02/12/2023 11:00,bounty_madera,31/12/2023 0:00,02/12/2023 0:00,11,12,5,3.078831333,570.607,570.607
02/12/2023 12:00,bounty_madera,31/12/2023 0:00,02/12/2023 0:00,12,13,5,2.9613921,593.337,593.337
02/12/2023 13:00,bounty_madera,31/12/2023 0:00,02/12/2023 0:00,13,14,5,3.832143675,613.128,613.128
02/12/2023 14:00,bounty_madera,31/12/2023 0:00,02/12/2023 0:00,14,15,5,3.706218442,603.607,603.607
02/12/2023 15:00,bounty_madera,31/12/2023 0:00,02/12/2023 0:00,15,16,5,3.595986758,599.31,599.31
02/12/2023 16:00,bounty_madera,31/12/2023 0:00,02/12/2023 0:00,16,17,5,3.58321785,598.448,598.448
02/12/2023 17:00,bounty_madera,31/12/2023 0:00,02/12/2023 0:00,17,18,5,7.028269183,563.177,563.177
02/12/2023 18:00,bounty_madera,31/12/2023 0:00,02/12/2023 0:00,18,19,5,7.514127383,544.957,544.957
02/12/2023 19:00,bounty_madera,31/12/2023 0:00,02/12/2023 0:00,19,20,5,3.809401125,485.596,485.596
02/12/2023 20:00,bounty_madera,31/12/2023 0:00,02/12/2023 0:00,20,21,5,5.752675642,436.695,436.695
02/12/2023 21:00,bounty_madera,31/12/2023 0:00,02/12/2023 0:00,21,22,5,6.472458942,378.937,378.937
02/12/2023 22:00,bounty_madera,31/12/2023 0:00,02/12/2023 0:00,22,23,5,3.400877225,348.03,348.03
02/12/2023 23:00,bounty_madera,31/12/2023 0:00,02/12/2023 0:00,23,24,5,2.793769383,349.046,349.046
03/12/2023 0:00,bounty_madera,31/12/2023 0:00,03/12/2023 0:00,0,1,6,3.002311783,307.227,307.227
03/12/2023 1:00,bounty_madera,31/12/2023 0:00,03/12/2023 0:00,1,2,6,3.143328792,280.378,280.378
03/12/2023 2:00,bounty_madera,31/12/2023 0:00,03/12/2023 0:00,2,3,6,3.493727875,285.158,285.158
03/12/2023 3:00,bounty_madera,31/12/2023 0:00,03/12/2023 0:00,3,4,6,3.079084158,282.781,282.781
03/12/2023 4:00,bounty_madera,31/12/2023 0:00,03/12/2023 0:00,4,5,6,2.323519467,298.788,298.788
03/12/2023 5:00,bounty_madera,31/12/2023 0:00,03/12/2023 0:00,5,6,6,3.208909,309.187,309.187
03/12/2023 6:00,bounty_madera,31/12/2023 0:00,03/12/2023 0:00,6,7,6,4.414801725,333.137,333.137
03/12/2023 7:00,bounty_madera,31/12/2023 0:00,03/12/2023 0:00,7,8,6,1.371184417,457.741,457.741
03/12/2023 8:00,bounty_madera,31/12/2023 0:00,03/12/2023 0:00,8,9,6,0.737916475,557.806,557.806
03/12/2023 9:00,bounty_madera,31/12/2023 0:00,03/12/2023 0:00,9,10,6,1.325833925,573.732,573.732
03/12/2023 10:00,bounty_madera,31/12/2023 0:00,03/12/2023 0:00,10,11,6,3.271321308,584.867,584.867
03/12/2023 11:00,bounty_madera,31/12/2023 0:00,03/12/2023 0:00,11,12,6,3.479652408,564.001,564.001
03/12/2023 12:00,bounty_madera,31/12/2023 0:00,03/12/2023 0:00,12,13,6,2.204942542,605.661,605.661
03/12/2023 13:00,bounty_madera,31/12/2023 0:00,03/12/2023 0:00,13,14,6,0.613209383,631.675,631.675
03/12/2023 14:00,bounty_madera,31/12/2023 0:00,03/12/2023 0:00,14,15,6,2.8764757,604.988,604.988
03/12/2023 15:00,bounty_madera,31/12/2023 0:00,03/12/2023 0:00,15,16,6,6.625635167,615.352,615.352
03/12/2023 16:00,bounty_madera,31/12/2023 0:00,03/12/2023 0:00,16,17,6,2.890795067,603.146,603.146
03/12/2023 17:00,bounty_madera,31/12/2023 0:00,03/12/2023 0:00,17,18,6,9.992029092,599.758,599.758
03/12/2023 18:00,bounty_madera,31/12/2023 0:00,03/12/2023 0:00,18,19,6,5.562883483,547.603,547.603
03/12/2023 19:00,bounty_madera,31/12/2023 0:00,03/12/2023 0:00,19,20,6,4.162486192,522.679,522.679
03/12/2023 20:00,bounty_madera,31/12/2023 0:00,03/12/2023 0:00,20,21,6,4.206257133,495.776,495.776
03/12/2023 21:00,bounty_madera,31/12/2023 0:00,03/12/2023 0:00,21,22,6,4.055046108,491.669,491.669
03/12/2023 22:00,bounty_madera,31/12/2023 0:00,03/12/2023 0:00,22,23,6,3.589891925,481.096,481.096
03/12/2023 23:00,bounty_madera,31/12/2023 0:00,03/12/2023 0:00,23,24,6,1.6966035,468.637,468.637
04/12/2023 0:00,bounty_madera,31/12/2023 0:00,04/12/2023 0:00,0,1,0,2.1715982,385.187,385.187
04/12/2023 1:00,bounty_madera,31/12/2023 0:00,04/12/2023 0:00,1,2,0,1.775708225,334.993,334.993
04/12/2023 2:00,bounty_madera,31/12/2023 0:00,04/12/2023 0:00,2,3,0,0.02587025,317.139,317.139
04/12/2023 3:00,bounty_madera,31/12/2023 0:00,04/12/2023 0:00,3,4,0,-0.001248275,344.354,344.354
04/12/2023 4:00,bounty_madera,31/12/2023 0:00,04/12/2023 0:00,4,5,0,1.273588242,397.762,397.762
04/12/2023 5:00,bounty_madera,31/12/2023 0:00,04/12/2023 0:00,5,6,0,3.701624708,448.602,448.602
04/12/2023 6:00,bounty_madera,31/12/2023 0:00,04/12/2023 0:00,6,7,0,3.031210333,492.362,492.362
04/12/2023 7:00,bounty_madera,31/12/2023 0:00,04/12/2023 0:00,7,8,0,3.069477383,525.491,525.491
04/12/2023 8:00,bounty_madera,31/12/2023 0:00,04/12/2023 0:00,8,9,0,3.254434617,579.579,579.579
04/12/2023 9:00,bounty_madera,31/12/2023 0:00,04/12/2023 0:00,9,10,0,3.168165733,608.118,608.118
04/12/2023 10:00,bounty_madera,31/12/2023 0:00,04/12/2023 0:00,10,11,0,3.733016283,620.762,620.762
04/12/2023 11:00,bounty_madera,31/12/2023 0:00,04/12/2023 0:00,11,12,0,3.083290817,594.894,594.894
04/12/2023 12:00,bounty_madera,31/12/2023 0:00,04/12/2023 0:00,12,13,0,2.65302185,618.373,618.373
04/12/2023 13:00,bounty_madera,31/12/2023 0:00,04/12/2023 0:00,13,14,0,4.388690967,634.015,634.015
04/12/2023 14:00,bounty_madera,31/12/2023 0:00,04/12/2023 0:00,14,15,0,4.186041758,627.412,627.412
04/12/2023 15:00,bounty_madera,31/12/2023 0:00,04/12/2023 0:00,15,16,0,7.8751644,622.003,622.003
04/12/2023 16:00,bounty_madera,31/12/2023 0:00,04/12/2023 0:00,16,17,0,11.09362427,625.906,625.906
04/12/2023 17:00,bounty_madera,31/12/2023 0:00,04/12/2023 0:00,17,18,0,7.160639367,595.867,595.867
04/12/2023 18:00,bounty_madera,31/12/2023 0:00,04/12/2023 0:00,18,19,0,5.973125783,559.702,559.702
04/12/2023 19:00,bounty_madera,31/12/2023 0:00,04/12/2023 0:00,19,20,0,4.239818617,491.56,491.56
04/12/2023 20:00,bounty_madera,31/12/2023 0:00,04/12/2023 0:00,20,21,0,3.954378,458.296,458.296
04/12/2023 21:00,bounty_madera,31/12/2023 0:00,04/12/2023 0:00,21,22,0,9.616632558,396.785,396.785
04/12/2023 22:00,bounty_madera,31/12/2023 0:00,04/12/2023 0:00,22,23,0,3.2262875,362.478,362.478
04/12/2023 23:00,bounty_madera,31/12/2023 0:00,04/12/2023 0:00,23,24,0,3.495018375,349.852,349.852
05/12/2023 0:00,bounty_madera,31/12/2023 0:00,05/12/2023 0:00,0,1,1,3.112050883,339.443,339.443
05/12/2023 1:00,bounty_madera,31/12/2023 0:00,05/12/2023 0:00,1,2,1,3.30223425,308.188,308.188
05/12/2023 2:00,bounty_madera,31/12/2023 0:00,05/12/2023 0:00,2,3,1,3.54429575,313.652,313.652
05/12/2023 3:00,bounty_madera,31/12/2023 0:00,05/12/2023 0:00,3,4,1,3.4016494,323.047,323.047
05/12/2023 4:00,bounty_madera,31/12/2023 0:00,05/12/2023 0:00,4,5,1,3.595090592,360.549,360.549
05/12/2023 5:00,bounty_madera,31/12/2023 0:00,05/12/2023 0:00,5,6,1,3.9128535,368.967,368.967
05/12/2023 6:00,bounty_madera,31/12/2023 0:00,05/12/2023 0:00,6,7,1,3.119884508,370.679,370.679
05/12/2023 7:00,bounty_madera,31/12/2023 0:00,05/12/2023 0:00,7,8,1,1.928003117,431.378,431.378
05/12/2023 8:00,bounty_madera,31/12/2023 0:00,05/12/2023 0:00,8,9,1,4.013531933,574.72,574.72
05/12/2023 9:00,bounty_madera,31/12/2023 0:00,05/12/2023 0:00,9,10,1,3.727503583,606.639,606.639
05/12/2023 10:00,bounty_madera,31/12/2023 0:00,05/12/2023 0:00,10,11,1,7.300898533,628.188,628.188
05/12/2023 11:00,bounty_madera,31/12/2023 0:00,05/12/2023 0:00,11,12,1,3.808447425,617.92,617.92
05/12/2023 12:00,bounty_madera,31/12/2023 0:00,05/12/2023 0:00,12,13,1,3.619368192,624.724,624.724
05/12/2023 13:00,bounty_madera,31/12/2023 0:00,05/12/2023 0:00,13,14,1,10.30082162,653.811,653.811
05/12/2023 14:00,bounty_madera,31/12/2023 0:00,05/12/2023 0:00,14,15,1,10.98993269,632.235,632.235
05/12/2023 15:00,bounty_madera,31/12/2023 0:00,05/12/2023 0:00,15,16,1,9.401324442,631.36,631.36
05/12/2023 16:00,bounty_madera,31/12/2023 0:00,05/12/2023 0:00,16,17,1,10.08607588,640.524,640.524
05/12/2023 17:00,bounty_madera,31/12/2023 0:00,05/12/2023 0:00,17,18,1,8.726700317,611.692,611.692
05/12/2023 18:00,bounty_madera,31/12/2023 0:00,05/12/2023 0:00,18,19,1,7.625642133,591.725,591.725
05/12/2023 19:00,bounty_madera,31/12/2023 0:00,05/12/2023 0:00,19,20,1,4.851575575,554.106,554.106
05/12/2023 20:00,bounty_madera,31/12/2023 0:00,05/12/2023 0:00,20,21,1,13.77975681,542.662,542.662
05/12/2023 21:00,bounty_madera,31/12/2023 0:00,05/12/2023 0:00,21,22,1,15.59761955,537.541,537.541
05/12/2023 22:00,bounty_madera,31/12/2023 0:00,05/12/2023 0:00,22,23,1,4.178501833,522.494,522.494
05/12/2023 23:00,bounty_madera,31/12/2023 0:00,05/12/2023 0:00,23,24,1,3.901677233,524.689,524.689
06/12/2023 0:00,bounty_madera,31/12/2023 0:00,06/12/2023 0:00,0,1,2,3.469743392,485.747,485.747
06/12/2023 1:00,bounty_madera,31/12/2023 0:00,06/12/2023 0:00,1,2,2,3.665965875,433.004,433.004
06/12/2023 2:00,bounty_madera,31/12/2023 0:00,06/12/2023 0:00,2,3,2,3.10312245,402.291,402.291
06/12/2023 3:00,bounty_madera,31/12/2023 0:00,06/12/2023 0:00,3,4,2,2.992596867,388.914,388.914
06/12/2023 4:00,bounty_madera,31/12/2023 0:00,06/12/2023 0:00,4,5,2,3.336733892,396.564,396.564
06/12/2023 5:00,bounty_madera,31/12/2023 0:00,06/12/2023 0:00,5,6,2,3.523643892,397.098,397.098
06/12/2023 6:00,bounty_madera,31/12/2023 0:00,06/12/2023 0:00,6,7,2,3.354804225,393.043,393.043
06/12/2023 7:00,bounty_madera,31/12/2023 0:00,06/12/2023 0:00,7,8,2,3.247838617,485.857,485.857
06/12/2023 8:00,bounty_madera,31/12/2023 0:00,06/12/2023 0:00,8,9,2,4.600949658,588.038,588.038
06/12/2023 9:00,bounty_madera,31/12/2023 0:00,06/12/2023 0:00,9,10,2,3.382959942,599.606,599.606
06/12/2023 10:00,bounty_madera,31/12/2023 0:00,06/12/2023 0:00,10,11,2,5.525569608,617.836,617.836
06/12/2023 11:00,bounty_madera,31/12/2023 0:00,06/12/2023 0:00,11,12,2,3.938235992,606.543,606.543
06/12/2023 12:00,bounty_madera,31/12/2023 0:00,06/12/2023 0:00,12,13,2,3.893640892,626.687,626.687
06/12/2023 13:00,bounty_madera,31/12/2023 0:00,06/12/2023 0:00,13,14,2,4.954345683,636.594,636.594
06/12/2023 14:00,bounty_madera,31/12/2023 0:00,06/12/2023 0:00,14,15,2,10.51619431,636.542,636.542
06/12/2023 15:00,bounty_madera,31/12/2023 0:00,06/12/2023 0:00,15,16,2,7.040867683,633.746,633.746
06/12/2023 16:00,bounty_madera,31/12/2023 0:00,06/12/2023 0:00,16,17,2,4.566088325,653.142,653.142
06/12/2023 17:00,bounty_madera,31/12/2023 0:00,06/12/2023 0:00,17,18,2,8.700351383,632.553,632.553
06/12/2023 18:00,bounty_madera,31/12/2023 0:00,06/12/2023 0:00,18,19,2,6.303604508,590.356,590.356
06/12/2023 19:00,bounty_madera,31/12/2023 0:00,06/12/2023 0:00,19,20,2,3.754054008,485.454,485.454
06/12/2023 20:00,bounty_madera,31/12/2023 0:00,06/12/2023 0:00,20,21,2,6.702252942,507.298,507.298
06/12/2023 21:00,bounty_madera,31/12/2023 0:00,06/12/2023 0:00,21,22,2,10.85520693,510.569,510.569
06/12/2023 22:00,bounty_madera,31/12/2023 0:00,06/12/2023 0:00,22,23,2,3.657975083,436.817,436.817
06/12/2023 23:00,bounty_madera,31/12/2023 0:00,06/12/2023 0:00,23,24,2,3.540711525,505.739,505.739
07/12/2023 0:00,bounty_madera,31/12/2023 0:00,07/12/2023 0:00,0,1,3,3.449089067,514.387,514.387
07/12/2023 1:00,bounty_madera,31/12/2023 0:00,07/12/2023 0:00,1,2,3,3.217695658,463.175,463.175
07/12/2023 2:00,bounty_madera,31/12/2023 0:00,07/12/2023 0:00,2,3,3,2.269732983,454.881,454.881
07/12/2023 3:00,bounty_madera,31/12/2023 0:00,07/12/2023 0:00,3,4,3,2.8117445,433.755,433.755
07/12/2023 4:00,bounty_madera,31/12/2023 0:00,07/12/2023 0:00,4,5,3,3.021185258,422.142,422.142
07/12/2023 5:00,bounty_madera,31/12/2023 0:00,07/12/2023 0:00,5,6,3,3.430607133,418.476,418.476
07/12/2023 6:00,bounty_madera,31/12/2023 0:00,07/12/2023 0:00,6,7,3,2.514416358,438.411,438.411
07/12/2023 7:00,bounty_madera,31/12/2023 0:00,07/12/2023 0:00,7,8,3,2.040837925,516.899,516.899
07/12/2023 8:00,bounty_madera,31/12/2023 0:00,07/12/2023 0:00,8,9,3,2.012104867,523.731,523.731
07/12/2023 9:00,bounty_madera,31/12/2023 0:00,07/12/2023 0:00,9,10,3,2.998256467,574.224,574.224
07/12/2023 10:00,bounty_madera,31/12/2023 0:00,07/12/2023 0:00,10,11,3,3.507175592,611.82,611.82
07/12/2023 11:00,bounty_madera,31/12/2023 0:00,07/12/2023 0:00,11,12,3,2.815230058,605.06,605.06
07/12/2023 12:00,bounty_madera,31/12/2023 0:00,07/12/2023 0:00,12,13,3,2.61649695,624.447,624.447
07/12/2023 13:00,bounty_madera,31/12/2023 0:00,07/12/2023 0:00,13,14,3,5.817135383,639.354,639.354
07/12/2023 14:00,bounty_madera,31/12/2023 0:00,07/12/2023 0:00,14,15,3,3.598341275,629.538,629.538
07/12/2023 15:00,bounty_madera,31/12/2023 0:00,07/12/2023 0:00,15,16,3,3.623710767,616.769,616.769
07/12/2023 16:00,bounty_madera,31/12/2023 0:00,07/12/2023 0:00,16,17,3,4.507749158,634.816,634.816
07/12/2023 17:00,bounty_madera,31/12/2023 0:00,07/12/2023 0:00,17,18,3,7.301851125,619.866,619.866
07/12/2023 18:00,bounty_madera,31/12/2023 0:00,07/12/2023 0:00,18,19,3,5.5809033,591.877,591.877
07/12/2023 19:00,bounty_madera,31/12/2023 0:00,07/12/2023 0:00,19,20,3,3.466928583,558.105,558.105
07/12/2023 20:00,bounty_madera,31/12/2023 0:00,07/12/2023 0:00,20,21,3,3.551902525,544.023,544.023
07/12/2023 21:00,bounty_madera,31/12/2023 0:00,07/12/2023 0:00,21,22,3,3.44737965,533.212,533.212
07/12/2023 22:00,bounty_madera,31/12/2023 0:00,07/12/2023 0:00,22,23,3,3.420289475,533.535,533.535
07/12/2023 23:00,bounty_madera,31/12/2023 0:00,07/12/2023 0:00,23,24,3,2.6249341,527.345,527.345
08/12/2023 0:00,bounty_madera,31/12/2023 0:00,08/12/2023 0:00,0,1,4,3.449133217,517.37,517.37
08/12/2023 1:00,bounty_madera,31/12/2023 0:00,08/12/2023 0:00,1,2,4,2.110309917,454.423,454.423
08/12/2023 2:00,bounty_madera,31/12/2023 0:00,08/12/2023 0:00,2,3,4,3.33782205,396.674,396.674
08/12/2023 3:00,bounty_madera,31/12/2023 0:00,08/12/2023 0:00,3,4,4,3.288102575,404.287,404.287
08/12/2023 4:00,bounty_madera,31/12/2023 0:00,08/12/2023 0:00,4,5,4,3.104531033,440.043,440.043
08/12/2023 5:00,bounty_madera,31/12/2023 0:00,08/12/2023 0:00,5,6,4,3.053220442,485.616,485.616
08/12/2023 6:00,bounty_madera,31/12/2023 0:00,08/12/2023 0:00,6,7,4,1.026819792,528.48,528.48
08/12/2023 7:00,bounty_madera,31/12/2023 0:00,08/12/2023 0:00,7,8,4,1.721307075,550.266,550.266
08/12/2023 8:00,bounty_madera,31/12/2023 0:00,08/12/2023 0:00,8,9,4,2.83871955,583.212,583.212
08/12/2023 9:00,bounty_madera,31/12/2023 0:00,08/12/2023 0:00,9,10,4,2.851447033,611.381,611.381
08/12/2023 10:00,bounty_madera,31/12/2023 0:00,08/12/2023 0:00,10,11,4,3.242649092,601.203,601.203
08/12/2023 11:00,bounty_madera,31/12/2023 0:00,08/12/2023 0:00,11,12,4,2.870208183,597.681,597.681
08/12/2023 12:00,bounty_madera,31/12/2023 0:00,08/12/2023 0:00,12,13,4,2.466511467,610.928,610.928
08/12/2023 13:00,bounty_madera,31/12/2023 0:00,08/12/2023 0:00,13,14,4,3.302867142,629.742,629.742
08/12/2023 14:00,bounty_madera,31/12/2023 0:00,08/12/2023 0:00,14,15,4,3.245697175,630.747,630.747
08/12/2023 15:00,bounty_madera,31/12/2023 0:00,08/12/2023 0:00,15,16,4,2.912380375,610.452,610.452
08/12/2023 16:00,bounty_madera,31/12/2023 0:00,08/12/2023 0:00,16,17,4,3.208794575,620.127,620.127
08/12/2023 17:00,bounty_madera,31/12/2023 0:00,08/12/2023 0:00,17,18,4,7.339426625,598.203,598.203
08/12/2023 18:00,bounty_madera,31/12/2023 0:00,08/12/2023 0:00,18,19,4,3.573591392,591.116,591.116
08/12/2023 19:00,bounty_madera,31/12/2023 0:00,08/12/2023 0:00,19,20,4,3.060215458,536.231,536.231
08/12/2023 20:00,bounty_madera,31/12/2023 0:00,08/12/2023 0:00,20,21,4,3.051446667,514.81,514.81
08/12/2023 21:00,bounty_madera,31/12/2023 0:00,08/12/2023 0:00,21,22,4,5.75704675,490.332,490.332
08/12/2023 22:00,bounty_madera,31/12/2023 0:00,08/12/2023 0:00,22,23,4,5.989551642,508.685,508.685
08/12/2023 23:00,bounty_madera,31/12/2023 0:00,08/12/2023 0:00,23,24,4,3.148617208,529.158,529.158
09/12/2023 0:00,bounty_madera,31/12/2023 0:00,09/12/2023 0:00,0,1,5,5.418264658,458.153,458.153
09/12/2023 1:00,bounty_madera,31/12/2023 0:00,09/12/2023 0:00,1,2,5,3.252994933,392.557,392.557
09/12/2023 2:00,bounty_madera,31/12/2023 0:00,09/12/2023 0:00,2,3,5,2.921089992,360.507,360.507
09/12/2023 3:00,bounty_madera,31/12/2023 0:00,09/12/2023 0:00,3,4,5,2.828448733,334.745,334.745
09/12/2023 4:00,bounty_madera,31/12/2023 0:00,09/12/2023 0:00,4,5,5,2.831750408,330.125,330.125
09/12/2023 5:00,bounty_madera,31/12/2023 0:00,09/12/2023 0:00,5,6,5,2.443324375,344.051,344.051
09/12/2023 6:00,bounty_madera,31/12/2023 0:00,09/12/2023 0:00,6,7,5,0.227143383,341.561,341.561
09/12/2023 7:00,bounty_madera,31/12/2023 0:00,09/12/2023 0:00,7,8,5,2.019729717,431.242,431.242
09/12/2023 8:00,bounty_madera,31/12/2023 0:00,09/12/2023 0:00,8,9,5,2.700953967,571.471,571.471
09/12/2023 9:00,bounty_madera,31/12/2023 0:00,09/12/2023 0:00,9,10,5,2.743439258,580.33,580.33
09/12/2023 10:00,bounty_madera,31/12/2023 0:00,09/12/2023 0:00,10,11,5,3.205351083,599.948,599.948
09/12/2023 11:00,bounty_madera,31/12/2023 0:00,09/12/2023 0:00,11,12,5,3.171250483,599.857,599.857
09/12/2023 12:00,bounty_madera,31/12/2023 0:00,09/12/2023 0:00,12,13,5,2.815678533,604.183,604.183
09/12/2023 13:00,bounty_madera,31/12/2023 0:00,09/12/2023 0:00,13,14,5,3.650354908,616.109,616.109
09/12/2023 14:00,bounty_madera,31/12/2023 0:00,09/12/2023 0:00,14,15,5,5.230398233,603.407,603.407
09/12/2023 15:00,bounty_madera,31/12/2023 0:00,09/12/2023 0:00,15,16,5,4.093304383,611.289,611.289
09/12/2023 16:00,bounty_madera,31/12/2023 0:00,09/12/2023 0:00,16,17,5,3.762816292,617.752,617.752
09/12/2023 17:00,bounty_madera,31/12/2023 0:00,09/12/2023 0:00,17,18,5,6.420023608,596.677,596.677
09/12/2023 18:00,bounty_madera,31/12/2023 0:00,09/12/2023 0:00,18,19,5,4.0356521,565.123,565.123
09/12/2023 19:00,bounty_madera,31/12/2023 0:00,09/12/2023 0:00,19,20,5,3.559524592,524.232,524.232
09/12/2023 20:00,bounty_madera,31/12/2023 0:00,09/12/2023 0:00,20,21,5,4.051282867,498.154,498.154
09/12/2023 21:00,bounty_madera,31/12/2023 0:00,09/12/2023 0:00,21,22,5,7.469282933,492.78,492.78
09/12/2023 22:00,bounty_madera,31/12/2023 0:00,09/12/2023 0:00,22,23,5,4.623108417,507.288,507.288
09/12/2023 23:00,bounty_madera,31/12/2023 0:00,09/12/2023 0:00,23,24,5,4.510187333,522.035,522.035
10/12/2023 0:00,bounty_madera,31/12/2023 0:00,10/12/2023 0:00,0,1,6,3.551625933,472.257,472.257
10/12/2023 1:00,bounty_madera,31/12/2023 0:00,10/12/2023 0:00,1,2,6,3.282675992,438.04,438.04
10/12/2023 2:00,bounty_madera,31/12/2023 0:00,10/12/2023 0:00,2,3,6,4.129370392,424.973,424.973
10/12/2023 3:00,bounty_madera,31/12/2023 0:00,10/12/2023 0:00,3,4,6,3.261703467,404.132,404.132
10/12/2023 4:00,bounty_madera,31/12/2023 0:00,10/12/2023 0:00,4,5,6,3.354574675,417.016,417.016
10/12/2023 5:00,bounty_madera,31/12/2023 0:00,10/12/2023 0:00,5,6,6,4.551327183,413.77,413.77
10/12/2023 6:00,bounty_madera,31/12/2023 0:00,10/12/2023 0:00,6,7,6,2.754887183,397.275,397.275
10/12/2023 7:00,bounty_madera,31/12/2023 0:00,10/12/2023 0:00,7,8,6,0.430283983,505.923,505.923
10/12/2023 8:00,bounty_madera,31/12/2023 0:00,10/12/2023 0:00,8,9,6,0.922359442,576.072,576.072
10/12/2023 9:00,bounty_madera,31/12/2023 0:00,10/12/2023 0:00,9,10,6,1.910072683,592.547,592.547
10/12/2023 10:00,bounty_madera,31/12/2023 0:00,10/12/2023 0:00,10,11,6,2.857967792,594.092,594.092
10/12/2023 11:00,bounty_madera,31/12/2023 0:00,10/12/2023 0:00,11,12,6,2.784175,574.131,574.131
10/12/2023 12:00,bounty_madera,31/12/2023 0:00,10/12/2023 0:00,12,13,6,3.01455065,582.981,582.981
10/12/2023 13:00,bounty_madera,31/12/2023 0:00,10/12/2023 0:00,13,14,6,3.306263875,604.451,604.451
10/12/2023 14:00,bounty_madera,31/12/2023 0:00,10/12/2023 0:00,14,15,6,3.6156655,592.144,592.144
10/12/2023 15:00,bounty_madera,31/12/2023 0:00,10/12/2023 0:00,15,16,6,3.762937425,596.916,596.916
10/12/2023 16:00,bounty_madera,31/12/2023 0:00,10/12/2023 0:00,16,17,6,3.756856942,611.965,611.965
10/12/2023 17:00,bounty_madera,31/12/2023 0:00,10/12/2023 0:00,17,18,6,7.031523608,552.193,552.193
10/12/2023 18:00,bounty_madera,31/12/2023 0:00,10/12/2023 0:00,18,19,6,5.658655275,518.254,518.254
10/12/2023 19:00,bounty_madera,31/12/2023 0:00,10/12/2023 0:00,19,20,6,3.808202092,490.438,490.438
10/12/2023 20:00,bounty_madera,31/12/2023 0:00,10/12/2023 0:00,20,21,6,8.059142792,483.214,483.214
10/12/2023 21:00,bounty_madera,31/12/2023 0:00,10/12/2023 0:00,21,22,6,17.87740482,464.436,464.436
10/12/2023 22:00,bounty_madera,31/12/2023 0:00,10/12/2023 0:00,22,23,6,5.3460327,409.676,409.676
10/12/2023 23:00,bounty_madera,31/12/2023 0:00,10/12/2023 0:00,23,24,6,3.676952625,382.471,382.471
11/12/2023 0:00,bounty_madera,31/12/2023 0:00,11/12/2023 0:00,0,1,0,3.482063767,388.619,388.619
11/12/2023 1:00,bounty_madera,31/12/2023 0:00,11/12/2023 0:00,1,2,0,3.480284892,313.268,313.268
11/12/2023 2:00,bounty_madera,31/12/2023 0:00,11/12/2023 0:00,2,3,0,3.129550267,285.756,285.756
11/12/2023 3:00,bounty_madera,31/12/2023 0:00,11/12/2023 0:00,3,4,0,2.9762013,274.713,274.713
11/12/2023 4:00,bounty_madera,31/12/2023 0:00,11/12/2023 0:00,4,5,0,3.412386633,292.114,292.114
11/12/2023 5:00,bounty_madera,31/12/2023 0:00,11/12/2023 0:00,5,6,0,3.327947967,315.328,315.328
11/12/2023 6:00,bounty_madera,31/12/2023 0:00,11/12/2023 0:00,6,7,0,2.619052717,320.925,320.925
11/12/2023 7:00,bounty_madera,31/12/2023 0:00,11/12/2023 0:00,7,8,0,2.80553585,416.748,416.748
11/12/2023 8:00,bounty_madera,31/12/2023 0:00,11/12/2023 0:00,8,9,0,3.0264835,560.747,560.747
11/12/2023 9:00,bounty_madera,31/12/2023 0:00,11/12/2023 0:00,9,10,0,3.186344492,575.001,575.001
11/12/2023 10:00,bounty_madera,31/12/2023 0:00,11/12/2023 0:00,10,11,0,3.235015417,601.836,601.836
11/12/2023 11:00,bounty_madera,31/12/2023 0:00,11/12/2023 0:00,11,12,0,3.469578608,591.565,591.565
11/12/2023 12:00,bounty_madera,31/12/2023 0:00,11/12/2023 0:00,12,13,0,2.469948042,611.142,611.142
11/12/2023 13:00,bounty_madera,31/12/2023 0:00,11/12/2023 0:00,13,14,0,3.776066008,632.676,632.676
11/12/2023 14:00,bounty_madera,31/12/2023 0:00,11/12/2023 0:00,14,15,0,7.691660008,624.787,624.787
11/12/2023 15:00,bounty_madera,31/12/2023 0:00,11/12/2023 0:00,15,16,0,5.175576275,614.547,614.547
11/12/2023 16:00,bounty_madera,31/12/2023 0:00,11/12/2023 0:00,16,17,0,4.250953242,639.69,639.69
11/12/2023 17:00,bounty_madera,31/12/2023 0:00,11/12/2023 0:00,17,18,0,8.037864275,605.707,605.707
11/12/2023 18:00,bounty_madera,31/12/2023 0:00,11/12/2023 0:00,18,19,0,5.392257175,549.697,549.697
11/12/2023 19:00,bounty_madera,31/12/2023 0:00,11/12/2023 0:00,19,20,0,3.749747758,521.661,521.661
11/12/2023 20:00,bounty_madera,31/12/2023 0:00,11/12/2023 0:00,20,21,0,7.083337525,492.892,492.892
11/12/2023 21:00,bounty_madera,31/12/2023 0:00,11/12/2023 0:00,21,22,0,14.64372257,419.62,419.62
11/12/2023 22:00,bounty_madera,31/12/2023 0:00,11/12/2023 0:00,22,23,0,3.855734283,402.852,402.852
11/12/2023 23:00,bounty_madera,31/12/2023 0:00,11/12/2023 0:00,23,24,0,3.620026808,414.162,414.162
12/12/2023 0:00,bounty_madera,31/12/2023 0:00,12/12/2023 0:00,0,1,1,3.587033892,411.212,411.212
12/12/2023 1:00,bounty_madera,31/12/2023 0:00,12/12/2023 0:00,1,2,1,3.586365308,365.052,365.052
12/12/2023 2:00,bounty_madera,31/12/2023 0:00,12/12/2023 0:00,2,3,1,8.865076983,320.846,320.846
12/12/2023 3:00,bounty_madera,31/12/2023 0:00,12/12/2023 0:00,3,4,1,4.141071708,294.664,294.664
12/12/2023 4:00,bounty_madera,31/12/2023 0:00,12/12/2023 0:00,4,5,1,3.648930533,311.316,311.316
12/12/2023 5:00,bounty_madera,31/12/2023 0:00,12/12/2023 0:00,5,6,1,3.498516833,329.481,329.481
12/12/2023 6:00,bounty_madera,31/12/2023 0:00,12/12/2023 0:00,6,7,1,2.954494842,332.586,332.586
12/12/2023 7:00,bounty_madera,31/12/2023 0:00,12/12/2023 0:00,7,8,1,2.883879592,429.825,429.825
12/12/2023 8:00,bounty_madera,31/12/2023 0:00,12/12/2023 0:00,8,9,1,2.744979983,557.684,557.684
12/12/2023 9:00,bounty_madera,31/12/2023 0:00,12/12/2023 0:00,9,10,1,3.655264317,605.028,605.028
12/12/2023 10:00,bounty_madera,31/12/2023 0:00,12/12/2023 0:00,10,11,1,3.881753383,606.593,606.593
12/12/2023 11:00,bounty_madera,31/12/2023 0:00,12/12/2023 0:00,11,12,1,3.540216183,601.238,601.238
12/12/2023 12:00,bounty_madera,31/12/2023 0:00,12/12/2023 0:00,12,13,1,3.326684975,617.782,617.782
12/12/2023 13:00,bounty_madera,31/12/2023 0:00,12/12/2023 0:00,13,14,1,14.3445214,634.287,634.287
12/12/2023 14:00,bounty_madera,31/12/2023 0:00,12/12/2023 0:00,14,15,1,9.602634967,630.537,630.537
12/12/2023 15:00,bounty_madera,31/12/2023 0:00,12/12/2023 0:00,15,16,1,9.861495717,616.093,616.093
12/12/2023 16:00,bounty_madera,31/12/2023 0:00,12/12/2023 0:00,16,17,1,7.70015675,628.29,628.29
12/12/2023 17:00,bounty_madera,31/12/2023 0:00,12/12/2023 0:00,17,18,1,6.714443208,632.09,632.09
12/12/2023 18:00,bounty_madera,31/12/2023 0:00,12/12/2023 0:00,18,19,1,5.188766567,598.404,598.404
12/12/2023 19:00,bounty_madera,31/12/2023 0:00,12/12/2023 0:00,19,20,1,3.808109033,548.737,548.737
12/12/2023 20:00,bounty_madera,31/12/2023 0:00,12/12/2023 0:00,20,21,1,13.76633121,545.906,545.906
12/12/2023 21:00,bounty_madera,31/12/2023 0:00,12/12/2023 0:00,21,22,1,12.28786531,529.008,529.008
12/12/2023 22:00,bounty_madera,31/12/2023 0:00,12/12/2023 0:00,22,23,1,4.453142308,456.91,456.91
12/12/2023 23:00,bounty_madera,31/12/2023 0:00,12/12/2023 0:00,23,24,1,3.58030585,405.152,405.152
13/12/2023 0:00,bounty_madera,31/12/2023 0:00,13/12/2023 0:00,0,1,2,3.688912133,372.095,372.095
13/12/2023 1:00,bounty_madera,31/12/2023 0:00,13/12/2023 0:00,1,2,2,3.637797392,323.375,323.375
13/12/2023 2:00,bounty_madera,31/12/2023 0:00,13/12/2023 0:00,2,3,2,3.603116,296.036,296.036
13/12/2023 3:00,bounty_madera,31/12/2023 0:00,13/12/2023 0:00,3,4,2,3.527362225,295.336,295.336
13/12/2023 4:00,bounty_madera,31/12/2023 0:00,13/12/2023 0:00,4,5,2,3.640096667,306.158,306.158
13/12/2023 5:00,bounty_madera,31/12/2023 0:00,13/12/2023 0:00,5,6,2,3.610746308,353.749,353.749
13/12/2023 6:00,bounty_madera,31/12/2023 0:00,13/12/2023 0:00,6,7,2,3.178050608,468.096,468.096
13/12/2023 7:00,bounty_madera,31/12/2023 0:00,13/12/2023 0:00,7,8,2,2.734283383,538.229,538.229
13/12/2023 8:00,bounty_madera,31/12/2023 0:00,13/12/2023 0:00,8,9,2,3.002696633,541.728,541.728
13/12/2023 9:00,bounty_madera,31/12/2023 0:00,13/12/2023 0:00,9,10,2,2.270109642,600.592,600.592
13/12/2023 10:00,bounty_madera,31/12/2023 0:00,13/12/2023 0:00,10,11,2,3.577688025,622.915,622.915
13/12/2023 11:00,bounty_madera,31/12/2023 0:00,13/12/2023 0:00,11,12,2,3.370882625,613.696,613.696
13/12/2023 12:00,bounty_madera,31/12/2023 0:00,13/12/2023 0:00,12,13,2,3.142300483,626.694,626.694
13/12/2023 13:00,bounty_madera,31/12/2023 0:00,13/12/2023 0:00,13,14,2,4.026400683,652.695,652.695
13/12/2023 14:00,bounty_madera,31/12/2023 0:00,13/12/2023 0:00,14,15,2,5.031927258,646.713,646.713
13/12/2023 15:00,bounty_madera,31/12/2023 0:00,13/12/2023 0:00,15,16,2,4.184699183,625.544,625.544
13/12/2023 16:00,bounty_madera,31/12/2023 0:00,13/12/2023 0:00,16,17,2,4.1276993,639.71,639.71
13/12/2023 17:00,bounty_madera,31/12/2023 0:00,13/12/2023 0:00,17,18,2,6.0944736,636.515,636.515
13/12/2023 18:00,bounty_madera,31/12/2023 0:00,13/12/2023 0:00,18,19,2,4.900489675,597.336,597.336
13/12/2023 19:00,bounty_madera,31/12/2023 0:00,13/12/2023 0:00,19,20,2,3.623456783,586.87,586.87
13/12/2023 20:00,bounty_madera,31/12/2023 0:00,13/12/2023 0:00,20,21,2,4.476828875,558.865,558.865
13/12/2023 21:00,bounty_madera,31/12/2023 0:00,13/12/2023 0:00,21,22,2,8.970934067,538.579,538.579
13/12/2023 22:00,bounty_madera,31/12/2023 0:00,13/12/2023 0:00,22,23,2,4.278226958,527.145,527.145
13/12/2023 23:00,bounty_madera,31/12/2023 0:00,13/12/2023 0:00,23,24,2,4.1016642,122.875,122.875
14/12/2023 0:00,bounty_madera,31/12/2023 0:00,14/12/2023 0:00,0,1,3,4.7289415,434.069,434.069
14/12/2023 1:00,bounty_madera,31/12/2023 0:00,14/12/2023 0:00,1,2,3,3.583344342,356.349,356.349
14/12/2023 2:00,bounty_madera,31/12/2023 0:00,14/12/2023 0:00,2,3,3,3.545170417,314.253,314.253
14/12/2023 3:00,bounty_madera,31/12/2023 0:00,14/12/2023 0:00,3,4,3,3.305269542,302.658,302.658
14/12/2023 4:00,bounty_madera,31/12/2023 0:00,14/12/2023 0:00,4,5,3,3.391593008,306.672,306.672
14/12/2023 5:00,bounty_madera,31/12/2023 0:00,14/12/2023 0:00,5,6,3,3.203721158,316.225,316.225
14/12/2023 6:00,bounty_madera,31/12/2023 0:00,14/12/2023 0:00,6,7,3,2.44177465,325.273,325.273
14/12/2023 7:00,bounty_madera,31/12/2023 0:00,14/12/2023 0:00,7,8,3,2.895172017,422.029,422.029
14/12/2023 8:00,bounty_madera,31/12/2023 0:00,14/12/2023 0:00,8,9,3,3.34785455,538.46,538.46
14/12/2023 9:00,bounty_madera,31/12/2023 0:00,14/12/2023 0:00,9,10,3,3.457668958,521.066,521.066
14/12/2023 10:00,bounty_madera,31/12/2023 0:00,14/12/2023 0:00,10,11,3,3.709052733,574.605,574.605
14/12/2023 11:00,bounty_madera,31/12/2023 0:00,14/12/2023 0:00,11,12,3,3.580260008,544.017,544.017
14/12/2023 12:00,bounty_madera,31/12/2023 0:00,14/12/2023 0:00,12,13,3,3.198233233,570.39,570.39
14/12/2023 13:00,bounty_madera,31/12/2023 0:00,14/12/2023 0:00,13,14,3,4.10913925,595.695,595.695
14/12/2023 14:00,bounty_madera,31/12/2023 0:00,14/12/2023 0:00,14,15,3,4.781346983,589.927,589.927
14/12/2023 15:00,bounty_madera,31/12/2023 0:00,14/12/2023 0:00,15,16,3,4.385629783,573.781,573.781
14/12/2023 16:00,bounty_madera,31/12/2023 0:00,14/12/2023 0:00,16,17,3,4.445101858,579.284,579.284
14/12/2023 17:00,bounty_madera,31/12/2023 0:00,14/12/2023 0:00,17,18,3,6.795921192,555.585,555.585
14/12/2023 18:00,bounty_madera,31/12/2023 0:00,14/12/2023 0:00,18,19,3,5.963957158,523.379,523.379
14/12/2023 19:00,bounty_madera,31/12/2023 0:00,14/12/2023 0:00,19,20,3,4.732858142,518.357,518.357
14/12/2023 20:00,bounty_madera,31/12/2023 0:00,14/12/2023 0:00,20,21,3,6.718966983,498.67,498.67
14/12/2023 21:00,bounty_madera,31/12/2023 0:00,14/12/2023 0:00,21,22,3,12.51652404,439.784,439.784
14/12/2023 22:00,bounty_madera,31/12/2023 0:00,14/12/2023 0:00,22,23,3,4.967667983,365.472,365.472
14/12/2023 23:00,bounty_madera,31/12/2023 0:00,14/12/2023 0:00,23,24,3,4.153613517,358.244,358.244
15/12/2023 0:00,bounty_madera,31/12/2023 0:00,15/12/2023 0:00,0,1,4,3.903415508,309.099,309.099
15/12/2023 1:00,bounty_madera,31/12/2023 0:00,15/12/2023 0:00,1,2,4,3.639667792,288.951,288.951
15/12/2023 2:00,bounty_madera,31/12/2023 0:00,15/12/2023 0:00,2,3,4,3.501332075,275.687,275.687
15/12/2023 3:00,bounty_madera,31/12/2023 0:00,15/12/2023 0:00,3,4,4,3.272643775,277.141,277.141
15/12/2023 4:00,bounty_madera,31/12/2023 0:00,15/12/2023 0:00,4,5,4,3.381004058,304.919,304.919
15/12/2023 5:00,bounty_madera,31/12/2023 0:00,15/12/2023 0:00,5,6,4,3.425407283,328.017,328.017
15/12/2023 6:00,bounty_madera,31/12/2023 0:00,15/12/2023 0:00,6,7,4,3.19814815,342.715,342.715
15/12/2023 7:00,bounty_madera,31/12/2023 0:00,15/12/2023 0:00,7,8,4,3.0728679,383.897,383.897
15/12/2023 8:00,bounty_madera,31/12/2023 0:00,15/12/2023 0:00,8,9,4,3.635817167,532.552,532.552
15/12/2023 9:00,bounty_madera,31/12/2023 0:00,15/12/2023 0:00,9,10,4,3.800133858,549.672,549.672
15/12/2023 10:00,bounty_madera,31/12/2023 0:00,15/12/2023 0:00,10,11,4,4.260769642,584.427,584.427
15/12/2023 11:00,bounty_madera,31/12/2023 0:00,15/12/2023 0:00,11,12,4,3.611440425,569.694,569.694
15/12/2023 12:00,bounty_madera,31/12/2023 0:00,15/12/2023 0:00,12,13,4,2.695750167,557.706,557.706
15/12/2023 13:00,bounty_madera,31/12/2023 0:00,15/12/2023 0:00,13,14,4,5.150993442,598.048,598.048
15/12/2023 14:00,bounty_madera,31/12/2023 0:00,15/12/2023 0:00,14,15,4,5.08182345,596.726,596.726
15/12/2023 15:00,bounty_madera,31/12/2023 0:00,15/12/2023 0:00,15,16,4,4.757847108,591.003,591.003
15/12/2023 16:00,bounty_madera,31/12/2023 0:00,15/12/2023 0:00,16,17,4,4.73150415,585.127,585.127
15/12/2023 17:00,bounty_madera,31/12/2023 0:00,15/12/2023 0:00,17,18,4,8.898822683,591.04,591.04
15/12/2023 18:00,bounty_madera,31/12/2023 0:00,15/12/2023 0:00,18,19,4,6.321253258,543.615,543.615
15/12/2023 19:00,bounty_madera,31/12/2023 0:00,15/12/2023 0:00,19,20,4,4.454409258,523.572,523.572
15/12/2023 20:00,bounty_madera,31/12/2023 0:00,15/12/2023 0:00,20,21,4,4.762801917,513.147,513.147
15/12/2023 21:00,bounty_madera,31/12/2023 0:00,15/12/2023 0:00,21,22,4,3.674739358,487.272,487.272
15/12/2023 22:00,bounty_madera,31/12/2023 0:00,15/12/2023 0:00,22,23,4,8.924122375,435.532,435.532
15/12/2023 23:00,bounty_madera,31/12/2023 0:00,15/12/2023 0:00,23,24,4,3.583951967,415.309,415.309
16/12/2023 0:00,bounty_madera,31/12/2023 0:00,16/12/2023 0:00,0,1,5,3.728719192,399.63,399.63
16/12/2023 1:00,bounty_madera,31/12/2023 0:00,16/12/2023 0:00,1,2,5,3.498277758,357.995,357.995
16/12/2023 2:00,bounty_madera,31/12/2023 0:00,16/12/2023 0:00,2,3,5,3.413314675,347.6,347.6
16/12/2023 3:00,bounty_madera,31/12/2023 0:00,16/12/2023 0:00,3,4,5,3.250238067,329.16,329.16
16/12/2023 4:00,bounty_madera,31/12/2023 0:00,16/12/2023 0:00,4,5,5,3.153456983,362.868,362.868
16/12/2023 5:00,bounty_madera,31/12/2023 0:00,16/12/2023 0:00,5,6,5,3.065634125,360.982,360.982
16/12/2023 6:00,bounty_madera,31/12/2023 0:00,16/12/2023 0:00,6,7,5,2.558435375,375.704,375.704
16/12/2023 7:00,bounty_madera,31/12/2023 0:00,16/12/2023 0:00,7,8,5,3.37940505,411.802,411.802
16/12/2023 8:00,bounty_madera,31/12/2023 0:00,16/12/2023 0:00,8,9,5,3.345169908,537.861,537.861
16/12/2023 9:00,bounty_madera,31/12/2023 0:00,16/12/2023 0:00,9,10,5,3.787182625,572.624,572.624
16/12/2023 10:00,bounty_madera,31/12/2023 0:00,16/12/2023 0:00,10,11,5,17.84006553,593.225,593.225
16/12/2023 11:00,bounty_madera,31/12/2023 0:00,16/12/2023 0:00,11,12,5,12.49271905,586.912,586.912
16/12/2023 12:00,bounty_madera,31/12/2023 0:00,16/12/2023 0:00,12,13,5,6.3350912,587.878,587.878
16/12/2023 13:00,bounty_madera,31/12/2023 0:00,16/12/2023 0:00,13,14,5,6.7687604,605.09,605.09
16/12/2023 14:00,bounty_madera,31/12/2023 0:00,16/12/2023 0:00,14,15,5,7.141785417,599.306,599.306
16/12/2023 15:00,bounty_madera,31/12/2023 0:00,16/12/2023 0:00,15,16,5,5.670591225,590.252,590.252
16/12/2023 16:00,bounty_madera,31/12/2023 0:00,16/12/2023 0:00,16,17,5,4.320508367,583.421,583.421
16/12/2023 17:00,bounty_madera,31/12/2023 0:00,16/12/2023 0:00,17,18,5,7.274693558,564.073,564.073
16/12/2023 18:00,bounty_madera,31/12/2023 0:00,16/12/2023 0:00,18,19,5,5.6345068,534.094,534.094
16/12/2023 19:00,bounty_madera,31/12/2023 0:00,16/12/2023 0:00,19,20,5,4.414749575,495.181,495.181
16/12/2023 20:00,bounty_madera,31/12/2023 0:00,16/12/2023 0:00,20,21,5,4.37049715,503.684,503.684
16/12/2023 21:00,bounty_madera,31/12/2023 0:00,16/12/2023 0:00,21,22,5,6.700136808,520.001,520.001
16/12/2023 22:00,bounty_madera,31/12/2023 0:00,16/12/2023 0:00,22,23,5,7.690856742,503.362,503.362
16/12/2023 23:00,bounty_madera,31/12/2023 0:00,16/12/2023 0:00,23,24,5,7.465424467,503.816,503.816
17/12/2023 0:00,bounty_madera,31/12/2023 0:00,17/12/2023 0:00,0,1,6,4.152590083,478.916,478.916
17/12/2023 1:00,bounty_madera,31/12/2023 0:00,17/12/2023 0:00,1,2,6,3.6262944,437.766,437.766
17/12/2023 2:00,bounty_madera,31/12/2023 0:00,17/12/2023 0:00,2,3,6,3.21605265,397.291,397.291
17/12/2023 3:00,bounty_madera,31/12/2023 0:00,17/12/2023 0:00,3,4,6,3.159104542,367.599,367.599
17/12/2023 4:00,bounty_madera,31/12/2023 0:00,17/12/2023 0:00,4,5,6,3.009196825,400.239,400.239
17/12/2023 5:00,bounty_madera,31/12/2023 0:00,17/12/2023 0:00,5,6,6,2.817524242,397.185,397.185
17/12/2023 6:00,bounty_madera,31/12/2023 0:00,17/12/2023 0:00,6,7,6,2.746094925,424.848,424.848
17/12/2023 7:00,bounty_madera,31/12/2023 0:00,17/12/2023 0:00,7,8,6,2.755383975,512.104,512.104
17/12/2023 8:00,bounty_madera,31/12/2023 0:00,17/12/2023 0:00,8,9,6,2.863338092,534.92,534.92
17/12/2023 9:00,bounty_madera,31/12/2023 0:00,17/12/2023 0:00,9,10,6,2.252467383,561.426,561.426
17/12/2023 10:00,bounty_madera,31/12/2023 0:00,17/12/2023 0:00,10,11,6,2.8844323,566.463,566.463
17/12/2023 11:00,bounty_madera,31/12/2023 0:00,17/12/2023 0:00,11,12,6,2.515047692,567.104,567.104
17/12/2023 12:00,bounty_madera,31/12/2023 0:00,17/12/2023 0:00,12,13,6,2.72103165,583.665,583.665
17/12/2023 13:00,bounty_madera,31/12/2023 0:00,17/12/2023 0:00,13,14,6,2.811050217,591.206,591.206
17/12/2023 14:00,bounty_madera,31/12/2023 0:00,17/12/2023 0:00,14,15,6,3.097828383,586.827,586.827
17/12/2023 15:00,bounty_madera,31/12/2023 0:00,17/12/2023 0:00,15,16,6,3.221096642,567.718,567.718
17/12/2023 16:00,bounty_madera,31/12/2023 0:00,17/12/2023 0:00,16,17,6,3.36893785,561.603,561.603
17/12/2023 17:00,bounty_madera,31/12/2023 0:00,17/12/2023 0:00,17,18,6,5.322090183,538.204,538.204
17/12/2023 18:00,bounty_madera,31/12/2023 0:00,17/12/2023 0:00,18,19,6,4.903943692,512.572,512.572
17/12/2023 19:00,bounty_madera,31/12/2023 0:00,17/12/2023 0:00,19,20,6,4.065946017,505.469,505.469
17/12/2023 20:00,bounty_madera,31/12/2023 0:00,17/12/2023 0:00,20,21,6,4.041705167,493.915,493.915
17/12/2023 21:00,bounty_madera,31/12/2023 0:00,17/12/2023 0:00,21,22,6,6.029773833,505.046,505.046
17/12/2023 22:00,bounty_madera,31/12/2023 0:00,17/12/2023 0:00,22,23,6,5.360406492,503.696,503.696
17/12/2023 23:00,bounty_madera,31/12/2023 0:00,17/12/2023 0:00,23,24,6,3.846930575,526.26,526.26
18/12/2023 0:00,bounty_madera,31/12/2023 0:00,18/12/2023 0:00,0,1,0,3.993720883,516.78,516.78
18/12/2023 1:00,bounty_madera,31/12/2023 0:00,18/12/2023 0:00,1,2,0,3.768588858,489.3,489.3
18/12/2023 2:00,bounty_madera,31/12/2023 0:00,18/12/2023 0:00,2,3,0,3.445070842,446.704,446.704
18/12/2023 3:00,bounty_madera,31/12/2023 0:00,18/12/2023 0:00,3,4,0,3.186448717,416.597,416.597
18/12/2023 4:00,bounty_madera,31/12/2023 0:00,18/12/2023 0:00,4,5,0,3.289784792,416.842,416.842
18/12/2023 5:00,bounty_madera,31/12/2023 0:00,18/12/2023 0:00,5,6,0,3.355049892,396.055,396.055
18/12/2023 6:00,bounty_madera,31/12/2023 0:00,18/12/2023 0:00,6,7,0,2.597498208,401.354,401.354
18/12/2023 7:00,bounty_madera,31/12/2023 0:00,18/12/2023 0:00,7,8,0,3.812005275,510.809,510.809
18/12/2023 8:00,bounty_madera,31/12/2023 0:00,18/12/2023 0:00,8,9,0,4.653315533,534.239,534.239
18/12/2023 9:00,bounty_madera,31/12/2023 0:00,18/12/2023 0:00,9,10,0,4.406511558,570.116,570.116
18/12/2023 10:00,bounty_madera,31/12/2023 0:00,18/12/2023 0:00,10,11,0,4.7517886,565.038,565.038
18/12/2023 11:00,bounty_madera,31/12/2023 0:00,18/12/2023 0:00,11,12,0,6.140760875,577.542,577.542
18/12/2023 12:00,bounty_madera,31/12/2023 0:00,18/12/2023 0:00,12,13,0,4.730317617,561.33,561.33
18/12/2023 13:00,bounty_madera,31/12/2023 0:00,18/12/2023 0:00,13,14,0,6.894119167,600.647,600.647
18/12/2023 14:00,bounty_madera,31/12/2023 0:00,18/12/2023 0:00,14,15,0,5.883388775,580.318,580.318
18/12/2023 15:00,bounty_madera,31/12/2023 0:00,18/12/2023 0:00,15,16,0,5.711845733,588.87,588.87
18/12/2023 16:00,bounty_madera,31/12/2023 0:00,18/12/2023 0:00,16,17,0,4.809382075,592.837,592.837
18/12/2023 17:00,bounty_madera,31/12/2023 0:00,18/12/2023 0:00,17,18,0,11.56815719,569.15,569.15
18/12/2023 18:00,bounty_madera,31/12/2023 0:00,18/12/2023 0:00,18,19,0,6.395083283,540.703,540.703
18/12/2023 19:00,bounty_madera,31/12/2023 0:00,18/12/2023 0:00,19,20,0,4.928041475,508.809,508.809
18/12/2023 20:00,bounty_madera,31/12/2023 0:00,18/12/2023 0:00,20,21,0,7.653911617,459.408,459.408
18/12/2023 21:00,bounty_madera,31/12/2023 0:00,18/12/2023 0:00,21,22,0,11.01367473,444.868,444.868
18/12/2023 22:00,bounty_madera,31/12/2023 0:00,18/12/2023 0:00,22,23,0,7.629378392,445.676,445.676
18/12/2023 23:00,bounty_madera,31/12/2023 0:00,18/12/2023 0:00,23,24,0,5.7709136,453.88,453.88
19/12/2023 0:00,bounty_madera,31/12/2023 0:00,19/12/2023 0:00,0,1,1,4.180931342,413.207,413.207
19/12/2023 1:00,bounty_madera,31/12/2023 0:00,19/12/2023 0:00,1,2,1,4.617333517,349.63,349.63
19/12/2023 2:00,bounty_madera,31/12/2023 0:00,19/12/2023 0:00,2,3,1,4.043424725,327.792,327.792
19/12/2023 3:00,bounty_madera,31/12/2023 0:00,19/12/2023 0:00,3,4,1,4.369784625,305.285,305.285
19/12/2023 4:00,bounty_madera,31/12/2023 0:00,19/12/2023 0:00,4,5,1,4.322362717,322.219,322.219
19/12/2023 5:00,bounty_madera,31/12/2023 0:00,19/12/2023 0:00,5,6,1,3.608265275,360.304,360.304
19/12/2023 6:00,bounty_madera,31/12/2023 0:00,19/12/2023 0:00,6,7,1,3.524300783,404.222,404.222
19/12/2023 7:00,bounty_madera,31/12/2023 0:00,19/12/2023 0:00,7,8,1,3.977022792,465.075,465.075
19/12/2023 8:00,bounty_madera,31/12/2023 0:00,19/12/2023 0:00,8,9,1,4.313103983,535.701,535.701
19/12/2023 9:00,bounty_madera,31/12/2023 0:00,19/12/2023 0:00,9,10,1,3.838614333,605.323,605.323
19/12/2023 10:00,bounty_madera,31/12/2023 0:00,19/12/2023 0:00,10,11,1,4.02579485,374.804,374.804
19/12/2023 11:00,bounty_madera,31/12/2023 0:00,19/12/2023 0:00,11,12,1,3.928096192,476.747,476.747
19/12/2023 12:00,bounty_madera,31/12/2023 0:00,19/12/2023 0:00,12,13,1,3.479673658,587.797,587.797
19/12/2023 13:00,bounty_madera,31/12/2023 0:00,19/12/2023 0:00,13,14,1,4.838257142,618.418,618.418
19/12/2023 14:00,bounty_madera,31/12/2023 0:00,19/12/2023 0:00,14,15,1,4.538615933,609.455,609.455
19/12/2023 15:00,bounty_madera,31/12/2023 0:00,19/12/2023 0:00,15,16,1,4.695865108,596.038,596.038
19/12/2023 16:00,bounty_madera,31/12/2023 0:00,19/12/2023 0:00,16,17,1,4.698330342,615.295,615.295
19/12/2023 17:00,bounty_madera,31/12/2023 0:00,19/12/2023 0:00,17,18,1,7.515342975,597.268,597.268
19/12/2023 18:00,bounty_madera,31/12/2023 0:00,19/12/2023 0:00,18,19,1,5.364832958,561.196,561.196
19/12/2023 19:00,bounty_madera,31/12/2023 0:00,19/12/2023 0:00,19,20,1,4.627565458,541.221,541.221
19/12/2023 20:00,bounty_madera,31/12/2023 0:00,19/12/2023 0:00,20,21,1,7.375964392,516.049,516.049
19/12/2023 21:00,bounty_madera,31/12/2023 0:00,19/12/2023 0:00,21,22,1,11.05878605,448.019,448.019
19/12/2023 22:00,bounty_madera,31/12/2023 0:00,19/12/2023 0:00,22,23,1,7.683833992,435.321,435.321
19/12/2023 23:00,bounty_madera,31/12/2023 0:00,19/12/2023 0:00,23,24,1,4.097065583,445.671,445.671
20/12/2023 0:00,bounty_madera,31/12/2023 0:00,20/12/2023 0:00,0,1,2,3.84840625,397.24,397.24
20/12/2023 1:00,bounty_madera,31/12/2023 0:00,20/12/2023 0:00,1,2,2,3.919247717,358.512,358.512
20/12/2023 2:00,bounty_madera,31/12/2023 0:00,20/12/2023 0:00,2,3,2,3.771811442,337.433,337.433
20/12/2023 3:00,bounty_madera,31/12/2023 0:00,20/12/2023 0:00,3,4,2,3.755456208,340.78,340.78
20/12/2023 4:00,bounty_madera,31/12/2023 0:00,20/12/2023 0:00,4,5,2,3.97533945,365.631,365.631
20/12/2023 5:00,bounty_madera,31/12/2023 0:00,20/12/2023 0:00,5,6,2,3.745580167,400.914,400.914
20/12/2023 6:00,bounty_madera,31/12/2023 0:00,20/12/2023 0:00,6,7,2,3.44254,410.198,410.198
20/12/2023 7:00,bounty_madera,31/12/2023 0:00,20/12/2023 0:00,7,8,2,3.764341225,494.218,494.218
20/12/2023 8:00,bounty_madera,31/12/2023 0:00,20/12/2023 0:00,8,9,2,7.111686425,570.54,570.54
20/12/2023 9:00,bounty_madera,31/12/2023 0:00,20/12/2023 0:00,9,10,2,8.629193108,571.053,571.053
20/12/2023 10:00,bounty_madera,31/12/2023 0:00,20/12/2023 0:00,10,11,2,5.476193617,596.954,596.954
20/12/2023 11:00,bounty_madera,31/12/2023 0:00,20/12/2023 0:00,11,12,2,12.05090182,595.769,595.769
20/12/2023 12:00,bounty_madera,31/12/2023 0:00,20/12/2023 0:00,12,13,2,4.728183125,615.648,615.648
20/12/2023 13:00,bounty_madera,31/12/2023 0:00,20/12/2023 0:00,13,14,2,9.364247917,636.72,636.72
20/12/2023 14:00,bounty_madera,31/12/2023 0:00,20/12/2023 0:00,14,15,2,16.37689747,618.442,618.442
20/12/2023 15:00,bounty_madera,31/12/2023 0:00,20/12/2023 0:00,15,16,2,13.96919773,603.595,603.595
20/12/2023 16:00,bounty_madera,31/12/2023 0:00,20/12/2023 0:00,16,17,2,16.98205608,609.124,609.124
20/12/2023 17:00,bounty_madera,31/12/2023 0:00,20/12/2023 0:00,17,18,2,17.06450103,610.117,610.117
20/12/2023 18:00,bounty_madera,31/12/2023 0:00,20/12/2023 0:00,18,19,2,18.20501781,580.876,580.876
20/12/2023 19:00,bounty_madera,31/12/2023 0:00,20/12/2023 0:00,19,20,2,9.65057615,536.614,536.614
20/12/2023 20:00,bounty_madera,31/12/2023 0:00,20/12/2023 0:00,20,21,2,18.88834632,517.056,517.056
20/12/2023 21:00,bounty_madera,31/12/2023 0:00,20/12/2023 0:00,21,22,2,29.67558034,530.44,530.44
20/12/2023 22:00,bounty_madera,31/12/2023 0:00,20/12/2023 0:00,22,23,2,11.67529003,521.232,521.232
20/12/2023 23:00,bounty_madera,31/12/2023 0:00,20/12/2023 0:00,23,24,2,7.581056517,519.314,519.314
21/12/2023 0:00,bounty_madera,31/12/2023 0:00,21/12/2023 0:00,0,1,3,7.0430302,467.348,467.348
21/12/2023 1:00,bounty_madera,31/12/2023 0:00,21/12/2023 0:00,1,2,3,4.566325783,417.057,417.057
21/12/2023 2:00,bounty_madera,31/12/2023 0:00,21/12/2023 0:00,2,3,3,4.548280625,394.783,394.783
21/12/2023 3:00,bounty_madera,31/12/2023 0:00,21/12/2023 0:00,3,4,3,3.963294792,379.807,379.807
21/12/2023 4:00,bounty_madera,31/12/2023 0:00,21/12/2023 0:00,4,5,3,4.295564192,387.064,387.064
21/12/2023 5:00,bounty_madera,31/12/2023 0:00,21/12/2023 0:00,5,6,3,3.872156042,376.857,376.857
21/12/2023 6:00,bounty_madera,31/12/2023 0:00,21/12/2023 0:00,6,7,3,3.453270608,408.862,408.862
21/12/2023 7:00,bounty_madera,31/12/2023 0:00,21/12/2023 0:00,7,8,3,4.044812175,483.062,483.062
21/12/2023 8:00,bounty_madera,31/12/2023 0:00,21/12/2023 0:00,8,9,3,5.721056767,555.648,555.648
21/12/2023 9:00,bounty_madera,31/12/2023 0:00,21/12/2023 0:00,9,10,3,6.356823508,590.159,590.159
21/12/2023 10:00,bounty_madera,31/12/2023 0:00,21/12/2023 0:00,10,11,3,8.0716902,595.715,595.715
21/12/2023 11:00,bounty_madera,31/12/2023 0:00,21/12/2023 0:00,11,12,3,6.076097083,573.254,573.254
21/12/2023 12:00,bounty_madera,31/12/2023 0:00,21/12/2023 0:00,12,13,3,4.773533983,602.957,602.957
21/12/2023 13:00,bounty_madera,31/12/2023 0:00,21/12/2023 0:00,13,14,3,8.320873475,617.392,617.392
21/12/2023 14:00,bounty_madera,31/12/2023 0:00,21/12/2023 0:00,14,15,3,9.7508838,614.88,614.88
21/12/2023 15:00,bounty_madera,31/12/2023 0:00,21/12/2023 0:00,15,16,3,10.00701282,612.106,612.106
21/12/2023 16:00,bounty_madera,31/12/2023 0:00,21/12/2023 0:00,16,17,3,8.421341875,616.971,616.971
21/12/2023 17:00,bounty_madera,31/12/2023 0:00,21/12/2023 0:00,17,18,3,10.50739686,607.348,607.348
21/12/2023 18:00,bounty_madera,31/12/2023 0:00,21/12/2023 0:00,18,19,3,10.9723097,566.611,566.611
21/12/2023 19:00,bounty_madera,31/12/2023 0:00,21/12/2023 0:00,19,20,3,5.500814342,548.534,548.534
21/12/2023 20:00,bounty_madera,31/12/2023 0:00,21/12/2023 0:00,20,21,3,5.7192529,538.004,538.004
21/12/2023 21:00,bounty_madera,31/12/2023 0:00,21/12/2023 0:00,21,22,3,14.87297898,534.023,534.023
21/12/2023 22:00,bounty_madera,31/12/2023 0:00,21/12/2023 0:00,22,23,3,7.233581767,526.763,526.763
21/12/2023 23:00,bounty_madera,31/12/2023 0:00,21/12/2023 0:00,23,24,3,4.903099358,506.188,506.188
22/12/2023 0:00,bounty_madera,31/12/2023 0:00,22/12/2023 0:00,0,1,4,4.525746367,503.439,503.439
22/12/2023 1:00,bounty_madera,31/12/2023 0:00,22/12/2023 0:00,1,2,4,4.290342983,445.565,445.565
22/12/2023 2:00,bounty_madera,31/12/2023 0:00,22/12/2023 0:00,2,3,4,4.053939242,431.06,431.06
22/12/2023 3:00,bounty_madera,31/12/2023 0:00,22/12/2023 0:00,3,4,4,3.615638833,413.17,413.17
22/12/2023 4:00,bounty_madera,31/12/2023 0:00,22/12/2023 0:00,4,5,4,3.315582133,419.982,419.982
22/12/2023 5:00,bounty_madera,31/12/2023 0:00,22/12/2023 0:00,5,6,4,3.206203775,424.738,424.738
22/12/2023 6:00,bounty_madera,31/12/2023 0:00,22/12/2023 0:00,6,7,4,3.276910483,423.355,423.355
22/12/2023 7:00,bounty_madera,31/12/2023 0:00,22/12/2023 0:00,7,8,4,3.748190767,458.005,458.005
22/12/2023 8:00,bounty_madera,31/12/2023 0:00,22/12/2023 0:00,8,9,4,3.99788645,532.283,532.283
22/12/2023 9:00,bounty_madera,31/12/2023 0:00,22/12/2023 0:00,9,10,4,4.266546492,532.237,532.237
22/12/2023 10:00,bounty_madera,31/12/2023 0:00,22/12/2023 0:00,10,11,4,4.202952775,539.061,539.061
22/12/2023 11:00,bounty_madera,31/12/2023 0:00,22/12/2023 0:00,11,12,4,3.575363533,535.383,535.383
22/12/2023 12:00,bounty_madera,31/12/2023 0:00,22/12/2023 0:00,12,13,4,3.112683567,532.154,532.154
22/12/2023 13:00,bounty_madera,31/12/2023 0:00,22/12/2023 0:00,13,14,4,4.26759805,554.193,554.193
22/12/2023 14:00,bounty_madera,31/12/2023 0:00,22/12/2023 0:00,14,15,4,4.2333301,555.722,555.722
22/12/2023 15:00,bounty_madera,31/12/2023 0:00,22/12/2023 0:00,15,16,4,3.804914533,545.617,545.617
22/12/2023 16:00,bounty_madera,31/12/2023 0:00,22/12/2023 0:00,16,17,4,3.284395133,513.562,513.562
22/12/2023 17:00,bounty_madera,31/12/2023 0:00,22/12/2023 0:00,17,18,4,3.2444893,468.759,468.759
22/12/2023 18:00,bounty_madera,31/12/2023 0:00,22/12/2023 0:00,18,19,4,4.627698733,472.911,472.911
22/12/2023 19:00,bounty_madera,31/12/2023 0:00,22/12/2023 0:00,19,20,4,4.053869508,469.429,469.429
22/12/2023 20:00,bounty_madera,31/12/2023 0:00,22/12/2023 0:00,20,21,4,4.1441865,441.73,441.73
22/12/2023 21:00,bounty_madera,31/12/2023 0:00,22/12/2023 0:00,21,22,4,3.76889535,427.912,427.912
22/12/2023 22:00,bounty_madera,31/12/2023 0:00,22/12/2023 0:00,22,23,4,3.118240333,415.125,415.125
22/12/2023 23:00,bounty_madera,31/12/2023 0:00,22/12/2023 0:00,23,24,4,3.594389758,383.061,383.061
23/12/2023 0:00,bounty_madera,31/12/2023 0:00,23/12/2023 0:00,0,1,5,5.3721398,355.631,355.631
23/12/2023 1:00,bounty_madera,31/12/2023 0:00,23/12/2023 0:00,1,2,5,4.628247242,311.394,311.394
23/12/2023 2:00,bounty_madera,31/12/2023 0:00,23/12/2023 0:00,2,3,5,4.840783425,305.058,305.058
23/12/2023 3:00,bounty_madera,31/12/2023 0:00,23/12/2023 0:00,3,4,5,3.888648317,304.618,304.618
23/12/2023 4:00,bounty_madera,31/12/2023 0:00,23/12/2023 0:00,4,5,5,2.997729133,292.996,292.996
23/12/2023 5:00,bounty_madera,31/12/2023 0:00,23/12/2023 0:00,5,6,5,2.944575758,322.168,322.168
23/12/2023 6:00,bounty_madera,31/12/2023 0:00,23/12/2023 0:00,6,7,5,2.778442633,339.183,339.183
23/12/2023 7:00,bounty_madera,31/12/2023 0:00,23/12/2023 0:00,7,8,5,3.24357555,409.719,409.719
23/12/2023 8:00,bounty_madera,31/12/2023 0:00,23/12/2023 0:00,8,9,5,3.106090883,470.723,470.723
23/12/2023 9:00,bounty_madera,31/12/2023 0:00,23/12/2023 0:00,9,10,5,2.751646533,460.19,460.19
23/12/2023 10:00,bounty_madera,31/12/2023 0:00,23/12/2023 0:00,10,11,5,3.628563225,453.445,453.445
23/12/2023 11:00,bounty_madera,31/12/2023 0:00,23/12/2023 0:00,11,12,5,3.161602383,478.225,478.225
23/12/2023 12:00,bounty_madera,31/12/2023 0:00,23/12/2023 0:00,12,13,5,3.27811465,487.691,487.691
23/12/2023 13:00,bounty_madera,31/12/2023 0:00,23/12/2023 0:00,13,14,5,3.899695325,463.63,463.63
23/12/2023 14:00,bounty_madera,31/12/2023 0:00,23/12/2023 0:00,14,15,5,3.913972208,497.782,497.782
23/12/2023 15:00,bounty_madera,31/12/2023 0:00,23/12/2023 0:00,15,16,5,3.702370792,476.647,476.647
23/12/2023 16:00,bounty_madera,31/12/2023 0:00,23/12/2023 0:00,16,17,5,3.853762917,501.569,501.569
23/12/2023 17:00,bounty_madera,31/12/2023 0:00,23/12/2023 0:00,17,18,5,4.048038875,474.477,474.477
23/12/2023 18:00,bounty_madera,31/12/2023 0:00,23/12/2023 0:00,18,19,5,4.500762158,499.395,499.395
23/12/2023 19:00,bounty_madera,31/12/2023 0:00,23/12/2023 0:00,19,20,5,4.123496492,470.057,470.057
23/12/2023 20:00,bounty_madera,31/12/2023 0:00,23/12/2023 0:00,20,21,5,4.276116342,421.451,421.451
23/12/2023 21:00,bounty_madera,31/12/2023 0:00,23/12/2023 0:00,21,22,5,4.168710617,387.904,387.904
23/12/2023 22:00,bounty_madera,31/12/2023 0:00,23/12/2023 0:00,22,23,5,3.655294075,337.821,337.821
23/12/2023 23:00,bounty_madera,31/12/2023 0:00,23/12/2023 0:00,23,24,5,3.315272492,361.239,361.239
24/12/2023 0:00,bounty_madera,31/12/2023 0:00,24/12/2023 0:00,0,1,6,3.516598367,319.079,319.079
24/12/2023 1:00,bounty_madera,31/12/2023 0:00,24/12/2023 0:00,1,2,6,3.445904025,279.435,279.435
24/12/2023 2:00,bounty_madera,31/12/2023 0:00,24/12/2023 0:00,2,3,6,3.07942615,287.108,287.108
24/12/2023 3:00,bounty_madera,31/12/2023 0:00,24/12/2023 0:00,3,4,6,2.772160525,274.739,274.739
24/12/2023 4:00,bounty_madera,31/12/2023 0:00,24/12/2023 0:00,4,5,6,2.613207725,280.452,280.452
24/12/2023 5:00,bounty_madera,31/12/2023 0:00,24/12/2023 0:00,5,6,6,2.715887958,287.743,287.743
24/12/2023 6:00,bounty_madera,31/12/2023 0:00,24/12/2023 0:00,6,7,6,2.470921358,315.637,315.637
24/12/2023 7:00,bounty_madera,31/12/2023 0:00,24/12/2023 0:00,7,8,6,2.509421308,344.902,344.902
24/12/2023 8:00,bounty_madera,31/12/2023 0:00,24/12/2023 0:00,8,9,6,3.3660312,492.872,492.872
24/12/2023 9:00,bounty_madera,31/12/2023 0:00,24/12/2023 0:00,9,10,6,2.833025825,510.43,510.43
24/12/2023 10:00,bounty_madera,31/12/2023 0:00,24/12/2023 0:00,10,11,6,3.5404773,554.071,554.071
24/12/2023 11:00,bounty_madera,31/12/2023 0:00,24/12/2023 0:00,11,12,6,3.256276875,550.473,550.473
24/12/2023 12:00,bounty_madera,31/12/2023 0:00,24/12/2023 0:00,12,13,6,4.102889408,557.861,557.861
24/12/2023 13:00,bounty_madera,31/12/2023 0:00,24/12/2023 0:00,13,14,6,4.128052508,575.983,575.983
24/12/2023 14:00,bounty_madera,31/12/2023 0:00,24/12/2023 0:00,14,15,6,4.10605505,559.105,559.105
24/12/2023 15:00,bounty_madera,31/12/2023 0:00,24/12/2023 0:00,15,16,6,4.437339908,563.812,563.812
24/12/2023 16:00,bounty_madera,31/12/2023 0:00,24/12/2023 0:00,16,17,6,4.614498233,576.291,576.291
24/12/2023 17:00,bounty_madera,31/12/2023 0:00,24/12/2023 0:00,17,18,6,5.748271433,556.45,556.45
24/12/2023 18:00,bounty_madera,31/12/2023 0:00,24/12/2023 0:00,18,19,6,4.870069,534.186,534.186
24/12/2023 19:00,bounty_madera,31/12/2023 0:00,24/12/2023 0:00,19,20,6,4.460769475,500.635,500.635
24/12/2023 20:00,bounty_madera,31/12/2023 0:00,24/12/2023 0:00,20,21,6,3.36457425,475.923,475.923
24/12/2023 21:00,bounty_madera,31/12/2023 0:00,24/12/2023 0:00,21,22,6,3.614515317,488.24,488.24
24/12/2023 22:00,bounty_madera,31/12/2023 0:00,24/12/2023 0:00,22,23,6,3.565364417,479.841,479.841
24/12/2023 23:00,bounty_madera,31/12/2023 0:00,24/12/2023 0:00,23,24,6,3.785256792,457.044,457.044
25/12/2023 0:00,bounty_madera,31/12/2023 0:00,25/12/2023 0:00,0,1,0,3.141966742,402.472,402.472
25/12/2023 1:00,bounty_madera,31/12/2023 0:00,25/12/2023 0:00,1,2,0,3.18704195,348.862,348.862
25/12/2023 2:00,bounty_madera,31/12/2023 0:00,25/12/2023 0:00,2,3,0,3.0220059,308.859,308.859
25/12/2023 3:00,bounty_madera,31/12/2023 0:00,25/12/2023 0:00,3,4,0,3.107937625,282.247,282.247
25/12/2023 4:00,bounty_madera,31/12/2023 0:00,25/12/2023 0:00,4,5,0,3.07564085,274.066,274.066
25/12/2023 5:00,bounty_madera,31/12/2023 0:00,25/12/2023 0:00,5,6,0,2.712977992,294.482,294.482
25/12/2023 6:00,bounty_madera,31/12/2023 0:00,25/12/2023 0:00,6,7,0,1.79358205,301.236,301.236
25/12/2023 7:00,bounty_madera,31/12/2023 0:00,25/12/2023 0:00,7,8,0,1.713854992,333.254,333.254
25/12/2023 8:00,bounty_madera,31/12/2023 0:00,25/12/2023 0:00,8,9,0,0.227221783,493.873,493.873
25/12/2023 9:00,bounty_madera,31/12/2023 0:00,25/12/2023 0:00,9,10,0,0.241922758,517.386,517.386
25/12/2023 10:00,bounty_madera,31/12/2023 0:00,25/12/2023 0:00,10,11,0,0.405367492,546.457,546.457
25/12/2023 11:00,bounty_madera,31/12/2023 0:00,25/12/2023 0:00,11,12,0,1.380048267,547.562,547.562
25/12/2023 12:00,bounty_madera,31/12/2023 0:00,25/12/2023 0:00,12,13,0,-8.58E-07,566.18,566.18
25/12/2023 13:00,bounty_madera,31/12/2023 0:00,25/12/2023 0:00,13,14,0,2.674080725,592.649,592.649
25/12/2023 14:00,bounty_madera,31/12/2023 0:00,25/12/2023 0:00,14,15,0,2.576836942,581.306,581.306
25/12/2023 15:00,bounty_madera,31/12/2023 0:00,25/12/2023 0:00,15,16,0,3.386852075,573.868,573.868
25/12/2023 16:00,bounty_madera,31/12/2023 0:00,25/12/2023 0:00,16,17,0,3.184547642,587.622,587.622
25/12/2023 17:00,bounty_madera,31/12/2023 0:00,25/12/2023 0:00,17,18,0,3.372200267,550.685,550.685
25/12/2023 18:00,bounty_madera,31/12/2023 0:00,25/12/2023 0:00,18,19,0,3.704288075,521.434,521.434
25/12/2023 19:00,bounty_madera,31/12/2023 0:00,25/12/2023 0:00,19,20,0,3.308211233,501.326,501.326
25/12/2023 20:00,bounty_madera,31/12/2023 0:00,25/12/2023 0:00,20,21,0,3.306490367,460.029,460.029
25/12/2023 21:00,bounty_madera,31/12/2023 0:00,25/12/2023 0:00,21,22,0,3.347579558,424.909,424.909
25/12/2023 22:00,bounty_madera,31/12/2023 0:00,25/12/2023 0:00,22,23,0,3.525959058,395.423,395.423
25/12/2023 23:00,bounty_madera,31/12/2023 0:00,25/12/2023 0:00,23,24,0,3.094259775,383.737,383.737
26/12/2023 0:00,bounty_madera,31/01/2024 0:00,26/12/2023 0:00,0,1,1,4.746007217,344.976,344.976
26/12/2023 1:00,bounty_madera,31/01/2024 0:00,26/12/2023 0:00,1,2,1,3.235379125,311.332,311.332
26/12/2023 2:00,bounty_madera,31/01/2024 0:00,26/12/2023 0:00,2,3,1,1.44592225,306.844,306.844
26/12/2023 3:00,bounty_madera,31/01/2024 0:00,26/12/2023 0:00,3,4,1,2.916392025,308.751,308.751
26/12/2023 4:00,bounty_madera,31/01/2024 0:00,26/12/2023 0:00,4,5,1,3.473601442,328.499,328.499
26/12/2023 5:00,bounty_madera,31/01/2024 0:00,26/12/2023 0:00,5,6,1,3.7214035,353.132,353.132
26/12/2023 6:00,bounty_madera,31/01/2024 0:00,26/12/2023 0:00,6,7,1,3.828536325,383.264,383.264
26/12/2023 7:00,bounty_madera,31/01/2024 0:00,26/12/2023 0:00,7,8,1,2.444356567,449.316,449.316
26/12/2023 8:00,bounty_madera,31/01/2024 0:00,26/12/2023 0:00,8,9,1,2.450707233,520.557,520.557
26/12/2023 9:00,bounty_madera,31/01/2024 0:00,26/12/2023 0:00,9,10,1,2.396386433,545.575,545.575
26/12/2023 10:00,bounty_madera,31/01/2024 0:00,26/12/2023 0:00,10,11,1,3.175109325,549.325,549.325
26/12/2023 11:00,bounty_madera,31/01/2024 0:00,26/12/2023 0:00,11,12,1,3.280941583,548.362,548.362
26/12/2023 12:00,bounty_madera,31/01/2024 0:00,26/12/2023 0:00,12,13,1,2.939867333,571.641,571.641
26/12/2023 13:00,bounty_madera,31/01/2024 0:00,26/12/2023 0:00,13,14,1,3.197140242,592.554,592.554
26/12/2023 14:00,bounty_madera,31/01/2024 0:00,26/12/2023 0:00,14,15,1,3.0093756,573.613,573.613
26/12/2023 15:00,bounty_madera,31/01/2024 0:00,26/12/2023 0:00,15,16,1,2.946562533,559.307,559.307
26/12/2023 16:00,bounty_madera,31/01/2024 0:00,26/12/2023 0:00,16,17,1,3.362994267,574.731,574.731
26/12/2023 17:00,bounty_madera,31/01/2024 0:00,26/12/2023 0:00,17,18,1,4.551968983,536.587,536.587
26/12/2023 18:00,bounty_madera,31/01/2024 0:00,26/12/2023 0:00,18,19,1,7.110761858,515.882,515.882
26/12/2023 19:00,bounty_madera,31/01/2024 0:00,26/12/2023 0:00,19,20,1,3.616616058,499.732,499.732
26/12/2023 20:00,bounty_madera,31/01/2024 0:00,26/12/2023 0:00,20,21,1,3.800268225,497.956,497.956
26/12/2023 21:00,bounty_madera,31/01/2024 0:00,26/12/2023 0:00,21,22,1,7.285832633,500.753,500.753
26/12/2023 22:00,bounty_madera,31/01/2024 0:00,26/12/2023 0:00,22,23,1,4.417146675,507.326,507.326
26/12/2023 23:00,bounty_madera,31/01/2024 0:00,26/12/2023 0:00,23,24,1,4.208372567,499.216,499.216
27/12/2023 0:00,bounty_madera,31/01/2024 0:00,27/12/2023 0:00,0,1,2,3.463617967,497.218,497.218
27/12/2023 1:00,bounty_madera,31/01/2024 0:00,27/12/2023 0:00,1,2,2,3.036382342,422.156,422.156
27/12/2023 2:00,bounty_madera,31/01/2024 0:00,27/12/2023 0:00,2,3,2,1.878171442,400.432,400.432
27/12/2023 3:00,bounty_madera,31/01/2024 0:00,27/12/2023 0:00,3,4,2,2.540350733,356.132,356.132
27/12/2023 4:00,bounty_madera,31/01/2024 0:00,27/12/2023 0:00,4,5,2,2.54311585,349.331,349.331
27/12/2023 5:00,bounty_madera,31/01/2024 0:00,27/12/2023 0:00,5,6,2,2.694947442,352.744,352.744
27/12/2023 6:00,bounty_madera,31/01/2024 0:00,27/12/2023 0:00,6,7,2,2.793530917,350.179,350.179
27/12/2023 7:00,bounty_madera,31/01/2024 0:00,27/12/2023 0:00,7,8,2,4.373800317,446.573,446.573
27/12/2023 8:00,bounty_madera,31/01/2024 0:00,27/12/2023 0:00,8,9,2,4.010825492,505.306,505.306
27/12/2023 9:00,bounty_madera,31/01/2024 0:00,27/12/2023 0:00,9,10,2,4.091737808,539.909,539.909
27/12/2023 10:00,bounty_madera,31/01/2024 0:00,27/12/2023 0:00,10,11,2,4.31872015,532.577,532.577
27/12/2023 11:00,bounty_madera,31/01/2024 0:00,27/12/2023 0:00,11,12,2,3.625999083,531.741,531.741
27/12/2023 12:00,bounty_madera,31/01/2024 0:00,27/12/2023 0:00,12,13,2,3.408324558,554.245,554.245
27/12/2023 13:00,bounty_madera,31/01/2024 0:00,27/12/2023 0:00,13,14,2,4.894779933,590.872,590.872
27/12/2023 14:00,bounty_madera,31/01/2024 0:00,27/12/2023 0:00,14,15,2,4.22586195,566.525,566.525
27/12/2023 15:00,bounty_madera,31/01/2024 0:00,27/12/2023 0:00,15,16,2,5.07737225,574.72,574.72
27/12/2023 16:00,bounty_madera,31/01/2024 0:00,27/12/2023 0:00,16,17,2,4.275038967,596.753,596.753
27/12/2023 17:00,bounty_madera,31/01/2024 0:00,27/12/2023 0:00,17,18,2,5.581495292,575.85,575.85
27/12/2023 18:00,bounty_madera,31/01/2024 0:00,27/12/2023 0:00,18,19,2,5.325469917,545.678,545.678
27/12/2023 19:00,bounty_madera,31/01/2024 0:00,27/12/2023 0:00,19,20,2,4.417701492,505.776,505.776
27/12/2023 20:00,bounty_madera,31/01/2024 0:00,27/12/2023 0:00,20,21,2,4.682359708,492.056,492.056
27/12/2023 21:00,bounty_madera,31/01/2024 0:00,27/12/2023 0:00,21,22,2,8.223137633,473.541,473.541
27/12/2023 22:00,bounty_madera,31/01/2024 0:00,27/12/2023 0:00,22,23,2,3.73429545,458.93,458.93
27/12/2023 23:00,bounty_madera,31/01/2024 0:00,27/12/2023 0:00,23,24,2,3.700254483,452.122,452.122
28/12/2023 0:00,bounty_madera,31/01/2024 0:00,28/12/2023 0:00,0,1,3,3.760381325,417.391,417.391
28/12/2023 1:00,bounty_madera,31/01/2024 0:00,28/12/2023 0:00,1,2,3,3.742688425,347.746,347.746
28/12/2023 2:00,bounty_madera,31/01/2024 0:00,28/12/2023 0:00,2,3,3,3.473917283,315.731,315.731
28/12/2023 3:00,bounty_madera,31/01/2024 0:00,28/12/2023 0:00,3,4,3,3.4446533,310.952,310.952
28/12/2023 4:00,bounty_madera,31/01/2024 0:00,28/12/2023 0:00,4,5,3,3.510351017,326.246,326.246
28/12/2023 5:00,bounty_madera,31/01/2024 0:00,28/12/2023 0:00,5,6,3,3.701524683,337.786,337.786
28/12/2023 6:00,bounty_madera,31/01/2024 0:00,28/12/2023 0:00,6,7,3,3.680183008,355.858,355.858
28/12/2023 7:00,bounty_madera,31/01/2024 0:00,28/12/2023 0:00,7,8,3,3.346919633,459.384,459.384
28/12/2023 8:00,bounty_madera,31/01/2024 0:00,28/12/2023 0:00,8,9,3,3.190059775,537.44,537.44
28/12/2023 9:00,bounty_madera,31/01/2024 0:00,28/12/2023 0:00,9,10,3,3.02101365,540.888,540.888
28/12/2023 10:00,bounty_madera,31/01/2024 0:00,28/12/2023 0:00,10,11,3,3.445582892,570.301,570.301
28/12/2023 11:00,bounty_madera,31/01/2024 0:00,28/12/2023 0:00,11,12,3,3.426162183,562.974,562.974
28/12/2023 12:00,bounty_madera,31/01/2024 0:00,28/12/2023 0:00,12,13,3,2.998751217,590.113,590.113
28/12/2023 13:00,bounty_madera,31/01/2024 0:00,28/12/2023 0:00,13,14,3,4.946356575,614.016,614.016
28/12/2023 14:00,bounty_madera,31/01/2024 0:00,28/12/2023 0:00,14,15,3,4.395808992,579.445,579.445
28/12/2023 15:00,bounty_madera,31/01/2024 0:00,28/12/2023 0:00,15,16,3,4.568420733,576.236,576.236
28/12/2023 16:00,bounty_madera,31/01/2024 0:00,28/12/2023 0:00,16,17,3,4.0874887,590.297,590.297
28/12/2023 17:00,bounty_madera,31/01/2024 0:00,28/12/2023 0:00,17,18,3,4.099635733,535.554,535.554
28/12/2023 18:00,bounty_madera,31/01/2024 0:00,28/12/2023 0:00,18,19,3,4.584619317,488.993,488.993
28/12/2023 19:00,bounty_madera,31/01/2024 0:00,28/12/2023 0:00,19,20,3,4.559587467,467.469,467.469
28/12/2023 20:00,bounty_madera,31/01/2024 0:00,28/12/2023 0:00,20,21,3,4.016662333,462.74,462.74
28/12/2023 21:00,bounty_madera,31/01/2024 0:00,28/12/2023 0:00,21,22,3,5.065217558,446.575,446.575
28/12/2023 22:00,bounty_madera,31/01/2024 0:00,28/12/2023 0:00,22,23,3,3.51974875,419.127,419.127
28/12/2023 23:00,bounty_madera,31/01/2024 0:00,28/12/2023 0:00,23,24,3,2.856129467,405.257,405.257
29/12/2023 0:00,bounty_madera,31/01/2024 0:00,29/12/2023 0:00,0,1,4,3.429900383,352.247,352.247
29/12/2023 1:00,bounty_madera,31/01/2024 0:00,29/12/2023 0:00,1,2,4,3.672921292,298.379,298.379
29/12/2023 2:00,bounty_madera,31/01/2024 0:00,29/12/2023 0:00,2,3,4,3.0781175,293.831,293.831
29/12/2023 3:00,bounty_madera,31/01/2024 0:00,29/12/2023 0:00,3,4,4,2.847710367,290.534,290.534
29/12/2023 4:00,bounty_madera,31/01/2024 0:00,29/12/2023 0:00,4,5,4,2.818852625,301.901,301.901
29/12/2023 5:00,bounty_madera,31/01/2024 0:00,29/12/2023 0:00,5,6,4,3.177447133,305.085,305.085
29/12/2023 6:00,bounty_madera,31/01/2024 0:00,29/12/2023 0:00,6,7,4,3.548034792,323.223,323.223
29/12/2023 7:00,bounty_madera,31/01/2024 0:00,29/12/2023 0:00,7,8,4,2.846230975,362.213,362.213
29/12/2023 8:00,bounty_madera,31/01/2024 0:00,29/12/2023 0:00,8,9,4,2.991363442,517.646,517.646
29/12/2023 9:00,bounty_madera,31/01/2024 0:00,29/12/2023 0:00,9,10,4,2.59599595,527.078,527.078
29/12/2023 10:00,bounty_madera,31/01/2024 0:00,29/12/2023 0:00,10,11,4,3.688387767,543.155,543.155
29/12/2023 11:00,bounty_madera,31/01/2024 0:00,29/12/2023 0:00,11,12,4,3.655064742,540.725,540.725
29/12/2023 12:00,bounty_madera,31/01/2024 0:00,29/12/2023 0:00,12,13,4,3.627438858,554.114,554.114
29/12/2023 13:00,bounty_madera,31/01/2024 0:00,29/12/2023 0:00,13,14,4,4.0446351,580.596,580.596
29/12/2023 14:00,bounty_madera,31/01/2024 0:00,29/12/2023 0:00,14,15,4,4.332494658,599.978,599.978
29/12/2023 15:00,bounty_madera,31/01/2024 0:00,29/12/2023 0:00,15,16,4,4.479977017,570.025,570.025
29/12/2023 16:00,bounty_madera,31/01/2024 0:00,29/12/2023 0:00,16,17,4,4.085925533,589.571,589.571
29/12/2023 17:00,bounty_madera,31/01/2024 0:00,29/12/2023 0:00,17,18,4,3.875877167,562.556,562.556
29/12/2023 18:00,bounty_madera,31/01/2024 0:00,29/12/2023 0:00,18,19,4,5.054651167,516.844,516.844
29/12/2023 19:00,bounty_madera,31/01/2024 0:00,29/12/2023 0:00,19,20,4,3.953997083,482.055,482.055
29/12/2023 20:00,bounty_madera,31/01/2024 0:00,29/12/2023 0:00,20,21,4,4.166005508,470.257,470.257
29/12/2023 21:00,bounty_madera,31/01/2024 0:00,29/12/2023 0:00,21,22,4,7.170457683,430.751,430.751
29/12/2023 22:00,bounty_madera,31/01/2024 0:00,29/12/2023 0:00,22,23,4,3.824200858,385.366,385.366
29/12/2023 23:00,bounty_madera,31/01/2024 0:00,29/12/2023 0:00,23,24,4,3.722866433,375.811,375.811
30/12/2023 0:00,bounty_madera,31/01/2024 0:00,30/12/2023 0:00,0,1,5,3.664741125,327.554,327.554
30/12/2023 1:00,bounty_madera,31/01/2024 0:00,30/12/2023 0:00,1,2,5,3.736418392,276.546,276.546
30/12/2023 2:00,bounty_madera,31/01/2024 0:00,30/12/2023 0:00,2,3,5,3.189333167,273.385,273.385
30/12/2023 3:00,bounty_madera,31/01/2024 0:00,30/12/2023 0:00,3,4,5,2.857541258,279.17,279.17
30/12/2023 4:00,bounty_madera,31/01/2024 0:00,30/12/2023 0:00,4,5,5,2.804810992,306.306,306.306
30/12/2023 5:00,bounty_madera,31/01/2024 0:00,30/12/2023 0:00,5,6,5,3.2914609,335.196,335.196
30/12/2023 6:00,bounty_madera,31/01/2024 0:00,30/12/2023 0:00,6,7,5,2.832791575,350.464,350.464
30/12/2023 7:00,bounty_madera,31/01/2024 0:00,30/12/2023 0:00,7,8,5,2.23106005,408.571,408.571
30/12/2023 8:00,bounty_madera,31/01/2024 0:00,30/12/2023 0:00,8,9,5,1.330651983,517.542,517.542
30/12/2023 9:00,bounty_madera,31/01/2024 0:00,30/12/2023 0:00,9,10,5,2.55866475,533.896,533.896
30/12/2023 10:00,bounty_madera,31/01/2024 0:00,30/12/2023 0:00,10,11,5,2.852013092,557.213,557.213
30/12/2023 11:00,bounty_madera,31/01/2024 0:00,30/12/2023 0:00,11,12,5,2.749245833,563.291,563.291
30/12/2023 12:00,bounty_madera,31/01/2024 0:00,30/12/2023 0:00,12,13,5,2.890268925,559.629,559.629
30/12/2023 13:00,bounty_madera,31/01/2024 0:00,30/12/2023 0:00,13,14,5,3.495902908,590.264,590.264
30/12/2023 14:00,bounty_madera,31/01/2024 0:00,30/12/2023 0:00,14,15,5,3.327396267,581.969,581.969
30/12/2023 15:00,bounty_madera,31/01/2024 0:00,30/12/2023 0:00,15,16,5,3.202703875,572.255,572.255
30/12/2023 16:00,bounty_madera,31/01/2024 0:00,30/12/2023 0:00,16,17,5,3.4445266,565.66,565.66
30/12/2023 17:00,bounty_madera,31/01/2024 0:00,30/12/2023 0:00,17,18,5,3.505030683,550.699,550.699
30/12/2023 18:00,bounty_madera,31/01/2024 0:00,30/12/2023 0:00,18,19,5,4.514360808,522.62,522.62
30/12/2023 19:00,bounty_madera,31/01/2024 0:00,30/12/2023 0:00,19,20,5,3.924833692,490.636,490.636
30/12/2023 20:00,bounty_madera,31/01/2024 0:00,30/12/2023 0:00,20,21,5,4.358291175,474.512,474.512
30/12/2023 21:00,bounty_madera,31/01/2024 0:00,30/12/2023 0:00,21,22,5,6.907536142,466.858,466.858
30/12/2023 22:00,bounty_madera,31/01/2024 0:00,30/12/2023 0:00,22,23,5,4.083699175,459.937,459.937
30/12/2023 23:00,bounty_madera,31/01/2024 0:00,30/12/2023 0:00,23,24,5,3.550679,483.247,483.247
31/12/2023 0:00,bounty_madera,31/01/2024 0:00,31/12/2023 0:00,0,1,6,3.702839325,449.288,449.288
31/12/2023 1:00,bounty_madera,31/01/2024 0:00,31/12/2023 0:00,1,2,6,3.55119605,397.556,397.556
31/12/2023 2:00,bounty_madera,31/01/2024 0:00,31/12/2023 0:00,2,3,6,3.043809883,354.451,354.451
31/12/2023 3:00,bounty_madera,31/01/2024 0:00,31/12/2023 0:00,3,4,6,2.61194495,327.215,327.215
31/12/2023 4:00,bounty_madera,31/01/2024 0:00,31/12/2023 0:00,4,5,6,2.982979883,322.892,322.892
31/12/2023 5:00,bounty_madera,31/01/2024 0:00,31/12/2023 0:00,5,6,6,3.432832358,335.198,335.198
31/12/2023 6:00,bounty_madera,31/01/2024 0:00,31/12/2023 0:00,6,7,6,3.326075992,351.267,351.267
31/12/2023 7:00,bounty_madera,31/01/2024 0:00,31/12/2023 0:00,7,8,6,3.186076925,478.075,478.075
31/12/2023 8:00,bounty_madera,31/01/2024 0:00,31/12/2023 0:00,8,9,6,2.962127075,528.234,528.234
31/12/2023 9:00,bounty_madera,31/01/2024 0:00,31/12/2023 0:00,9,10,6,3.276967825,541.68,541.68
31/12/2023 10:00,bounty_madera,31/01/2024 0:00,31/12/2023 0:00,10,11,6,2.848955158,558.507,558.507
31/12/2023 11:00,bounty_madera,31/01/2024 0:00,31/12/2023 0:00,11,12,6,4.492178742,556.018,556.018
31/12/2023 12:00,bounty_madera,31/01/2024 0:00,31/12/2023 0:00,12,13,6,2.804702467,560.406,560.406
31/12/2023 13:00,bounty_madera,31/01/2024 0:00,31/12/2023 0:00,13,14,6,3.784579242,574.212,574.212
31/12/2023 14:00,bounty_madera,31/01/2024 0:00,31/12/2023 0:00,14,15,6,3.23390175,581.826,581.826
31/12/2023 15:00,bounty_madera,31/01/2024 0:00,31/12/2023 0:00,15,16,6,3.6305958,583.603,583.603
31/12/2023 16:00,bounty_madera,31/01/2024 0:00,31/12/2023 0:00,16,17,6,3.86134985,586.297,586.297
31/12/2023 17:00,bounty_madera,31/01/2024 0:00,31/12/2023 0:00,17,18,6,5.462307433,566.87,566.87
31/12/2023 18:00,bounty_madera,31/01/2024 0:00,31/12/2023 0:00,18,19,6,5.274714592,542.431,542.431
31/12/2023 19:00,bounty_madera,31/01/2024 0:00,31/12/2023 0:00,19,20,6,3.739790383,491.261,491.261
31/12/2023 20:00,bounty_madera,31/01/2024 0:00,31/12/2023 0:00,20,21,6,3.42437865,448.649,448.649
31/12/2023 21:00,bounty_madera,31/01/2024 0:00,31/12/2023 0:00,21,22,6,3.941590933,445.568,445.568
31/12/2023 22:00,bounty_madera,31/01/2024 0:00,31/12/2023 0:00,22,23,6,3.78511765,441.622,441.622
31/12/2023 23:00,bounty_madera,31/01/2024 0:00,31/12/2023 0:00,23,24,6,3.580595292,446.645,446.645
01/01/2024 0:00,bounty_madera,31/01/2024 0:00,01/01/2024 0:00,0,1,0,3.67618035,403.754,403.754
01/01/2024 1:00,bounty_madera,31/01/2024 0:00,01/01/2024 0:00,1,2,0,3.726063483,348.667,348.667
01/01/2024 2:00,bounty_madera,31/01/2024 0:00,01/01/2024 0:00,2,3,0,3.249276275,327.801,327.801
01/01/2024 3:00,bounty_madera,31/01/2024 0:00,01/01/2024 0:00,3,4,0,3.119194575,301.744,301.744
01/01/2024 4:00,bounty_madera,31/01/2024 0:00,01/01/2024 0:00,4,5,0,2.369889142,310.554,310.554
01/01/2024 5:00,bounty_madera,31/01/2024 0:00,01/01/2024 0:00,5,6,0,3.036622925,321.195,321.195
01/01/2024 6:00,bounty_madera,31/01/2024 0:00,01/01/2024 0:00,6,7,0,1.262395425,350.279,350.279
01/01/2024 7:00,bounty_madera,31/01/2024 0:00,01/01/2024 0:00,7,8,0,-0.0011017,384.832,384.832
01/01/2024 8:00,bounty_madera,31/01/2024 0:00,01/01/2024 0:00,8,9,0,-0.046438083,504.109,504.109
01/01/2024 9:00,bounty_madera,31/01/2024 0:00,01/01/2024 0:00,9,10,0,-1.843959267,536.786,536.786
01/01/2024 10:00,bounty_madera,31/01/2024 0:00,01/01/2024 0:00,10,11,0,-1.612499042,571.27,571.27
01/01/2024 11:00,bounty_madera,31/01/2024 0:00,01/01/2024 0:00,11,12,0,-0.848299933,543.535,543.535
01/01/2024 12:00,bounty_madera,31/01/2024 0:00,01/01/2024 0:00,12,13,0,0.087269308,577.81,577.81
01/01/2024 13:00,bounty_madera,31/01/2024 0:00,01/01/2024 0:00,13,14,0,1.511229167,607.172,607.172
01/01/2024 14:00,bounty_madera,31/01/2024 0:00,01/01/2024 0:00,14,15,0,2.642052358,592.314,592.314
01/01/2024 15:00,bounty_madera,31/01/2024 0:00,01/01/2024 0:00,15,16,0,2.807708325,588.957,588.957
01/01/2024 16:00,bounty_madera,31/01/2024 0:00,01/01/2024 0:00,16,17,0,2.8646808,596.202,596.202
01/01/2024 17:00,bounty_madera,31/01/2024 0:00,01/01/2024 0:00,17,18,0,3.238718417,565.358,565.358
01/01/2024 18:00,bounty_madera,31/01/2024 0:00,01/01/2024 0:00,18,19,0,3.888720533,523.27,523.27
01/01/2024 19:00,bounty_madera,31/01/2024 0:00,01/01/2024 0:00,19,20,0,3.590301075,470.863,470.863
01/01/2024 20:00,bounty_madera,31/01/2024 0:00,01/01/2024 0:00,20,21,0,3.704515458,470.226,470.226
01/01/2024 21:00,bounty_madera,31/01/2024 0:00,01/01/2024 0:00,21,22,0,3.804576075,475.377,475.377
01/01/2024 22:00,bounty_madera,31/01/2024 0:00,01/01/2024 0:00,22,23,0,3.418398783,479.694,479.694
01/01/2024 23:00,bounty_madera,31/01/2024 0:00,01/01/2024 0:00,23,24,0,3.461922425,491.248,491.248
02/01/2024 0:00,bounty_madera,31/01/2024 0:00,02/01/2024 0:00,0,1,1,3.48333035,406.095,406.095
02/01/2024 1:00,bounty_madera,31/01/2024 0:00,02/01/2024 0:00,1,2,1,3.124974408,340.658,340.658
02/01/2024 2:00,bounty_madera,31/01/2024 0:00,02/01/2024 0:00,2,3,1,2.619555575,308.484,308.484
02/01/2024 3:00,bounty_madera,31/01/2024 0:00,02/01/2024 0:00,3,4,1,2.933735542,304.555,304.555
02/01/2024 4:00,bounty_madera,31/01/2024 0:00,02/01/2024 0:00,4,5,1,2.9473359,317.667,317.667
02/01/2024 5:00,bounty_madera,31/01/2024 0:00,02/01/2024 0:00,5,6,1,3.24133185,324.146,324.146
02/01/2024 6:00,bounty_madera,31/01/2024 0:00,02/01/2024 0:00,6,7,1,3.390138667,347.277,347.277
02/01/2024 7:00,bounty_madera,31/01/2024 0:00,02/01/2024 0:00,7,8,1,3.272086108,405.977,405.977
02/01/2024 8:00,bounty_madera,31/01/2024 0:00,02/01/2024 0:00,8,9,1,3.031054608,510.627,510.627
02/01/2024 9:00,bounty_madera,31/01/2024 0:00,02/01/2024 0:00,9,10,1,2.945577892,548.31,548.31
02/01/2024 10:00,bounty_madera,31/01/2024 0:00,02/01/2024 0:00,10,11,1,3.66276265,563.321,563.321
02/01/2024 11:00,bounty_madera,31/01/2024 0:00,02/01/2024 0:00,11,12,1,3.630036733,552.359,552.359
02/01/2024 12:00,bounty_madera,31/01/2024 0:00,02/01/2024 0:00,12,13,1,3.638639992,579.68,579.68
02/01/2024 13:00,bounty_madera,31/01/2024 0:00,02/01/2024 0:00,13,14,1,4.117810358,605.392,605.392
02/01/2024 14:00,bounty_madera,31/01/2024 0:00,02/01/2024 0:00,14,15,1,6.671531058,597.975,597.975
02/01/2024 15:00,bounty_madera,31/01/2024 0:00,02/01/2024 0:00,15,16,1,7.189164433,583.132,583.132
02/01/2024 16:00,bounty_madera,31/01/2024 0:00,02/01/2024 0:00,16,17,1,4.299989642,583.519,583.519
02/01/2024 17:00,bounty_madera,31/01/2024 0:00,02/01/2024 0:00,17,18,1,5.661135542,555.366,555.366
02/01/2024 18:00,bounty_madera,31/01/2024 0:00,02/01/2024 0:00,18,19,1,4.684337258,518.179,518.179
02/01/2024 19:00,bounty_madera,31/01/2024 0:00,02/01/2024 0:00,19,20,1,5.353385892,496.985,496.985
02/01/2024 20:00,bounty_madera,31/01/2024 0:00,02/01/2024 0:00,20,21,1,5.470215467,465.746,465.746
02/01/2024 21:00,bounty_madera,31/01/2024 0:00,02/01/2024 0:00,21,22,1,6.940305675,457.313,457.313
02/01/2024 22:00,bounty_madera,31/01/2024 0:00,02/01/2024 0:00,22,23,1,7.307006008,472.01,472.01
02/01/2024 23:00,bounty_madera,31/01/2024 0:00,02/01/2024 0:00,23,24,1,6.357511042,483.001,483.001
03/01/2024 0:00,bounty_madera,31/01/2024 0:00,03/01/2024 0:00,0,1,2,4.115273542,456.42,456.42
03/01/2024 1:00,bounty_madera,31/01/2024 0:00,03/01/2024 0:00,1,2,2,4.010501533,389.567,389.567
03/01/2024 2:00,bounty_madera,31/01/2024 0:00,03/01/2024 0:00,2,3,2,3.676783108,358.32,358.32
03/01/2024 3:00,bounty_madera,31/01/2024 0:00,03/01/2024 0:00,3,4,2,3.5903343,343.787,343.787
03/01/2024 4:00,bounty_madera,31/01/2024 0:00,03/01/2024 0:00,4,5,2,3.697370492,338.874,338.874
03/01/2024 5:00,bounty_madera,31/01/2024 0:00,03/01/2024 0:00,5,6,2,3.705980933,355.098,355.098
03/01/2024 6:00,bounty_madera,31/01/2024 0:00,03/01/2024 0:00,6,7,2,7.371568842,375.714,375.714
03/01/2024 7:00,bounty_madera,31/01/2024 0:00,03/01/2024 0:00,7,8,2,5.40048155,429.812,429.812
03/01/2024 8:00,bounty_madera,31/01/2024 0:00,03/01/2024 0:00,8,9,2,4.25150115,537.94,537.94
03/01/2024 9:00,bounty_madera,31/01/2024 0:00,03/01/2024 0:00,9,10,2,4.313344,573.446,573.446
03/01/2024 10:00,bounty_madera,31/01/2024 0:00,03/01/2024 0:00,10,11,2,10.00904552,597.735,597.735
03/01/2024 11:00,bounty_madera,31/01/2024 0:00,03/01/2024 0:00,11,12,2,7.473809492,590.315,590.315
03/01/2024 12:00,bounty_madera,31/01/2024 0:00,03/01/2024 0:00,12,13,2,7.901176975,605.463,605.463
03/01/2024 13:00,bounty_madera,31/01/2024 0:00,03/01/2024 0:00,13,14,2,20.07702772,619.214,619.214
03/01/2024 14:00,bounty_madera,31/01/2024 0:00,03/01/2024 0:00,14,15,2,24.73523351,612.319,612.319
03/01/2024 15:00,bounty_madera,31/01/2024 0:00,03/01/2024 0:00,15,16,2,30.00885284,606.937,606.937
03/01/2024 16:00,bounty_madera,31/01/2024 0:00,03/01/2024 0:00,16,17,2,20.54490754,588.063,588.063
03/01/2024 17:00,bounty_madera,31/01/2024 0:00,03/01/2024 0:00,17,18,2,9.862091425,553.006,553.006
03/01/2024 18:00,bounty_madera,31/01/2024 0:00,03/01/2024 0:00,18,19,2,9.883353742,524.409,524.409
03/01/2024 19:00,bounty_madera,31/01/2024 0:00,03/01/2024 0:00,19,20,2,5.963367642,508.734,508.734
03/01/2024 20:00,bounty_madera,31/01/2024 0:00,03/01/2024 0:00,20,21,2,9.12246345,517.418,517.418
03/01/2024 21:00,bounty_madera,31/01/2024 0:00,03/01/2024 0:00,21,22,2,6.463700025,519.007,519.007
03/01/2024 22:00,bounty_madera,31/01/2024 0:00,03/01/2024 0:00,22,23,2,5.044457775,522.866,522.866
03/01/2024 23:00,bounty_madera,31/01/2024 0:00,03/01/2024 0:00,23,24,2,4.942887925,518.508,518.508
04/01/2024 0:00,bounty_madera,31/01/2024 0:00,04/01/2024 0:00,0,1,3,4.800435508,471.174,471.174
04/01/2024 1:00,bounty_madera,31/01/2024 0:00,04/01/2024 0:00,1,2,3,4.505858742,415.583,415.583
04/01/2024 2:00,bounty_madera,31/01/2024 0:00,04/01/2024 0:00,2,3,3,4.043157925,374.95,374.95
04/01/2024 3:00,bounty_madera,31/01/2024 0:00,04/01/2024 0:00,3,4,3,3.788439583,342.59,342.59
04/01/2024 4:00,bounty_madera,31/01/2024 0:00,04/01/2024 0:00,4,5,3,4.006115342,332.866,332.866
04/01/2024 5:00,bounty_madera,31/01/2024 0:00,04/01/2024 0:00,5,6,3,4.221694108,348.923,348.923
04/01/2024 6:00,bounty_madera,31/01/2024 0:00,04/01/2024 0:00,6,7,3,4.040432317,362.686,362.686
04/01/2024 7:00,bounty_madera,31/01/2024 0:00,04/01/2024 0:00,7,8,3,4.039154067,424,424
04/01/2024 8:00,bounty_madera,31/01/2024 0:00,04/01/2024 0:00,8,9,3,4.301419525,538.593,538.593
04/01/2024 9:00,bounty_madera,31/01/2024 0:00,04/01/2024 0:00,9,10,3,4.630547708,565.341,565.341
04/01/2024 10:00,bounty_madera,31/01/2024 0:00,04/01/2024 0:00,10,11,3,4.993051558,580.541,580.541
04/01/2024 11:00,bounty_madera,31/01/2024 0:00,04/01/2024 0:00,11,12,3,3.844735408,563.796,563.796
04/01/2024 12:00,bounty_madera,31/01/2024 0:00,04/01/2024 0:00,12,13,3,2.635776667,569.987,569.987
04/01/2024 13:00,bounty_madera,31/01/2024 0:00,04/01/2024 0:00,13,14,3,5.165297292,614.288,614.288
04/01/2024 14:00,bounty_madera,31/01/2024 0:00,04/01/2024 0:00,14,15,3,7.442609317,606.099,606.099
04/01/2024 15:00,bounty_madera,31/01/2024 0:00,04/01/2024 0:00,15,16,3,8.3031006,606.229,606.229
04/01/2024 16:00,bounty_madera,31/01/2024 0:00,04/01/2024 0:00,16,17,3,7.062951033,605.094,605.094
04/01/2024 17:00,bounty_madera,31/01/2024 0:00,04/01/2024 0:00,17,18,3,5.488233508,554.93,554.93
04/01/2024 18:00,bounty_madera,31/01/2024 0:00,04/01/2024 0:00,18,19,3,5.514547792,526.629,526.629
04/01/2024 19:00,bounty_madera,31/01/2024 0:00,04/01/2024 0:00,19,20,3,5.016851792,494.572,494.572
04/01/2024 20:00,bounty_madera,31/01/2024 0:00,04/01/2024 0:00,20,21,3,4.102242792,461.924,461.924
04/01/2024 21:00,bounty_madera,31/01/2024 0:00,04/01/2024 0:00,21,22,3,5.750595517,440.192,440.192
04/01/2024 22:00,bounty_madera,31/01/2024 0:00,04/01/2024 0:00,22,23,3,3.6361727,410.946,410.946
04/01/2024 23:00,bounty_madera,31/01/2024 0:00,04/01/2024 0:00,23,24,3,4.51458055,414.196,414.196
05/01/2024 0:00,bounty_madera,31/01/2024 0:00,05/01/2024 0:00,0,1,4,3.749392667,375.394,375.394
05/01/2024 1:00,bounty_madera,31/01/2024 0:00,05/01/2024 0:00,1,2,4,3.679559858,324.944,324.944
05/01/2024 2:00,bounty_madera,31/01/2024 0:00,05/01/2024 0:00,2,3,4,3.216370825,306.118,306.118
05/01/2024 3:00,bounty_madera,31/01/2024 0:00,05/01/2024 0:00,3,4,4,3.188011942,294.359,294.359
05/01/2024 4:00,bounty_madera,31/01/2024 0:00,05/01/2024 0:00,4,5,4,3.465595058,276.97,276.97
05/01/2024 5:00,bounty_madera,31/01/2024 0:00,05/01/2024 0:00,5,6,4,3.551535858,4.914,4.914
05/01/2024 6:00,bounty_madera,31/01/2024 0:00,05/01/2024 0:00,6,7,4,3.414410883,324.603,324.603
05/01/2024 7:00,bounty_madera,31/01/2024 0:00,05/01/2024 0:00,7,8,4,3.379782975,385.397,385.397
05/01/2024 8:00,bounty_madera,31/01/2024 0:00,05/01/2024 0:00,8,9,4,3.7430354,494.436,494.436
05/01/2024 9:00,bounty_madera,31/01/2024 0:00,05/01/2024 0:00,9,10,4,4.816420383,521.266,521.266
05/01/2024 10:00,bounty_madera,31/01/2024 0:00,05/01/2024 0:00,10,11,4,4.338152117,542.694,542.694
05/01/2024 11:00,bounty_madera,31/01/2024 0:00,05/01/2024 0:00,11,12,4,2.776443517,526.923,526.923
05/01/2024 12:00,bounty_madera,31/01/2024 0:00,05/01/2024 0:00,12,13,4,2.320421642,555.379,555.379
05/01/2024 13:00,bounty_madera,31/01/2024 0:00,05/01/2024 0:00,13,14,4,3.868769667,592.39,592.39
05/01/2024 14:00,bounty_madera,31/01/2024 0:00,05/01/2024 0:00,14,15,4,3.170081175,566.936,566.936
05/01/2024 15:00,bounty_madera,31/01/2024 0:00,05/01/2024 0:00,15,16,4,3.6977969,554.988,554.988
05/01/2024 16:00,bounty_madera,31/01/2024 0:00,05/01/2024 0:00,16,17,4,3.838631375,560.867,560.867
05/01/2024 17:00,bounty_madera,31/01/2024 0:00,05/01/2024 0:00,17,18,4,4.659308508,528.151,528.151
05/01/2024 18:00,bounty_madera,31/01/2024 0:00,05/01/2024 0:00,18,19,4,5.712885792,507.73,507.73
05/01/2024 19:00,bounty_madera,31/01/2024 0:00,05/01/2024 0:00,19,20,4,3.96678035,449.407,449.407
05/01/2024 20:00,bounty_madera,31/01/2024 0:00,05/01/2024 0:00,20,21,4,3.812773842,386.892,386.892
05/01/2024 21:00,bounty_madera,31/01/2024 0:00,05/01/2024 0:00,21,22,4,5.657417142,374.022,374.022
05/01/2024 22:00,bounty_madera,31/01/2024 0:00,05/01/2024 0:00,22,23,4,5.880210517,341.429,341.429
05/01/2024 23:00,bounty_madera,31/01/2024 0:00,05/01/2024 0:00,23,24,4,6.094830875,356.097,356.097
06/01/2024 0:00,bounty_madera,31/01/2024 0:00,06/01/2024 0:00,0,1,5,7.639298583,310.148,310.148
06/01/2024 1:00,bounty_madera,31/01/2024 0:00,06/01/2024 0:00,1,2,5,4.490223125,273.365,273.365
06/01/2024 2:00,bounty_madera,31/01/2024 0:00,06/01/2024 0:00,2,3,5,4.377372025,273.504,273.504
06/01/2024 3:00,bounty_madera,31/01/2024 0:00,06/01/2024 0:00,3,4,5,4.134311367,270.542,270.542
06/01/2024 4:00,bounty_madera,31/01/2024 0:00,06/01/2024 0:00,4,5,5,4.179381575,300.813,300.813
06/01/2024 5:00,bounty_madera,31/01/2024 0:00,06/01/2024 0:00,5,6,5,4.206409008,308.859,308.859
06/01/2024 6:00,bounty_madera,31/01/2024 0:00,06/01/2024 0:00,6,7,5,4.17341405,320.4,320.4
06/01/2024 7:00,bounty_madera,31/01/2024 0:00,06/01/2024 0:00,7,8,5,3.948433667,353.969,353.969
06/01/2024 8:00,bounty_madera,31/01/2024 0:00,06/01/2024 0:00,8,9,5,3.254838858,480.682,480.682
06/01/2024 9:00,bounty_madera,31/01/2024 0:00,06/01/2024 0:00,9,10,5,4.280249842,495.893,495.893
06/01/2024 10:00,bounty_madera,31/01/2024 0:00,06/01/2024 0:00,10,11,5,4.4035228,523.158,523.158
06/01/2024 11:00,bounty_madera,31/01/2024 0:00,06/01/2024 0:00,11,12,5,2.785178458,510.375,510.375
06/01/2024 12:00,bounty_madera,31/01/2024 0:00,06/01/2024 0:00,12,13,5,1.34692725,545.684,545.684
06/01/2024 13:00,bounty_madera,31/01/2024 0:00,06/01/2024 0:00,13,14,5,3.956026242,567.827,567.827
06/01/2024 14:00,bounty_madera,31/01/2024 0:00,06/01/2024 0:00,14,15,5,4.325498142,558.607,558.607
06/01/2024 15:00,bounty_madera,31/01/2024 0:00,06/01/2024 0:00,15,16,5,4.354893258,560.137,560.137
06/01/2024 16:00,bounty_madera,31/01/2024 0:00,06/01/2024 0:00,16,17,5,4.409334342,558.185,558.185
06/01/2024 17:00,bounty_madera,31/01/2024 0:00,06/01/2024 0:00,17,18,5,11.91874594,510.628,510.628
06/01/2024 18:00,bounty_madera,31/01/2024 0:00,06/01/2024 0:00,18,19,5,13.50338727,480.96,480.96
06/01/2024 19:00,bounty_madera,31/01/2024 0:00,06/01/2024 0:00,19,20,5,9.957349033,465.693,465.693
06/01/2024 20:00,bounty_madera,31/01/2024 0:00,06/01/2024 0:00,20,21,5,7.030249917,461.861,461.861
06/01/2024 21:00,bounty_madera,31/01/2024 0:00,06/01/2024 0:00,21,22,5,10.33938668,450.321,450.321
06/01/2024 22:00,bounty_madera,31/01/2024 0:00,06/01/2024 0:00,22,23,5,25.18281076,446.431,446.431
06/01/2024 23:00,bounty_madera,31/01/2024 0:00,06/01/2024 0:00,23,24,5,16.27564206,426.985,426.985
07/01/2024 0:00,bounty_madera,31/01/2024 0:00,07/01/2024 0:00,0,1,6,19.53956928,373.59,373.59
07/01/2024 1:00,bounty_madera,31/01/2024 0:00,07/01/2024 0:00,1,2,6,4.099359033,303.466,303.466
07/01/2024 2:00,bounty_madera,31/01/2024 0:00,07/01/2024 0:00,2,3,6,4.45008805,298.075,298.075
07/01/2024 3:00,bounty_madera,31/01/2024 0:00,07/01/2024 0:00,3,4,6,3.793060875,294.5,294.5
07/01/2024 4:00,bounty_madera,31/01/2024 0:00,07/01/2024 0:00,4,5,6,3.787210317,307.68,307.68
07/01/2024 5:00,bounty_madera,31/01/2024 0:00,07/01/2024 0:00,5,6,6,3.714509208,334.322,334.322
07/01/2024 6:00,bounty_madera,31/01/2024 0:00,07/01/2024 0:00,6,7,6,3.4692414,359.704,359.704
07/01/2024 7:00,bounty_madera,31/01/2024 0:00,07/01/2024 0:00,7,8,6,3.789611667,385.547,385.547
07/01/2024 8:00,bounty_madera,31/01/2024 0:00,07/01/2024 0:00,8,9,6,2.701807292,502.782,502.782
07/01/2024 9:00,bounty_madera,31/01/2024 0:00,07/01/2024 0:00,9,10,6,2.989758392,503.154,503.154
07/01/2024 10:00,bounty_madera,31/01/2024 0:00,07/01/2024 0:00,10,11,6,3.1036236,537.944,537.944
07/01/2024 11:00,bounty_madera,31/01/2024 0:00,07/01/2024 0:00,11,12,6,3.196229417,526.693,526.693
07/01/2024 12:00,bounty_madera,31/01/2024 0:00,07/01/2024 0:00,12,13,6,3.532540492,542.926,542.926
07/01/2024 13:00,bounty_madera,31/01/2024 0:00,07/01/2024 0:00,13,14,6,3.5551617,571.435,571.435
07/01/2024 14:00,bounty_madera,31/01/2024 0:00,07/01/2024 0:00,14,15,6,3.811464383,543.219,543.219
07/01/2024 15:00,bounty_madera,31/01/2024 0:00,07/01/2024 0:00,15,16,6,4.101264183,535.164,535.164
07/01/2024 16:00,bounty_madera,31/01/2024 0:00,07/01/2024 0:00,16,17,6,4.23743055,535.464,535.464
07/01/2024 17:00,bounty_madera,31/01/2024 0:00,07/01/2024 0:00,17,18,6,6.731074583,487.465,487.465
07/01/2024 18:00,bounty_madera,31/01/2024 0:00,07/01/2024 0:00,18,19,6,10.48165836,485.685,485.685
07/01/2024 19:00,bounty_madera,31/01/2024 0:00,07/01/2024 0:00,19,20,6,4.770740417,433.16,433.16
07/01/2024 20:00,bounty_madera,31/01/2024 0:00,07/01/2024 0:00,20,21,6,4.719405267,387.042,387.042
07/01/2024 21:00,bounty_madera,31/01/2024 0:00,07/01/2024 0:00,21,22,6,5.155407592,370.062,370.062
07/01/2024 22:00,bounty_madera,31/01/2024 0:00,07/01/2024 0:00,22,23,6,6.484959458,339.626,339.626
07/01/2024 23:00,bounty_madera,31/01/2024 0:00,07/01/2024 0:00,23,24,6,3.7824815,340.038,340.038
08/01/2024 0:00,bounty_madera,31/01/2024 0:00,08/01/2024 0:00,0,1,0,3.677261667,318.951,318.951
08/01/2024 1:00,bounty_madera,31/01/2024 0:00,08/01/2024 0:00,1,2,0,3.556046225,291.101,291.101
08/01/2024 2:00,bounty_madera,31/01/2024 0:00,08/01/2024 0:00,2,3,0,3.308887642,280.127,280.127
08/01/2024 3:00,bounty_madera,31/01/2024 0:00,08/01/2024 0:00,3,4,0,3.2469438,272.229,272.229
08/01/2024 4:00,bounty_madera,31/01/2024 0:00,08/01/2024 0:00,4,5,0,3.62505525,295.294,295.294
08/01/2024 5:00,bounty_madera,31/01/2024 0:00,08/01/2024 0:00,5,6,0,3.887842033,314.194,314.194
08/01/2024 6:00,bounty_madera,31/01/2024 0:00,08/01/2024 0:00,6,7,0,3.879826017,312.828,312.828
08/01/2024 7:00,bounty_madera,31/01/2024 0:00,08/01/2024 0:00,7,8,0,3.855943775,354.628,354.628
08/01/2024 8:00,bounty_madera,31/01/2024 0:00,08/01/2024 0:00,8,9,0,4.304197467,495.66,495.66
08/01/2024 9:00,bounty_madera,31/01/2024 0:00,08/01/2024 0:00,9,10,0,6.470422825,521.171,521.171
08/01/2024 10:00,bounty_madera,31/01/2024 0:00,08/01/2024 0:00,10,11,0,10.64932426,565.69,565.69
08/01/2024 11:00,bounty_madera,31/01/2024 0:00,08/01/2024 0:00,11,12,0,4.1624276,561.762,561.762
08/01/2024 12:00,bounty_madera,31/01/2024 0:00,08/01/2024 0:00,12,13,0,3.291476308,578.632,578.632
08/01/2024 13:00,bounty_madera,31/01/2024 0:00,08/01/2024 0:00,13,14,0,4.343252625,587.258,587.258
08/01/2024 14:00,bounty_madera,31/01/2024 0:00,08/01/2024 0:00,14,15,0,5.298886983,606.871,606.871
08/01/2024 15:00,bounty_madera,31/01/2024 0:00,08/01/2024 0:00,15,16,0,5.237306392,594.796,594.796
08/01/2024 16:00,bounty_madera,31/01/2024 0:00,08/01/2024 0:00,16,17,0,4.491988025,580.914,580.914
08/01/2024 17:00,bounty_madera,31/01/2024 0:00,08/01/2024 0:00,17,18,0,7.647379017,561.243,561.243
08/01/2024 18:00,bounty_madera,31/01/2024 0:00,08/01/2024 0:00,18,19,0,5.890053975,538.988,538.988
08/01/2024 19:00,bounty_madera,31/01/2024 0:00,08/01/2024 0:00,19,20,0,4.725551225,500.615,500.615
08/01/2024 20:00,bounty_madera,31/01/2024 0:00,08/01/2024 0:00,20,21,0,12.05875934,476.913,476.913
08/01/2024 21:00,bounty_madera,31/01/2024 0:00,08/01/2024 0:00,21,22,0,11.07604183,455.96,455.96
08/01/2024 22:00,bounty_madera,31/01/2024 0:00,08/01/2024 0:00,22,23,0,4.571793867,447.216,447.216
08/01/2024 23:00,bounty_madera,31/01/2024 0:00,08/01/2024 0:00,23,24,0,6.039438483,396.572,396.572
09/01/2024 0:00,bounty_madera,31/01/2024 0:00,09/01/2024 0:00,0,1,1,3.672383167,362.389,362.389
09/01/2024 1:00,bounty_madera,31/01/2024 0:00,09/01/2024 0:00,1,2,1,4.202374783,318.605,318.605
09/01/2024 2:00,bounty_madera,31/01/2024 0:00,09/01/2024 0:00,2,3,1,4.140362775,331.944,331.944
09/01/2024 3:00,bounty_madera,31/01/2024 0:00,09/01/2024 0:00,3,4,1,4.076607792,342.269,342.269
09/01/2024 4:00,bounty_madera,31/01/2024 0:00,09/01/2024 0:00,4,5,1,4.323039525,378.009,378.009
09/01/2024 5:00,bounty_madera,31/01/2024 0:00,09/01/2024 0:00,5,6,1,4.235588592,403.62,403.62
09/01/2024 6:00,bounty_madera,31/01/2024 0:00,09/01/2024 0:00,6,7,1,4.434046167,425.024,425.024
09/01/2024 7:00,bounty_madera,31/01/2024 0:00,09/01/2024 0:00,7,8,1,3.257640117,441.929,441.929
09/01/2024 8:00,bounty_madera,31/01/2024 0:00,09/01/2024 0:00,8,9,1,4.734190708,476.637,476.637
09/01/2024 9:00,bounty_madera,31/01/2024 0:00,09/01/2024 0:00,9,10,1,2.899312333,539.809,539.809
09/01/2024 10:00,bounty_madera,31/01/2024 0:00,09/01/2024 0:00,10,11,1,3.683335325,581.045,581.045
09/01/2024 11:00,bounty_madera,31/01/2024 0:00,09/01/2024 0:00,11,12,1,3.095510708,593.128,593.128
09/01/2024 12:00,bounty_madera,31/01/2024 0:00,09/01/2024 0:00,12,13,1,2.697868483,590.919,590.919
09/01/2024 13:00,bounty_madera,31/01/2024 0:00,09/01/2024 0:00,13,14,1,6.939640767,625.981,625.981
09/01/2024 14:00,bounty_madera,31/01/2024 0:00,09/01/2024 0:00,14,15,1,6.8123864,628.923,628.923
09/01/2024 15:00,bounty_madera,31/01/2024 0:00,09/01/2024 0:00,15,16,1,5.476578483,621.737,621.737
09/01/2024 16:00,bounty_madera,31/01/2024 0:00,09/01/2024 0:00,16,17,1,5.108352025,642.899,642.899
09/01/2024 17:00,bounty_madera,31/01/2024 0:00,09/01/2024 0:00,17,18,1,7.175969408,613.707,613.707
09/01/2024 18:00,bounty_madera,31/01/2024 0:00,09/01/2024 0:00,18,19,1,7.405691425,558.105,558.105
09/01/2024 19:00,bounty_madera,31/01/2024 0:00,09/01/2024 0:00,19,20,1,4.274258025,530.552,530.552
09/01/2024 20:00,bounty_madera,31/01/2024 0:00,09/01/2024 0:00,20,21,1,14.79747105,512.092,512.092
09/01/2024 21:00,bounty_madera,31/01/2024 0:00,09/01/2024 0:00,21,22,1,8.070105733,478.503,478.503
09/01/2024 22:00,bounty_madera,31/01/2024 0:00,09/01/2024 0:00,22,23,1,9.406294775,457.012,457.012
09/01/2024 23:00,bounty_madera,31/01/2024 0:00,09/01/2024 0:00,23,24,1,4.273961908,503.62,503.62
10/01/2024 0:00,bounty_madera,31/01/2024 0:00,10/01/2024 0:00,0,1,2,4.115338542,450.181,450.181
10/01/2024 1:00,bounty_madera,31/01/2024 0:00,10/01/2024 0:00,1,2,2,4.700956275,378.421,378.421
10/01/2024 2:00,bounty_madera,31/01/2024 0:00,10/01/2024 0:00,2,3,2,4.151862508,331.67,331.67
10/01/2024 3:00,bounty_madera,31/01/2024 0:00,10/01/2024 0:00,3,4,2,3.95256875,307.909,307.909
10/01/2024 4:00,bounty_madera,31/01/2024 0:00,10/01/2024 0:00,4,5,2,4.197734392,312.262,312.262
10/01/2024 5:00,bounty_madera,31/01/2024 0:00,10/01/2024 0:00,5,6,2,4.380386108,330.601,330.601
10/01/2024 6:00,bounty_madera,31/01/2024 0:00,10/01/2024 0:00,6,7,2,4.280165333,343.656,343.656
10/01/2024 7:00,bounty_madera,31/01/2024 0:00,10/01/2024 0:00,7,8,2,3.57170155,378.306,378.306
10/01/2024 8:00,bounty_madera,31/01/2024 0:00,10/01/2024 0:00,8,9,2,3.589901708,548.037,548.037
10/01/2024 9:00,bounty_madera,31/01/2024 0:00,10/01/2024 0:00,9,10,2,3.627433983,592.896,592.896
10/01/2024 10:00,bounty_madera,31/01/2024 0:00,10/01/2024 0:00,10,11,2,4.880273683,632.878,632.878
10/01/2024 11:00,bounty_madera,31/01/2024 0:00,10/01/2024 0:00,11,12,2,4.352393808,600.546,600.546
10/01/2024 12:00,bounty_madera,31/01/2024 0:00,10/01/2024 0:00,12,13,2,3.707552383,612.686,612.686
10/01/2024 13:00,bounty_madera,31/01/2024 0:00,10/01/2024 0:00,13,14,2,6.6759969,637.193,637.193
10/01/2024 14:00,bounty_madera,31/01/2024 0:00,10/01/2024 0:00,14,15,2,7.271596117,623.192,623.192
10/01/2024 15:00,bounty_madera,31/01/2024 0:00,10/01/2024 0:00,15,16,2,5.590890867,624.871,624.871
10/01/2024 16:00,bounty_madera,31/01/2024 0:00,10/01/2024 0:00,16,17,2,8.568511158,620.764,620.764
10/01/2024 17:00,bounty_madera,31/01/2024 0:00,10/01/2024 0:00,17,18,2,6.827053808,554.598,554.598
10/01/2024 18:00,bounty_madera,31/01/2024 0:00,10/01/2024 0:00,18,19,2,8.3486291,519.116,519.116
10/01/2024 19:00,bounty_madera,31/01/2024 0:00,10/01/2024 0:00,19,20,2,4.666765075,487.207,487.207
10/01/2024 20:00,bounty_madera,31/01/2024 0:00,10/01/2024 0:00,20,21,2,13.03197652,485.596,485.596
10/01/2024 21:00,bounty_madera,31/01/2024 0:00,10/01/2024 0:00,21,22,2,10.01666156,468.211,468.211
10/01/2024 22:00,bounty_madera,31/01/2024 0:00,10/01/2024 0:00,22,23,2,7.415742225,454.596,454.596
10/01/2024 23:00,bounty_madera,31/01/2024 0:00,10/01/2024 0:00,23,24,2,5.421022008,433.268,433.268
11/01/2024 0:00,bounty_madera,31/01/2024 0:00,11/01/2024 0:00,0,1,3,4.02808385,350.29,350.29
11/01/2024 1:00,bounty_madera,31/01/2024 0:00,11/01/2024 0:00,1,2,3,4.211346867,319.02,319.02
11/01/2024 2:00,bounty_madera,31/01/2024 0:00,11/01/2024 0:00,2,3,3,4.200865092,319.96,319.96
11/01/2024 3:00,bounty_madera,31/01/2024 0:00,11/01/2024 0:00,3,4,3,3.866121225,304.529,304.529
11/01/2024 4:00,bounty_madera,31/01/2024 0:00,11/01/2024 0:00,4,5,3,4.1675263,331.967,331.967
11/01/2024 5:00,bounty_madera,31/01/2024 0:00,11/01/2024 0:00,5,6,3,4.4358729,384.262,384.262
11/01/2024 6:00,bounty_madera,31/01/2024 0:00,11/01/2024 0:00,6,7,3,4.265768333,384.917,384.917
11/01/2024 7:00,bounty_madera,31/01/2024 0:00,11/01/2024 0:00,7,8,3,2.990992075,432.282,432.282
11/01/2024 8:00,bounty_madera,31/01/2024 0:00,11/01/2024 0:00,8,9,3,3.768515458,515.429,515.429
11/01/2024 9:00,bounty_madera,31/01/2024 0:00,11/01/2024 0:00,9,10,3,3.405322508,515.332,515.332
11/01/2024 10:00,bounty_madera,31/01/2024 0:00,11/01/2024 0:00,10,11,3,2.638429608,543.249,543.249
11/01/2024 11:00,bounty_madera,31/01/2024 0:00,11/01/2024 0:00,11,12,3,2.871533475,518.116,518.116
11/01/2024 12:00,bounty_madera,31/01/2024 0:00,11/01/2024 0:00,12,13,3,2.251098283,548.078,548.078
11/01/2024 13:00,bounty_madera,31/01/2024 0:00,11/01/2024 0:00,13,14,3,6.916351142,576.513,576.513
11/01/2024 14:00,bounty_madera,31/01/2024 0:00,11/01/2024 0:00,14,15,3,5.330420475,570.011,570.011
11/01/2024 15:00,bounty_madera,31/01/2024 0:00,11/01/2024 0:00,15,16,3,4.953316267,598.937,598.937
11/01/2024 16:00,bounty_madera,31/01/2024 0:00,11/01/2024 0:00,16,17,3,6.669370892,557.908,557.908
11/01/2024 17:00,bounty_madera,31/01/2024 0:00,11/01/2024 0:00,17,18,3,6.31847655,527.025,527.025
11/01/2024 18:00,bounty_madera,31/01/2024 0:00,11/01/2024 0:00,18,19,3,11.50637473,481.421,481.421
11/01/2024 19:00,bounty_madera,31/01/2024 0:00,11/01/2024 0:00,19,20,3,4.004023742,434.546,434.546
11/01/2024 20:00,bounty_madera,31/01/2024 0:00,11/01/2024 0:00,20,21,3,3.743467208,413.359,413.359
11/01/2024 21:00,bounty_madera,31/01/2024 0:00,11/01/2024 0:00,21,22,3,4.187963517,383.132,383.132
11/01/2024 22:00,bounty_madera,31/01/2024 0:00,11/01/2024 0:00,22,23,3,4.647340875,335.512,335.512
11/01/2024 23:00,bounty_madera,31/01/2024 0:00,11/01/2024 0:00,23,24,3,3.496171092,334.817,334.817
12/01/2024 0:00,bounty_madera,31/01/2024 0:00,12/01/2024 0:00,0,1,4,3.561793608,307.359,307.359
12/01/2024 1:00,bounty_madera,31/01/2024 0:00,12/01/2024 0:00,1,2,4,3.443324992,271.833,271.833
12/01/2024 2:00,bounty_madera,31/01/2024 0:00,12/01/2024 0:00,2,3,4,3.287311192,271.661,271.661
12/01/2024 3:00,bounty_madera,31/01/2024 0:00,12/01/2024 0:00,3,4,4,3.2066195,274.84,274.84
12/01/2024 4:00,bounty_madera,31/01/2024 0:00,12/01/2024 0:00,4,5,4,3.246154475,292.106,292.106
12/01/2024 5:00,bounty_madera,31/01/2024 0:00,12/01/2024 0:00,5,6,4,3.547672392,303.651,303.651
12/01/2024 6:00,bounty_madera,31/01/2024 0:00,12/01/2024 0:00,6,7,4,3.407369092,309.074,309.074
12/01/2024 7:00,bounty_madera,31/01/2024 0:00,12/01/2024 0:00,7,8,4,2.979575575,337.441,337.441
12/01/2024 8:00,bounty_madera,31/01/2024 0:00,12/01/2024 0:00,8,9,4,3.411002033,452.652,452.652
12/01/2024 9:00,bounty_madera,31/01/2024 0:00,12/01/2024 0:00,9,10,4,4.309959367,481.903,481.903
12/01/2024 10:00,bounty_madera,31/01/2024 0:00,12/01/2024 0:00,10,11,4,4.129691733,465.576,465.576
12/01/2024 11:00,bounty_madera,31/01/2024 0:00,12/01/2024 0:00,11,12,4,3.50825385,477.23,477.23
12/01/2024 12:00,bounty_madera,31/01/2024 0:00,12/01/2024 0:00,12,13,4,1.903065408,502.009,502.009
12/01/2024 13:00,bounty_madera,31/01/2024 0:00,12/01/2024 0:00,13,14,4,3.412150817,521.647,521.647
12/01/2024 14:00,bounty_madera,31/01/2024 0:00,12/01/2024 0:00,14,15,4,3.700820492,533.848,533.848
12/01/2024 15:00,bounty_madera,31/01/2024 0:00,12/01/2024 0:00,15,16,4,4.484549325,516.39,516.39
12/01/2024 16:00,bounty_madera,31/01/2024 0:00,12/01/2024 0:00,16,17,4,3.523910692,506.768,506.768
12/01/2024 17:00,bounty_madera,31/01/2024 0:00,12/01/2024 0:00,17,18,4,4.421152183,466.234,466.234
12/01/2024 18:00,bounty_madera,31/01/2024 0:00,12/01/2024 0:00,18,19,4,5.366165417,474.719,474.719
12/01/2024 19:00,bounty_madera,31/01/2024 0:00,12/01/2024 0:00,19,20,4,3.414207825,465.184,465.184
12/01/2024 20:00,bounty_madera,31/01/2024 0:00,12/01/2024 0:00,20,21,4,5.838288392,441.848,441.848
12/01/2024 21:00,bounty_madera,31/01/2024 0:00,12/01/2024 0:00,21,22,4,4.883812383,437.544,437.544
12/01/2024 22:00,bounty_madera,31/01/2024 0:00,12/01/2024 0:00,22,23,4,5.313812367,416.914,416.914
12/01/2024 23:00,bounty_madera,31/01/2024 0:00,12/01/2024 0:00,23,24,4,3.57564445,431.002,431.002
13/01/2024 0:00,bounty_madera,31/01/2024 0:00,13/01/2024 0:00,0,1,5,3.425520075,398.846,398.846
13/01/2024 1:00,bounty_madera,31/01/2024 0:00,13/01/2024 0:00,1,2,5,3.60781735,334.269,334.269
13/01/2024 2:00,bounty_madera,31/01/2024 0:00,13/01/2024 0:00,2,3,5,3.711823867,306.38,306.38
13/01/2024 3:00,bounty_madera,31/01/2024 0:00,13/01/2024 0:00,3,4,5,2.997261375,289.544,289.544
13/01/2024 4:00,bounty_madera,31/01/2024 0:00,13/01/2024 0:00,4,5,5,2.694250175,299.312,299.312
13/01/2024 5:00,bounty_madera,31/01/2024 0:00,13/01/2024 0:00,5,6,5,3.2057885,318.791,318.791
13/01/2024 6:00,bounty_madera,31/01/2024 0:00,13/01/2024 0:00,6,7,5,3.299120208,313.293,313.293
13/01/2024 7:00,bounty_madera,31/01/2024 0:00,13/01/2024 0:00,7,8,5,3.488384442,346.58,346.58
13/01/2024 8:00,bounty_madera,31/01/2024 0:00,13/01/2024 0:00,8,9,5,3.036858408,468.838,468.838
13/01/2024 9:00,bounty_madera,31/01/2024 0:00,13/01/2024 0:00,9,10,5,3.3855086,474.793,474.793
13/01/2024 10:00,bounty_madera,31/01/2024 0:00,13/01/2024 0:00,10,11,5,3.2350216,481.887,481.887
13/01/2024 11:00,bounty_madera,31/01/2024 0:00,13/01/2024 0:00,11,12,5,2.608459475,489.379,489.379
13/01/2024 12:00,bounty_madera,31/01/2024 0:00,13/01/2024 0:00,12,13,5,2.471810758,496.053,496.053
13/01/2024 13:00,bounty_madera,31/01/2024 0:00,13/01/2024 0:00,13,14,5,2.804152533,506.243,506.243
13/01/2024 14:00,bounty_madera,31/01/2024 0:00,13/01/2024 0:00,14,15,5,3.403506458,496.568,496.568
13/01/2024 15:00,bounty_madera,31/01/2024 0:00,13/01/2024 0:00,15,16,5,3.340777467,492.658,492.658
13/01/2024 16:00,bounty_madera,31/01/2024 0:00,13/01/2024 0:00,16,17,5,3.788605408,472.344,472.344
13/01/2024 17:00,bounty_madera,31/01/2024 0:00,13/01/2024 0:00,17,18,5,3.569241808,470.245,470.245
13/01/2024 18:00,bounty_madera,31/01/2024 0:00,13/01/2024 0:00,18,19,5,4.66566365,433.285,433.285
13/01/2024 19:00,bounty_madera,31/01/2024 0:00,13/01/2024 0:00,19,20,5,3.8828236,392.348,392.348
13/01/2024 20:00,bounty_madera,31/01/2024 0:00,13/01/2024 0:00,20,21,5,3.692230467,384.023,384.023
13/01/2024 21:00,bounty_madera,31/01/2024 0:00,13/01/2024 0:00,21,22,5,7.770463442,324.427,324.427
13/01/2024 22:00,bounty_madera,31/01/2024 0:00,13/01/2024 0:00,22,23,5,3.460506225,308.44,308.44
13/01/2024 23:00,bounty_madera,31/01/2024 0:00,13/01/2024 0:00,23,24,5,3.272374358,307.805,307.805
14/01/2024 0:00,bounty_madera,31/01/2024 0:00,14/01/2024 0:00,0,1,6,3.447520325,281.301,281.301
14/01/2024 1:00,bounty_madera,31/01/2024 0:00,14/01/2024 0:00,1,2,6,3.528544408,257.712,257.712
14/01/2024 2:00,bounty_madera,31/01/2024 0:00,14/01/2024 0:00,2,3,6,3.46259845,256.529,256.529
14/01/2024 3:00,bounty_madera,31/01/2024 0:00,14/01/2024 0:00,3,4,6,3.379024542,259.149,259.149
14/01/2024 4:00,bounty_madera,31/01/2024 0:00,14/01/2024 0:00,4,5,6,3.240887667,272.475,272.475
14/01/2024 5:00,bounty_madera,31/01/2024 0:00,14/01/2024 0:00,5,6,6,2.745213392,291.337,291.337
14/01/2024 6:00,bounty_madera,31/01/2024 0:00,14/01/2024 0:00,6,7,6,2.522382367,301.75,301.75
14/01/2024 7:00,bounty_madera,31/01/2024 0:00,14/01/2024 0:00,7,8,6,2.55372305,309.426,309.426
14/01/2024 8:00,bounty_madera,31/01/2024 0:00,14/01/2024 0:00,8,9,6,2.588564892,437.852,437.852
14/01/2024 9:00,bounty_madera,31/01/2024 0:00,14/01/2024 0:00,9,10,6,2.530611917,472.114,472.114
14/01/2024 10:00,bounty_madera,31/01/2024 0:00,14/01/2024 0:00,10,11,6,2.627772933,460.837,460.837
14/01/2024 11:00,bounty_madera,31/01/2024 0:00,14/01/2024 0:00,11,12,6,2.693619442,352.831,352.831
14/01/2024 12:00,bounty_madera,31/01/2024 0:00,14/01/2024 0:00,12,13,6,2.081884292,484.97,484.97
14/01/2024 13:00,bounty_madera,31/01/2024 0:00,14/01/2024 0:00,13,14,6,2.760654317,492.462,492.462
14/01/2024 14:00,bounty_madera,31/01/2024 0:00,14/01/2024 0:00,14,15,6,2.804245575,497.556,497.556
14/01/2024 15:00,bounty_madera,31/01/2024 0:00,14/01/2024 0:00,15,16,6,2.480421542,478.565,478.565
14/01/2024 16:00,bounty_madera,31/01/2024 0:00,14/01/2024 0:00,16,17,6,3.234257492,485.07,485.07
14/01/2024 17:00,bounty_madera,31/01/2024 0:00,14/01/2024 0:00,17,18,6,3.974245625,457.186,457.186
14/01/2024 18:00,bounty_madera,31/01/2024 0:00,14/01/2024 0:00,18,19,6,6.863626175,450.832,450.832
14/01/2024 19:00,bounty_madera,31/01/2024 0:00,14/01/2024 0:00,19,20,6,4.114979475,395.766,395.766
14/01/2024 20:00,bounty_madera,31/01/2024 0:00,14/01/2024 0:00,20,21,6,4.0128884,335.665,335.665
14/01/2024 21:00,bounty_madera,31/01/2024 0:00,14/01/2024 0:00,21,22,6,7.482729217,308.723,308.723
14/01/2024 22:00,bounty_madera,31/01/2024 0:00,14/01/2024 0:00,22,23,6,3.503405392,306.832,306.832
14/01/2024 23:00,bounty_madera,31/01/2024 0:00,14/01/2024 0:00,23,24,6,3.216512417,317.797,317.797
15/01/2024 0:00,bounty_madera,31/01/2024 0:00,15/01/2024 0:00,0,1,0,3.33458145,284.84,284.84
15/01/2024 1:00,bounty_madera,31/01/2024 0:00,15/01/2024 0:00,1,2,0,3.105159658,270.243,270.243
15/01/2024 2:00,bounty_madera,31/01/2024 0:00,15/01/2024 0:00,2,3,0,2.060534625,265.939,265.939
15/01/2024 3:00,bounty_madera,31/01/2024 0:00,15/01/2024 0:00,3,4,0,1.855064258,268.552,268.552
15/01/2024 4:00,bounty_madera,31/01/2024 0:00,15/01/2024 0:00,4,5,0,3.140255067,282.882,282.882
15/01/2024 5:00,bounty_madera,31/01/2024 0:00,15/01/2024 0:00,5,6,0,3.379375517,295.458,295.458
15/01/2024 6:00,bounty_madera,31/01/2024 0:00,15/01/2024 0:00,6,7,0,3.086890542,305.658,305.658
15/01/2024 7:00,bounty_madera,31/01/2024 0:00,15/01/2024 0:00,7,8,0,2.913759517,312.513,312.513
15/01/2024 8:00,bounty_madera,31/01/2024 0:00,15/01/2024 0:00,8,9,0,3.299761275,457.136,457.136
15/01/2024 9:00,bounty_madera,31/01/2024 0:00,15/01/2024 0:00,9,10,0,3.921478192,473.185,473.185
15/01/2024 10:00,bounty_madera,31/01/2024 0:00,15/01/2024 0:00,10,11,0,3.828761467,514.676,514.676
15/01/2024 11:00,bounty_madera,31/01/2024 0:00,15/01/2024 0:00,11,12,0,3.669824958,474.856,474.856
15/01/2024 12:00,bounty_madera,31/01/2024 0:00,15/01/2024 0:00,12,13,0,3.267938183,514.722,514.722
15/01/2024 13:00,bounty_madera,31/01/2024 0:00,15/01/2024 0:00,13,14,0,4.124897458,543.976,543.976
15/01/2024 14:00,bounty_madera,31/01/2024 0:00,15/01/2024 0:00,14,15,0,5.2889798,515.496,515.496
15/01/2024 15:00,bounty_madera,31/01/2024 0:00,15/01/2024 0:00,15,16,0,4.057590342,525.34,525.34
15/01/2024 16:00,bounty_madera,31/01/2024 0:00,15/01/2024 0:00,16,17,0,4.915275567,516.684,516.684
15/01/2024 17:00,bounty_madera,31/01/2024 0:00,15/01/2024 0:00,17,18,0,6.285919908,483.293,483.293
15/01/2024 18:00,bounty_madera,31/01/2024 0:00,15/01/2024 0:00,18,19,0,4.305772533,448.425,448.425
15/01/2024 19:00,bounty_madera,31/01/2024 0:00,15/01/2024 0:00,19,20,0,4.0040381,370.945,370.945
15/01/2024 20:00,bounty_madera,31/01/2024 0:00,15/01/2024 0:00,20,21,0,3.3318749,315.744,315.744
15/01/2024 21:00,bounty_madera,31/01/2024 0:00,15/01/2024 0:00,21,22,0,4.17416235,308.542,308.542
15/01/2024 22:00,bounty_madera,31/01/2024 0:00,15/01/2024 0:00,22,23,0,3.520361392,302.062,302.062
15/01/2024 23:00,bounty_madera,31/01/2024 0:00,15/01/2024 0:00,23,24,0,3.155350358,316.108,316.108
16/01/2024 0:00,bounty_madera,31/01/2024 0:00,16/01/2024 0:00,0,1,1,3.192829833,293.345,293.345
16/01/2024 1:00,bounty_madera,31/01/2024 0:00,16/01/2024 0:00,1,2,1,2.5646326,274,274
16/01/2024 2:00,bounty_madera,31/01/2024 0:00,16/01/2024 0:00,2,3,1,2.504580467,269.507,269.507
16/01/2024 3:00,bounty_madera,31/01/2024 0:00,16/01/2024 0:00,3,4,1,2.577060725,276.675,276.675
16/01/2024 4:00,bounty_madera,31/01/2024 0:00,16/01/2024 0:00,4,5,1,2.11881565,283.241,283.241
16/01/2024 5:00,bounty_madera,31/01/2024 0:00,16/01/2024 0:00,5,6,1,3.522420225,305.674,305.674
16/01/2024 6:00,bounty_madera,31/01/2024 0:00,16/01/2024 0:00,6,7,1,3.602476692,302.407,302.407
16/01/2024 7:00,bounty_madera,31/01/2024 0:00,16/01/2024 0:00,7,8,1,3.585326025,333.859,333.859
16/01/2024 8:00,bounty_madera,31/01/2024 0:00,16/01/2024 0:00,8,9,1,3.702288283,453.505,453.505
16/01/2024 9:00,bounty_madera,31/01/2024 0:00,16/01/2024 0:00,9,10,1,3.788558342,470.027,470.027
16/01/2024 10:00,bounty_madera,31/01/2024 0:00,16/01/2024 0:00,10,11,1,3.1813565,474.121,474.121
16/01/2024 11:00,bounty_madera,31/01/2024 0:00,16/01/2024 0:00,11,12,1,3.217360933,462.056,462.056
16/01/2024 12:00,bounty_madera,31/01/2024 0:00,16/01/2024 0:00,12,13,1,1.745094225,490.124,490.124
16/01/2024 13:00,bounty_madera,31/01/2024 0:00,16/01/2024 0:00,13,14,1,5.38288295,505.516,505.516
16/01/2024 14:00,bounty_madera,31/01/2024 0:00,16/01/2024 0:00,14,15,1,3.5094171,495.146,495.146
16/01/2024 15:00,bounty_madera,31/01/2024 0:00,16/01/2024 0:00,15,16,1,3.492364483,490.059,490.059
16/01/2024 16:00,bounty_madera,31/01/2024 0:00,16/01/2024 0:00,16,17,1,3.506420275,507.234,507.234
16/01/2024 17:00,bounty_madera,31/01/2024 0:00,16/01/2024 0:00,17,18,1,3.453929783,488.673,488.673
16/01/2024 18:00,bounty_madera,31/01/2024 0:00,16/01/2024 0:00,18,19,1,3.63898745,414.184,414.184
16/01/2024 19:00,bounty_madera,31/01/2024 0:00,16/01/2024 0:00,19,20,1,2.232952317,334.917,334.917
16/01/2024 20:00,bounty_madera,31/01/2024 0:00,16/01/2024 0:00,20,21,1,3.412749442,302.231,302.231
16/01/2024 21:00,bounty_madera,31/01/2024 0:00,16/01/2024 0:00,21,22,1,2.606740108,298.459,298.459
16/01/2024 22:00,bounty_madera,31/01/2024 0:00,16/01/2024 0:00,22,23,1,5.703552817,302.584,302.584
16/01/2024 23:00,bounty_madera,31/01/2024 0:00,16/01/2024 0:00,23,24,1,2.650811042,316.783,316.783
17/01/2024 0:00,bounty_madera,31/01/2024 0:00,17/01/2024 0:00,0,1,2,2.785682508,293.374,293.374
17/01/2024 1:00,bounty_madera,31/01/2024 0:00,17/01/2024 0:00,1,2,2,2.641230992,259.106,259.106
17/01/2024 2:00,bounty_madera,31/01/2024 0:00,17/01/2024 0:00,2,3,2,2.577727183,216.035,216.035
17/01/2024 3:00,bounty_madera,31/01/2024 0:00,17/01/2024 0:00,3,4,2,2.55065295,0.33,0.33
17/01/2024 4:00,bounty_madera,31/01/2024 0:00,17/01/2024 0:00,4,5,2,3.05823465,0.3,0.3
17/01/2024 5:00,bounty_madera,31/01/2024 0:00,17/01/2024 0:00,5,6,2,3.471622142,40.979,40.979
17/01/2024 6:00,bounty_madera,31/01/2024 0:00,17/01/2024 0:00,6,7,2,3.422699358,311.033,311.033
17/01/2024 7:00,bounty_madera,31/01/2024 0:00,17/01/2024 0:00,7,8,2,3.547466608,314.214,314.214
17/01/2024 8:00,bounty_madera,31/01/2024 0:00,17/01/2024 0:00,8,9,2,2.941396308,409.741,409.741
17/01/2024 9:00,bounty_madera,31/01/2024 0:00,17/01/2024 0:00,9,10,2,2.00218115,474.29,474.29
17/01/2024 10:00,bounty_madera,31/01/2024 0:00,17/01/2024 0:00,10,11,2,2.49159635,457.69,457.69
17/01/2024 11:00,bounty_madera,31/01/2024 0:00,17/01/2024 0:00,11,12,2,2.865864133,446.066,446.066
17/01/2024 12:00,bounty_madera,31/01/2024 0:00,17/01/2024 0:00,12,13,2,2.056276008,474.458,474.458
17/01/2024 13:00,bounty_madera,31/01/2024 0:00,17/01/2024 0:00,13,14,2,3.462216908,500.985,500.985
17/01/2024 14:00,bounty_madera,31/01/2024 0:00,17/01/2024 0:00,14,15,2,3.484159833,467.879,467.879
17/01/2024 15:00,bounty_madera,31/01/2024 0:00,17/01/2024 0:00,15,16,2,6.3367567,453.952,453.952
17/01/2024 16:00,bounty_madera,31/01/2024 0:00,17/01/2024 0:00,16,17,2,4.025348125,453.245,453.245
17/01/2024 17:00,bounty_madera,31/01/2024 0:00,17/01/2024 0:00,17,18,2,3.758626558,450.752,450.752
17/01/2024 18:00,bounty_madera,31/01/2024 0:00,17/01/2024 0:00,18,19,2,4.133528417,367.113,367.113
17/01/2024 19:00,bounty_madera,31/01/2024 0:00,17/01/2024 0:00,19,20,2,3.639299808,339.011,339.011
17/01/2024 20:00,bounty_madera,31/01/2024 0:00,17/01/2024 0:00,20,21,2,7.26570655,317.729,317.729
17/01/2024 21:00,bounty_madera,31/01/2024 0:00,17/01/2024 0:00,21,22,2,3.358799025,319.329,319.329
17/01/2024 22:00,bounty_madera,31/01/2024 0:00,17/01/2024 0:00,22,23,2,3.484822567,315.739,315.739
17/01/2024 23:00,bounty_madera,31/01/2024 0:00,17/01/2024 0:00,23,24,2,2.445092625,319.57,319.57
18/01/2024 0:00,bounty_madera,31/01/2024 0:00,18/01/2024 0:00,0,1,3,2.6441836,292.076,292.076
18/01/2024 1:00,bounty_madera,31/01/2024 0:00,18/01/2024 0:00,1,2,3,1.22932025,270.437,270.437
18/01/2024 2:00,bounty_madera,31/01/2024 0:00,18/01/2024 0:00,2,3,3,0.0852638,258.185,258.185
18/01/2024 3:00,bounty_madera,31/01/2024 0:00,18/01/2024 0:00,3,4,3,-0.004076475,264.143,264.143
18/01/2024 4:00,bounty_madera,31/01/2024 0:00,18/01/2024 0:00,4,5,3,1.874913067,279.21,279.21
18/01/2024 5:00,bounty_madera,31/01/2024 0:00,18/01/2024 0:00,5,6,3,3.157577958,295.127,295.127
18/01/2024 6:00,bounty_madera,31/01/2024 0:00,18/01/2024 0:00,6,7,3,3.483963442,303.463,303.463
18/01/2024 7:00,bounty_madera,31/01/2024 0:00,18/01/2024 0:00,7,8,3,3.219329533,315.331,315.331
18/01/2024 8:00,bounty_madera,31/01/2024 0:00,18/01/2024 0:00,8,9,3,4.088830775,372.959,372.959
18/01/2024 9:00,bounty_madera,31/01/2024 0:00,18/01/2024 0:00,9,10,3,4.477458275,474.744,474.744
18/01/2024 10:00,bounty_madera,31/01/2024 0:00,18/01/2024 0:00,10,11,3,3.631231692,448.964,448.964
18/01/2024 11:00,bounty_madera,31/01/2024 0:00,18/01/2024 0:00,11,12,3,3.731795283,438.125,438.125
18/01/2024 12:00,bounty_madera,31/01/2024 0:00,18/01/2024 0:00,12,13,3,2.860372225,467.755,467.755
18/01/2024 13:00,bounty_madera,31/01/2024 0:00,18/01/2024 0:00,13,14,3,6.637322283,487.882,487.882
18/01/2024 14:00,bounty_madera,31/01/2024 0:00,18/01/2024 0:00,14,15,3,7.485997575,475.596,475.596
18/01/2024 15:00,bounty_madera,31/01/2024 0:00,18/01/2024 0:00,15,16,3,10.6086483,475.772,475.772
18/01/2024 16:00,bounty_madera,31/01/2024 0:00,18/01/2024 0:00,16,17,3,5.435097842,479.997,479.997
18/01/2024 17:00,bounty_madera,31/01/2024 0:00,18/01/2024 0:00,17,18,3,7.786581592,479.501,479.501
18/01/2024 18:00,bounty_madera,31/01/2024 0:00,18/01/2024 0:00,18,19,3,8.776544292,446.848,446.848
18/01/2024 19:00,bounty_madera,31/01/2024 0:00,18/01/2024 0:00,19,20,3,6.275371333,438.263,438.263
18/01/2024 20:00,bounty_madera,31/01/2024 0:00,18/01/2024 0:00,20,21,3,4.314583358,440.113,440.113
18/01/2024 21:00,bounty_madera,31/01/2024 0:00,18/01/2024 0:00,21,22,3,4.4409267,428.502,428.502
18/01/2024 22:00,bounty_madera,31/01/2024 0:00,18/01/2024 0:00,22,23,3,3.15243515,411.863,411.863
18/01/2024 23:00,bounty_madera,31/01/2024 0:00,18/01/2024 0:00,23,24,3,3.382096683,437.841,437.841
19/01/2024 0:00,bounty_madera,31/01/2024 0:00,19/01/2024 0:00,0,1,4,3.636991567,407.637,407.637
19/01/2024 1:00,bounty_madera,31/01/2024 0:00,19/01/2024 0:00,1,2,4,3.821399292,355.475,355.475
19/01/2024 2:00,bounty_madera,31/01/2024 0:00,19/01/2024 0:00,2,3,4,3.632124175,338.577,338.577
19/01/2024 3:00,bounty_madera,31/01/2024 0:00,19/01/2024 0:00,3,4,4,3.610030267,342.543,342.543
19/01/2024 4:00,bounty_madera,31/01/2024 0:00,19/01/2024 0:00,4,5,4,3.864284733,351.683,351.683
19/01/2024 5:00,bounty_madera,31/01/2024 0:00,19/01/2024 0:00,5,6,4,4.963833183,352.485,352.485
19/01/2024 6:00,bounty_madera,31/01/2024 0:00,19/01/2024 0:00,6,7,4,8.463928858,347.365,347.365
19/01/2024 7:00,bounty_madera,31/01/2024 0:00,19/01/2024 0:00,7,8,4,3.807583942,394.334,394.334
19/01/2024 8:00,bounty_madera,31/01/2024 0:00,19/01/2024 0:00,8,9,4,4.406442217,468.027,468.027
19/01/2024 9:00,bounty_madera,31/01/2024 0:00,19/01/2024 0:00,9,10,4,6.70002325,509.949,509.949
19/01/2024 10:00,bounty_madera,31/01/2024 0:00,19/01/2024 0:00,10,11,4,4.285166675,548.035,548.035
19/01/2024 11:00,bounty_madera,31/01/2024 0:00,19/01/2024 0:00,11,12,4,4.2286458,518.427,518.427
19/01/2024 12:00,bounty_madera,31/01/2024 0:00,19/01/2024 0:00,12,13,4,3.350344925,524.685,524.685
19/01/2024 13:00,bounty_madera,31/01/2024 0:00,19/01/2024 0:00,13,14,4,7.17119705,534.559,534.559
19/01/2024 14:00,bounty_madera,31/01/2024 0:00,19/01/2024 0:00,14,15,4,8.266918275,530.124,530.124
19/01/2024 15:00,bounty_madera,31/01/2024 0:00,19/01/2024 0:00,15,16,4,5.452319458,542.619,542.619
19/01/2024 16:00,bounty_madera,31/01/2024 0:00,19/01/2024 0:00,16,17,4,5.273490417,531.716,531.716
19/01/2024 17:00,bounty_madera,31/01/2024 0:00,19/01/2024 0:00,17,18,4,7.1080647,520.057,520.057
19/01/2024 18:00,bounty_madera,31/01/2024 0:00,19/01/2024 0:00,18,19,4,5.9000097,488.584,488.584
19/01/2024 19:00,bounty_madera,31/01/2024 0:00,19/01/2024 0:00,19,20,4,3.411275125,464.726,464.726
19/01/2024 20:00,bounty_madera,31/01/2024 0:00,19/01/2024 0:00,20,21,4,4.492056192,449.934,449.934
19/01/2024 21:00,bounty_madera,31/01/2024 0:00,19/01/2024 0:00,21,22,4,3.851072408,427.161,427.161
19/01/2024 22:00,bounty_madera,31/01/2024 0:00,19/01/2024 0:00,22,23,4,3.954393608,387.518,387.518
19/01/2024 23:00,bounty_madera,31/01/2024 0:00,19/01/2024 0:00,23,24,4,3.557168017,374.089,374.089
20/01/2024 0:00,bounty_madera,31/01/2024 0:00,20/01/2024 0:00,0,1,5,3.612806775,318.651,318.651
20/01/2024 1:00,bounty_madera,31/01/2024 0:00,20/01/2024 0:00,1,2,5,4.628549067,279.226,279.226
20/01/2024 2:00,bounty_madera,31/01/2024 0:00,20/01/2024 0:00,2,3,5,3.753813583,275.675,275.675
20/01/2024 3:00,bounty_madera,31/01/2024 0:00,20/01/2024 0:00,3,4,5,3.502553033,272.774,272.774
20/01/2024 4:00,bounty_madera,31/01/2024 0:00,20/01/2024 0:00,4,5,5,2.890514683,288.124,288.124
20/01/2024 5:00,bounty_madera,31/01/2024 0:00,20/01/2024 0:00,5,6,5,3.135422017,307.462,307.462
20/01/2024 6:00,bounty_madera,31/01/2024 0:00,20/01/2024 0:00,6,7,5,3.469314767,310.792,310.792
20/01/2024 7:00,bounty_madera,31/01/2024 0:00,20/01/2024 0:00,7,8,5,3.497293042,344.811,344.811
20/01/2024 8:00,bounty_madera,31/01/2024 0:00,20/01/2024 0:00,8,9,5,3.774867942,464.588,464.588
20/01/2024 9:00,bounty_madera,31/01/2024 0:00,20/01/2024 0:00,9,10,5,3.641146842,485.902,485.902
20/01/2024 10:00,bounty_madera,31/01/2024 0:00,20/01/2024 0:00,10,11,5,3.954743742,495.31,495.31
20/01/2024 11:00,bounty_madera,31/01/2024 0:00,20/01/2024 0:00,11,12,5,3.952999117,485.999,485.999
20/01/2024 12:00,bounty_madera,31/01/2024 0:00,20/01/2024 0:00,12,13,5,3.672745258,521.005,521.005
20/01/2024 13:00,bounty_madera,31/01/2024 0:00,20/01/2024 0:00,13,14,5,4.239791292,553.616,553.616
20/01/2024 14:00,bounty_madera,31/01/2024 0:00,20/01/2024 0:00,14,15,5,4.2106414,547.029,547.029
20/01/2024 15:00,bounty_madera,31/01/2024 0:00,20/01/2024 0:00,15,16,5,4.211235425,542.653,542.653
20/01/2024 16:00,bounty_madera,31/01/2024 0:00,20/01/2024 0:00,16,17,5,4.355137325,549.642,549.642
20/01/2024 17:00,bounty_madera,31/01/2024 0:00,20/01/2024 0:00,17,18,5,5.535988842,520.986,520.986
20/01/2024 18:00,bounty_madera,31/01/2024 0:00,20/01/2024 0:00,18,19,5,6.746832383,486.965,486.965
20/01/2024 19:00,bounty_madera,31/01/2024 0:00,20/01/2024 0:00,19,20,5,4.7424723,467.703,467.703
20/01/2024 20:00,bounty_madera,31/01/2024 0:00,20/01/2024 0:00,20,21,5,5.486129533,472.954,472.954
20/01/2024 21:00,bounty_madera,31/01/2024 0:00,20/01/2024 0:00,21,22,5,7.480855925,486.7,486.7
20/01/2024 22:00,bounty_madera,31/01/2024 0:00,20/01/2024 0:00,22,23,5,4.394390992,473.794,473.794
20/01/2024 23:00,bounty_madera,31/01/2024 0:00,20/01/2024 0:00,23,24,5,4.000907258,496.211,496.211
21/01/2024 0:00,bounty_madera,31/01/2024 0:00,21/01/2024 0:00,0,1,6,3.785365825,472.427,472.427
21/01/2024 1:00,bounty_madera,31/01/2024 0:00,21/01/2024 0:00,1,2,6,3.683192642,419.014,419.014
21/01/2024 2:00,bounty_madera,31/01/2024 0:00,21/01/2024 0:00,2,3,6,3.573203942,411.205,411.205
21/01/2024 3:00,bounty_madera,31/01/2024 0:00,21/01/2024 0:00,3,4,6,3.53163235,408.716,408.716
21/01/2024 4:00,bounty_madera,31/01/2024 0:00,21/01/2024 0:00,4,5,6,3.634648125,421.719,421.719
21/01/2024 5:00,bounty_madera,31/01/2024 0:00,21/01/2024 0:00,5,6,6,3.601337958,432.451,432.451
21/01/2024 6:00,bounty_madera,31/01/2024 0:00,21/01/2024 0:00,6,7,6,3.437502058,399.693,399.693
21/01/2024 7:00,bounty_madera,31/01/2024 0:00,21/01/2024 0:00,7,8,6,3.451745375,422.34,422.34
21/01/2024 8:00,bounty_madera,31/01/2024 0:00,21/01/2024 0:00,8,9,6,3.179900158,490.009,490.009
21/01/2024 9:00,bounty_madera,31/01/2024 0:00,21/01/2024 0:00,9,10,6,2.963663158,526.004,526.004
21/01/2024 10:00,bounty_madera,31/01/2024 0:00,21/01/2024 0:00,10,11,6,3.614257575,554.584,554.584
21/01/2024 11:00,bounty_madera,31/01/2024 0:00,21/01/2024 0:00,11,12,6,3.78949345,532.893,532.893
21/01/2024 12:00,bounty_madera,31/01/2024 0:00,21/01/2024 0:00,12,13,6,3.214677817,552.282,552.282
21/01/2024 13:00,bounty_madera,31/01/2024 0:00,21/01/2024 0:00,13,14,6,3.329008633,585.786,585.786
21/01/2024 14:00,bounty_madera,31/01/2024 0:00,21/01/2024 0:00,14,15,6,3.649827917,586.903,586.903
21/01/2024 15:00,bounty_madera,31/01/2024 0:00,21/01/2024 0:00,15,16,6,3.255827533,577.332,577.332
21/01/2024 16:00,bounty_madera,31/01/2024 0:00,21/01/2024 0:00,16,17,6,3.666137992,588.657,588.657
21/01/2024 17:00,bounty_madera,31/01/2024 0:00,21/01/2024 0:00,17,18,6,4.903670775,577.928,577.928
21/01/2024 18:00,bounty_madera,31/01/2024 0:00,21/01/2024 0:00,18,19,6,4.721225783,498.51,498.51
21/01/2024 19:00,bounty_madera,31/01/2024 0:00,21/01/2024 0:00,19,20,6,4.283046075,488.347,488.347
21/01/2024 20:00,bounty_madera,31/01/2024 0:00,21/01/2024 0:00,20,21,6,4.548257133,477.647,477.647
21/01/2024 21:00,bounty_madera,31/01/2024 0:00,21/01/2024 0:00,21,22,6,5.8339666,491.962,491.962
21/01/2024 22:00,bounty_madera,31/01/2024 0:00,21/01/2024 0:00,22,23,6,4.048192408,485.2,485.2
21/01/2024 23:00,bounty_madera,31/01/2024 0:00,21/01/2024 0:00,23,24,6,3.790277642,503.618,503.618
22/01/2024 0:00,bounty_madera,31/01/2024 0:00,22/01/2024 0:00,0,1,0,3.64772305,487.265,487.265
22/01/2024 1:00,bounty_madera,31/01/2024 0:00,22/01/2024 0:00,1,2,0,3.566691167,446.203,446.203
22/01/2024 2:00,bounty_madera,31/01/2024 0:00,22/01/2024 0:00,2,3,0,3.393095925,426.503,426.503
22/01/2024 3:00,bounty_madera,31/01/2024 0:00,22/01/2024 0:00,3,4,0,3.3747978,414.368,414.368
22/01/2024 4:00,bounty_madera,31/01/2024 0:00,22/01/2024 0:00,4,5,0,3.436900375,404.521,404.521
22/01/2024 5:00,bounty_madera,31/01/2024 0:00,22/01/2024 0:00,5,6,0,3.7855176,432.025,432.025
22/01/2024 6:00,bounty_madera,31/01/2024 0:00,22/01/2024 0:00,6,7,0,3.483349633,438.866,438.866
22/01/2024 7:00,bounty_madera,31/01/2024 0:00,22/01/2024 0:00,7,8,0,3.093033017,451.027,451.027
22/01/2024 8:00,bounty_madera,31/01/2024 0:00,22/01/2024 0:00,8,9,0,3.882067525,493.113,493.113
22/01/2024 9:00,bounty_madera,31/01/2024 0:00,22/01/2024 0:00,9,10,0,2.840148117,498.472,498.472
22/01/2024 10:00,bounty_madera,31/01/2024 0:00,22/01/2024 0:00,10,11,0,3.747680217,515.511,515.511
22/01/2024 11:00,bounty_madera,31/01/2024 0:00,22/01/2024 0:00,11,12,0,3.80778735,515.268,515.268
22/01/2024 12:00,bounty_madera,31/01/2024 0:00,22/01/2024 0:00,12,13,0,2.824669092,521.009,521.009
22/01/2024 13:00,bounty_madera,31/01/2024 0:00,22/01/2024 0:00,13,14,0,4.10012865,523.001,523.001
22/01/2024 14:00,bounty_madera,31/01/2024 0:00,22/01/2024 0:00,14,15,0,5.33222555,304.63,304.63
22/01/2024 15:00,bounty_madera,31/01/2024 0:00,22/01/2024 0:00,15,16,0,4.722648075,0.435,0.435
22/01/2024 16:00,bounty_madera,31/01/2024 0:00,22/01/2024 0:00,16,17,0,4.833949642,261.136,261.136
22/01/2024 17:00,bounty_madera,31/01/2024 0:00,22/01/2024 0:00,17,18,0,3.7464697,507.356,507.356
22/01/2024 18:00,bounty_madera,31/01/2024 0:00,22/01/2024 0:00,18,19,0,4.754856042,489.72,489.72
22/01/2024 19:00,bounty_madera,31/01/2024 0:00,22/01/2024 0:00,19,20,0,4.847665792,471.575,471.575
22/01/2024 20:00,bounty_madera,31/01/2024 0:00,22/01/2024 0:00,20,21,0,5.735698792,452.224,452.224
22/01/2024 21:00,bounty_madera,31/01/2024 0:00,22/01/2024 0:00,21,22,0,7.508666708,449.578,449.578
22/01/2024 22:00,bounty_madera,31/01/2024 0:00,22/01/2024 0:00,22,23,0,4.15451385,415.468,415.468
22/01/2024 23:00,bounty_madera,31/01/2024 0:00,22/01/2024 0:00,23,24,0,3.650303842,367.068,367.068
23/01/2024 0:00,bounty_madera,31/01/2024 0:00,23/01/2024 0:00,0,1,1,3.619773,329.752,329.752
23/01/2024 1:00,bounty_madera,31/01/2024 0:00,23/01/2024 0:00,1,2,1,3.654963283,303.726,303.726
23/01/2024 2:00,bounty_madera,31/01/2024 0:00,23/01/2024 0:00,2,3,1,3.503785225,304.862,304.862
23/01/2024 3:00,bounty_madera,31/01/2024 0:00,23/01/2024 0:00,3,4,1,3.549666733,316.769,316.769
23/01/2024 4:00,bounty_madera,31/01/2024 0:00,23/01/2024 0:00,4,5,1,3.612485817,292.475,292.475
23/01/2024 5:00,bounty_madera,31/01/2024 0:00,23/01/2024 0:00,5,6,1,4.089324467,320.07,320.07
23/01/2024 6:00,bounty_madera,31/01/2024 0:00,23/01/2024 0:00,6,7,1,3.761243658,329.726,329.726
23/01/2024 7:00,bounty_madera,31/01/2024 0:00,23/01/2024 0:00,7,8,1,3.307284683,346.819,346.819
23/01/2024 8:00,bounty_madera,31/01/2024 0:00,23/01/2024 0:00,8,9,1,3.927244508,490.893,490.893
23/01/2024 9:00,bounty_madera,31/01/2024 0:00,23/01/2024 0:00,9,10,1,2.824444608,490.026,490.026
23/01/2024 10:00,bounty_madera,31/01/2024 0:00,23/01/2024 0:00,10,11,1,4.339596267,540.078,540.078
23/01/2024 11:00,bounty_madera,31/01/2024 0:00,23/01/2024 0:00,11,12,1,4.209035858,537.181,537.181
23/01/2024 12:00,bounty_madera,31/01/2024 0:00,23/01/2024 0:00,12,13,1,3.598450983,554.929,554.929
23/01/2024 13:00,bounty_madera,31/01/2024 0:00,23/01/2024 0:00,13,14,1,4.61725125,601.538,601.538
23/01/2024 14:00,bounty_madera,31/01/2024 0:00,23/01/2024 0:00,14,15,1,5.021174242,589.108,589.108
23/01/2024 15:00,bounty_madera,31/01/2024 0:00,23/01/2024 0:00,15,16,1,4.98857865,599.967,599.967
23/01/2024 16:00,bounty_madera,31/01/2024 0:00,23/01/2024 0:00,16,17,1,4.868395058,606.336,606.336
23/01/2024 17:00,bounty_madera,31/01/2024 0:00,23/01/2024 0:00,17,18,1,5.427685583,587.692,587.692
23/01/2024 18:00,bounty_madera,31/01/2024 0:00,23/01/2024 0:00,18,19,1,5.41082495,520.456,520.456
23/01/2024 19:00,bounty_madera,31/01/2024 0:00,23/01/2024 0:00,19,20,1,4.3924884,433.041,433.041
23/01/2024 20:00,bounty_madera,31/01/2024 0:00,23/01/2024 0:00,20,21,1,4.201773283,424.831,424.831
23/01/2024 21:00,bounty_madera,31/01/2024 0:00,23/01/2024 0:00,21,22,1,4.255660067,423.856,423.856
23/01/2024 22:00,bounty_madera,31/01/2024 0:00,23/01/2024 0:00,22,23,1,3.949038717,420.416,420.416
23/01/2024 23:00,bounty_madera,31/01/2024 0:00,23/01/2024 0:00,23,24,1,5.722209958,448.249,448.249
24/01/2024 0:00,bounty_madera,31/01/2024 0:00,24/01/2024 0:00,0,1,2,3.762132625,367.744,367.744
24/01/2024 1:00,bounty_madera,31/01/2024 0:00,24/01/2024 0:00,1,2,2,3.434882233,309.833,309.833
24/01/2024 2:00,bounty_madera,31/01/2024 0:00,24/01/2024 0:00,2,3,2,3.05771735,292.227,292.227
24/01/2024 3:00,bounty_madera,31/01/2024 0:00,24/01/2024 0:00,3,4,2,2.886592,295.251,295.251
24/01/2024 4:00,bounty_madera,31/01/2024 0:00,24/01/2024 0:00,4,5,2,3.368840092,302.507,302.507
24/01/2024 5:00,bounty_madera,31/01/2024 0:00,24/01/2024 0:00,5,6,2,3.571556617,315.79,315.79
24/01/2024 6:00,bounty_madera,31/01/2024 0:00,24/01/2024 0:00,6,7,2,3.385342283,315.608,315.608
24/01/2024 7:00,bounty_madera,31/01/2024 0:00,24/01/2024 0:00,7,8,2,3.450971858,358.383,358.383
24/01/2024 8:00,bounty_madera,31/01/2024 0:00,24/01/2024 0:00,8,9,2,4.559483983,480.539,480.539
24/01/2024 9:00,bounty_madera,31/01/2024 0:00,24/01/2024 0:00,9,10,2,5.03765055,472.995,472.995
24/01/2024 10:00,bounty_madera,31/01/2024 0:00,24/01/2024 0:00,10,11,2,4.68191965,494.075,494.075
24/01/2024 11:00,bounty_madera,31/01/2024 0:00,24/01/2024 0:00,11,12,2,5.719051358,474.657,474.657
24/01/2024 12:00,bounty_madera,31/01/2024 0:00,24/01/2024 0:00,12,13,2,5.115192817,512.889,512.889
24/01/2024 13:00,bounty_madera,31/01/2024 0:00,24/01/2024 0:00,13,14,2,4.232322883,514.004,514.004
24/01/2024 14:00,bounty_madera,31/01/2024 0:00,24/01/2024 0:00,14,15,2,4.721699517,515.97,515.97
24/01/2024 15:00,bounty_madera,31/01/2024 0:00,24/01/2024 0:00,15,16,2,4.817803392,518.409,518.409
24/01/2024 16:00,bounty_madera,31/01/2024 0:00,24/01/2024 0:00,16,17,2,4.900181133,507.895,507.895
24/01/2024 17:00,bounty_madera,31/01/2024 0:00,24/01/2024 0:00,17,18,2,4.879411808,484.996,484.996
24/01/2024 18:00,bounty_madera,31/01/2024 0:00,24/01/2024 0:00,18,19,2,4.998794208,431.32,431.32
24/01/2024 19:00,bounty_madera,31/01/2024 0:00,24/01/2024 0:00,19,20,2,4.376950342,357.272,357.272
24/01/2024 20:00,bounty_madera,31/01/2024 0:00,24/01/2024 0:00,20,21,2,4.001437292,331.696,331.696
24/01/2024 21:00,bounty_madera,31/01/2024 0:00,24/01/2024 0:00,21,22,2,3.480629167,318.999,318.999
24/01/2024 22:00,bounty_madera,31/01/2024 0:00,24/01/2024 0:00,22,23,2,3.415666792,317.388,317.388
24/01/2024 23:00,bounty_madera,31/01/2024 0:00,24/01/2024 0:00,23,24,2,3.800440325,314.672,314.672
25/01/2024 0:00,bounty_madera,31/01/2024 0:00,25/01/2024 0:00,0,1,3,3.693464842,310.721,310.721
25/01/2024 1:00,bounty_madera,31/01/2024 0:00,25/01/2024 0:00,1,2,3,3.436435125,282.895,282.895
25/01/2024 2:00,bounty_madera,31/01/2024 0:00,25/01/2024 0:00,2,3,3,2.790664908,273.117,273.117
25/01/2024 3:00,bounty_madera,31/01/2024 0:00,25/01/2024 0:00,3,4,3,2.703642242,278.044,278.044
25/01/2024 4:00,bounty_madera,31/01/2024 0:00,25/01/2024 0:00,4,5,3,2.950308925,287,287
25/01/2024 5:00,bounty_madera,31/01/2024 0:00,25/01/2024 0:00,5,6,3,3.292125783,308.221,308.221
25/01/2024 6:00,bounty_madera,31/01/2024 0:00,25/01/2024 0:00,6,7,3,3.102841683,302.934,302.934
25/01/2024 7:00,bounty_madera,31/01/2024 0:00,25/01/2024 0:00,7,8,3,3.25682555,312.642,312.642
25/01/2024 8:00,bounty_madera,31/01/2024 0:00,25/01/2024 0:00,8,9,3,4.032602658,412.994,412.994
25/01/2024 9:00,bounty_madera,31/01/2024 0:00,25/01/2024 0:00,9,10,3,3.007713075,472.088,472.088
25/01/2024 10:00,bounty_madera,31/01/2024 0:00,25/01/2024 0:00,10,11,3,3.869687742,432.658,432.658
25/01/2024 11:00,bounty_madera,31/01/2024 0:00,25/01/2024 0:00,11,12,3,4.747650075,459.013,459.013
25/01/2024 12:00,bounty_madera,31/01/2024 0:00,25/01/2024 0:00,12,13,3,6.896835308,472.303,472.303
25/01/2024 13:00,bounty_madera,31/01/2024 0:00,25/01/2024 0:00,13,14,3,4.896168692,504.194,504.194
25/01/2024 14:00,bounty_madera,31/01/2024 0:00,25/01/2024 0:00,14,15,3,3.710315525,474.494,474.494
25/01/2024 15:00,bounty_madera,31/01/2024 0:00,25/01/2024 0:00,15,16,3,3.382266067,478.821,478.821
25/01/2024 16:00,bounty_madera,31/01/2024 0:00,25/01/2024 0:00,16,17,3,4.030210375,467.527,467.527
25/01/2024 17:00,bounty_madera,31/01/2024 0:00,25/01/2024 0:00,17,18,3,3.551175367,457,457
25/01/2024 18:00,bounty_madera,31/01/2024 0:00,25/01/2024 0:00,18,19,3,5.514311792,392.497,392.497
25/01/2024 19:00,bounty_madera,31/01/2024 0:00,25/01/2024 0:00,19,20,3,3.624530842,328.855,328.855
25/01/2024 20:00,bounty_madera,31/01/2024 0:00,25/01/2024 0:00,20,21,3,3.290209342,309.097,309.097
25/01/2024 21:00,bounty_madera,31/01/2024 0:00,25/01/2024 0:00,21,22,3,3.219082283,312.61,312.61
25/01/2024 22:00,bounty_madera,31/01/2024 0:00,25/01/2024 0:00,22,23,3,2.818548742,307.586,307.586
25/01/2024 23:00,bounty_madera,31/01/2024 0:00,25/01/2024 0:00,23,24,3,2.604355767,322.619,322.619
26/01/2024 0:00,bounty_madera,29/02/2024 0:00,26/01/2024 0:00,0,1,4,3.196268458,303.222,303.222
26/01/2024 1:00,bounty_madera,29/02/2024 0:00,26/01/2024 0:00,1,2,4,3.181616467,267.733,267.733
26/01/2024 2:00,bounty_madera,29/02/2024 0:00,26/01/2024 0:00,2,3,4,2.800603058,268.606,268.606
26/01/2024 3:00,bounty_madera,29/02/2024 0:00,26/01/2024 0:00,3,4,4,2.203551058,276.738,276.738
26/01/2024 4:00,bounty_madera,29/02/2024 0:00,26/01/2024 0:00,4,5,4,2.730566742,287.21,287.21
26/01/2024 5:00,bounty_madera,29/02/2024 0:00,26/01/2024 0:00,5,6,4,3.048143808,300.339,300.339
26/01/2024 6:00,bounty_madera,29/02/2024 0:00,26/01/2024 0:00,6,7,4,3.1335041,299.543,299.543
26/01/2024 7:00,bounty_madera,29/02/2024 0:00,26/01/2024 0:00,7,8,4,4.353845142,300.975,300.975
26/01/2024 8:00,bounty_madera,29/02/2024 0:00,26/01/2024 0:00,8,9,4,3.9229692,373.977,373.977
26/01/2024 9:00,bounty_madera,29/02/2024 0:00,26/01/2024 0:00,9,10,4,3.196747242,488.935,488.935
26/01/2024 10:00,bounty_madera,29/02/2024 0:00,26/01/2024 0:00,10,11,4,3.011486092,474.974,474.974
26/01/2024 11:00,bounty_madera,29/02/2024 0:00,26/01/2024 0:00,11,12,4,2.994910983,422.867,422.867
26/01/2024 12:00,bounty_madera,29/02/2024 0:00,26/01/2024 0:00,12,13,4,1.349218725,464.242,464.242
26/01/2024 13:00,bounty_madera,29/02/2024 0:00,26/01/2024 0:00,13,14,4,3.292683558,466.717,466.717
26/01/2024 14:00,bounty_madera,29/02/2024 0:00,26/01/2024 0:00,14,15,4,3.300020417,466.791,466.791
26/01/2024 15:00,bounty_madera,29/02/2024 0:00,26/01/2024 0:00,15,16,4,3.427404017,467.512,467.512
26/01/2024 16:00,bounty_madera,29/02/2024 0:00,26/01/2024 0:00,16,17,4,3.425592858,481.66,481.66
26/01/2024 17:00,bounty_madera,29/02/2024 0:00,26/01/2024 0:00,17,18,4,3.201350392,437.154,437.154
26/01/2024 18:00,bounty_madera,29/02/2024 0:00,26/01/2024 0:00,18,19,4,4.662369142,370.733,370.733
26/01/2024 19:00,bounty_madera,29/02/2024 0:00,26/01/2024 0:00,19,20,4,3.44972895,307.504,307.504
26/01/2024 20:00,bounty_madera,29/02/2024 0:00,26/01/2024 0:00,20,21,4,3.752971958,288.339,288.339
26/01/2024 21:00,bounty_madera,29/02/2024 0:00,26/01/2024 0:00,21,22,4,3.527862383,284.54,284.54
26/01/2024 22:00,bounty_madera,29/02/2024 0:00,26/01/2024 0:00,22,23,4,3.306325325,281.065,281.065
26/01/2024 23:00,bounty_madera,29/02/2024 0:00,26/01/2024 0:00,23,24,4,3.148946725,290.836,290.836
27/01/2024 0:00,bounty_madera,29/02/2024 0:00,27/01/2024 0:00,0,1,5,2.757812742,279.791,279.791
27/01/2024 1:00,bounty_madera,29/02/2024 0:00,27/01/2024 0:00,1,2,5,2.662376883,261.081,261.081
27/01/2024 2:00,bounty_madera,29/02/2024 0:00,27/01/2024 0:00,2,3,5,2.272124417,259.547,259.547
27/01/2024 3:00,bounty_madera,29/02/2024 0:00,27/01/2024 0:00,3,4,5,2.528976208,268.404,268.404
27/01/2024 4:00,bounty_madera,29/02/2024 0:00,27/01/2024 0:00,4,5,5,1.596574908,282.954,282.954
27/01/2024 5:00,bounty_madera,29/02/2024 0:00,27/01/2024 0:00,5,6,5,1.282064325,291.53,291.53
27/01/2024 6:00,bounty_madera,29/02/2024 0:00,27/01/2024 0:00,6,7,5,2.575048058,300.191,300.191
27/01/2024 7:00,bounty_madera,29/02/2024 0:00,27/01/2024 0:00,7,8,5,2.879865117,305.41,305.41
27/01/2024 8:00,bounty_madera,29/02/2024 0:00,27/01/2024 0:00,8,9,5,2.58543665,336.204,336.204
27/01/2024 9:00,bounty_madera,29/02/2024 0:00,27/01/2024 0:00,9,10,5,0.860165808,454.536,454.536
27/01/2024 10:00,bounty_madera,29/02/2024 0:00,27/01/2024 0:00,10,11,5,2.236247242,422.93,422.93
27/01/2024 11:00,bounty_madera,29/02/2024 0:00,27/01/2024 0:00,11,12,5,2.466506333,408.387,408.387
27/01/2024 12:00,bounty_madera,29/02/2024 0:00,27/01/2024 0:00,12,13,5,-0.001813708,425.467,425.467
27/01/2024 13:00,bounty_madera,29/02/2024 0:00,27/01/2024 0:00,13,14,5,0.705782275,450.446,450.446
27/01/2024 14:00,bounty_madera,29/02/2024 0:00,27/01/2024 0:00,14,15,5,1.646931792,423.326,423.326
27/01/2024 15:00,bounty_madera,29/02/2024 0:00,27/01/2024 0:00,15,16,5,2.374570567,439.513,439.513
27/01/2024 16:00,bounty_madera,29/02/2024 0:00,27/01/2024 0:00,16,17,5,3.114717267,459.282,459.282
27/01/2024 17:00,bounty_madera,29/02/2024 0:00,27/01/2024 0:00,17,18,5,2.898502392,419.966,419.966
27/01/2024 18:00,bounty_madera,29/02/2024 0:00,27/01/2024 0:00,18,19,5,3.722435483,363.303,363.303
27/01/2024 19:00,bounty_madera,29/02/2024 0:00,27/01/2024 0:00,19,20,5,3.293205383,301.38,301.38
27/01/2024 20:00,bounty_madera,29/02/2024 0:00,27/01/2024 0:00,20,21,5,4.110215125,284.257,284.257
27/01/2024 21:00,bounty_madera,29/02/2024 0:00,27/01/2024 0:00,21,22,5,3.804692267,284.256,284.256
27/01/2024 22:00,bounty_madera,29/02/2024 0:00,27/01/2024 0:00,22,23,5,3.046478433,281.723,281.723
27/01/2024 23:00,bounty_madera,29/02/2024 0:00,27/01/2024 0:00,23,24,5,2.9737012,301.111,301.111
28/01/2024 0:00,bounty_madera,29/02/2024 0:00,28/01/2024 0:00,0,1,6,3.290142058,280.733,280.733
28/01/2024 1:00,bounty_madera,29/02/2024 0:00,28/01/2024 0:00,1,2,6,2.842095792,255.401,255.401
28/01/2024 2:00,bounty_madera,29/02/2024 0:00,28/01/2024 0:00,2,3,6,0.66905715,257.891,257.891
28/01/2024 3:00,bounty_madera,29/02/2024 0:00,28/01/2024 0:00,3,4,6,-6.63E-06,257.048,257.048
28/01/2024 4:00,bounty_madera,29/02/2024 0:00,28/01/2024 0:00,4,5,6,-1.26E-05,273.536,273.536
28/01/2024 5:00,bounty_madera,29/02/2024 0:00,28/01/2024 0:00,5,6,6,-1.02E-05,284.438,284.438
28/01/2024 6:00,bounty_madera,29/02/2024 0:00,28/01/2024 0:00,6,7,6,-3.35E-06,299.461,299.461
28/01/2024 7:00,bounty_madera,29/02/2024 0:00,28/01/2024 0:00,7,8,6,0.508848375,312.15,312.15
28/01/2024 8:00,bounty_madera,29/02/2024 0:00,28/01/2024 0:00,8,9,6,-0.085395333,401.037,401.037
28/01/2024 9:00,bounty_madera,29/02/2024 0:00,28/01/2024 0:00,9,10,6,0.383848817,459.992,459.992
28/01/2024 10:00,bounty_madera,29/02/2024 0:00,28/01/2024 0:00,10,11,6,1.068402292,419.044,419.044
28/01/2024 11:00,bounty_madera,29/02/2024 0:00,28/01/2024 0:00,11,12,6,0.498236192,422.814,422.814
28/01/2024 12:00,bounty_madera,29/02/2024 0:00,28/01/2024 0:00,12,13,6,-0.0825002,461.135,461.135
28/01/2024 13:00,bounty_madera,29/02/2024 0:00,28/01/2024 0:00,13,14,6,1.259386558,465.287,465.287
28/01/2024 14:00,bounty_madera,29/02/2024 0:00,28/01/2024 0:00,14,15,6,1.876114942,460.265,460.265
28/01/2024 15:00,bounty_madera,29/02/2024 0:00,28/01/2024 0:00,15,16,6,2.712242808,428.924,428.924
28/01/2024 16:00,bounty_madera,29/02/2024 0:00,28/01/2024 0:00,16,17,6,3.0072822,461.35,461.35
28/01/2024 17:00,bounty_madera,29/02/2024 0:00,28/01/2024 0:00,17,18,6,2.690136342,434.558,434.558
28/01/2024 18:00,bounty_madera,29/02/2024 0:00,28/01/2024 0:00,18,19,6,3.650055558,391.103,391.103
28/01/2024 19:00,bounty_madera,29/02/2024 0:00,28/01/2024 0:00,19,20,6,3.304056925,326.114,326.114
28/01/2024 20:00,bounty_madera,29/02/2024 0:00,28/01/2024 0:00,20,21,6,3.625283117,329.208,329.208
28/01/2024 21:00,bounty_madera,29/02/2024 0:00,28/01/2024 0:00,21,22,6,3.858289058,320.421,320.421
28/01/2024 22:00,bounty_madera,29/02/2024 0:00,28/01/2024 0:00,22,23,6,2.772257858,314.55,314.55
28/01/2024 23:00,bounty_madera,29/02/2024 0:00,28/01/2024 0:00,23,24,6,2.648852975,322.665,322.665
29/01/2024 0:00,bounty_madera,29/02/2024 0:00,29/01/2024 0:00,0,1,0,2.9042769,304.625,304.625
29/01/2024 1:00,bounty_madera,29/02/2024 0:00,29/01/2024 0:00,1,2,0,2.463023408,285.474,285.474
29/01/2024 2:00,bounty_madera,29/02/2024 0:00,29/01/2024 0:00,2,3,0,1.844550267,277.09,277.09
29/01/2024 3:00,bounty_madera,29/02/2024 0:00,29/01/2024 0:00,3,4,0,1.530070492,274.947,274.947
29/01/2024 4:00,bounty_madera,29/02/2024 0:00,29/01/2024 0:00,4,5,0,2.957346675,291.257,291.257
29/01/2024 5:00,bounty_madera,29/02/2024 0:00,29/01/2024 0:00,5,6,0,2.69910545,301.799,301.799
29/01/2024 6:00,bounty_madera,29/02/2024 0:00,29/01/2024 0:00,6,7,0,2.756472725,299.03,299.03
29/01/2024 7:00,bounty_madera,29/02/2024 0:00,29/01/2024 0:00,7,8,0,3.020151875,319.952,319.952
29/01/2024 8:00,bounty_madera,29/02/2024 0:00,29/01/2024 0:00,8,9,0,3.670670683,475.658,475.658
29/01/2024 9:00,bounty_madera,29/02/2024 0:00,29/01/2024 0:00,9,10,0,2.712288017,463.609,463.609
29/01/2024 10:00,bounty_madera,29/02/2024 0:00,29/01/2024 0:00,10,11,0,2.663600217,469.301,469.301
29/01/2024 11:00,bounty_madera,29/02/2024 0:00,29/01/2024 0:00,11,12,0,3.01839695,460.766,460.766
29/01/2024 12:00,bounty_madera,29/02/2024 0:00,29/01/2024 0:00,12,13,0,2.317009983,478.703,478.703
29/01/2024 13:00,bounty_madera,29/02/2024 0:00,29/01/2024 0:00,13,14,0,3.231803517,466.208,466.208
29/01/2024 14:00,bounty_madera,29/02/2024 0:00,29/01/2024 0:00,14,15,0,3.245011892,454.342,454.342
29/01/2024 15:00,bounty_madera,29/02/2024 0:00,29/01/2024 0:00,15,16,0,3.609265442,462.021,462.021
29/01/2024 16:00,bounty_madera,29/02/2024 0:00,29/01/2024 0:00,16,17,0,3.625314408,453.179,453.179
29/01/2024 17:00,bounty_madera,29/02/2024 0:00,29/01/2024 0:00,17,18,0,3.590043525,467.872,467.872
29/01/2024 18:00,bounty_madera,29/02/2024 0:00,29/01/2024 0:00,18,19,0,4.292656767,406.232,406.232
29/01/2024 19:00,bounty_madera,29/02/2024 0:00,29/01/2024 0:00,19,20,0,3.562855167,332.288,332.288
29/01/2024 20:00,bounty_madera,29/02/2024 0:00,29/01/2024 0:00,20,21,0,3.785678533,300.975,300.975
29/01/2024 21:00,bounty_madera,29/02/2024 0:00,29/01/2024 0:00,21,22,0,4.365527692,302.688,302.688
29/01/2024 22:00,bounty_madera,29/02/2024 0:00,29/01/2024 0:00,22,23,0,3.29012865,286.444,286.444
29/01/2024 23:00,bounty_madera,29/02/2024 0:00,29/01/2024 0:00,23,24,0,3.018372758,296.872,296.872
30/01/2024 0:00,bounty_madera,29/02/2024 0:00,30/01/2024 0:00,0,1,1,3.37056975,279.429,279.429
30/01/2024 1:00,bounty_madera,29/02/2024 0:00,30/01/2024 0:00,1,2,1,2.993508275,261.853,261.853
30/01/2024 2:00,bounty_madera,29/02/2024 0:00,30/01/2024 0:00,2,3,1,2.71045755,260.635,260.635
30/01/2024 3:00,bounty_madera,29/02/2024 0:00,30/01/2024 0:00,3,4,1,2.669149233,271.992,271.992
30/01/2024 4:00,bounty_madera,29/02/2024 0:00,30/01/2024 0:00,4,5,1,3.070889875,279.319,279.319
30/01/2024 5:00,bounty_madera,29/02/2024 0:00,30/01/2024 0:00,5,6,1,2.900946875,291.976,291.976
30/01/2024 6:00,bounty_madera,29/02/2024 0:00,30/01/2024 0:00,6,7,1,3.218462017,298.469,298.469
30/01/2024 7:00,bounty_madera,29/02/2024 0:00,30/01/2024 0:00,7,8,1,3.416750958,316.748,316.748
30/01/2024 8:00,bounty_madera,29/02/2024 0:00,30/01/2024 0:00,8,9,1,3.40619875,442.13,442.13
30/01/2024 9:00,bounty_madera,29/02/2024 0:00,30/01/2024 0:00,9,10,1,3.289178083,488.868,488.868
30/01/2024 10:00,bounty_madera,29/02/2024 0:00,30/01/2024 0:00,10,11,1,3.657240742,459.64,459.64
30/01/2024 11:00,bounty_madera,29/02/2024 0:00,30/01/2024 0:00,11,12,1,3.384132417,428.927,428.927
30/01/2024 12:00,bounty_madera,29/02/2024 0:00,30/01/2024 0:00,12,13,1,1.231312025,460.602,460.602
30/01/2024 13:00,bounty_madera,29/02/2024 0:00,30/01/2024 0:00,13,14,1,3.604656742,488.086,488.086
30/01/2024 14:00,bounty_madera,29/02/2024 0:00,30/01/2024 0:00,14,15,1,5.1473172,475.599,475.599
30/01/2024 15:00,bounty_madera,29/02/2024 0:00,30/01/2024 0:00,15,16,1,4.576925767,478.652,478.652
30/01/2024 16:00,bounty_madera,29/02/2024 0:00,30/01/2024 0:00,16,17,1,4.08214235,485.235,485.235
30/01/2024 17:00,bounty_madera,29/02/2024 0:00,30/01/2024 0:00,17,18,1,4.158481775,454.575,454.575
30/01/2024 18:00,bounty_madera,29/02/2024 0:00,30/01/2024 0:00,18,19,1,4.720357817,434.885,434.885
30/01/2024 19:00,bounty_madera,29/02/2024 0:00,30/01/2024 0:00,19,20,1,4.030900325,400.06,400.06
30/01/2024 20:00,bounty_madera,29/02/2024 0:00,30/01/2024 0:00,20,21,1,4.232709642,331.213,331.213
30/01/2024 21:00,bounty_madera,29/02/2024 0:00,30/01/2024 0:00,21,22,1,4.384566883,314.753,314.753
30/01/2024 22:00,bounty_madera,29/02/2024 0:00,30/01/2024 0:00,22,23,1,3.476216875,289.162,289.162
30/01/2024 23:00,bounty_madera,29/02/2024 0:00,30/01/2024 0:00,23,24,1,3.37439105,307.638,307.638
31/01/2024 0:00,bounty_madera,29/02/2024 0:00,31/01/2024 0:00,0,1,2,3.598396167,291.157,291.157
31/01/2024 1:00,bounty_madera,29/02/2024 0:00,31/01/2024 0:00,1,2,2,3.228152667,269.077,269.077
31/01/2024 2:00,bounty_madera,29/02/2024 0:00,31/01/2024 0:00,2,3,2,2.323996583,268.166,268.166
31/01/2024 3:00,bounty_madera,29/02/2024 0:00,31/01/2024 0:00,3,4,2,3.042754575,274.782,274.782
31/01/2024 4:00,bounty_madera,29/02/2024 0:00,31/01/2024 0:00,4,5,2,3.091307267,285.791,285.791
31/01/2024 5:00,bounty_madera,29/02/2024 0:00,31/01/2024 0:00,5,6,2,2.997956125,293.341,293.341
31/01/2024 6:00,bounty_madera,29/02/2024 0:00,31/01/2024 0:00,6,7,2,3.365627542,295.523,295.523
31/01/2024 7:00,bounty_madera,29/02/2024 0:00,31/01/2024 0:00,7,8,2,3.01731995,328.647,328.647
31/01/2024 8:00,bounty_madera,29/02/2024 0:00,31/01/2024 0:00,8,9,2,3.3420978,453.675,453.675
31/01/2024 9:00,bounty_madera,29/02/2024 0:00,31/01/2024 0:00,9,10,2,2.825802,496.846,496.846
31/01/2024 10:00,bounty_madera,29/02/2024 0:00,31/01/2024 0:00,10,11,2,3.177659442,496.528,496.528
31/01/2024 11:00,bounty_madera,29/02/2024 0:00,31/01/2024 0:00,11,12,2,3.042207175,483.185,483.185
31/01/2024 12:00,bounty_madera,29/02/2024 0:00,31/01/2024 0:00,12,13,2,2.563106683,498.233,498.233
31/01/2024 13:00,bounty_madera,29/02/2024 0:00,31/01/2024 0:00,13,14,2,3.376305408,532.751,532.751
31/01/2024 14:00,bounty_madera,29/02/2024 0:00,31/01/2024 0:00,14,15,2,3.31803435,518.695,518.695
31/01/2024 15:00,bounty_madera,29/02/2024 0:00,31/01/2024 0:00,15,16,2,3.461799575,507.171,507.171
31/01/2024 16:00,bounty_madera,29/02/2024 0:00,31/01/2024 0:00,16,17,2,3.535888883,506.395,506.395
31/01/2024 17:00,bounty_madera,29/02/2024 0:00,31/01/2024 0:00,17,18,2,3.661837733,496.33,496.33
31/01/2024 18:00,bounty_madera,29/02/2024 0:00,31/01/2024 0:00,18,19,2,4.229552033,459.271,459.271
31/01/2024 19:00,bounty_madera,29/02/2024 0:00,31/01/2024 0:00,19,20,2,3.63392735,433.514,433.514
31/01/2024 20:00,bounty_madera,29/02/2024 0:00,31/01/2024 0:00,20,21,2,3.643954225,387.194,387.194
31/01/2024 21:00,bounty_madera,29/02/2024 0:00,31/01/2024 0:00,21,22,2,3.651869067,335.365,335.365
31/01/2024 22:00,bounty_madera,29/02/2024 0:00,31/01/2024 0:00,22,23,2,3.262803083,310.27,310.27
31/01/2024 23:00,bounty_madera,29/02/2024 0:00,31/01/2024 0:00,23,24,2,3.457674917,315.706,315.706
01/02/2024 0:00,bounty_madera,29/02/2024 0:00,01/02/2024 0:00,0,1,3,2.665864408,294.537,294.537
01/02/2024 1:00,bounty_madera,29/02/2024 0:00,01/02/2024 0:00,1,2,3,2.93391635,265.271,265.271
01/02/2024 2:00,bounty_madera,29/02/2024 0:00,01/02/2024 0:00,2,3,3,2.043784575,272.463,272.463
01/02/2024 3:00,bounty_madera,29/02/2024 0:00,01/02/2024 0:00,3,4,3,2.858751675,272.508,272.508
01/02/2024 4:00,bounty_madera,29/02/2024 0:00,01/02/2024 0:00,4,5,3,3.140226925,280.522,280.522
01/02/2024 5:00,bounty_madera,29/02/2024 0:00,01/02/2024 0:00,5,6,3,3.623119567,307.91,307.91
01/02/2024 6:00,bounty_madera,29/02/2024 0:00,01/02/2024 0:00,6,7,3,3.217053175,302.565,302.565
01/02/2024 7:00,bounty_madera,29/02/2024 0:00,01/02/2024 0:00,7,8,3,2.360285908,324.408,324.408
01/02/2024 8:00,bounty_madera,29/02/2024 0:00,01/02/2024 0:00,8,9,3,2.127484283,452.034,452.034
01/02/2024 9:00,bounty_madera,29/02/2024 0:00,01/02/2024 0:00,9,10,3,2.86563095,508.373,508.373
01/02/2024 10:00,bounty_madera,29/02/2024 0:00,01/02/2024 0:00,10,11,3,3.388333575,499.42,499.42
01/02/2024 11:00,bounty_madera,29/02/2024 0:00,01/02/2024 0:00,11,12,3,3.141652825,500.506,500.506
01/02/2024 12:00,bounty_madera,29/02/2024 0:00,01/02/2024 0:00,12,13,3,1.826029258,536.874,536.874
01/02/2024 13:00,bounty_madera,29/02/2024 0:00,01/02/2024 0:00,13,14,3,3.407891692,543.228,543.228
01/02/2024 14:00,bounty_madera,29/02/2024 0:00,01/02/2024 0:00,14,15,3,4.012631608,530.887,530.887
01/02/2024 15:00,bounty_madera,29/02/2024 0:00,01/02/2024 0:00,15,16,3,3.593499258,508.352,508.352
01/02/2024 16:00,bounty_madera,29/02/2024 0:00,01/02/2024 0:00,16,17,3,3.595187883,532.943,532.943
01/02/2024 17:00,bounty_madera,29/02/2024 0:00,01/02/2024 0:00,17,18,3,3.44931905,496.552,496.552
01/02/2024 18:00,bounty_madera,29/02/2024 0:00,01/02/2024 0:00,18,19,3,5.006654983,478.608,478.608
01/02/2024 19:00,bounty_madera,29/02/2024 0:00,01/02/2024 0:00,19,20,3,3.686011283,484.407,484.407
01/02/2024 20:00,bounty_madera,29/02/2024 0:00,01/02/2024 0:00,20,21,3,3.95855355,464.495,464.495
01/02/2024 21:00,bounty_madera,29/02/2024 0:00,01/02/2024 0:00,21,22,3,3.872032725,444.646,444.646
01/02/2024 22:00,bounty_madera,29/02/2024 0:00,01/02/2024 0:00,22,23,3,3.778736542,429.865,429.865
01/02/2024 23:00,bounty_madera,29/02/2024 0:00,01/02/2024 0:00,23,24,3,4.034799125,404.78,404.78
02/02/2024 0:00,bounty_madera,29/02/2024 0:00,02/02/2024 0:00,0,1,4,3.896314033,384.157,384.157
02/02/2024 1:00,bounty_madera,29/02/2024 0:00,02/02/2024 0:00,1,2,4,3.2189664,340.595,340.595
02/02/2024 2:00,bounty_madera,29/02/2024 0:00,02/02/2024 0:00,2,3,4,3.511916608,318.814,318.814
02/02/2024 3:00,bounty_madera,29/02/2024 0:00,02/02/2024 0:00,3,4,4,3.539632917,291.996,291.996
02/02/2024 4:00,bounty_madera,29/02/2024 0:00,02/02/2024 0:00,4,5,4,3.818620292,305.225,305.225
02/02/2024 5:00,bounty_madera,29/02/2024 0:00,02/02/2024 0:00,5,6,4,4.160926183,314.955,314.955
02/02/2024 6:00,bounty_madera,29/02/2024 0:00,02/02/2024 0:00,6,7,4,3.630800483,315.629,315.629
02/02/2024 7:00,bounty_madera,29/02/2024 0:00,02/02/2024 0:00,7,8,4,3.182071858,352.654,352.654
02/02/2024 8:00,bounty_madera,29/02/2024 0:00,02/02/2024 0:00,8,9,4,2.652551525,484.973,484.973
02/02/2024 9:00,bounty_madera,29/02/2024 0:00,02/02/2024 0:00,9,10,4,3.398142242,497.221,497.221
02/02/2024 10:00,bounty_madera,29/02/2024 0:00,02/02/2024 0:00,10,11,4,3.494109242,551.586,551.586
02/02/2024 11:00,bounty_madera,29/02/2024 0:00,02/02/2024 0:00,11,12,4,3.509405608,530.699,530.699
02/02/2024 12:00,bounty_madera,29/02/2024 0:00,02/02/2024 0:00,12,13,4,3.031911783,533.629,533.629
02/02/2024 13:00,bounty_madera,29/02/2024 0:00,02/02/2024 0:00,13,14,4,3.691578217,544.044,544.044
02/02/2024 14:00,bounty_madera,29/02/2024 0:00,02/02/2024 0:00,14,15,4,3.7787186,544.733,544.733
02/02/2024 15:00,bounty_madera,29/02/2024 0:00,02/02/2024 0:00,15,16,4,3.989682783,550.174,550.174
02/02/2024 16:00,bounty_madera,29/02/2024 0:00,02/02/2024 0:00,16,17,4,3.602588042,541.187,541.187
02/02/2024 17:00,bounty_madera,29/02/2024 0:00,02/02/2024 0:00,17,18,4,3.132306017,512.734,512.734
02/02/2024 18:00,bounty_madera,29/02/2024 0:00,02/02/2024 0:00,18,19,4,4.215557767,482.194,482.194
02/02/2024 19:00,bounty_madera,29/02/2024 0:00,02/02/2024 0:00,19,20,4,3.193861275,457.94,457.94
02/02/2024 20:00,bounty_madera,29/02/2024 0:00,02/02/2024 0:00,20,21,4,4.710116058,408.865,408.865
02/02/2024 21:00,bounty_madera,29/02/2024 0:00,02/02/2024 0:00,21,22,4,3.727272,368.979,368.979
02/02/2024 22:00,bounty_madera,29/02/2024 0:00,02/02/2024 0:00,22,23,4,3.710157692,337.021,337.021
02/02/2024 23:00,bounty_madera,29/02/2024 0:00,02/02/2024 0:00,23,24,4,3.739253725,321.228,321.228
03/02/2024 0:00,bounty_madera,29/02/2024 0:00,03/02/2024 0:00,0,1,5,3.759639642,308.535,308.535
03/02/2024 1:00,bounty_madera,29/02/2024 0:00,03/02/2024 0:00,1,2,5,3.78906455,269.366,269.366
03/02/2024 2:00,bounty_madera,29/02/2024 0:00,03/02/2024 0:00,2,3,5,3.753473308,263.187,263.187
03/02/2024 3:00,bounty_madera,29/02/2024 0:00,03/02/2024 0:00,3,4,5,3.373552733,274.75,274.75
03/02/2024 4:00,bounty_madera,29/02/2024 0:00,03/02/2024 0:00,4,5,5,3.110674333,294.164,294.164
03/02/2024 5:00,bounty_madera,29/02/2024 0:00,03/02/2024 0:00,5,6,5,2.884477833,311.546,311.546
03/02/2024 6:00,bounty_madera,29/02/2024 0:00,03/02/2024 0:00,6,7,5,2.3080921,345.752,345.752
03/02/2024 7:00,bounty_madera,29/02/2024 0:00,03/02/2024 0:00,7,8,5,2.558866433,397.622,397.622
03/02/2024 8:00,bounty_madera,29/02/2024 0:00,03/02/2024 0:00,8,9,5,0.975017525,503.16,503.16
03/02/2024 9:00,bounty_madera,29/02/2024 0:00,03/02/2024 0:00,9,10,5,1.719058442,505.857,505.857
03/02/2024 10:00,bounty_madera,29/02/2024 0:00,03/02/2024 0:00,10,11,5,2.909766883,542.661,542.661
03/02/2024 11:00,bounty_madera,29/02/2024 0:00,03/02/2024 0:00,11,12,5,2.771509933,529.595,529.595
03/02/2024 12:00,bounty_madera,29/02/2024 0:00,03/02/2024 0:00,12,13,5,2.76168495,547.73,547.73
03/02/2024 13:00,bounty_madera,29/02/2024 0:00,03/02/2024 0:00,13,14,5,3.104770392,567.996,567.996
03/02/2024 14:00,bounty_madera,29/02/2024 0:00,03/02/2024 0:00,14,15,5,3.476685983,578.513,578.513
03/02/2024 15:00,bounty_madera,29/02/2024 0:00,03/02/2024 0:00,15,16,5,3.5678945,575.647,575.647
03/02/2024 16:00,bounty_madera,29/02/2024 0:00,03/02/2024 0:00,16,17,5,3.710143383,574.245,574.245
03/02/2024 17:00,bounty_madera,29/02/2024 0:00,03/02/2024 0:00,17,18,5,3.799109275,536.53,536.53
03/02/2024 18:00,bounty_madera,29/02/2024 0:00,03/02/2024 0:00,18,19,5,5.418376492,506.746,506.746
03/02/2024 19:00,bounty_madera,29/02/2024 0:00,03/02/2024 0:00,19,20,5,3.822123375,459.16,459.16
03/02/2024 20:00,bounty_madera,29/02/2024 0:00,03/02/2024 0:00,20,21,5,4.667339858,416.077,416.077
03/02/2024 21:00,bounty_madera,29/02/2024 0:00,03/02/2024 0:00,21,22,5,4.840996667,410.298,410.298
03/02/2024 22:00,bounty_madera,29/02/2024 0:00,03/02/2024 0:00,22,23,5,4.029379475,369.833,369.833
03/02/2024 23:00,bounty_madera,29/02/2024 0:00,03/02/2024 0:00,23,24,5,3.929881883,374.318,374.318
04/02/2024 0:00,bounty_madera,29/02/2024 0:00,04/02/2024 0:00,0,1,6,4.578833267,357.344,357.344
04/02/2024 1:00,bounty_madera,29/02/2024 0:00,04/02/2024 0:00,1,2,6,4.826197033,286.948,286.948
04/02/2024 2:00,bounty_madera,29/02/2024 0:00,04/02/2024 0:00,2,3,6,3.789901342,271.551,271.551
04/02/2024 3:00,bounty_madera,29/02/2024 0:00,04/02/2024 0:00,3,4,6,3.5028067,281.451,281.451
04/02/2024 4:00,bounty_madera,29/02/2024 0:00,04/02/2024 0:00,4,5,6,3.91066795,300.115,300.115
04/02/2024 5:00,bounty_madera,29/02/2024 0:00,04/02/2024 0:00,5,6,6,3.807374783,317.26,317.26
04/02/2024 6:00,bounty_madera,29/02/2024 0:00,04/02/2024 0:00,6,7,6,3.768785583,325.441,325.441
04/02/2024 7:00,bounty_madera,29/02/2024 0:00,04/02/2024 0:00,7,8,6,3.58946415,389.541,389.541
04/02/2024 8:00,bounty_madera,29/02/2024 0:00,04/02/2024 0:00,8,9,6,1.6667671,496.594,496.594
04/02/2024 9:00,bounty_madera,29/02/2024 0:00,04/02/2024 0:00,9,10,6,2.715294842,508.978,508.978
04/02/2024 10:00,bounty_madera,29/02/2024 0:00,04/02/2024 0:00,10,11,6,3.09228155,553.925,553.925
04/02/2024 11:00,bounty_madera,29/02/2024 0:00,04/02/2024 0:00,11,12,6,2.970252083,548.705,548.705
04/02/2024 12:00,bounty_madera,29/02/2024 0:00,04/02/2024 0:00,12,13,6,2.1755172,566.198,566.198
04/02/2024 13:00,bounty_madera,29/02/2024 0:00,04/02/2024 0:00,13,14,6,3.69654685,590.345,590.345
04/02/2024 14:00,bounty_madera,29/02/2024 0:00,04/02/2024 0:00,14,15,6,2.851914467,589.137,589.137
04/02/2024 15:00,bounty_madera,29/02/2024 0:00,04/02/2024 0:00,15,16,6,2.7173865,583.077,583.077
04/02/2024 16:00,bounty_madera,29/02/2024 0:00,04/02/2024 0:00,16,17,6,3.723789017,577.399,577.399
04/02/2024 17:00,bounty_madera,29/02/2024 0:00,04/02/2024 0:00,17,18,6,6.935836967,528.978,528.978
04/02/2024 18:00,bounty_madera,29/02/2024 0:00,04/02/2024 0:00,18,19,6,5.771417717,469.499,469.499
04/02/2024 19:00,bounty_madera,29/02/2024 0:00,04/02/2024 0:00,19,20,6,3.82046455,448.459,448.459
04/02/2024 20:00,bounty_madera,29/02/2024 0:00,04/02/2024 0:00,20,21,6,3.288191317,420.184,420.184
04/02/2024 21:00,bounty_madera,29/02/2024 0:00,04/02/2024 0:00,21,22,6,3.667751375,384.666,384.666
04/02/2024 22:00,bounty_madera,29/02/2024 0:00,04/02/2024 0:00,22,23,6,3.148145783,347.955,347.955
04/02/2024 23:00,bounty_madera,29/02/2024 0:00,04/02/2024 0:00,23,24,6,2.439987192,338.667,338.667
05/02/2024 0:00,bounty_madera,29/02/2024 0:00,05/02/2024 0:00,0,1,0,3.0263575,293.456,293.456
05/02/2024 1:00,bounty_madera,29/02/2024 0:00,05/02/2024 0:00,1,2,0,2.737813033,267.649,267.649
05/02/2024 2:00,bounty_madera,29/02/2024 0:00,05/02/2024 0:00,2,3,0,2.278149217,265.679,265.679
05/02/2024 3:00,bounty_madera,29/02/2024 0:00,05/02/2024 0:00,3,4,0,0.815843433,275.054,275.054
05/02/2024 4:00,bounty_madera,29/02/2024 0:00,05/02/2024 0:00,4,5,0,2.30034335,277.939,277.939
05/02/2024 5:00,bounty_madera,29/02/2024 0:00,05/02/2024 0:00,5,6,0,2.927394967,292.942,292.942
05/02/2024 6:00,bounty_madera,29/02/2024 0:00,05/02/2024 0:00,6,7,0,2.312674908,300.207,300.207
05/02/2024 7:00,bounty_madera,29/02/2024 0:00,05/02/2024 0:00,7,8,0,1.667741083,335.34,335.34
05/02/2024 8:00,bounty_madera,29/02/2024 0:00,05/02/2024 0:00,8,9,0,2.919058183,492.803,492.803
05/02/2024 9:00,bounty_madera,29/02/2024 0:00,05/02/2024 0:00,9,10,0,3.0965613,518.667,518.667
05/02/2024 10:00,bounty_madera,29/02/2024 0:00,05/02/2024 0:00,10,11,0,3.378686958,538.511,538.511
05/02/2024 11:00,bounty_madera,29/02/2024 0:00,05/02/2024 0:00,11,12,0,3.343280917,546.037,546.037
05/02/2024 12:00,bounty_madera,29/02/2024 0:00,05/02/2024 0:00,12,13,0,2.51257005,580.036,580.036
05/02/2024 13:00,bounty_madera,29/02/2024 0:00,05/02/2024 0:00,13,14,0,3.679350142,598.32,598.32
05/02/2024 14:00,bounty_madera,29/02/2024 0:00,05/02/2024 0:00,14,15,0,3.699294192,607.557,607.557
05/02/2024 15:00,bounty_madera,29/02/2024 0:00,05/02/2024 0:00,15,16,0,4.186603033,610.687,610.687
05/02/2024 16:00,bounty_madera,29/02/2024 0:00,05/02/2024 0:00,16,17,0,5.354357625,618.886,618.886
05/02/2024 17:00,bounty_madera,29/02/2024 0:00,05/02/2024 0:00,17,18,0,3.820717275,594.317,594.317
05/02/2024 18:00,bounty_madera,29/02/2024 0:00,05/02/2024 0:00,18,19,0,4.833761842,537.511,537.511
05/02/2024 19:00,bounty_madera,29/02/2024 0:00,05/02/2024 0:00,19,20,0,3.936035467,498.885,498.885
05/02/2024 20:00,bounty_madera,29/02/2024 0:00,05/02/2024 0:00,20,21,0,5.109313325,459.371,459.371
05/02/2024 21:00,bounty_madera,29/02/2024 0:00,05/02/2024 0:00,21,22,0,3.817997817,431.68,431.68
05/02/2024 22:00,bounty_madera,29/02/2024 0:00,05/02/2024 0:00,22,23,0,4.560350217,439.66,439.66
05/02/2024 23:00,bounty_madera,29/02/2024 0:00,05/02/2024 0:00,23,24,0,4.000143533,444.607,444.607
06/02/2024 0:00,bounty_madera,29/02/2024 0:00,06/02/2024 0:00,0,1,1,3.895641708,396.556,396.556
06/02/2024 1:00,bounty_madera,29/02/2024 0:00,06/02/2024 0:00,1,2,1,3.754698442,293.279,293.279
06/02/2024 2:00,bounty_madera,29/02/2024 0:00,06/02/2024 0:00,2,3,1,3.598205667,272.279,272.279
06/02/2024 3:00,bounty_madera,29/02/2024 0:00,06/02/2024 0:00,3,4,1,3.604546167,271.761,271.761
06/02/2024 4:00,bounty_madera,29/02/2024 0:00,06/02/2024 0:00,4,5,1,3.762699033,286.751,286.751
06/02/2024 5:00,bounty_madera,29/02/2024 0:00,06/02/2024 0:00,5,6,1,4.213178075,298.832,298.832
06/02/2024 6:00,bounty_madera,29/02/2024 0:00,06/02/2024 0:00,6,7,1,3.913440592,298.183,298.183
06/02/2024 7:00,bounty_madera,29/02/2024 0:00,06/02/2024 0:00,7,8,1,2.887125283,344.381,344.381
06/02/2024 8:00,bounty_madera,29/02/2024 0:00,06/02/2024 0:00,8,9,1,3.252931758,442.197,442.197
06/02/2024 9:00,bounty_madera,29/02/2024 0:00,06/02/2024 0:00,9,10,1,3.572063942,477.941,477.941
06/02/2024 10:00,bounty_madera,29/02/2024 0:00,06/02/2024 0:00,10,11,1,3.526014833,492.95,492.95
06/02/2024 11:00,bounty_madera,29/02/2024 0:00,06/02/2024 0:00,11,12,1,3.355790208,490.33,490.33
06/02/2024 12:00,bounty_madera,29/02/2024 0:00,06/02/2024 0:00,12,13,1,2.630796892,515.279,515.279
06/02/2024 13:00,bounty_madera,29/02/2024 0:00,06/02/2024 0:00,13,14,1,2.975162725,541.415,541.415
06/02/2024 14:00,bounty_madera,29/02/2024 0:00,06/02/2024 0:00,14,15,1,3.578025142,534.89,534.89
06/02/2024 15:00,bounty_madera,29/02/2024 0:00,06/02/2024 0:00,15,16,1,3.778121233,502.297,502.297
06/02/2024 16:00,bounty_madera,29/02/2024 0:00,06/02/2024 0:00,16,17,1,3.898867083,518.725,518.725
06/02/2024 17:00,bounty_madera,29/02/2024 0:00,06/02/2024 0:00,17,18,1,3.469762617,503.737,503.737
06/02/2024 18:00,bounty_madera,29/02/2024 0:00,06/02/2024 0:00,18,19,1,4.676547692,427.12,427.12
06/02/2024 19:00,bounty_madera,29/02/2024 0:00,06/02/2024 0:00,19,20,1,3.456870375,399.483,399.483
06/02/2024 20:00,bounty_madera,29/02/2024 0:00,06/02/2024 0:00,20,21,1,4.109155283,391.205,391.205
06/02/2024 21:00,bounty_madera,29/02/2024 0:00,06/02/2024 0:00,21,22,1,4.2886457,365.492,365.492
06/02/2024 22:00,bounty_madera,29/02/2024 0:00,06/02/2024 0:00,22,23,1,3.6259326,329.323,329.323
06/02/2024 23:00,bounty_madera,29/02/2024 0:00,06/02/2024 0:00,23,24,1,3.569034817,325.812,325.812
07/02/2024 0:00,bounty_madera,29/02/2024 0:00,07/02/2024 0:00,0,1,2,4.315893567,304.13,304.13
07/02/2024 1:00,bounty_madera,29/02/2024 0:00,07/02/2024 0:00,1,2,2,3.834439742,283.353,283.353
07/02/2024 2:00,bounty_madera,29/02/2024 0:00,07/02/2024 0:00,2,3,2,3.922766225,281.95,281.95
07/02/2024 3:00,bounty_madera,29/02/2024 0:00,07/02/2024 0:00,3,4,2,3.2507023,277.843,277.843
07/02/2024 4:00,bounty_madera,29/02/2024 0:00,07/02/2024 0:00,4,5,2,3.648583592,222.032,222.032
07/02/2024 5:00,bounty_madera,29/02/2024 0:00,07/02/2024 0:00,5,6,2,3.804380892,201.303,201.303
07/02/2024 6:00,bounty_madera,29/02/2024 0:00,07/02/2024 0:00,6,7,2,3.560045792,293.79,293.79
07/02/2024 7:00,bounty_madera,29/02/2024 0:00,07/02/2024 0:00,7,8,2,2.948223458,304.376,304.376
07/02/2024 8:00,bounty_madera,29/02/2024 0:00,07/02/2024 0:00,8,9,2,3.273003275,428.205,428.205
07/02/2024 9:00,bounty_madera,29/02/2024 0:00,07/02/2024 0:00,9,10,2,3.52474415,466.683,466.683
07/02/2024 10:00,bounty_madera,29/02/2024 0:00,07/02/2024 0:00,10,11,2,3.75328515,496.777,496.777
07/02/2024 11:00,bounty_madera,29/02/2024 0:00,07/02/2024 0:00,11,12,2,2.8002457,482.865,482.865
07/02/2024 12:00,bounty_madera,29/02/2024 0:00,07/02/2024 0:00,12,13,2,2.359791558,513.585,513.585
07/02/2024 13:00,bounty_madera,29/02/2024 0:00,07/02/2024 0:00,13,14,2,4.234728258,532.872,532.872
07/02/2024 14:00,bounty_madera,29/02/2024 0:00,07/02/2024 0:00,14,15,2,4.55700975,529.869,529.869
07/02/2024 15:00,bounty_madera,29/02/2024 0:00,07/02/2024 0:00,15,16,2,5.073116517,519.297,519.297
07/02/2024 16:00,bounty_madera,29/02/2024 0:00,07/02/2024 0:00,16,17,2,5.216299167,527.406,527.406
07/02/2024 17:00,bounty_madera,29/02/2024 0:00,07/02/2024 0:00,17,18,2,4.465314758,504.632,504.632
07/02/2024 18:00,bounty_madera,29/02/2024 0:00,07/02/2024 0:00,18,19,2,8.040694617,475.962,475.962
07/02/2024 19:00,bounty_madera,29/02/2024 0:00,07/02/2024 0:00,19,20,2,4.940417567,420.617,420.617
07/02/2024 20:00,bounty_madera,29/02/2024 0:00,07/02/2024 0:00,20,21,2,5.505971083,399.698,399.698
07/02/2024 21:00,bounty_madera,29/02/2024 0:00,07/02/2024 0:00,21,22,2,5.139083133,364.38,364.38
07/02/2024 22:00,bounty_madera,29/02/2024 0:00,07/02/2024 0:00,22,23,2,4.353131183,338.279,338.279
07/02/2024 23:00,bounty_madera,29/02/2024 0:00,07/02/2024 0:00,23,24,2,3.892596942,324.669,324.669
08/02/2024 0:00,bounty_madera,29/02/2024 0:00,08/02/2024 0:00,0,1,3,3.367221375,301.964,301.964
08/02/2024 1:00,bounty_madera,29/02/2024 0:00,08/02/2024 0:00,1,2,3,3.600815008,276.335,276.335
08/02/2024 2:00,bounty_madera,29/02/2024 0:00,08/02/2024 0:00,2,3,3,3.578202183,251.96,251.96
08/02/2024 3:00,bounty_madera,29/02/2024 0:00,08/02/2024 0:00,3,4,3,3.488902342,254.361,254.361
08/02/2024 4:00,bounty_madera,29/02/2024 0:00,08/02/2024 0:00,4,5,3,3.6324127,268.523,268.523
08/02/2024 5:00,bounty_madera,29/02/2024 0:00,08/02/2024 0:00,5,6,3,3.625734792,290.737,290.737
08/02/2024 6:00,bounty_madera,29/02/2024 0:00,08/02/2024 0:00,6,7,3,3.331398808,292.476,292.476
08/02/2024 7:00,bounty_madera,29/02/2024 0:00,08/02/2024 0:00,7,8,3,2.595601733,303.615,303.615
08/02/2024 8:00,bounty_madera,29/02/2024 0:00,08/02/2024 0:00,8,9,3,3.118418258,444.008,444.008
08/02/2024 9:00,bounty_madera,29/02/2024 0:00,08/02/2024 0:00,9,10,3,3.13878455,453.909,453.909
08/02/2024 10:00,bounty_madera,29/02/2024 0:00,08/02/2024 0:00,10,11,3,3.532678783,482.954,482.954
08/02/2024 11:00,bounty_madera,29/02/2024 0:00,08/02/2024 0:00,11,12,3,3.423161733,485.789,485.789
08/02/2024 12:00,bounty_madera,29/02/2024 0:00,08/02/2024 0:00,12,13,3,2.994280542,515.61,515.61
08/02/2024 13:00,bounty_madera,29/02/2024 0:00,08/02/2024 0:00,13,14,3,5.263810833,516.146,516.146
08/02/2024 14:00,bounty_madera,29/02/2024 0:00,08/02/2024 0:00,14,15,3,4.378388208,513.844,513.844
08/02/2024 15:00,bounty_madera,29/02/2024 0:00,08/02/2024 0:00,15,16,3,5.077891658,520.337,520.337
08/02/2024 16:00,bounty_madera,29/02/2024 0:00,08/02/2024 0:00,16,17,3,4.428042767,514.757,514.757
08/02/2024 17:00,bounty_madera,29/02/2024 0:00,08/02/2024 0:00,17,18,3,4.343553217,480.866,480.866
08/02/2024 18:00,bounty_madera,29/02/2024 0:00,08/02/2024 0:00,18,19,3,6.344975458,518.47,518.47
08/02/2024 19:00,bounty_madera,29/02/2024 0:00,08/02/2024 0:00,19,20,3,5.053254367,480.409,480.409
08/02/2024 20:00,bounty_madera,29/02/2024 0:00,08/02/2024 0:00,20,21,3,4.443926792,455.502,455.502
08/02/2024 21:00,bounty_madera,29/02/2024 0:00,08/02/2024 0:00,21,22,3,5.7611453,424.894,424.894
08/02/2024 22:00,bounty_madera,29/02/2024 0:00,08/02/2024 0:00,22,23,3,4.102384525,378.517,378.517
08/02/2024 23:00,bounty_madera,29/02/2024 0:00,08/02/2024 0:00,23,24,3,3.950418475,396.319,396.319
09/02/2024 0:00,bounty_madera,29/02/2024 0:00,09/02/2024 0:00,0,1,4,3.904569475,350.936,350.936
09/02/2024 1:00,bounty_madera,29/02/2024 0:00,09/02/2024 0:00,1,2,4,3.935823808,283.161,283.161
09/02/2024 2:00,bounty_madera,29/02/2024 0:00,09/02/2024 0:00,2,3,4,3.747347725,269.38,269.38
09/02/2024 3:00,bounty_madera,29/02/2024 0:00,09/02/2024 0:00,3,4,4,3.478752525,261.909,261.909
09/02/2024 4:00,bounty_madera,29/02/2024 0:00,09/02/2024 0:00,4,5,4,3.02551855,264.685,264.685
09/02/2024 5:00,bounty_madera,29/02/2024 0:00,09/02/2024 0:00,5,6,4,2.854422092,296.549,296.549
09/02/2024 6:00,bounty_madera,29/02/2024 0:00,09/02/2024 0:00,6,7,4,2.016779067,292.135,292.135
09/02/2024 7:00,bounty_madera,29/02/2024 0:00,09/02/2024 0:00,7,8,4,2.537346867,331.171,331.171
09/02/2024 8:00,bounty_madera,29/02/2024 0:00,09/02/2024 0:00,8,9,4,1.673087592,463.975,463.975
09/02/2024 9:00,bounty_madera,29/02/2024 0:00,09/02/2024 0:00,9,10,4,2.689748567,504.277,504.277
09/02/2024 10:00,bounty_madera,29/02/2024 0:00,09/02/2024 0:00,10,11,4,3.357617575,514.122,514.122
09/02/2024 11:00,bounty_madera,29/02/2024 0:00,09/02/2024 0:00,11,12,4,2.876203192,489.156,489.156
09/02/2024 12:00,bounty_madera,29/02/2024 0:00,09/02/2024 0:00,12,13,4,2.454206108,536.346,536.346
09/02/2024 13:00,bounty_madera,29/02/2024 0:00,09/02/2024 0:00,13,14,4,2.836431242,565.618,565.618
09/02/2024 14:00,bounty_madera,29/02/2024 0:00,09/02/2024 0:00,14,15,4,2.859795517,542.023,542.023
09/02/2024 15:00,bounty_madera,29/02/2024 0:00,09/02/2024 0:00,15,16,4,2.6446632,538.025,538.025
09/02/2024 16:00,bounty_madera,29/02/2024 0:00,09/02/2024 0:00,16,17,4,3.20151885,538.891,538.891
09/02/2024 17:00,bounty_madera,29/02/2024 0:00,09/02/2024 0:00,17,18,4,3.961436208,535.833,535.833
09/02/2024 18:00,bounty_madera,29/02/2024 0:00,09/02/2024 0:00,18,19,4,4.414004558,491.925,491.925
09/02/2024 19:00,bounty_madera,29/02/2024 0:00,09/02/2024 0:00,19,20,4,5.058429367,482.736,482.736
09/02/2024 20:00,bounty_madera,29/02/2024 0:00,09/02/2024 0:00,20,21,4,6.962974383,468.11,468.11
09/02/2024 21:00,bounty_madera,29/02/2024 0:00,09/02/2024 0:00,21,22,4,5.197121492,457.108,457.108
09/02/2024 22:00,bounty_madera,29/02/2024 0:00,09/02/2024 0:00,22,23,4,4.8225934,452.838,452.838
09/02/2024 23:00,bounty_madera,29/02/2024 0:00,09/02/2024 0:00,23,24,4,4.066719958,478.2,478.2
10/02/2024 0:00,bounty_madera,29/02/2024 0:00,10/02/2024 0:00,0,1,5,3.782884158,432.125,432.125
10/02/2024 1:00,bounty_madera,29/02/2024 0:00,10/02/2024 0:00,1,2,5,3.725306467,373.931,373.931
10/02/2024 2:00,bounty_madera,29/02/2024 0:00,10/02/2024 0:00,2,3,5,3.505406717,328.407,328.407
10/02/2024 3:00,bounty_madera,29/02/2024 0:00,10/02/2024 0:00,3,4,5,3.132055633,290.422,290.422
10/02/2024 4:00,bounty_madera,29/02/2024 0:00,10/02/2024 0:00,4,5,5,3.148278867,292.551,292.551
10/02/2024 5:00,bounty_madera,29/02/2024 0:00,10/02/2024 0:00,5,6,5,2.267892983,312.09,312.09
10/02/2024 6:00,bounty_madera,29/02/2024 0:00,10/02/2024 0:00,6,7,5,1.896334675,313.157,313.157
10/02/2024 7:00,bounty_madera,29/02/2024 0:00,10/02/2024 0:00,7,8,5,1.485726517,347.73,347.73
10/02/2024 8:00,bounty_madera,29/02/2024 0:00,10/02/2024 0:00,8,9,5,1.058184,466.234,466.234
10/02/2024 9:00,bounty_madera,29/02/2024 0:00,10/02/2024 0:00,9,10,5,1.875166975,446.019,446.019
10/02/2024 10:00,bounty_madera,29/02/2024 0:00,10/02/2024 0:00,10,11,5,2.423594792,494.698,494.698
10/02/2024 11:00,bounty_madera,29/02/2024 0:00,10/02/2024 0:00,11,12,5,2.384395092,496.738,496.738
10/02/2024 12:00,bounty_madera,29/02/2024 0:00,10/02/2024 0:00,12,13,5,1.879756692,507.71,507.71
10/02/2024 13:00,bounty_madera,29/02/2024 0:00,10/02/2024 0:00,13,14,5,2.665489125,532.607,532.607
10/02/2024 14:00,bounty_madera,29/02/2024 0:00,10/02/2024 0:00,14,15,5,3.16030785,522.959,522.959
10/02/2024 15:00,bounty_madera,29/02/2024 0:00,10/02/2024 0:00,15,16,5,2.972741283,535.878,535.878
10/02/2024 16:00,bounty_madera,29/02/2024 0:00,10/02/2024 0:00,16,17,5,2.935027492,536.655,536.655
10/02/2024 17:00,bounty_madera,29/02/2024 0:00,10/02/2024 0:00,17,18,5,3.038336983,485.42,485.42
10/02/2024 18:00,bounty_madera,29/02/2024 0:00,10/02/2024 0:00,18,19,5,3.47741015,452.69,452.69
10/02/2024 19:00,bounty_madera,29/02/2024 0:00,10/02/2024 0:00,19,20,5,3.235326508,441.831,441.831
10/02/2024 20:00,bounty_madera,29/02/2024 0:00,10/02/2024 0:00,20,21,5,3.570942542,438.278,438.278
10/02/2024 21:00,bounty_madera,29/02/2024 0:00,10/02/2024 0:00,21,22,5,4.49430515,439.845,439.845
10/02/2024 22:00,bounty_madera,29/02/2024 0:00,10/02/2024 0:00,22,23,5,3.665385092,427.028,427.028
10/02/2024 23:00,bounty_madera,29/02/2024 0:00,10/02/2024 0:00,23,24,5,3.466564592,413.036,413.036
11/02/2024 0:00,bounty_madera,29/02/2024 0:00,11/02/2024 0:00,0,1,6,3.565256458,360.512,360.512
11/02/2024 1:00,bounty_madera,29/02/2024 0:00,11/02/2024 0:00,1,2,6,3.074270475,309.911,309.911
11/02/2024 2:00,bounty_madera,29/02/2024 0:00,11/02/2024 0:00,2,3,6,3.056901025,283.718,283.718
11/02/2024 3:00,bounty_madera,29/02/2024 0:00,11/02/2024 0:00,3,4,6,2.662219133,265.533,265.533
11/02/2024 4:00,bounty_madera,29/02/2024 0:00,11/02/2024 0:00,4,5,6,2.473275467,266.948,266.948
11/02/2024 5:00,bounty_madera,29/02/2024 0:00,11/02/2024 0:00,5,6,6,2.538371417,291.61,291.61
11/02/2024 6:00,bounty_madera,29/02/2024 0:00,11/02/2024 0:00,6,7,6,2.030976317,318.167,318.167
11/02/2024 7:00,bounty_madera,29/02/2024 0:00,11/02/2024 0:00,7,8,6,0.42920225,360.89,360.89
11/02/2024 8:00,bounty_madera,29/02/2024 0:00,11/02/2024 0:00,8,9,6,-0.000255275,456.713,456.713
11/02/2024 9:00,bounty_madera,29/02/2024 0:00,11/02/2024 0:00,9,10,6,0.666225142,437.943,437.943
11/02/2024 10:00,bounty_madera,29/02/2024 0:00,11/02/2024 0:00,10,11,6,2.530419692,481.061,481.061
11/02/2024 11:00,bounty_madera,29/02/2024 0:00,11/02/2024 0:00,11,12,6,2.283190242,456.246,456.246
11/02/2024 12:00,bounty_madera,29/02/2024 0:00,11/02/2024 0:00,12,13,6,-0.000173375,491.916,491.916
11/02/2024 13:00,bounty_madera,29/02/2024 0:00,11/02/2024 0:00,13,14,6,1.512184242,515.563,515.563
11/02/2024 14:00,bounty_madera,29/02/2024 0:00,11/02/2024 0:00,14,15,6,2.756375808,499.335,499.335
11/02/2024 15:00,bounty_madera,29/02/2024 0:00,11/02/2024 0:00,15,16,6,2.704084258,484.684,484.684
11/02/2024 16:00,bounty_madera,29/02/2024 0:00,11/02/2024 0:00,16,17,6,2.610129858,472.6,472.6
11/02/2024 17:00,bounty_madera,29/02/2024 0:00,11/02/2024 0:00,17,18,6,3.200961242,473.726,473.726
11/02/2024 18:00,bounty_madera,29/02/2024 0:00,11/02/2024 0:00,18,19,6,3.908393692,440.563,440.563
11/02/2024 19:00,bounty_madera,29/02/2024 0:00,11/02/2024 0:00,19,20,6,3.797195992,407.638,407.638
11/02/2024 20:00,bounty_madera,29/02/2024 0:00,11/02/2024 0:00,20,21,6,3.779421908,365.139,365.139
11/02/2024 21:00,bounty_madera,29/02/2024 0:00,11/02/2024 0:00,21,22,6,4.520034133,322.248,322.248
11/02/2024 22:00,bounty_madera,29/02/2024 0:00,11/02/2024 0:00,22,23,6,3.617042242,296.901,296.901
11/02/2024 23:00,bounty_madera,29/02/2024 0:00,11/02/2024 0:00,23,24,6,3.147989725,318.507,318.507
12/02/2024 0:00,bounty_madera,29/02/2024 0:00,12/02/2024 0:00,0,1,0,3.301802933,303.874,303.874
12/02/2024 1:00,bounty_madera,29/02/2024 0:00,12/02/2024 0:00,1,2,0,3.440655133,276.775,276.775
12/02/2024 2:00,bounty_madera,29/02/2024 0:00,12/02/2024 0:00,2,3,0,3.443089192,264.126,264.126
12/02/2024 3:00,bounty_madera,29/02/2024 0:00,12/02/2024 0:00,3,4,0,2.749404883,258.782,258.782
12/02/2024 4:00,bounty_madera,29/02/2024 0:00,12/02/2024 0:00,4,5,0,3.074829675,271.43,271.43
12/02/2024 5:00,bounty_madera,29/02/2024 0:00,12/02/2024 0:00,5,6,0,2.974955392,279.499,279.499
12/02/2024 6:00,bounty_madera,29/02/2024 0:00,12/02/2024 0:00,6,7,0,2.500182617,300.565,300.565
12/02/2024 7:00,bounty_madera,29/02/2024 0:00,12/02/2024 0:00,7,8,0,2.153051817,322.631,322.631
12/02/2024 8:00,bounty_madera,29/02/2024 0:00,12/02/2024 0:00,8,9,0,3.273121842,397.841,397.841
12/02/2024 9:00,bounty_madera,29/02/2024 0:00,12/02/2024 0:00,9,10,0,3.721494275,462.366,462.366
12/02/2024 10:00,bounty_madera,29/02/2024 0:00,12/02/2024 0:00,10,11,0,1.8081002,480.36,480.36
12/02/2024 11:00,bounty_madera,29/02/2024 0:00,12/02/2024 0:00,11,12,0,3.419255417,449.103,449.103
12/02/2024 12:00,bounty_madera,29/02/2024 0:00,12/02/2024 0:00,12,13,0,4.57138025,482.91,482.91
12/02/2024 13:00,bounty_madera,29/02/2024 0:00,12/02/2024 0:00,13,14,0,2.887360642,484.833,484.833
12/02/2024 14:00,bounty_madera,29/02/2024 0:00,12/02/2024 0:00,14,15,0,3.295115817,480.3,480.3
12/02/2024 15:00,bounty_madera,29/02/2024 0:00,12/02/2024 0:00,15,16,0,3.360223333,471.063,471.063
12/02/2024 16:00,bounty_madera,29/02/2024 0:00,12/02/2024 0:00,16,17,0,2.891450658,464.614,464.614
12/02/2024 17:00,bounty_madera,29/02/2024 0:00,12/02/2024 0:00,17,18,0,2.757291042,444.105,444.105
12/02/2024 18:00,bounty_madera,29/02/2024 0:00,12/02/2024 0:00,18,19,0,2.810176592,416.905,416.905
12/02/2024 19:00,bounty_madera,29/02/2024 0:00,12/02/2024 0:00,19,20,0,3.032833225,337.13,337.13
12/02/2024 20:00,bounty_madera,29/02/2024 0:00,12/02/2024 0:00,20,21,0,3.357485867,321.835,321.835
12/02/2024 21:00,bounty_madera,29/02/2024 0:00,12/02/2024 0:00,21,22,0,3.49553645,318.901,318.901
12/02/2024 22:00,bounty_madera,29/02/2024 0:00,12/02/2024 0:00,22,23,0,2.687261467,300.864,300.864
12/02/2024 23:00,bounty_madera,29/02/2024 0:00,12/02/2024 0:00,23,24,0,2.215526333,298.994,298.994
13/02/2024 0:00,bounty_madera,29/02/2024 0:00,13/02/2024 0:00,0,1,1,3.497552808,297.029,297.029
13/02/2024 1:00,bounty_madera,29/02/2024 0:00,13/02/2024 0:00,1,2,1,3.059463742,272.422,272.422
13/02/2024 2:00,bounty_madera,29/02/2024 0:00,13/02/2024 0:00,2,3,1,2.861059108,269.075,269.075
13/02/2024 3:00,bounty_madera,29/02/2024 0:00,13/02/2024 0:00,3,4,1,2.61719575,255.286,255.286
13/02/2024 4:00,bounty_madera,29/02/2024 0:00,13/02/2024 0:00,4,5,1,3.031195458,262.68,262.68
13/02/2024 5:00,bounty_madera,29/02/2024 0:00,13/02/2024 0:00,5,6,1,3.427721642,277.474,277.474
13/02/2024 6:00,bounty_madera,29/02/2024 0:00,13/02/2024 0:00,6,7,1,3.375900642,296.5,296.5
13/02/2024 7:00,bounty_madera,29/02/2024 0:00,13/02/2024 0:00,7,8,1,2.112734433,304.463,304.463
13/02/2024 8:00,bounty_madera,29/02/2024 0:00,13/02/2024 0:00,8,9,1,2.517339025,411.986,411.986
13/02/2024 9:00,bounty_madera,29/02/2024 0:00,13/02/2024 0:00,9,10,1,2.6052114,437.854,437.854
13/02/2024 10:00,bounty_madera,29/02/2024 0:00,13/02/2024 0:00,10,11,1,3.220896008,451.973,451.973
13/02/2024 11:00,bounty_madera,29/02/2024 0:00,13/02/2024 0:00,11,12,1,0.7984444,447.119,447.119
13/02/2024 12:00,bounty_madera,29/02/2024 0:00,13/02/2024 0:00,12,13,1,1.375291775,483.77,483.77
13/02/2024 13:00,bounty_madera,29/02/2024 0:00,13/02/2024 0:00,13,14,1,3.727852917,512.886,512.886
13/02/2024 14:00,bounty_madera,29/02/2024 0:00,13/02/2024 0:00,14,15,1,3.448989758,506.801,506.801
13/02/2024 15:00,bounty_madera,29/02/2024 0:00,13/02/2024 0:00,15,16,1,3.676289125,501.787,501.787
13/02/2024 16:00,bounty_madera,29/02/2024 0:00,13/02/2024 0:00,16,17,1,3.525311417,507.697,507.697
13/02/2024 17:00,bounty_madera,29/02/2024 0:00,13/02/2024 0:00,17,18,1,4.093769467,467.48,467.48
13/02/2024 18:00,bounty_madera,29/02/2024 0:00,13/02/2024 0:00,18,19,1,5.8935404,442.277,442.277
13/02/2024 19:00,bounty_madera,29/02/2024 0:00,13/02/2024 0:00,19,20,1,3.842420892,414.754,414.754
13/02/2024 20:00,bounty_madera,29/02/2024 0:00,13/02/2024 0:00,20,21,1,4.446146592,373.263,373.263
13/02/2024 21:00,bounty_madera,29/02/2024 0:00,13/02/2024 0:00,21,22,1,4.720768658,328.385,328.385
13/02/2024 22:00,bounty_madera,29/02/2024 0:00,13/02/2024 0:00,22,23,1,3.821154575,311.451,311.451
13/02/2024 23:00,bounty_madera,29/02/2024 0:00,13/02/2024 0:00,23,24,1,3.7630246,313.317,313.317
14/02/2024 0:00,bounty_madera,29/02/2024 0:00,14/02/2024 0:00,0,1,2,4.3328953,301.758,301.758
14/02/2024 1:00,bounty_madera,29/02/2024 0:00,14/02/2024 0:00,1,2,2,3.747060967,276.924,276.924
14/02/2024 2:00,bounty_madera,29/02/2024 0:00,14/02/2024 0:00,2,3,2,3.549868025,271.702,271.702
14/02/2024 3:00,bounty_madera,29/02/2024 0:00,14/02/2024 0:00,3,4,2,3.504183433,270.419,270.419
14/02/2024 4:00,bounty_madera,29/02/2024 0:00,14/02/2024 0:00,4,5,2,3.723880258,280.361,280.361
14/02/2024 5:00,bounty_madera,29/02/2024 0:00,14/02/2024 0:00,5,6,2,4.062445533,287.969,287.969
14/02/2024 6:00,bounty_madera,29/02/2024 0:00,14/02/2024 0:00,6,7,2,3.863890375,306.689,306.689
14/02/2024 7:00,bounty_madera,29/02/2024 0:00,14/02/2024 0:00,7,8,2,3.323162525,358.605,358.605
14/02/2024 8:00,bounty_madera,29/02/2024 0:00,14/02/2024 0:00,8,9,2,3.297647117,444.057,444.057
14/02/2024 9:00,bounty_madera,29/02/2024 0:00,14/02/2024 0:00,9,10,2,4.351190467,462.037,462.037
14/02/2024 10:00,bounty_madera,29/02/2024 0:00,14/02/2024 0:00,10,11,2,4.251598658,508.322,508.322
14/02/2024 11:00,bounty_madera,29/02/2024 0:00,14/02/2024 0:00,11,12,2,3.488896717,517.676,517.676
14/02/2024 12:00,bounty_madera,29/02/2024 0:00,14/02/2024 0:00,12,13,2,3.465862125,549.943,549.943
14/02/2024 13:00,bounty_madera,29/02/2024 0:00,14/02/2024 0:00,13,14,2,4.415247308,571.17,571.17
14/02/2024 14:00,bounty_madera,29/02/2024 0:00,14/02/2024 0:00,14,15,2,3.9999636,561.136,561.136
14/02/2024 15:00,bounty_madera,29/02/2024 0:00,14/02/2024 0:00,15,16,2,3.756236467,542.077,542.077
14/02/2024 16:00,bounty_madera,29/02/2024 0:00,14/02/2024 0:00,16,17,2,3.580555408,552.43,552.43
14/02/2024 17:00,bounty_madera,29/02/2024 0:00,14/02/2024 0:00,17,18,2,3.021199083,535.959,535.959
14/02/2024 18:00,bounty_madera,29/02/2024 0:00,14/02/2024 0:00,18,19,2,3.754917158,491.492,491.492
14/02/2024 19:00,bounty_madera,29/02/2024 0:00,14/02/2024 0:00,19,20,2,3.5872649,455.272,455.272
14/02/2024 20:00,bounty_madera,29/02/2024 0:00,14/02/2024 0:00,20,21,2,3.575105858,443.52,443.52
14/02/2024 21:00,bounty_madera,29/02/2024 0:00,14/02/2024 0:00,21,22,2,4.159850908,408.706,408.706
14/02/2024 22:00,bounty_madera,29/02/2024 0:00,14/02/2024 0:00,22,23,2,3.934608292,360.746,360.746
14/02/2024 23:00,bounty_madera,29/02/2024 0:00,14/02/2024 0:00,23,24,2,3.926478817,337.596,337.596
15/02/2024 0:00,bounty_madera,29/02/2024 0:00,15/02/2024 0:00,0,1,3,3.869801433,316.193,316.193
15/02/2024 1:00,bounty_madera,29/02/2024 0:00,15/02/2024 0:00,1,2,3,3.705277083,286.518,286.518
15/02/2024 2:00,bounty_madera,29/02/2024 0:00,15/02/2024 0:00,2,3,3,3.512542267,278.775,278.775
15/02/2024 3:00,bounty_madera,29/02/2024 0:00,15/02/2024 0:00,3,4,3,3.417523967,270.888,270.888
15/02/2024 4:00,bounty_madera,29/02/2024 0:00,15/02/2024 0:00,4,5,3,3.678134658,287.748,287.748
15/02/2024 5:00,bounty_madera,29/02/2024 0:00,15/02/2024 0:00,5,6,3,3.659254217,311.586,311.586
15/02/2024 6:00,bounty_madera,29/02/2024 0:00,15/02/2024 0:00,6,7,3,3.439581683,326.609,326.609
15/02/2024 7:00,bounty_madera,29/02/2024 0:00,15/02/2024 0:00,7,8,3,2.513880433,402.751,402.751
15/02/2024 8:00,bounty_madera,29/02/2024 0:00,15/02/2024 0:00,8,9,3,3.427202092,501.892,501.892
15/02/2024 9:00,bounty_madera,29/02/2024 0:00,15/02/2024 0:00,9,10,3,3.68284785,506.047,506.047
15/02/2024 10:00,bounty_madera,29/02/2024 0:00,15/02/2024 0:00,10,11,3,3.859331558,529.036,529.036
15/02/2024 11:00,bounty_madera,29/02/2024 0:00,15/02/2024 0:00,11,12,3,3.684898275,512.237,512.237
15/02/2024 12:00,bounty_madera,29/02/2024 0:00,15/02/2024 0:00,12,13,3,3.601331792,524.42,524.42
15/02/2024 13:00,bounty_madera,29/02/2024 0:00,15/02/2024 0:00,13,14,3,6.488497425,552.259,552.259
15/02/2024 14:00,bounty_madera,29/02/2024 0:00,15/02/2024 0:00,14,15,3,8.083749042,553.161,553.161
15/02/2024 15:00,bounty_madera,29/02/2024 0:00,15/02/2024 0:00,15,16,3,10.48768351,555.104,555.104
15/02/2024 16:00,bounty_madera,29/02/2024 0:00,15/02/2024 0:00,16,17,3,7.583535492,572.973,572.973
15/02/2024 17:00,bounty_madera,29/02/2024 0:00,15/02/2024 0:00,17,18,3,5.135168075,552.098,552.098
15/02/2024 18:00,bounty_madera,29/02/2024 0:00,15/02/2024 0:00,18,19,3,7.640211525,510.405,510.405
15/02/2024 19:00,bounty_madera,29/02/2024 0:00,15/02/2024 0:00,19,20,3,4.886948667,474.267,474.267
15/02/2024 20:00,bounty_madera,29/02/2024 0:00,15/02/2024 0:00,20,21,3,7.294918583,502.849,502.849
15/02/2024 21:00,bounty_madera,29/02/2024 0:00,15/02/2024 0:00,21,22,3,6.213528367,475.905,475.905
15/02/2024 22:00,bounty_madera,29/02/2024 0:00,15/02/2024 0:00,22,23,3,5.359337158,435.275,435.275
15/02/2024 23:00,bounty_madera,29/02/2024 0:00,15/02/2024 0:00,23,24,3,5.340314583,407.476,407.476
16/02/2024 0:00,bounty_madera,29/02/2024 0:00,16/02/2024 0:00,0,1,4,5.728647167,338.409,338.409
16/02/2024 1:00,bounty_madera,29/02/2024 0:00,16/02/2024 0:00,1,2,4,4.472896417,298.423,298.423
16/02/2024 2:00,bounty_madera,29/02/2024 0:00,16/02/2024 0:00,2,3,4,4.339162375,285.698,285.698
16/02/2024 3:00,bounty_madera,29/02/2024 0:00,16/02/2024 0:00,3,4,4,3.884740617,270.257,270.257
16/02/2024 4:00,bounty_madera,29/02/2024 0:00,16/02/2024 0:00,4,5,4,4.388919967,286.209,286.209
16/02/2024 5:00,bounty_madera,29/02/2024 0:00,16/02/2024 0:00,5,6,4,4.297479942,322.04,322.04
16/02/2024 6:00,bounty_madera,29/02/2024 0:00,16/02/2024 0:00,6,7,4,4.187126317,341.523,341.523
16/02/2024 7:00,bounty_madera,29/02/2024 0:00,16/02/2024 0:00,7,8,4,3.579767617,401.314,401.314
16/02/2024 8:00,bounty_madera,29/02/2024 0:00,16/02/2024 0:00,8,9,4,4.532437017,477.611,477.611
16/02/2024 9:00,bounty_madera,29/02/2024 0:00,16/02/2024 0:00,9,10,4,3.5698409,481.462,481.462
16/02/2024 10:00,bounty_madera,29/02/2024 0:00,16/02/2024 0:00,10,11,4,3.916162292,520.208,520.208
16/02/2024 11:00,bounty_madera,29/02/2024 0:00,16/02/2024 0:00,11,12,4,5.010240892,537.17,537.17
16/02/2024 12:00,bounty_madera,29/02/2024 0:00,16/02/2024 0:00,12,13,4,5.600779025,563.582,563.582
16/02/2024 13:00,bounty_madera,29/02/2024 0:00,16/02/2024 0:00,13,14,4,10.69909692,582.548,582.548
16/02/2024 14:00,bounty_madera,29/02/2024 0:00,16/02/2024 0:00,14,15,4,13.48694918,576.462,576.462
16/02/2024 15:00,bounty_madera,29/02/2024 0:00,16/02/2024 0:00,15,16,4,9.796758225,551.451,551.451
16/02/2024 16:00,bounty_madera,29/02/2024 0:00,16/02/2024 0:00,16,17,4,5.012394892,555.762,555.762
16/02/2024 17:00,bounty_madera,29/02/2024 0:00,16/02/2024 0:00,17,18,4,3.799391992,535.814,535.814
16/02/2024 18:00,bounty_madera,29/02/2024 0:00,16/02/2024 0:00,18,19,4,6.954476142,488.296,488.296
16/02/2024 19:00,bounty_madera,29/02/2024 0:00,16/02/2024 0:00,19,20,4,4.121936992,446.132,446.132
16/02/2024 20:00,bounty_madera,29/02/2024 0:00,16/02/2024 0:00,20,21,4,4.175125492,444.5,444.5
16/02/2024 21:00,bounty_madera,29/02/2024 0:00,16/02/2024 0:00,21,22,4,4.765161708,424.427,424.427
16/02/2024 22:00,bounty_madera,29/02/2024 0:00,16/02/2024 0:00,22,23,4,3.840229083,418.076,418.076
16/02/2024 23:00,bounty_madera,29/02/2024 0:00,16/02/2024 0:00,23,24,4,3.750342075,426.447,426.447
17/02/2024 0:00,bounty_madera,29/02/2024 0:00,17/02/2024 0:00,0,1,5,3.800626733,376.273,376.273
17/02/2024 1:00,bounty_madera,29/02/2024 0:00,17/02/2024 0:00,1,2,5,3.959425683,286.246,286.246
17/02/2024 2:00,bounty_madera,29/02/2024 0:00,17/02/2024 0:00,2,3,5,3.895849208,265.575,265.575
17/02/2024 3:00,bounty_madera,29/02/2024 0:00,17/02/2024 0:00,3,4,5,3.5460708,264.453,264.453
17/02/2024 4:00,bounty_madera,29/02/2024 0:00,17/02/2024 0:00,4,5,5,3.415145017,277.153,277.153
17/02/2024 5:00,bounty_madera,29/02/2024 0:00,17/02/2024 0:00,5,6,5,3.306603225,300.773,300.773
17/02/2024 6:00,bounty_madera,29/02/2024 0:00,17/02/2024 0:00,6,7,5,3.90678885,290.913,290.913
17/02/2024 7:00,bounty_madera,29/02/2024 0:00,17/02/2024 0:00,7,8,5,3.058543383,318.479,318.479
17/02/2024 8:00,bounty_madera,29/02/2024 0:00,17/02/2024 0:00,8,9,5,2.58503835,443.088,443.088
17/02/2024 9:00,bounty_madera,29/02/2024 0:00,17/02/2024 0:00,9,10,5,2.9325249,458.894,458.894
17/02/2024 10:00,bounty_madera,29/02/2024 0:00,17/02/2024 0:00,10,11,5,3.080205475,467.917,467.917
17/02/2024 11:00,bounty_madera,29/02/2024 0:00,17/02/2024 0:00,11,12,5,3.267600425,481.655,481.655
17/02/2024 12:00,bounty_madera,29/02/2024 0:00,17/02/2024 0:00,12,13,5,2.269612358,502.058,502.058
17/02/2024 13:00,bounty_madera,29/02/2024 0:00,17/02/2024 0:00,13,14,5,3.675423875,530.031,530.031
17/02/2024 14:00,bounty_madera,29/02/2024 0:00,17/02/2024 0:00,14,15,5,3.721816125,517.391,517.391
17/02/2024 15:00,bounty_madera,29/02/2024 0:00,17/02/2024 0:00,15,16,5,3.910411108,518.515,518.515
17/02/2024 16:00,bounty_madera,29/02/2024 0:00,17/02/2024 0:00,16,17,5,4.487127658,511.225,511.225
17/02/2024 17:00,bounty_madera,29/02/2024 0:00,17/02/2024 0:00,17,18,5,4.806032558,467.175,467.175
17/02/2024 18:00,bounty_madera,29/02/2024 0:00,17/02/2024 0:00,18,19,5,5.454548225,438.526,438.526
17/02/2024 19:00,bounty_madera,29/02/2024 0:00,17/02/2024 0:00,19,20,5,6.362074108,431.34,431.34
17/02/2024 20:00,bounty_madera,29/02/2024 0:00,17/02/2024 0:00,20,21,5,6.248023808,382.133,382.133
17/02/2024 21:00,bounty_madera,29/02/2024 0:00,17/02/2024 0:00,21,22,5,6.379398158,378.528,378.528
17/02/2024 22:00,bounty_madera,29/02/2024 0:00,17/02/2024 0:00,22,23,5,5.541136442,351.061,351.061
17/02/2024 23:00,bounty_madera,29/02/2024 0:00,17/02/2024 0:00,23,24,5,5.205432525,338.268,338.268
18/02/2024 0:00,bounty_madera,29/02/2024 0:00,18/02/2024 0:00,0,1,6,4.713556992,303.912,303.912
18/02/2024 1:00,bounty_madera,29/02/2024 0:00,18/02/2024 0:00,1,2,6,4.116475142,264.197,264.197
18/02/2024 2:00,bounty_madera,29/02/2024 0:00,18/02/2024 0:00,2,3,6,3.843906342,259.346,259.346
18/02/2024 3:00,bounty_madera,29/02/2024 0:00,18/02/2024 0:00,3,4,6,3.767141667,260.614,260.614
18/02/2024 4:00,bounty_madera,29/02/2024 0:00,18/02/2024 0:00,4,5,6,3.5582382,275.231,275.231
18/02/2024 5:00,bounty_madera,29/02/2024 0:00,18/02/2024 0:00,5,6,6,3.630810225,293.388,293.388
18/02/2024 6:00,bounty_madera,29/02/2024 0:00,18/02/2024 0:00,6,7,6,3.432666908,300.222,300.222
18/02/2024 7:00,bounty_madera,29/02/2024 0:00,18/02/2024 0:00,7,8,6,3.084995058,372.032,372.032
18/02/2024 8:00,bounty_madera,29/02/2024 0:00,18/02/2024 0:00,8,9,6,2.654714008,399.071,399.071
18/02/2024 9:00,bounty_madera,29/02/2024 0:00,18/02/2024 0:00,9,10,6,3.023640475,458.383,458.383
18/02/2024 10:00,bounty_madera,29/02/2024 0:00,18/02/2024 0:00,10,11,6,3.260000983,485.944,485.944
18/02/2024 11:00,bounty_madera,29/02/2024 0:00,18/02/2024 0:00,11,12,6,3.1456863,482.392,482.392
18/02/2024 12:00,bounty_madera,29/02/2024 0:00,18/02/2024 0:00,12,13,6,2.90308055,499.223,499.223
18/02/2024 13:00,bounty_madera,29/02/2024 0:00,18/02/2024 0:00,13,14,6,3.521317092,532.799,532.799
18/02/2024 14:00,bounty_madera,29/02/2024 0:00,18/02/2024 0:00,14,15,6,3.371983108,527.477,527.477
18/02/2024 15:00,bounty_madera,29/02/2024 0:00,18/02/2024 0:00,15,16,6,3.307893417,538.251,538.251
18/02/2024 16:00,bounty_madera,29/02/2024 0:00,18/02/2024 0:00,16,17,6,3.732482492,553.374,553.374
18/02/2024 17:00,bounty_madera,29/02/2024 0:00,18/02/2024 0:00,17,18,6,5.942101842,510.859,510.859
18/02/2024 18:00,bounty_madera,29/02/2024 0:00,18/02/2024 0:00,18,19,6,11.92728807,489.902,489.902
18/02/2024 19:00,bounty_madera,29/02/2024 0:00,18/02/2024 0:00,19,20,6,10.40508638,445.247,445.247
18/02/2024 20:00,bounty_madera,29/02/2024 0:00,18/02/2024 0:00,20,21,6,11.02313766,433.35,433.35
18/02/2024 21:00,bounty_madera,29/02/2024 0:00,18/02/2024 0:00,21,22,6,10.65373303,405.404,405.404
18/02/2024 22:00,bounty_madera,29/02/2024 0:00,18/02/2024 0:00,22,23,6,5.083890358,355.838,355.838
18/02/2024 23:00,bounty_madera,29/02/2024 0:00,18/02/2024 0:00,23,24,6,4.334882258,351.671,351.671
19/02/2024 0:00,bounty_madera,29/02/2024 0:00,19/02/2024 0:00,0,1,0,3.616387958,308.183,308.183
19/02/2024 1:00,bounty_madera,29/02/2024 0:00,19/02/2024 0:00,1,2,0,3.356704275,264.961,264.961
19/02/2024 2:00,bounty_madera,29/02/2024 0:00,19/02/2024 0:00,2,3,0,3.230416942,261.698,261.698
19/02/2024 3:00,bounty_madera,29/02/2024 0:00,19/02/2024 0:00,3,4,0,3.513161575,256.661,256.661
19/02/2024 4:00,bounty_madera,29/02/2024 0:00,19/02/2024 0:00,4,5,0,3.76069485,266.448,266.448
19/02/2024 5:00,bounty_madera,29/02/2024 0:00,19/02/2024 0:00,5,6,0,3.698555508,295.211,295.211
19/02/2024 6:00,bounty_madera,29/02/2024 0:00,19/02/2024 0:00,6,7,0,3.747074433,297.679,297.679
19/02/2024 7:00,bounty_madera,29/02/2024 0:00,19/02/2024 0:00,7,8,0,2.735596708,342.326,342.326
19/02/2024 8:00,bounty_madera,29/02/2024 0:00,19/02/2024 0:00,8,9,0,3.453327833,464.801,464.801
19/02/2024 9:00,bounty_madera,29/02/2024 0:00,19/02/2024 0:00,9,10,0,3.711911367,488.569,488.569
19/02/2024 10:00,bounty_madera,29/02/2024 0:00,19/02/2024 0:00,10,11,0,3.9597386,527.89,527.89
19/02/2024 11:00,bounty_madera,29/02/2024 0:00,19/02/2024 0:00,11,12,0,3.595588342,503.134,503.134
19/02/2024 12:00,bounty_madera,29/02/2024 0:00,19/02/2024 0:00,12,13,0,3.274965492,556.331,556.331
19/02/2024 13:00,bounty_madera,29/02/2024 0:00,19/02/2024 0:00,13,14,0,7.708561825,568.187,568.187
19/02/2024 14:00,bounty_madera,29/02/2024 0:00,19/02/2024 0:00,14,15,0,8.181716575,557.197,557.197
19/02/2024 15:00,bounty_madera,29/02/2024 0:00,19/02/2024 0:00,15,16,0,9.415073842,548.143,548.143
19/02/2024 16:00,bounty_madera,29/02/2024 0:00,19/02/2024 0:00,16,17,0,8.454368725,557.623,557.623
19/02/2024 17:00,bounty_madera,29/02/2024 0:00,19/02/2024 0:00,17,18,0,5.476488775,520.457,520.457
19/02/2024 18:00,bounty_madera,29/02/2024 0:00,19/02/2024 0:00,18,19,0,7.2394289,490.238,490.238
19/02/2024 19:00,bounty_madera,29/02/2024 0:00,19/02/2024 0:00,19,20,0,6.642253958,440.005,440.005
19/02/2024 20:00,bounty_madera,29/02/2024 0:00,19/02/2024 0:00,20,21,0,8.28156945,412.082,412.082
19/02/2024 21:00,bounty_madera,29/02/2024 0:00,19/02/2024 0:00,21,22,0,5.73838815,368.231,368.231
19/02/2024 22:00,bounty_madera,29/02/2024 0:00,19/02/2024 0:00,22,23,0,4.410980017,321.891,321.891
19/02/2024 23:00,bounty_madera,29/02/2024 0:00,19/02/2024 0:00,23,24,0,4.109481467,325.63,325.63
20/02/2024 0:00,bounty_madera,29/02/2024 0:00,20/02/2024 0:00,0,1,1,4.65632185,298.104,298.104
20/02/2024 1:00,bounty_madera,29/02/2024 0:00,20/02/2024 0:00,1,2,1,3.852583367,271.876,271.876
20/02/2024 2:00,bounty_madera,29/02/2024 0:00,20/02/2024 0:00,2,3,1,3.665763842,262.946,262.946
20/02/2024 3:00,bounty_madera,29/02/2024 0:00,20/02/2024 0:00,3,4,1,3.534250992,259.362,259.362
20/02/2024 4:00,bounty_madera,29/02/2024 0:00,20/02/2024 0:00,4,5,1,3.735528575,270.942,270.942
20/02/2024 5:00,bounty_madera,29/02/2024 0:00,20/02/2024 0:00,5,6,1,3.909419008,289.695,289.695
20/02/2024 6:00,bounty_madera,29/02/2024 0:00,20/02/2024 0:00,6,7,1,3.559065633,289.683,289.683
20/02/2024 7:00,bounty_madera,29/02/2024 0:00,20/02/2024 0:00,7,8,1,3.264671117,314.386,314.386
20/02/2024 8:00,bounty_madera,29/02/2024 0:00,20/02/2024 0:00,8,9,1,4.270815692,462.294,462.294
20/02/2024 9:00,bounty_madera,29/02/2024 0:00,20/02/2024 0:00,9,10,1,4.671999542,479.709,479.709
20/02/2024 10:00,bounty_madera,29/02/2024 0:00,20/02/2024 0:00,10,11,1,4.035291025,503.803,503.803
20/02/2024 11:00,bounty_madera,29/02/2024 0:00,20/02/2024 0:00,11,12,1,3.599543333,510.661,510.661
20/02/2024 12:00,bounty_madera,29/02/2024 0:00,20/02/2024 0:00,12,13,1,3.175748208,547.952,547.952
20/02/2024 13:00,bounty_madera,29/02/2024 0:00,20/02/2024 0:00,13,14,1,5.4879239,563.19,563.19
20/02/2024 14:00,bounty_madera,29/02/2024 0:00,20/02/2024 0:00,14,15,1,4.994680767,547.604,547.604
20/02/2024 15:00,bounty_madera,29/02/2024 0:00,20/02/2024 0:00,15,16,1,8.776281458,557.258,557.258
20/02/2024 16:00,bounty_madera,29/02/2024 0:00,20/02/2024 0:00,16,17,1,7.936419742,524.839,524.839
20/02/2024 17:00,bounty_madera,29/02/2024 0:00,20/02/2024 0:00,17,18,1,4.676885492,484.694,484.694
20/02/2024 18:00,bounty_madera,29/02/2024 0:00,20/02/2024 0:00,18,19,1,11.52376636,448.925,448.925
20/02/2024 19:00,bounty_madera,29/02/2024 0:00,20/02/2024 0:00,19,20,1,6.57096965,422.781,422.781
20/02/2024 20:00,bounty_madera,29/02/2024 0:00,20/02/2024 0:00,20,21,1,8.047214517,374.364,374.364
20/02/2024 21:00,bounty_madera,29/02/2024 0:00,20/02/2024 0:00,21,22,1,7.662815058,322.678,322.678
20/02/2024 22:00,bounty_madera,29/02/2024 0:00,20/02/2024 0:00,22,23,1,4.208537517,317.701,317.701
20/02/2024 23:00,bounty_madera,29/02/2024 0:00,20/02/2024 0:00,23,24,1,5.4129506,308.868,308.868
21/02/2024 0:00,bounty_madera,29/02/2024 0:00,21/02/2024 0:00,0,1,2,5.072850975,289.394,289.394
21/02/2024 1:00,bounty_madera,29/02/2024 0:00,21/02/2024 0:00,1,2,2,3.806760825,275.645,275.645
21/02/2024 2:00,bounty_madera,29/02/2024 0:00,21/02/2024 0:00,2,3,2,3.720339308,275.061,275.061
21/02/2024 3:00,bounty_madera,29/02/2024 0:00,21/02/2024 0:00,3,4,2,3.576607325,263.163,263.163
21/02/2024 4:00,bounty_madera,29/02/2024 0:00,21/02/2024 0:00,4,5,2,3.730939417,287.945,287.945
21/02/2024 5:00,bounty_madera,29/02/2024 0:00,21/02/2024 0:00,5,6,2,4.011309908,298.086,298.086
21/02/2024 6:00,bounty_madera,29/02/2024 0:00,21/02/2024 0:00,6,7,2,5.176373383,306.611,306.611
21/02/2024 7:00,bounty_madera,29/02/2024 0:00,21/02/2024 0:00,7,8,2,3.031115983,330.238,330.238
21/02/2024 8:00,bounty_madera,29/02/2024 0:00,21/02/2024 0:00,8,9,2,3.322885392,456.107,456.107
21/02/2024 9:00,bounty_madera,29/02/2024 0:00,21/02/2024 0:00,9,10,2,3.749668042,460.698,460.698
21/02/2024 10:00,bounty_madera,29/02/2024 0:00,21/02/2024 0:00,10,11,2,3.6002967,494.4,494.4
21/02/2024 11:00,bounty_madera,29/02/2024 0:00,21/02/2024 0:00,11,12,2,3.483126383,485.923,485.923
21/02/2024 12:00,bounty_madera,29/02/2024 0:00,21/02/2024 0:00,12,13,2,2.9345921170000002,500.571,500.571
21/02/2024 13:00,bounty_madera,29/02/2024 0:00,21/02/2024 0:00,13,14,2,2.700439867,545.527,545.527
21/02/2024 14:00,bounty_madera,29/02/2024 0:00,21/02/2024 0:00,14,15,2,3.7374019,531.485,531.485
21/02/2024 15:00,bounty_madera,29/02/2024 0:00,21/02/2024 0:00,15,16,2,4.002780783,529.364,529.364
21/02/2024 16:00,bounty_madera,29/02/2024 0:00,21/02/2024 0:00,16,17,2,4.482127133,525.575,525.575
21/02/2024 17:00,bounty_madera,29/02/2024 0:00,21/02/2024 0:00,17,18,2,3.928123083,494.261,494.261
21/02/2024 18:00,bounty_madera,29/02/2024 0:00,21/02/2024 0:00,18,19,2,6.114224567,452.349,452.349
21/02/2024 19:00,bounty_madera,29/02/2024 0:00,21/02/2024 0:00,19,20,2,4.156857383,420.524,420.524
21/02/2024 20:00,bounty_madera,29/02/2024 0:00,21/02/2024 0:00,20,21,2,8.416777775,378.021,378.021
21/02/2024 21:00,bounty_madera,29/02/2024 0:00,21/02/2024 0:00,21,22,2,16.08300648,349.339,349.339
21/02/2024 22:00,bounty_madera,29/02/2024 0:00,21/02/2024 0:00,22,23,2,6.951125258,337.282,337.282
21/02/2024 23:00,bounty_madera,29/02/2024 0:00,21/02/2024 0:00,23,24,2,8.10580365,331.851,331.851
22/02/2024 0:00,bounty_madera,29/02/2024 0:00,22/02/2024 0:00,0,1,3,7.667041642,294.424,294.424
22/02/2024 1:00,bounty_madera,29/02/2024 0:00,22/02/2024 0:00,1,2,3,4.364634783,271.126,271.126
22/02/2024 2:00,bounty_madera,29/02/2024 0:00,22/02/2024 0:00,2,3,3,4.405738758,260.015,260.015
22/02/2024 3:00,bounty_madera,29/02/2024 0:00,22/02/2024 0:00,3,4,3,4.322724217,258.633,258.633
22/02/2024 4:00,bounty_madera,29/02/2024 0:00,22/02/2024 0:00,4,5,3,9.634030267,273.806,273.806
22/02/2024 5:00,bounty_madera,29/02/2024 0:00,22/02/2024 0:00,5,6,3,7.2067539,282.066,282.066
22/02/2024 6:00,bounty_madera,29/02/2024 0:00,22/02/2024 0:00,6,7,3,5.2856615,299.124,299.124
22/02/2024 7:00,bounty_madera,29/02/2024 0:00,22/02/2024 0:00,7,8,3,4.67387825,335.663,335.663
22/02/2024 8:00,bounty_madera,29/02/2024 0:00,22/02/2024 0:00,8,9,3,6.324175258,457.807,457.807
22/02/2024 9:00,bounty_madera,29/02/2024 0:00,22/02/2024 0:00,9,10,3,8.899884758,463.447,463.447
22/02/2024 10:00,bounty_madera,29/02/2024 0:00,22/02/2024 0:00,10,11,3,8.463200817,503.588,503.588
22/02/2024 11:00,bounty_madera,29/02/2024 0:00,22/02/2024 0:00,11,12,3,5.727672358,513.77,513.77
22/02/2024 12:00,bounty_madera,29/02/2024 0:00,22/02/2024 0:00,12,13,3,4.63442635,535.331,535.331
22/02/2024 13:00,bounty_madera,29/02/2024 0:00,22/02/2024 0:00,13,14,3,8.6883794,602.548,602.548
22/02/2024 14:00,bounty_madera,29/02/2024 0:00,22/02/2024 0:00,14,15,3,9.585918308,589.166,589.166
22/02/2024 15:00,bounty_madera,29/02/2024 0:00,22/02/2024 0:00,15,16,3,9.708033967,575.912,575.912
22/02/2024 16:00,bounty_madera,29/02/2024 0:00,22/02/2024 0:00,16,17,3,10.17866578,583.728,583.728
22/02/2024 17:00,bounty_madera,29/02/2024 0:00,22/02/2024 0:00,17,18,3,9.326978667,530.719,530.719
22/02/2024 18:00,bounty_madera,29/02/2024 0:00,22/02/2024 0:00,18,19,3,21.93213538,489.316,489.316
22/02/2024 19:00,bounty_madera,29/02/2024 0:00,22/02/2024 0:00,19,20,3,23.28022497,454.75,454.75
22/02/2024 20:00,bounty_madera,29/02/2024 0:00,22/02/2024 0:00,20,21,3,40.75332993,469.667,469.667
22/02/2024 21:00,bounty_madera,29/02/2024 0:00,22/02/2024 0:00,21,22,3,53.10186955,446.309,446.309
22/02/2024 22:00,bounty_madera,29/02/2024 0:00,22/02/2024 0:00,22,23,3,10.32926747,411.889,411.889
22/02/2024 23:00,bounty_madera,29/02/2024 0:00,22/02/2024 0:00,23,24,3,6.792199075,394.301,394.301
23/02/2024 0:00,bounty_madera,29/02/2024 0:00,23/02/2024 0:00,0,1,4,7.216053633,353.827,353.827
23/02/2024 1:00,bounty_madera,29/02/2024 0:00,23/02/2024 0:00,1,2,4,5.08719805,306.899,306.899
23/02/2024 2:00,bounty_madera,29/02/2024 0:00,23/02/2024 0:00,2,3,4,4.31656385,286.298,286.298
23/02/2024 3:00,bounty_madera,29/02/2024 0:00,23/02/2024 0:00,3,4,4,4.246797508,266.993,266.993
23/02/2024 4:00,bounty_madera,29/02/2024 0:00,23/02/2024 0:00,4,5,4,4.340678217,296.134,296.134
23/02/2024 5:00,bounty_madera,29/02/2024 0:00,23/02/2024 0:00,5,6,4,4.155133367,320.472,320.472
23/02/2024 6:00,bounty_madera,29/02/2024 0:00,23/02/2024 0:00,6,7,4,4.044782675,309.343,309.343
23/02/2024 7:00,bounty_madera,29/02/2024 0:00,23/02/2024 0:00,7,8,4,3.579383133,357.608,357.608
23/02/2024 8:00,bounty_madera,29/02/2024 0:00,23/02/2024 0:00,8,9,4,4.09833785,466.701,466.701
23/02/2024 9:00,bounty_madera,29/02/2024 0:00,23/02/2024 0:00,9,10,4,4.396196267,497.558,497.558
23/02/2024 10:00,bounty_madera,29/02/2024 0:00,23/02/2024 0:00,10,11,4,4.542764708,524.773,524.773
23/02/2024 11:00,bounty_madera,29/02/2024 0:00,23/02/2024 0:00,11,12,4,7.764038917,527.872,527.872
23/02/2024 12:00,bounty_madera,29/02/2024 0:00,23/02/2024 0:00,12,13,4,19.30116551,548.339,548.339
23/02/2024 13:00,bounty_madera,29/02/2024 0:00,23/02/2024 0:00,13,14,4,27.84167402,598.742,598.742
23/02/2024 14:00,bounty_madera,29/02/2024 0:00,23/02/2024 0:00,14,15,4,33.95725813,584.627,584.627
23/02/2024 15:00,bounty_madera,29/02/2024 0:00,23/02/2024 0:00,15,16,4,33.63720833,551.603,551.603
23/02/2024 16:00,bounty_madera,29/02/2024 0:00,23/02/2024 0:00,16,17,4,32.71783598,553.975,553.975
23/02/2024 17:00,bounty_madera,29/02/2024 0:00,23/02/2024 0:00,17,18,4,9.757878825,536.513,536.513
23/02/2024 18:00,bounty_madera,29/02/2024 0:00,23/02/2024 0:00,18,19,4,6.318713342,495.882,495.882
23/02/2024 19:00,bounty_madera,29/02/2024 0:00,23/02/2024 0:00,19,20,4,8.917902925,467.77,467.77
23/02/2024 20:00,bounty_madera,29/02/2024 0:00,23/02/2024 0:00,20,21,4,4.489175933,459.972,459.972
23/02/2024 21:00,bounty_madera,29/02/2024 0:00,23/02/2024 0:00,21,22,4,6.824122233,445.783,445.783
23/02/2024 22:00,bounty_madera,29/02/2024 0:00,23/02/2024 0:00,22,23,4,4.891081617,394.121,394.121
23/02/2024 23:00,bounty_madera,29/02/2024 0:00,23/02/2024 0:00,23,24,4,6.21859265,354.653,354.653
24/02/2024 0:00,bounty_madera,29/02/2024 0:00,24/02/2024 0:00,0,1,5,4.7387653,313.791,313.791
24/02/2024 1:00,bounty_madera,29/02/2024 0:00,24/02/2024 0:00,1,2,5,4.258877417,279.887,279.887
24/02/2024 2:00,bounty_madera,29/02/2024 0:00,24/02/2024 0:00,2,3,5,4.195068025,264.428,264.428
24/02/2024 3:00,bounty_madera,29/02/2024 0:00,24/02/2024 0:00,3,4,5,3.878797508,258.198,258.198
24/02/2024 4:00,bounty_madera,29/02/2024 0:00,24/02/2024 0:00,4,5,5,3.366260733,269.215,269.215
24/02/2024 5:00,bounty_madera,29/02/2024 0:00,24/02/2024 0:00,5,6,5,4.544286608,297.43,297.43
24/02/2024 6:00,bounty_madera,29/02/2024 0:00,24/02/2024 0:00,6,7,5,4.0705188,309.279,309.279
24/02/2024 7:00,bounty_madera,29/02/2024 0:00,24/02/2024 0:00,7,8,5,4.095370225,363.425,363.425
24/02/2024 8:00,bounty_madera,29/02/2024 0:00,24/02/2024 0:00,8,9,5,2.279261242,443.438,443.438
24/02/2024 9:00,bounty_madera,29/02/2024 0:00,24/02/2024 0:00,9,10,5,2.927828875,485.581,485.581
24/02/2024 10:00,bounty_madera,29/02/2024 0:00,24/02/2024 0:00,10,11,5,2.88684895,503.95,503.95
24/02/2024 11:00,bounty_madera,29/02/2024 0:00,24/02/2024 0:00,11,12,5,2.60274565,492.776,492.776
24/02/2024 12:00,bounty_madera,29/02/2024 0:00,24/02/2024 0:00,12,13,5,1.474432267,491.53,491.53
24/02/2024 13:00,bounty_madera,29/02/2024 0:00,24/02/2024 0:00,13,14,5,3.330395,493.841,493.841
24/02/2024 14:00,bounty_madera,29/02/2024 0:00,24/02/2024 0:00,14,15,5,4.004866425,522.903,522.903
24/02/2024 15:00,bounty_madera,29/02/2024 0:00,24/02/2024 0:00,15,16,5,3.869352308,525.251,525.251
24/02/2024 16:00,bounty_madera,29/02/2024 0:00,24/02/2024 0:00,16,17,5,4.588740408,508.977,508.977
24/02/2024 17:00,bounty_madera,29/02/2024 0:00,24/02/2024 0:00,17,18,5,5.468508625,484.189,484.189
24/02/2024 18:00,bounty_madera,29/02/2024 0:00,24/02/2024 0:00,18,19,5,7.073144342,477.006,477.006
24/02/2024 19:00,bounty_madera,29/02/2024 0:00,24/02/2024 0:00,19,20,5,6.243373633,480.31,480.31
24/02/2024 20:00,bounty_madera,29/02/2024 0:00,24/02/2024 0:00,20,21,5,7.617066975,481.765,481.765
24/02/2024 21:00,bounty_madera,29/02/2024 0:00,24/02/2024 0:00,21,22,5,8.626181825,472.999,472.999
24/02/2024 22:00,bounty_madera,29/02/2024 0:00,24/02/2024 0:00,22,23,5,6.444812617,476.623,476.623
24/02/2024 23:00,bounty_madera,29/02/2024 0:00,24/02/2024 0:00,23,24,5,4.649660725,509.103,509.103
25/02/2024 0:00,bounty_madera,29/02/2024 0:00,25/02/2024 0:00,0,1,6,5.338182325,471.937,471.937
25/02/2024 1:00,bounty_madera,29/02/2024 0:00,25/02/2024 0:00,1,2,6,4.955704992,431.826,431.826
25/02/2024 2:00,bounty_madera,29/02/2024 0:00,25/02/2024 0:00,2,3,6,4.758728058,431.535,431.535
25/02/2024 3:00,bounty_madera,29/02/2024 0:00,25/02/2024 0:00,3,4,6,4.636335042,436.183,436.183
25/02/2024 4:00,bounty_madera,29/02/2024 0:00,25/02/2024 0:00,4,5,6,4.528016925,423.591,423.591
25/02/2024 5:00,bounty_madera,29/02/2024 0:00,25/02/2024 0:00,5,6,6,4.234977775,442.827,442.827
25/02/2024 6:00,bounty_madera,29/02/2024 0:00,25/02/2024 0:00,6,7,6,4.404066675,454.393,454.393
25/02/2024 7:00,bounty_madera,29/02/2024 0:00,25/02/2024 0:00,7,8,6,3.448270042,488.43,488.43
25/02/2024 8:00,bounty_madera,29/02/2024 0:00,25/02/2024 0:00,8,9,6,3.729749,523.428,523.428
25/02/2024 9:00,bounty_madera,29/02/2024 0:00,25/02/2024 0:00,9,10,6,3.888369408,562.767,562.767
25/02/2024 10:00,bounty_madera,29/02/2024 0:00,25/02/2024 0:00,10,11,6,4.324872525,579.595,579.595
25/02/2024 11:00,bounty_madera,29/02/2024 0:00,25/02/2024 0:00,11,12,6,4.286165392,562.43,562.43
25/02/2024 12:00,bounty_madera,29/02/2024 0:00,25/02/2024 0:00,12,13,6,3.249319642,587.928,587.928
25/02/2024 13:00,bounty_madera,29/02/2024 0:00,25/02/2024 0:00,13,14,6,3.441223017,591.372,591.372
25/02/2024 14:00,bounty_madera,29/02/2024 0:00,25/02/2024 0:00,14,15,6,2.861044883,568.742,568.742
25/02/2024 15:00,bounty_madera,29/02/2024 0:00,25/02/2024 0:00,15,16,6,3.736452642,544.571,544.571
25/02/2024 16:00,bounty_madera,29/02/2024 0:00,25/02/2024 0:00,16,17,6,4.614941358,544.705,544.705
25/02/2024 17:00,bounty_madera,29/02/2024 0:00,25/02/2024 0:00,17,18,6,5.443348525,523.593,523.593
25/02/2024 18:00,bounty_madera,29/02/2024 0:00,25/02/2024 0:00,18,19,6,7.113944508,496.86,496.86
25/02/2024 19:00,bounty_madera,29/02/2024 0:00,25/02/2024 0:00,19,20,6,5.651011342,464.345,464.345
25/02/2024 20:00,bounty_madera,29/02/2024 0:00,25/02/2024 0:00,20,21,6,4.998073275,466.714,466.714
25/02/2024 21:00,bounty_madera,29/02/2024 0:00,25/02/2024 0:00,21,22,6,4.992883308,464.777,464.777
25/02/2024 22:00,bounty_madera,29/02/2024 0:00,25/02/2024 0:00,22,23,6,5.859625492,464.677,464.677
25/02/2024 23:00,bounty_madera,29/02/2024 0:00,25/02/2024 0:00,23,24,6,4.662745492,437.474,437.474
26/02/2024 0:00,bounty_madera,31/03/2024 0:00,26/02/2024 0:00,0,1,0,3.710945067,381.797,381.797
26/02/2024 1:00,bounty_madera,31/03/2024 0:00,26/02/2024 0:00,1,2,0,3.531536792,295.613,295.613
26/02/2024 2:00,bounty_madera,31/03/2024 0:00,26/02/2024 0:00,2,3,0,3.188820817,280.93,280.93
26/02/2024 3:00,bounty_madera,31/03/2024 0:00,26/02/2024 0:00,3,4,0,2.963569033,277.75,277.75
26/02/2024 4:00,bounty_madera,31/03/2024 0:00,26/02/2024 0:00,4,5,0,3.660121733,283.752,283.752
26/02/2024 5:00,bounty_madera,31/03/2024 0:00,26/02/2024 0:00,5,6,0,3.693641642,298.582,298.582
26/02/2024 6:00,bounty_madera,31/03/2024 0:00,26/02/2024 0:00,6,7,0,3.876257233,322.723,322.723
26/02/2024 7:00,bounty_madera,31/03/2024 0:00,26/02/2024 0:00,7,8,0,2.836504208,381.696,381.696
26/02/2024 8:00,bounty_madera,31/03/2024 0:00,26/02/2024 0:00,8,9,0,4.02456595,466.902,466.902
26/02/2024 9:00,bounty_madera,31/03/2024 0:00,26/02/2024 0:00,9,10,0,3.173364483,500.823,500.823
26/02/2024 10:00,bounty_madera,31/03/2024 0:00,26/02/2024 0:00,10,11,0,3.691987642,517.433,517.433
26/02/2024 11:00,bounty_madera,31/03/2024 0:00,26/02/2024 0:00,11,12,0,3.283742717,515.433,515.433
26/02/2024 12:00,bounty_madera,31/03/2024 0:00,26/02/2024 0:00,12,13,0,2.809434183,541.804,541.804
26/02/2024 13:00,bounty_madera,31/03/2024 0:00,26/02/2024 0:00,13,14,0,4.479861433,574.429,574.429
26/02/2024 14:00,bounty_madera,31/03/2024 0:00,26/02/2024 0:00,14,15,0,4.558864775,545.007,545.007
26/02/2024 15:00,bounty_madera,31/03/2024 0:00,26/02/2024 0:00,15,16,0,4.489542333,513.068,513.068
26/02/2024 16:00,bounty_madera,31/03/2024 0:00,26/02/2024 0:00,16,17,0,4.42196145,502.483,502.483
26/02/2024 17:00,bounty_madera,31/03/2024 0:00,26/02/2024 0:00,17,18,0,4.721240892,476.893,476.893
26/02/2024 18:00,bounty_madera,31/03/2024 0:00,26/02/2024 0:00,18,19,0,5.442726333,453.037,453.037
26/02/2024 19:00,bounty_madera,31/03/2024 0:00,26/02/2024 0:00,19,20,0,4.890152558,439.92,439.92
26/02/2024 20:00,bounty_madera,31/03/2024 0:00,26/02/2024 0:00,20,21,0,5.573176767,422.51,422.51
26/02/2024 21:00,bounty_madera,31/03/2024 0:00,26/02/2024 0:00,21,22,0,5.512703358,415.297,415.297
26/02/2024 22:00,bounty_madera,31/03/2024 0:00,26/02/2024 0:00,22,23,0,6.018982092,338.852,338.852
26/02/2024 23:00,bounty_madera,31/03/2024 0:00,26/02/2024 0:00,23,24,0,4.740664325,333.123,333.123
27/02/2024 0:00,bounty_madera,31/03/2024 0:00,27/02/2024 0:00,0,1,1,3.780016342,302.298,302.298
27/02/2024 1:00,bounty_madera,31/03/2024 0:00,27/02/2024 0:00,1,2,1,3.406188058,262.548,262.548
27/02/2024 2:00,bounty_madera,31/03/2024 0:00,27/02/2024 0:00,2,3,1,3.501827442,257.334,257.334
27/02/2024 3:00,bounty_madera,31/03/2024 0:00,27/02/2024 0:00,3,4,1,3.50367655,262.545,262.545
27/02/2024 4:00,bounty_madera,31/03/2024 0:00,27/02/2024 0:00,4,5,1,4.1338684,268.843,268.843
27/02/2024 5:00,bounty_madera,31/03/2024 0:00,27/02/2024 0:00,5,6,1,4.03936135,286.227,286.227
27/02/2024 6:00,bounty_madera,31/03/2024 0:00,27/02/2024 0:00,6,7,1,3.975343117,295.004,295.004
27/02/2024 7:00,bounty_madera,31/03/2024 0:00,27/02/2024 0:00,7,8,1,2.889883075,311.992,311.992
27/02/2024 8:00,bounty_madera,31/03/2024 0:00,27/02/2024 0:00,8,9,1,4.268478592,422.823,422.823
27/02/2024 9:00,bounty_madera,31/03/2024 0:00,27/02/2024 0:00,9,10,1,3.843808358,475.486,475.486
27/02/2024 10:00,bounty_madera,31/03/2024 0:00,27/02/2024 0:00,10,11,1,3.741858267,497.142,497.142
27/02/2024 11:00,bounty_madera,31/03/2024 0:00,27/02/2024 0:00,11,12,1,3.479895767,486.935,486.935
27/02/2024 12:00,bounty_madera,31/03/2024 0:00,27/02/2024 0:00,12,13,1,3.079247125,531.217,531.217
27/02/2024 13:00,bounty_madera,31/03/2024 0:00,27/02/2024 0:00,13,14,1,4.072903633,536.701,536.701
27/02/2024 14:00,bounty_madera,31/03/2024 0:00,27/02/2024 0:00,14,15,1,3.93450445,552.988,552.988
27/02/2024 15:00,bounty_madera,31/03/2024 0:00,27/02/2024 0:00,15,16,1,4.547332225,514.259,514.259
27/02/2024 16:00,bounty_madera,31/03/2024 0:00,27/02/2024 0:00,16,17,1,4.623290175,509.599,509.599
27/02/2024 17:00,bounty_madera,31/03/2024 0:00,27/02/2024 0:00,17,18,1,4.131269183,488.346,488.346
27/02/2024 18:00,bounty_madera,31/03/2024 0:00,27/02/2024 0:00,18,19,1,5.007365167,471.105,471.105
27/02/2024 19:00,bounty_madera,31/03/2024 0:00,27/02/2024 0:00,19,20,1,5.014200883,448.425,448.425
27/02/2024 20:00,bounty_madera,31/03/2024 0:00,27/02/2024 0:00,20,21,1,5.9093375,429.938,429.938
27/02/2024 21:00,bounty_madera,31/03/2024 0:00,27/02/2024 0:00,21,22,1,6.06301125,394.543,394.543
27/02/2024 22:00,bounty_madera,31/03/2024 0:00,27/02/2024 0:00,22,23,1,5.355357117,355.573,355.573
27/02/2024 23:00,bounty_madera,31/03/2024 0:00,27/02/2024 0:00,23,24,1,3.581167858,343.068,343.068
28/02/2024 0:00,bounty_madera,31/03/2024 0:00,28/02/2024 0:00,0,1,2,4.071267075,302.349,302.349
28/02/2024 1:00,bounty_madera,31/03/2024 0:00,28/02/2024 0:00,1,2,2,4.061444008,263.528,263.528
28/02/2024 2:00,bounty_madera,31/03/2024 0:00,28/02/2024 0:00,2,3,2,3.617562892,263.977,263.977
28/02/2024 3:00,bounty_madera,31/03/2024 0:00,28/02/2024 0:00,3,4,2,3.599408167,265.368,265.368
28/02/2024 4:00,bounty_madera,31/03/2024 0:00,28/02/2024 0:00,4,5,2,3.946210625,282.942,282.942
28/02/2024 5:00,bounty_madera,31/03/2024 0:00,28/02/2024 0:00,5,6,2,4.713155408,291.975,291.975
28/02/2024 6:00,bounty_madera,31/03/2024 0:00,28/02/2024 0:00,6,7,2,3.536411225,299.297,299.297
28/02/2024 7:00,bounty_madera,31/03/2024 0:00,28/02/2024 0:00,7,8,2,2.980089267,319.006,319.006
28/02/2024 8:00,bounty_madera,31/03/2024 0:00,28/02/2024 0:00,8,9,2,3.763057675,449.291,449.291
28/02/2024 9:00,bounty_madera,31/03/2024 0:00,28/02/2024 0:00,9,10,2,3.7258017,453.255,453.255
28/02/2024 10:00,bounty_madera,31/03/2024 0:00,28/02/2024 0:00,10,11,2,3.6516575,489.541,489.541
28/02/2024 11:00,bounty_madera,31/03/2024 0:00,28/02/2024 0:00,11,12,2,3.689773908,475.307,475.307
28/02/2024 12:00,bounty_madera,31/03/2024 0:00,28/02/2024 0:00,12,13,2,3.1036345,524.37,524.37
28/02/2024 13:00,bounty_madera,31/03/2024 0:00,28/02/2024 0:00,13,14,2,4.31646605,541.469,541.469
28/02/2024 14:00,bounty_madera,31/03/2024 0:00,28/02/2024 0:00,14,15,2,4.4851425,523.555,523.555
28/02/2024 15:00,bounty_madera,31/03/2024 0:00,28/02/2024 0:00,15,16,2,4.779402058,486.369,486.369
28/02/2024 16:00,bounty_madera,31/03/2024 0:00,28/02/2024 0:00,16,17,2,4.849686958,494.083,494.083
28/02/2024 17:00,bounty_madera,31/03/2024 0:00,28/02/2024 0:00,17,18,2,4.817917825,472.288,472.288
28/02/2024 18:00,bounty_madera,31/03/2024 0:00,28/02/2024 0:00,18,19,2,4.947499475,436.695,436.695
28/02/2024 19:00,bounty_madera,31/03/2024 0:00,28/02/2024 0:00,19,20,2,5.706019608,385.212,385.212
28/02/2024 20:00,bounty_madera,31/03/2024 0:00,28/02/2024 0:00,20,21,2,5.434142025,356.084,356.084
28/02/2024 21:00,bounty_madera,31/03/2024 0:00,28/02/2024 0:00,21,22,2,7.088926983,313.073,313.073
28/02/2024 22:00,bounty_madera,31/03/2024 0:00,28/02/2024 0:00,22,23,2,5.364516267,293.904,293.904
28/02/2024 23:00,bounty_madera,31/03/2024 0:00,28/02/2024 0:00,23,24,2,4.5346885,300.778,300.778
29/02/2024 0:00,bounty_madera,31/03/2024 0:00,29/02/2024 0:00,0,1,3,5.392639492,269.076,269.076
29/02/2024 1:00,bounty_madera,31/03/2024 0:00,29/02/2024 0:00,1,2,3,4.396672717,258.984,258.984
29/02/2024 2:00,bounty_madera,31/03/2024 0:00,29/02/2024 0:00,2,3,3,4.470363892,250.086,250.086
29/02/2024 3:00,bounty_madera,31/03/2024 0:00,29/02/2024 0:00,3,4,3,4.291106133,250.652,250.652
29/02/2024 4:00,bounty_madera,31/03/2024 0:00,29/02/2024 0:00,4,5,3,4.600625092,255.859,255.859
29/02/2024 5:00,bounty_madera,31/03/2024 0:00,29/02/2024 0:00,5,6,3,4.304106008,279.568,279.568
29/02/2024 6:00,bounty_madera,31/03/2024 0:00,29/02/2024 0:00,6,7,3,3.559016908,286.18,286.18
29/02/2024 7:00,bounty_madera,31/03/2024 0:00,29/02/2024 0:00,7,8,3,3.104922192,317.559,317.559
29/02/2024 8:00,bounty_madera,31/03/2024 0:00,29/02/2024 0:00,8,9,3,4.509819775,417.565,417.565
29/02/2024 9:00,bounty_madera,31/03/2024 0:00,29/02/2024 0:00,9,10,3,4.78860065,479.228,479.228
29/02/2024 10:00,bounty_madera,31/03/2024 0:00,29/02/2024 0:00,10,11,3,5.307995525,483.143,483.143
29/02/2024 11:00,bounty_madera,31/03/2024 0:00,29/02/2024 0:00,11,12,3,4.789288517,501.492,501.492
29/02/2024 12:00,bounty_madera,31/03/2024 0:00,29/02/2024 0:00,12,13,3,4.296050133,514.424,514.424
29/02/2024 13:00,bounty_madera,31/03/2024 0:00,29/02/2024 0:00,13,14,3,5.389978933,547.313,547.313
29/02/2024 14:00,bounty_madera,31/03/2024 0:00,29/02/2024 0:00,14,15,3,8.679882658,555.907,555.907
29/02/2024 15:00,bounty_madera,31/03/2024 0:00,29/02/2024 0:00,15,16,3,9.350372017,547.578,547.578
29/02/2024 16:00,bounty_madera,31/03/2024 0:00,29/02/2024 0:00,16,17,3,7.836807508,554.093,554.093
29/02/2024 17:00,bounty_madera,31/03/2024 0:00,29/02/2024 0:00,17,18,3,6.56882565,515.095,515.095
29/02/2024 18:00,bounty_madera,31/03/2024 0:00,29/02/2024 0:00,18,19,3,9.780126167,470.329,470.329
29/02/2024 19:00,bounty_madera,31/03/2024 0:00,29/02/2024 0:00,19,20,3,8.459074458,440.625,440.625
29/02/2024 20:00,bounty_madera,31/03/2024 0:00,29/02/2024 0:00,20,21,3,12.12752717,426.628,426.628
29/02/2024 21:00,bounty_madera,31/03/2024 0:00,29/02/2024 0:00,21,22,3,11.88550704,399.325,399.325
29/02/2024 22:00,bounty_madera,31/03/2024 0:00,29/02/2024 0:00,22,23,3,9.189259217,340.128,340.128
29/02/2024 23:00,bounty_madera,31/03/2024 0:00,29/02/2024 0:00,23,24,3,5.007928017,321.439,321.439
01/03/2024 0:00,bounty_madera,31/03/2024 0:00,01/03/2024 0:00,0,1,4,4.852819425,291.554,291.554
01/03/2024 1:00,bounty_madera,31/03/2024 0:00,01/03/2024 0:00,1,2,4,4.615487392,250.852,250.852
01/03/2024 2:00,bounty_madera,31/03/2024 0:00,01/03/2024 0:00,2,3,4,4.371751867,252.368,252.368
01/03/2024 3:00,bounty_madera,31/03/2024 0:00,01/03/2024 0:00,3,4,4,4.328281875,253.781,253.781
01/03/2024 4:00,bounty_madera,31/03/2024 0:00,01/03/2024 0:00,4,5,4,4.855215167,280.464,280.464
01/03/2024 5:00,bounty_madera,31/03/2024 0:00,01/03/2024 0:00,5,6,4,4.731771133,282.303,282.303
01/03/2024 6:00,bounty_madera,31/03/2024 0:00,01/03/2024 0:00,6,7,4,4.223485675,290.036,290.036
01/03/2024 7:00,bounty_madera,31/03/2024 0:00,01/03/2024 0:00,7,8,4,3.470827125,328.128,328.128
01/03/2024 8:00,bounty_madera,31/03/2024 0:00,01/03/2024 0:00,8,9,4,4.605100608,453.709,453.709
01/03/2024 9:00,bounty_madera,31/03/2024 0:00,01/03/2024 0:00,9,10,4,4.7017553,471.733,471.733
01/03/2024 10:00,bounty_madera,31/03/2024 0:00,01/03/2024 0:00,10,11,4,4.72826595,500.892,500.892
01/03/2024 11:00,bounty_madera,31/03/2024 0:00,01/03/2024 0:00,11,12,4,4.609981192,509.931,509.931
01/03/2024 12:00,bounty_madera,31/03/2024 0:00,01/03/2024 0:00,12,13,4,4.801607225,512.653,512.653
01/03/2024 13:00,bounty_madera,31/03/2024 0:00,01/03/2024 0:00,13,14,4,5.166802458,534.026,534.026
01/03/2024 14:00,bounty_madera,31/03/2024 0:00,01/03/2024 0:00,14,15,4,6.784645908,522.085,522.085
01/03/2024 15:00,bounty_madera,31/03/2024 0:00,01/03/2024 0:00,15,16,4,23.43672738,512.194,512.194
01/03/2024 16:00,bounty_madera,31/03/2024 0:00,01/03/2024 0:00,16,17,4,30.35276963,523.138,523.138
01/03/2024 17:00,bounty_madera,31/03/2024 0:00,01/03/2024 0:00,17,18,4,23.85666158,483.856,483.856
01/03/2024 18:00,bounty_madera,31/03/2024 0:00,01/03/2024 0:00,18,19,4,59.60805357,480.119,480.119
01/03/2024 19:00,bounty_madera,31/03/2024 0:00,01/03/2024 0:00,19,20,4,125.0980218,462.563,462.563
01/03/2024 20:00,bounty_madera,31/03/2024 0:00,01/03/2024 0:00,20,21,4,42.44326708,457.461,457.461
01/03/2024 21:00,bounty_madera,31/03/2024 0:00,01/03/2024 0:00,21,22,4,61.25334294,450.433,450.433
01/03/2024 22:00,bounty_madera,31/03/2024 0:00,01/03/2024 0:00,22,23,4,6.024648058,423.325,423.325
01/03/2024 23:00,bounty_madera,31/03/2024 0:00,01/03/2024 0:00,23,24,4,5.641403533,420.68,420.68
02/03/2024 0:00,bounty_madera,31/03/2024 0:00,02/03/2024 0:00,0,1,5,4.372750675,354.45,354.45
02/03/2024 1:00,bounty_madera,31/03/2024 0:00,02/03/2024 0:00,1,2,5,4.805268683,298.934,298.934
02/03/2024 2:00,bounty_madera,31/03/2024 0:00,02/03/2024 0:00,2,3,5,4.106569108,282.647,282.647
02/03/2024 3:00,bounty_madera,31/03/2024 0:00,02/03/2024 0:00,3,4,5,3.109786767,285.969,285.969
02/03/2024 4:00,bounty_madera,31/03/2024 0:00,02/03/2024 0:00,4,5,5,3.95131405,280.748,280.748
02/03/2024 5:00,bounty_madera,31/03/2024 0:00,02/03/2024 0:00,5,6,5,4.398175267,306.474,306.474
02/03/2024 6:00,bounty_madera,31/03/2024 0:00,02/03/2024 0:00,6,7,5,3.781586458,319.508,319.508
02/03/2024 7:00,bounty_madera,31/03/2024 0:00,02/03/2024 0:00,7,8,5,2.854297783,366.101,366.101
02/03/2024 8:00,bounty_madera,31/03/2024 0:00,02/03/2024 0:00,8,9,5,2.66615035,457.237,457.237
02/03/2024 9:00,bounty_madera,31/03/2024 0:00,02/03/2024 0:00,9,10,5,3.818385517,466.523,466.523
02/03/2024 10:00,bounty_madera,31/03/2024 0:00,02/03/2024 0:00,10,11,5,5.293279792,503.018,503.018
02/03/2024 11:00,bounty_madera,31/03/2024 0:00,02/03/2024 0:00,11,12,5,5.166728,499.355,499.355
02/03/2024 12:00,bounty_madera,31/03/2024 0:00,02/03/2024 0:00,12,13,5,4.926971792,507.261,507.261
02/03/2024 13:00,bounty_madera,31/03/2024 0:00,02/03/2024 0:00,13,14,5,6.059631825,529.325,529.325
02/03/2024 14:00,bounty_madera,31/03/2024 0:00,02/03/2024 0:00,14,15,5,5.680342825,530.142,530.142
02/03/2024 15:00,bounty_madera,31/03/2024 0:00,02/03/2024 0:00,15,16,5,4.832223125,524.492,524.492
02/03/2024 16:00,bounty_madera,31/03/2024 0:00,02/03/2024 0:00,16,17,5,4.784497933,520.332,520.332
02/03/2024 17:00,bounty_madera,31/03/2024 0:00,02/03/2024 0:00,17,18,5,4.57322385,475.034,475.034
02/03/2024 18:00,bounty_madera,31/03/2024 0:00,02/03/2024 0:00,18,19,5,4.680740425,458.426,458.426
02/03/2024 19:00,bounty_madera,31/03/2024 0:00,02/03/2024 0:00,19,20,5,5.0052375,426.858,426.858
02/03/2024 20:00,bounty_madera,31/03/2024 0:00,02/03/2024 0:00,20,21,5,4.997561642,415.28,415.28
02/03/2024 21:00,bounty_madera,31/03/2024 0:00,02/03/2024 0:00,21,22,5,5.304102175,405.09,405.09
02/03/2024 22:00,bounty_madera,31/03/2024 0:00,02/03/2024 0:00,22,23,5,4.441950783,405.85,405.85
02/03/2024 23:00,bounty_madera,31/03/2024 0:00,02/03/2024 0:00,23,24,5,4.494708333,421.645,421.645
03/03/2024 0:00,bounty_madera,31/03/2024 0:00,03/03/2024 0:00,0,1,6,4.145590417,384.494,384.494
03/03/2024 1:00,bounty_madera,31/03/2024 0:00,03/03/2024 0:00,1,2,6,4.068983358,297.314,297.314
03/03/2024 2:00,bounty_madera,31/03/2024 0:00,03/03/2024 0:00,2,3,6,3.9559788,266.478,266.478
03/03/2024 3:00,bounty_madera,31/03/2024 0:00,03/03/2024 0:00,3,4,6,3.532238708,258.019,258.019
03/03/2024 4:00,bounty_madera,31/03/2024 0:00,03/03/2024 0:00,4,5,6,4.1157171,263.753,263.753
03/03/2024 5:00,bounty_madera,31/03/2024 0:00,03/03/2024 0:00,5,6,6,3.901421917,300.309,300.309
03/03/2024 6:00,bounty_madera,31/03/2024 0:00,03/03/2024 0:00,6,7,6,2.927428733,313.462,313.462
03/03/2024 7:00,bounty_madera,31/03/2024 0:00,03/03/2024 0:00,7,8,6,2.001272383,345.554,345.554
03/03/2024 8:00,bounty_madera,31/03/2024 0:00,03/03/2024 0:00,8,9,6,2.418485717,443.117,443.117
03/03/2024 9:00,bounty_madera,31/03/2024 0:00,03/03/2024 0:00,9,10,6,3.011188433,473.135,473.135
03/03/2024 10:00,bounty_madera,31/03/2024 0:00,03/03/2024 0:00,10,11,6,3.768588833,500.09,500.09
03/03/2024 11:00,bounty_madera,31/03/2024 0:00,03/03/2024 0:00,11,12,6,2.741625292,516.477,516.477
03/03/2024 12:00,bounty_madera,31/03/2024 0:00,03/03/2024 0:00,12,13,6,2.880067417,543.71,543.71
03/03/2024 13:00,bounty_madera,31/03/2024 0:00,03/03/2024 0:00,13,14,6,4.192957483,575.183,575.183
03/03/2024 14:00,bounty_madera,31/03/2024 0:00,03/03/2024 0:00,14,15,6,3.7864632,571.045,571.045
03/03/2024 15:00,bounty_madera,31/03/2024 0:00,03/03/2024 0:00,15,16,6,4.343246017,537.675,537.675
03/03/2024 16:00,bounty_madera,31/03/2024 0:00,03/03/2024 0:00,16,17,6,5.205125708,543.719,543.719
03/03/2024 17:00,bounty_madera,31/03/2024 0:00,03/03/2024 0:00,17,18,6,7.191066858,520.023,520.023
03/03/2024 18:00,bounty_madera,31/03/2024 0:00,03/03/2024 0:00,18,19,6,22.14689222,476.729,476.729
03/03/2024 19:00,bounty_madera,31/03/2024 0:00,03/03/2024 0:00,19,20,6,8.299679975,453.884,453.884
03/03/2024 20:00,bounty_madera,31/03/2024 0:00,03/03/2024 0:00,20,21,6,12.20529087,424.996,424.996
03/03/2024 21:00,bounty_madera,31/03/2024 0:00,03/03/2024 0:00,21,22,6,22.01922118,396.101,396.101
03/03/2024 22:00,bounty_madera,31/03/2024 0:00,03/03/2024 0:00,22,23,6,5.718774783,344.795,344.795
03/03/2024 23:00,bounty_madera,31/03/2024 0:00,03/03/2024 0:00,23,24,6,4.7251825,325.072,325.072
04/03/2024 0:00,bounty_madera,31/03/2024 0:00,04/03/2024 0:00,0,1,0,4.749400025,301.166,301.166
04/03/2024 1:00,bounty_madera,31/03/2024 0:00,04/03/2024 0:00,1,2,0,4.10691965,248.787,248.787
04/03/2024 2:00,bounty_madera,31/03/2024 0:00,04/03/2024 0:00,2,3,0,4.0974643,251.849,251.849
04/03/2024 3:00,bounty_madera,31/03/2024 0:00,04/03/2024 0:00,3,4,0,3.93963405,258.98,258.98
04/03/2024 4:00,bounty_madera,31/03/2024 0:00,04/03/2024 0:00,4,5,0,4.044031758,277.066,277.066
04/03/2024 5:00,bounty_madera,31/03/2024 0:00,04/03/2024 0:00,5,6,0,4.40309885,285.802,285.802
04/03/2024 6:00,bounty_madera,31/03/2024 0:00,04/03/2024 0:00,6,7,0,3.93529205,289.414,289.414
04/03/2024 7:00,bounty_madera,31/03/2024 0:00,04/03/2024 0:00,7,8,0,4.173976442,311.246,311.246
04/03/2024 8:00,bounty_madera,31/03/2024 0:00,04/03/2024 0:00,8,9,0,4.499439792,442.718,442.718
04/03/2024 9:00,bounty_madera,31/03/2024 0:00,04/03/2024 0:00,9,10,0,5.237212883,485.114,485.114
04/03/2024 10:00,bounty_madera,31/03/2024 0:00,04/03/2024 0:00,10,11,0,6.099800408,543.341,543.341
04/03/2024 11:00,bounty_madera,31/03/2024 0:00,04/03/2024 0:00,11,12,0,6.019807983,530.098,530.098
04/03/2024 12:00,bounty_madera,31/03/2024 0:00,04/03/2024 0:00,12,13,0,6.0361789,551.385,551.385
04/03/2024 13:00,bounty_madera,31/03/2024 0:00,04/03/2024 0:00,13,14,0,6.139926517,578.578,578.578
04/03/2024 14:00,bounty_madera,31/03/2024 0:00,04/03/2024 0:00,14,15,0,6.133271492,557.916,557.916
04/03/2024 15:00,bounty_madera,31/03/2024 0:00,04/03/2024 0:00,15,16,0,6.132155617,564.091,564.091
04/03/2024 16:00,bounty_madera,31/03/2024 0:00,04/03/2024 0:00,16,17,0,37.97675903,577.394,577.394
04/03/2024 17:00,bounty_madera,31/03/2024 0:00,04/03/2024 0:00,17,18,0,15.34204851,578.215,578.215
04/03/2024 18:00,bounty_madera,31/03/2024 0:00,04/03/2024 0:00,18,19,0,60.42516447,520.367,520.367
04/03/2024 19:00,bounty_madera,31/03/2024 0:00,04/03/2024 0:00,19,20,0,63.07136867,502.42,502.42
04/03/2024 20:00,bounty_madera,31/03/2024 0:00,04/03/2024 0:00,20,21,0,50.88797833,478.614,478.614
04/03/2024 21:00,bounty_madera,31/03/2024 0:00,04/03/2024 0:00,21,22,0,97.50675485,445.047,445.047
04/03/2024 22:00,bounty_madera,31/03/2024 0:00,04/03/2024 0:00,22,23,0,22.08318502,451.169,451.169
04/03/2024 23:00,bounty_madera,31/03/2024 0:00,04/03/2024 0:00,23,24,0,5.734181408,489.351,489.351
05/03/2024 0:00,bounty_madera,31/03/2024 0:00,05/03/2024 0:00,0,1,1,5.746514833,434.112,434.112
05/03/2024 1:00,bounty_madera,31/03/2024 0:00,05/03/2024 0:00,1,2,1,5.002226525,348.969,348.969
05/03/2024 2:00,bounty_madera,31/03/2024 0:00,05/03/2024 0:00,2,3,1,4.396088325,311.723,311.723
05/03/2024 3:00,bounty_madera,31/03/2024 0:00,05/03/2024 0:00,3,4,1,4.3542419,300.258,300.258
05/03/2024 4:00,bounty_madera,31/03/2024 0:00,05/03/2024 0:00,4,5,1,4.494100442,304.659,304.659
05/03/2024 5:00,bounty_madera,31/03/2024 0:00,05/03/2024 0:00,5,6,1,4.7438472,317.457,317.457
05/03/2024 6:00,bounty_madera,31/03/2024 0:00,05/03/2024 0:00,6,7,1,3.952209008,317.903,317.903
05/03/2024 7:00,bounty_madera,31/03/2024 0:00,05/03/2024 0:00,7,8,1,4.419939483,381.532,381.532
05/03/2024 8:00,bounty_madera,31/03/2024 0:00,05/03/2024 0:00,8,9,1,5.111480075,470.459,470.459
05/03/2024 9:00,bounty_madera,31/03/2024 0:00,05/03/2024 0:00,9,10,1,4.698892925,508.971,508.971
05/03/2024 10:00,bounty_madera,31/03/2024 0:00,05/03/2024 0:00,10,11,1,5.861975633,535.27,535.27
05/03/2024 11:00,bounty_madera,31/03/2024 0:00,05/03/2024 0:00,11,12,1,4.864111058,547.134,547.134
05/03/2024 12:00,bounty_madera,31/03/2024 0:00,05/03/2024 0:00,12,13,1,4.510972292,563.999,563.999
05/03/2024 13:00,bounty_madera,31/03/2024 0:00,05/03/2024 0:00,13,14,1,6.244354467,593.682,593.682
05/03/2024 14:00,bounty_madera,31/03/2024 0:00,05/03/2024 0:00,14,15,1,6.228280683,594.753,594.753
05/03/2024 15:00,bounty_madera,31/03/2024 0:00,05/03/2024 0:00,15,16,1,6.146754708,593.91,593.91
05/03/2024 16:00,bounty_madera,31/03/2024 0:00,05/03/2024 0:00,16,17,1,6.141019908,587.265,587.265
05/03/2024 17:00,bounty_madera,31/03/2024 0:00,05/03/2024 0:00,17,18,1,6.157210367,581.574,581.574
05/03/2024 18:00,bounty_madera,31/03/2024 0:00,05/03/2024 0:00,18,19,1,6.145091983,515.949,515.949
05/03/2024 19:00,bounty_madera,31/03/2024 0:00,05/03/2024 0:00,19,20,1,6.141117717,479.165,479.165
05/03/2024 20:00,bounty_madera,31/03/2024 0:00,05/03/2024 0:00,20,21,1,6.137600075,448.585,448.585
05/03/2024 21:00,bounty_madera,31/03/2024 0:00,05/03/2024 0:00,21,22,1,6.134883958,450.678,450.678
05/03/2024 22:00,bounty_madera,31/03/2024 0:00,05/03/2024 0:00,22,23,1,5.757482783,427.88,427.88
05/03/2024 23:00,bounty_madera,31/03/2024 0:00,05/03/2024 0:00,23,24,1,5.655926033,423.95,423.95
06/03/2024 0:00,bounty_madera,31/03/2024 0:00,06/03/2024 0:00,0,1,2,4.411297967,376.605,376.605
06/03/2024 1:00,bounty_madera,31/03/2024 0:00,06/03/2024 0:00,1,2,2,4.435804342,305.307,305.307
06/03/2024 2:00,bounty_madera,31/03/2024 0:00,06/03/2024 0:00,2,3,2,3.450682083,276.042,276.042
06/03/2024 3:00,bounty_madera,31/03/2024 0:00,06/03/2024 0:00,3,4,2,3.252747883,271.413,271.413
06/03/2024 4:00,bounty_madera,31/03/2024 0:00,06/03/2024 0:00,4,5,2,3.82585855,272.926,272.926
06/03/2024 5:00,bounty_madera,31/03/2024 0:00,06/03/2024 0:00,5,6,2,4.405430642,280.081,280.081
06/03/2024 6:00,bounty_madera,31/03/2024 0:00,06/03/2024 0:00,6,7,2,3.310693867,294.122,294.122
06/03/2024 7:00,bounty_madera,31/03/2024 0:00,06/03/2024 0:00,7,8,2,2.48292855,320.94,320.94
06/03/2024 8:00,bounty_madera,31/03/2024 0:00,06/03/2024 0:00,8,9,2,3.508727992,436.962,436.962
06/03/2024 9:00,bounty_madera,31/03/2024 0:00,06/03/2024 0:00,9,10,2,4.201467767,477.041,477.041
06/03/2024 10:00,bounty_madera,31/03/2024 0:00,06/03/2024 0:00,10,11,2,4.725254108,527.627,527.627
06/03/2024 11:00,bounty_madera,31/03/2024 0:00,06/03/2024 0:00,11,12,2,3.931054283,523.101,523.101
06/03/2024 12:00,bounty_madera,31/03/2024 0:00,06/03/2024 0:00,12,13,2,3.824472925,538.526,538.526
06/03/2024 13:00,bounty_madera,31/03/2024 0:00,06/03/2024 0:00,13,14,2,5.800304533,573.308,573.308
06/03/2024 14:00,bounty_madera,31/03/2024 0:00,06/03/2024 0:00,14,15,2,6.248933583,566.278,566.278
06/03/2024 15:00,bounty_madera,31/03/2024 0:00,06/03/2024 0:00,15,16,2,6.226853583,562.241,562.241
06/03/2024 16:00,bounty_madera,31/03/2024 0:00,06/03/2024 0:00,16,17,2,6.206462475,574.325,574.325
06/03/2024 17:00,bounty_madera,31/03/2024 0:00,06/03/2024 0:00,17,18,2,5.661541225,584.729,584.729
06/03/2024 18:00,bounty_madera,31/03/2024 0:00,06/03/2024 0:00,18,19,2,6.199189233,525.234,525.234
06/03/2024 19:00,bounty_madera,31/03/2024 0:00,06/03/2024 0:00,19,20,2,6.2501816,508.707,508.707
06/03/2024 20:00,bounty_madera,31/03/2024 0:00,06/03/2024 0:00,20,21,2,6.2520697,504.164,504.164
06/03/2024 21:00,bounty_madera,31/03/2024 0:00,06/03/2024 0:00,21,22,2,6.209183375,507.093,507.093
06/03/2024 22:00,bounty_madera,31/03/2024 0:00,06/03/2024 0:00,22,23,2,5.586839825,489.968,489.968
06/03/2024 23:00,bounty_madera,31/03/2024 0:00,06/03/2024 0:00,23,24,2,4.806864167,504.177,504.177
07/03/2024 0:00,bounty_madera,31/03/2024 0:00,07/03/2024 0:00,0,1,3,4.506239525,468.959,468.959
07/03/2024 1:00,bounty_madera,31/03/2024 0:00,07/03/2024 0:00,1,2,3,4.191032417,418.037,418.037
07/03/2024 2:00,bounty_madera,31/03/2024 0:00,07/03/2024 0:00,2,3,3,4.2868564,368.059,368.059
07/03/2024 3:00,bounty_madera,31/03/2024 0:00,07/03/2024 0:00,3,4,3,3.524934867,324.018,324.018
07/03/2024 4:00,bounty_madera,31/03/2024 0:00,07/03/2024 0:00,4,5,3,3.478806633,313.207,313.207
07/03/2024 5:00,bounty_madera,31/03/2024 0:00,07/03/2024 0:00,5,6,3,4.443339367,350.031,350.031
07/03/2024 6:00,bounty_madera,31/03/2024 0:00,07/03/2024 0:00,6,7,3,3.747284625,354.816,354.816
07/03/2024 7:00,bounty_madera,31/03/2024 0:00,07/03/2024 0:00,7,8,3,3.278799325,411.906,411.906
07/03/2024 8:00,bounty_madera,31/03/2024 0:00,07/03/2024 0:00,8,9,3,3.454953958,490.036,490.036
07/03/2024 9:00,bounty_madera,31/03/2024 0:00,07/03/2024 0:00,9,10,3,3.925257267,505.588,505.588
07/03/2024 10:00,bounty_madera,31/03/2024 0:00,07/03/2024 0:00,10,11,3,3.988229017,529.67,529.67
07/03/2024 11:00,bounty_madera,31/03/2024 0:00,07/03/2024 0:00,11,12,3,3.826200875,547.761,547.761
07/03/2024 12:00,bounty_madera,31/03/2024 0:00,07/03/2024 0:00,12,13,3,3.470855508,573.267,573.267
07/03/2024 13:00,bounty_madera,31/03/2024 0:00,07/03/2024 0:00,13,14,3,8.087936575,594.864,594.864
07/03/2024 14:00,bounty_madera,31/03/2024 0:00,07/03/2024 0:00,14,15,3,7.6125925,588.992,588.992
07/03/2024 15:00,bounty_madera,31/03/2024 0:00,07/03/2024 0:00,15,16,3,8.259188383,579.957,579.957
07/03/2024 16:00,bounty_madera,31/03/2024 0:00,07/03/2024 0:00,16,17,3,8.800222125,593.234,593.234
07/03/2024 17:00,bounty_madera,31/03/2024 0:00,07/03/2024 0:00,17,18,3,5.071739117,549.309,549.309
07/03/2024 18:00,bounty_madera,31/03/2024 0:00,07/03/2024 0:00,18,19,3,9.774450542,518.759,518.759
07/03/2024 19:00,bounty_madera,31/03/2024 0:00,07/03/2024 0:00,19,20,3,5.495092175,462.349,462.349
07/03/2024 20:00,bounty_madera,31/03/2024 0:00,07/03/2024 0:00,20,21,3,7.962504275,446.485,446.485
07/03/2024 21:00,bounty_madera,31/03/2024 0:00,07/03/2024 0:00,21,22,3,8.07825095,455.378,455.378
07/03/2024 22:00,bounty_madera,31/03/2024 0:00,07/03/2024 0:00,22,23,3,4.9189918,454.476,454.476
07/03/2024 23:00,bounty_madera,31/03/2024 0:00,07/03/2024 0:00,23,24,3,4.677473542,477.23,477.23
08/03/2024 0:00,bounty_madera,31/03/2024 0:00,08/03/2024 0:00,0,1,4,4.477070975,442.906,442.906
08/03/2024 1:00,bounty_madera,31/03/2024 0:00,08/03/2024 0:00,1,2,4,3.881973958,357.665,357.665
08/03/2024 2:00,bounty_madera,31/03/2024 0:00,08/03/2024 0:00,2,3,4,3.398925833,320.732,320.732
08/03/2024 3:00,bounty_madera,31/03/2024 0:00,08/03/2024 0:00,3,4,4,3.355333933,307.484,307.484
08/03/2024 4:00,bounty_madera,31/03/2024 0:00,08/03/2024 0:00,4,5,4,3.492520433,293.005,293.005
08/03/2024 5:00,bounty_madera,31/03/2024 0:00,08/03/2024 0:00,5,6,4,3.755128742,311.992,311.992
08/03/2024 6:00,bounty_madera,31/03/2024 0:00,08/03/2024 0:00,6,7,4,3.083215983,334.484,334.484
08/03/2024 7:00,bounty_madera,31/03/2024 0:00,08/03/2024 0:00,7,8,4,3.168088225,417.804,417.804
08/03/2024 8:00,bounty_madera,31/03/2024 0:00,08/03/2024 0:00,8,9,4,3.669405775,485.046,485.046
08/03/2024 9:00,bounty_madera,31/03/2024 0:00,08/03/2024 0:00,9,10,4,4.065052817,518.23,518.23
08/03/2024 10:00,bounty_madera,31/03/2024 0:00,08/03/2024 0:00,10,11,4,4.588611808,534.739,534.739
08/03/2024 11:00,bounty_madera,31/03/2024 0:00,08/03/2024 0:00,11,12,4,3.809105767,536.21,536.21
08/03/2024 12:00,bounty_madera,31/03/2024 0:00,08/03/2024 0:00,12,13,4,3.31545415,553.354,553.354
08/03/2024 13:00,bounty_madera,31/03/2024 0:00,08/03/2024 0:00,13,14,4,6.747080117,599.003,599.003
08/03/2024 14:00,bounty_madera,31/03/2024 0:00,08/03/2024 0:00,14,15,4,5.0752807,583.529,583.529
08/03/2024 15:00,bounty_madera,31/03/2024 0:00,08/03/2024 0:00,15,16,4,5.068561858,573.8,573.8
08/03/2024 16:00,bounty_madera,31/03/2024 0:00,08/03/2024 0:00,16,17,4,4.7622955,567.722,567.722
08/03/2024 17:00,bounty_madera,31/03/2024 0:00,08/03/2024 0:00,17,18,4,4.890673475,539.132,539.132
08/03/2024 18:00,bounty_madera,31/03/2024 0:00,08/03/2024 0:00,18,19,4,7.221924783,503.022,503.022
08/03/2024 19:00,bounty_madera,31/03/2024 0:00,08/03/2024 0:00,19,20,4,4.901638058,450.396,450.396
08/03/2024 20:00,bounty_madera,31/03/2024 0:00,08/03/2024 0:00,20,21,4,5.538206875,429.37,429.37
08/03/2024 21:00,bounty_madera,31/03/2024 0:00,08/03/2024 0:00,21,22,4,8.110686767,413.189,413.189
08/03/2024 22:00,bounty_madera,31/03/2024 0:00,08/03/2024 0:00,22,23,4,5.20470745,415.04,415.04
08/03/2024 23:00,bounty_madera,31/03/2024 0:00,08/03/2024 0:00,23,24,4,4.476678983,455.275,455.275
09/03/2024 0:00,bounty_madera,31/03/2024 0:00,09/03/2024 0:00,0,1,5,4.140040583,435.88,435.88
09/03/2024 1:00,bounty_madera,31/03/2024 0:00,09/03/2024 0:00,1,2,5,4.686061992,366.409,366.409
09/03/2024 2:00,bounty_madera,31/03/2024 0:00,09/03/2024 0:00,2,3,5,4.28082525,319.817,319.817
09/03/2024 3:00,bounty_madera,31/03/2024 0:00,09/03/2024 0:00,3,4,5,3.345012767,302.451,302.451
09/03/2024 4:00,bounty_madera,31/03/2024 0:00,09/03/2024 0:00,4,5,5,3.62141815,309.569,309.569
09/03/2024 5:00,bounty_madera,31/03/2024 0:00,09/03/2024 0:00,5,6,5,3.935275192,313.764,313.764
09/03/2024 6:00,bounty_madera,31/03/2024 0:00,09/03/2024 0:00,6,7,5,3.363006183,318.687,318.687
09/03/2024 7:00,bounty_madera,31/03/2024 0:00,09/03/2024 0:00,7,8,5,2.790608092,410.57,410.57
09/03/2024 8:00,bounty_madera,31/03/2024 0:00,09/03/2024 0:00,8,9,5,2.964503542,454.985,454.985
09/03/2024 9:00,bounty_madera,31/03/2024 0:00,09/03/2024 0:00,9,10,5,3.108031683,480.403,480.403
09/03/2024 10:00,bounty_madera,31/03/2024 0:00,09/03/2024 0:00,10,11,5,3.697429583,514.124,514.124
09/03/2024 11:00,bounty_madera,31/03/2024 0:00,09/03/2024 0:00,11,12,5,4.566112933,519.52,519.52
09/03/2024 12:00,bounty_madera,31/03/2024 0:00,09/03/2024 0:00,12,13,5,4.0211079,484.401,484.401
09/03/2024 13:00,bounty_madera,31/03/2024 0:00,09/03/2024 0:00,13,14,5,4.800396392,513.862,513.862
09/03/2024 14:00,bounty_madera,31/03/2024 0:00,09/03/2024 0:00,14,15,5,4.436398608,508.206,508.206
09/03/2024 15:00,bounty_madera,31/03/2024 0:00,09/03/2024 0:00,15,16,5,4.105906433,504.303,504.303
09/03/2024 16:00,bounty_madera,31/03/2024 0:00,09/03/2024 0:00,16,17,5,3.479252692,497.056,497.056
09/03/2024 17:00,bounty_madera,31/03/2024 0:00,09/03/2024 0:00,17,18,5,3.651211792,486.025,486.025
09/03/2024 18:00,bounty_madera,31/03/2024 0:00,09/03/2024 0:00,18,19,5,6.30071855,471.33,471.33
09/03/2024 19:00,bounty_madera,31/03/2024 0:00,09/03/2024 0:00,19,20,5,4.292718525,453.37,453.37
09/03/2024 20:00,bounty_madera,31/03/2024 0:00,09/03/2024 0:00,20,21,5,4.492376908,413.734,413.734
09/03/2024 21:00,bounty_madera,31/03/2024 0:00,09/03/2024 0:00,21,22,5,4.829643683,395.005,395.005
09/03/2024 22:00,bounty_madera,31/03/2024 0:00,09/03/2024 0:00,22,23,5,3.786798775,390.197,390.197
09/03/2024 23:00,bounty_madera,31/03/2024 0:00,09/03/2024 0:00,23,24,5,3.392164683,407.391,407.391
10/03/2024 0:00,bounty_madera,31/03/2024 0:00,10/03/2024 0:00,0,1,6,3.38232975,333.404,333.404
10/03/2024 1:00,bounty_madera,31/03/2024 0:00,10/03/2024 0:00,1,2,6,2.856177558,276.678,276.678
10/03/2024 2:00,bounty_madera,31/03/2024 0:00,10/03/2024 0:00,2,3,6,3.381666533,268.309,268.309
10/03/2024 3:00,bounty_madera,31/03/2024 0:00,10/03/2024 0:00,3,4,6,3.291503175,261.094,261.094
10/03/2024 4:00,bounty_madera,31/03/2024 0:00,10/03/2024 0:00,4,5,6,2.8826781,272.175,272.175
10/03/2024 5:00,bounty_madera,31/03/2024 0:00,10/03/2024 0:00,5,6,6,3.569505483,308.915,308.915
10/03/2024 6:00,bounty_madera,31/03/2024 0:00,10/03/2024 0:00,6,7,6,4.0097742,317.566,317.566
10/03/2024 7:00,bounty_madera,31/03/2024 0:00,10/03/2024 0:00,7,8,6,2.627657725,393.417,393.417
10/03/2024 8:00,bounty_madera,31/03/2024 0:00,10/03/2024 0:00,8,9,6,2.243538108,462.951,462.951
10/03/2024 9:00,bounty_madera,31/03/2024 0:00,10/03/2024 0:00,9,10,6,3.4628989,482.484,482.484
10/03/2024 10:00,bounty_madera,31/03/2024 0:00,10/03/2024 0:00,10,11,6,3.611038442,518.834,518.834
10/03/2024 11:00,bounty_madera,31/03/2024 0:00,10/03/2024 0:00,11,12,6,3.251925183,515.1,515.1
10/03/2024 12:00,bounty_madera,31/03/2024 0:00,10/03/2024 0:00,12,13,6,3.13986285,537.078,537.078
10/03/2024 13:00,bounty_madera,31/03/2024 0:00,10/03/2024 0:00,13,14,6,3.4485425,562.183,562.183
10/03/2024 14:00,bounty_madera,31/03/2024 0:00,10/03/2024 0:00,14,15,6,3.361298242,556.815,556.815
10/03/2024 15:00,bounty_madera,31/03/2024 0:00,10/03/2024 0:00,15,16,6,3.668793833,548.041,548.041
10/03/2024 16:00,bounty_madera,31/03/2024 0:00,10/03/2024 0:00,16,17,6,4.05209725,537.327,537.327
10/03/2024 17:00,bounty_madera,31/03/2024 0:00,10/03/2024 0:00,17,18,6,3.913491933,493.604,493.604
10/03/2024 18:00,bounty_madera,31/03/2024 0:00,10/03/2024 0:00,18,19,6,7.399473217,466.893,466.893
10/03/2024 19:00,bounty_madera,31/03/2024 0:00,10/03/2024 0:00,19,20,6,4.156167058,465.939,465.939
10/03/2024 20:00,bounty_madera,31/03/2024 0:00,10/03/2024 0:00,20,21,6,3.985769367,426.573,426.573
10/03/2024 21:00,bounty_madera,31/03/2024 0:00,10/03/2024 0:00,21,22,6,4.186022783,406.409,406.409
10/03/2024 22:00,bounty_madera,31/03/2024 0:00,10/03/2024 0:00,22,23,6,3.592076367,421.439,421.439
10/03/2024 23:00,bounty_madera,31/03/2024 0:00,10/03/2024 0:00,23,24,6,3.2983488,436.544,436.544
11/03/2024 0:00,bounty_madera,31/03/2024 0:00,11/03/2024 0:00,0,1,0,3.103562942,415.027,415.027
11/03/2024 1:00,bounty_madera,31/03/2024 0:00,11/03/2024 0:00,1,2,0,2.428331217,379.08,379.08
11/03/2024 2:00,bounty_madera,31/03/2024 0:00,11/03/2024 0:00,2,3,0,2.536767067,382.579,382.579
11/03/2024 3:00,bounty_madera,31/03/2024 0:00,11/03/2024 0:00,3,4,0,2.269532083,373.397,373.397
11/03/2024 4:00,bounty_madera,31/03/2024 0:00,11/03/2024 0:00,4,5,0,3.015786692,364.783,364.783
11/03/2024 5:00,bounty_madera,31/03/2024 0:00,11/03/2024 0:00,5,6,0,3.370338892,364.737,364.737
11/03/2024 6:00,bounty_madera,31/03/2024 0:00,11/03/2024 0:00,6,7,0,3.092636225,352.707,352.707
11/03/2024 7:00,bounty_madera,31/03/2024 0:00,11/03/2024 0:00,7,8,0,2.494399775,417.425,417.425
11/03/2024 8:00,bounty_madera,31/03/2024 0:00,11/03/2024 0:00,8,9,0,2.662146625,441.887,441.887
11/03/2024 9:00,bounty_madera,31/03/2024 0:00,11/03/2024 0:00,9,10,0,3.274385783,483.832,483.832
11/03/2024 10:00,bounty_madera,31/03/2024 0:00,11/03/2024 0:00,10,11,0,3.701195992,502.696,502.696
11/03/2024 11:00,bounty_madera,31/03/2024 0:00,11/03/2024 0:00,11,12,0,3.473222858,504.177,504.177
11/03/2024 12:00,bounty_madera,31/03/2024 0:00,11/03/2024 0:00,12,13,0,3.409428592,541.014,541.014
11/03/2024 13:00,bounty_madera,31/03/2024 0:00,11/03/2024 0:00,13,14,0,5.279712125,568.849,568.849
11/03/2024 14:00,bounty_madera,31/03/2024 0:00,11/03/2024 0:00,14,15,0,5.187288117,553.059,553.059
11/03/2024 15:00,bounty_madera,31/03/2024 0:00,11/03/2024 0:00,15,16,0,5.088990033,534.541,534.541
11/03/2024 16:00,bounty_madera,31/03/2024 0:00,11/03/2024 0:00,16,17,0,4.919332092,545.324,545.324
11/03/2024 17:00,bounty_madera,31/03/2024 0:00,11/03/2024 0:00,17,18,0,4.379946067,515.874,515.874
11/03/2024 18:00,bounty_madera,31/03/2024 0:00,11/03/2024 0:00,18,19,0,9.6066189,490.347,490.347
11/03/2024 19:00,bounty_madera,31/03/2024 0:00,11/03/2024 0:00,19,20,0,5.011892842,487.743,487.743
11/03/2024 20:00,bounty_madera,31/03/2024 0:00,11/03/2024 0:00,20,21,0,9.632302342,493.973,493.973
11/03/2024 21:00,bounty_madera,31/03/2024 0:00,11/03/2024 0:00,21,22,0,7.097278833,504.848,504.848
11/03/2024 22:00,bounty_madera,31/03/2024 0:00,11/03/2024 0:00,22,23,0,5.65780665,509.296,509.296
11/03/2024 23:00,bounty_madera,31/03/2024 0:00,11/03/2024 0:00,23,24,0,4.540236217,519.384,519.384
12/03/2024 0:00,bounty_madera,31/03/2024 0:00,12/03/2024 0:00,0,1,1,4.428439875,488.973,488.973
12/03/2024 1:00,bounty_madera,31/03/2024 0:00,12/03/2024 0:00,1,2,1,4.600436767,441.627,441.627
12/03/2024 2:00,bounty_madera,31/03/2024 0:00,12/03/2024 0:00,2,3,1,4.208992508,420.731,420.731
12/03/2024 3:00,bounty_madera,31/03/2024 0:00,12/03/2024 0:00,3,4,1,4.015457992,408.812,408.812
12/03/2024 4:00,bounty_madera,31/03/2024 0:00,12/03/2024 0:00,4,5,1,4.594212808,367.018,367.018
12/03/2024 5:00,bounty_madera,31/03/2024 0:00,12/03/2024 0:00,5,6,1,4.517486058,366.128,366.128
12/03/2024 6:00,bounty_madera,31/03/2024 0:00,12/03/2024 0:00,6,7,1,3.8781976,385.125,385.125
12/03/2024 7:00,bounty_madera,31/03/2024 0:00,12/03/2024 0:00,7,8,1,3.651364908,459.296,459.296
12/03/2024 8:00,bounty_madera,31/03/2024 0:00,12/03/2024 0:00,8,9,1,5.116677808,503.798,503.798
12/03/2024 9:00,bounty_madera,31/03/2024 0:00,12/03/2024 0:00,9,10,1,4.404983042,515.255,515.255
12/03/2024 10:00,bounty_madera,31/03/2024 0:00,12/03/2024 0:00,10,11,1,5.446844992,564.741,564.741
12/03/2024 11:00,bounty_madera,31/03/2024 0:00,12/03/2024 0:00,11,12,1,5.27888785,566.223,566.223
12/03/2024 12:00,bounty_madera,31/03/2024 0:00,12/03/2024 0:00,12,13,1,4.397665317,591.611,591.611
12/03/2024 13:00,bounty_madera,31/03/2024 0:00,12/03/2024 0:00,13,14,1,8.981664583,615.845,615.845
12/03/2024 14:00,bounty_madera,31/03/2024 0:00,12/03/2024 0:00,14,15,1,11.17402523,608.948,608.948
12/03/2024 15:00,bounty_madera,31/03/2024 0:00,12/03/2024 0:00,15,16,1,10.35959314,605.883,605.883
12/03/2024 16:00,bounty_madera,31/03/2024 0:00,12/03/2024 0:00,16,17,1,11.56293131,617.788,617.788
12/03/2024 17:00,bounty_madera,31/03/2024 0:00,12/03/2024 0:00,17,18,1,4.860784992,598.689,598.689
12/03/2024 18:00,bounty_madera,31/03/2024 0:00,12/03/2024 0:00,18,19,1,12.87733073,536.458,536.458
12/03/2024 19:00,bounty_madera,31/03/2024 0:00,12/03/2024 0:00,19,20,1,6.102701167,504.416,504.416
12/03/2024 20:00,bounty_madera,31/03/2024 0:00,12/03/2024 0:00,20,21,1,6.378534842,485.907,485.907
12/03/2024 21:00,bounty_madera,31/03/2024 0:00,12/03/2024 0:00,21,22,1,5.741550992,480.354,480.354
12/03/2024 22:00,bounty_madera,31/03/2024 0:00,12/03/2024 0:00,22,23,1,4.533272858,465.741,465.741
12/03/2024 23:00,bounty_madera,31/03/2024 0:00,12/03/2024 0:00,23,24,1,4.362993808,476.003,476.003
13/03/2024 0:00,bounty_madera,31/03/2024 0:00,13/03/2024 0:00,0,1,2,4.000360775,462.513,462.513
13/03/2024 1:00,bounty_madera,31/03/2024 0:00,13/03/2024 0:00,1,2,2,3.480795667,422.673,422.673
13/03/2024 2:00,bounty_madera,31/03/2024 0:00,13/03/2024 0:00,2,3,2,3.041453108,411.692,411.692
13/03/2024 3:00,bounty_madera,31/03/2024 0:00,13/03/2024 0:00,3,4,2,3.15773635,418.325,418.325
13/03/2024 4:00,bounty_madera,31/03/2024 0:00,13/03/2024 0:00,4,5,2,3.39463365,418.678,418.678
13/03/2024 5:00,bounty_madera,31/03/2024 0:00,13/03/2024 0:00,5,6,2,4.519770025,443.656,443.656
13/03/2024 6:00,bounty_madera,31/03/2024 0:00,13/03/2024 0:00,6,7,2,3.309058433,455.02,455.02
13/03/2024 7:00,bounty_madera,31/03/2024 0:00,13/03/2024 0:00,7,8,2,2.661712017,506.751,506.751
13/03/2024 8:00,bounty_madera,31/03/2024 0:00,13/03/2024 0:00,8,9,2,3.088769808,506.908,506.908
13/03/2024 9:00,bounty_madera,31/03/2024 0:00,13/03/2024 0:00,9,10,2,3.379745967,564.925,564.925
13/03/2024 10:00,bounty_madera,31/03/2024 0:00,13/03/2024 0:00,10,11,2,2.977363283,554.282,554.282
13/03/2024 11:00,bounty_madera,31/03/2024 0:00,13/03/2024 0:00,11,12,2,3.012054867,534.631,534.631
13/03/2024 12:00,bounty_madera,31/03/2024 0:00,13/03/2024 0:00,12,13,2,1.980830033,535.336,535.336
13/03/2024 13:00,bounty_madera,31/03/2024 0:00,13/03/2024 0:00,13,14,2,4.258695542,575.726,575.726
13/03/2024 14:00,bounty_madera,31/03/2024 0:00,13/03/2024 0:00,14,15,2,4.427146767,539.846,539.846
13/03/2024 15:00,bounty_madera,31/03/2024 0:00,13/03/2024 0:00,15,16,2,3.574276033,536.013,536.013
13/03/2024 16:00,bounty_madera,31/03/2024 0:00,13/03/2024 0:00,16,17,2,3.407640717,559.884,559.884
13/03/2024 17:00,bounty_madera,31/03/2024 0:00,13/03/2024 0:00,17,18,2,3.026291667,538.834,538.834
13/03/2024 18:00,bounty_madera,31/03/2024 0:00,13/03/2024 0:00,18,19,2,6.4224293,483.347,483.347
13/03/2024 19:00,bounty_madera,31/03/2024 0:00,13/03/2024 0:00,19,20,2,3.947684708,459.177,459.177
13/03/2024 20:00,bounty_madera,31/03/2024 0:00,13/03/2024 0:00,20,21,2,4.067807908,426.188,426.188
13/03/2024 21:00,bounty_madera,31/03/2024 0:00,13/03/2024 0:00,21,22,2,4.3159514,414.743,414.743
13/03/2024 22:00,bounty_madera,31/03/2024 0:00,13/03/2024 0:00,22,23,2,4.237362225,397.686,397.686
13/03/2024 23:00,bounty_madera,31/03/2024 0:00,13/03/2024 0:00,23,24,2,3.9921413,359.839,359.839
14/03/2024 0:00,bounty_madera,31/03/2024 0:00,14/03/2024 0:00,0,1,3,4.2272614,317.05,317.05
14/03/2024 1:00,bounty_madera,31/03/2024 0:00,14/03/2024 0:00,1,2,3,3.588853075,285.345,285.345
14/03/2024 2:00,bounty_madera,31/03/2024 0:00,14/03/2024 0:00,2,3,3,2.878337025,273.63,273.63
14/03/2024 3:00,bounty_madera,31/03/2024 0:00,14/03/2024 0:00,3,4,3,2.79633555,278.125,278.125
14/03/2024 4:00,bounty_madera,31/03/2024 0:00,14/03/2024 0:00,4,5,3,3.137633142,288.541,288.541
14/03/2024 5:00,bounty_madera,31/03/2024 0:00,14/03/2024 0:00,5,6,3,3.935165633,301.009,301.009
14/03/2024 6:00,bounty_madera,31/03/2024 0:00,14/03/2024 0:00,6,7,3,3.158112517,320.873,320.873
14/03/2024 7:00,bounty_madera,31/03/2024 0:00,14/03/2024 0:00,7,8,3,2.017222842,399.747,399.747
14/03/2024 8:00,bounty_madera,31/03/2024 0:00,14/03/2024 0:00,8,9,3,2.8180678,479.269,479.269
14/03/2024 9:00,bounty_madera,31/03/2024 0:00,14/03/2024 0:00,9,10,3,2.719324592,500.653,500.653
14/03/2024 10:00,bounty_madera,31/03/2024 0:00,14/03/2024 0:00,10,11,3,3.487174317,530.49,530.49
14/03/2024 11:00,bounty_madera,31/03/2024 0:00,14/03/2024 0:00,11,12,3,3.323775958,520.09,520.09
14/03/2024 12:00,bounty_madera,31/03/2024 0:00,14/03/2024 0:00,12,13,3,3.035837917,557.567,557.567
14/03/2024 13:00,bounty_madera,31/03/2024 0:00,14/03/2024 0:00,13,14,3,4.131993867,590.076,590.076
14/03/2024 14:00,bounty_madera,31/03/2024 0:00,14/03/2024 0:00,14,15,3,3.900644225,591.613,591.613
14/03/2024 15:00,bounty_madera,31/03/2024 0:00,14/03/2024 0:00,15,16,3,5.674858308,590.693,590.693
14/03/2024 16:00,bounty_madera,31/03/2024 0:00,14/03/2024 0:00,16,17,3,4.2497098,593.968,593.968
14/03/2024 17:00,bounty_madera,31/03/2024 0:00,14/03/2024 0:00,17,18,3,3.984422675,565.337,565.337
14/03/2024 18:00,bounty_madera,31/03/2024 0:00,14/03/2024 0:00,18,19,3,5.528857967,496.339,496.339
14/03/2024 19:00,bounty_madera,31/03/2024 0:00,14/03/2024 0:00,19,20,3,4.724379633,458.252,458.252
14/03/2024 20:00,bounty_madera,31/03/2024 0:00,14/03/2024 0:00,20,21,3,4.827820825,442.986,442.986
14/03/2024 21:00,bounty_madera,31/03/2024 0:00,14/03/2024 0:00,21,22,3,5.915553508,455.98,455.98
14/03/2024 22:00,bounty_madera,31/03/2024 0:00,14/03/2024 0:00,22,23,3,4.471398433,461.285,461.285
14/03/2024 23:00,bounty_madera,31/03/2024 0:00,14/03/2024 0:00,23,24,3,4.295714583,467.54,467.54
15/03/2024 0:00,bounty_madera,31/03/2024 0:00,15/03/2024 0:00,0,1,4,3.923020667,402.929,402.929
15/03/2024 1:00,bounty_madera,31/03/2024 0:00,15/03/2024 0:00,1,2,4,3.869102208,335.37,335.37
15/03/2024 2:00,bounty_madera,31/03/2024 0:00,15/03/2024 0:00,2,3,4,3.428414742,311.443,311.443
15/03/2024 3:00,bounty_madera,31/03/2024 0:00,15/03/2024 0:00,3,4,4,3.057931133,295.381,295.381
15/03/2024 4:00,bounty_madera,31/03/2024 0:00,15/03/2024 0:00,4,5,4,3.139181683,287.456,287.456
15/03/2024 5:00,bounty_madera,31/03/2024 0:00,15/03/2024 0:00,5,6,4,3.156014492,312.299,312.299
15/03/2024 6:00,bounty_madera,31/03/2024 0:00,15/03/2024 0:00,6,7,4,1.629662058,341.966,341.966
15/03/2024 7:00,bounty_madera,31/03/2024 0:00,15/03/2024 0:00,7,8,4,2.342417025,449.515,449.515
15/03/2024 8:00,bounty_madera,31/03/2024 0:00,15/03/2024 0:00,8,9,4,2.982681625,491.161,491.161
15/03/2024 9:00,bounty_madera,31/03/2024 0:00,15/03/2024 0:00,9,10,4,3.1583243,529.552,529.552
15/03/2024 10:00,bounty_madera,31/03/2024 0:00,15/03/2024 0:00,10,11,4,3.898012933,542.081,542.081
15/03/2024 11:00,bounty_madera,31/03/2024 0:00,15/03/2024 0:00,11,12,4,2.923762117,523.363,523.363
15/03/2024 12:00,bounty_madera,31/03/2024 0:00,15/03/2024 0:00,12,13,4,2.799935342,540.788,540.788
15/03/2024 13:00,bounty_madera,31/03/2024 0:00,15/03/2024 0:00,13,14,4,3.800901475,550.549,550.549
15/03/2024 14:00,bounty_madera,31/03/2024 0:00,15/03/2024 0:00,14,15,4,3.902322358,551.379,551.379
15/03/2024 15:00,bounty_madera,31/03/2024 0:00,15/03/2024 0:00,15,16,4,4.238014567,535.894,535.894
15/03/2024 16:00,bounty_madera,31/03/2024 0:00,15/03/2024 0:00,16,17,4,4.303444608,507.755,507.755
15/03/2024 17:00,bounty_madera,31/03/2024 0:00,15/03/2024 0:00,17,18,4,3.38880035,469.997,469.997
15/03/2024 18:00,bounty_madera,31/03/2024 0:00,15/03/2024 0:00,18,19,4,6.776438608,481.276,481.276
15/03/2024 19:00,bounty_madera,31/03/2024 0:00,15/03/2024 0:00,19,20,4,4.380847,472.285,472.285
15/03/2024 20:00,bounty_madera,31/03/2024 0:00,15/03/2024 0:00,20,21,4,4.649825958,435.317,435.317
15/03/2024 21:00,bounty_madera,31/03/2024 0:00,15/03/2024 0:00,21,22,4,4.4057697,432.45,432.45
15/03/2024 22:00,bounty_madera,31/03/2024 0:00,15/03/2024 0:00,22,23,4,4.3483556,429.252,429.252
15/03/2024 23:00,bounty_madera,31/03/2024 0:00,15/03/2024 0:00,23,24,4,3.941468517,467.662,467.662
16/03/2024 0:00,bounty_madera,31/03/2024 0:00,16/03/2024 0:00,0,1,5,3.543218142,439.666,439.666
16/03/2024 1:00,bounty_madera,31/03/2024 0:00,16/03/2024 0:00,1,2,5,3.840362733,397.615,397.615
16/03/2024 2:00,bounty_madera,31/03/2024 0:00,16/03/2024 0:00,2,3,5,4.150377833,392.961,392.961
16/03/2024 3:00,bounty_madera,31/03/2024 0:00,16/03/2024 0:00,3,4,5,3.883998983,334.601,334.601
16/03/2024 4:00,bounty_madera,31/03/2024 0:00,16/03/2024 0:00,4,5,5,3.806597292,312.983,312.983
16/03/2024 5:00,bounty_madera,31/03/2024 0:00,16/03/2024 0:00,5,6,5,4.330784033,353.892,353.892
16/03/2024 6:00,bounty_madera,31/03/2024 0:00,16/03/2024 0:00,6,7,5,2.632934442,363.98,363.98
16/03/2024 7:00,bounty_madera,31/03/2024 0:00,16/03/2024 0:00,7,8,5,2.111863492,460.945,460.945
16/03/2024 8:00,bounty_madera,31/03/2024 0:00,16/03/2024 0:00,8,9,5,3.060423883,481.021,481.021
16/03/2024 9:00,bounty_madera,31/03/2024 0:00,16/03/2024 0:00,9,10,5,3.225752717,533,533
16/03/2024 10:00,bounty_madera,31/03/2024 0:00,16/03/2024 0:00,10,11,5,3.359056008,530.555,530.555
16/03/2024 11:00,bounty_madera,31/03/2024 0:00,16/03/2024 0:00,11,12,5,2.83630895,538.811,538.811
16/03/2024 12:00,bounty_madera,31/03/2024 0:00,16/03/2024 0:00,12,13,5,3.083178183,537.111,537.111
16/03/2024 13:00,bounty_madera,31/03/2024 0:00,16/03/2024 0:00,13,14,5,4.10769925,576.585,576.585
16/03/2024 14:00,bounty_madera,31/03/2024 0:00,16/03/2024 0:00,14,15,5,3.8518979,575.799,575.799
16/03/2024 15:00,bounty_madera,31/03/2024 0:00,16/03/2024 0:00,15,16,5,3.831864,583.574,583.574
16/03/2024 16:00,bounty_madera,31/03/2024 0:00,16/03/2024 0:00,16,17,5,4.2142754,559.045,559.045
16/03/2024 17:00,bounty_madera,31/03/2024 0:00,16/03/2024 0:00,17,18,5,3.919748958,524.518,524.518
16/03/2024 18:00,bounty_madera,31/03/2024 0:00,16/03/2024 0:00,18,19,5,5.015692867,466.089,466.089
16/03/2024 19:00,bounty_madera,31/03/2024 0:00,16/03/2024 0:00,19,20,5,4.431823183,437.527,437.527
16/03/2024 20:00,bounty_madera,31/03/2024 0:00,16/03/2024 0:00,20,21,5,4.068306525,419.798,419.798
16/03/2024 21:00,bounty_madera,31/03/2024 0:00,16/03/2024 0:00,21,22,5,5.095208425,429.995,429.995
16/03/2024 22:00,bounty_madera,31/03/2024 0:00,16/03/2024 0:00,22,23,5,4.365821542,450.782,450.782
16/03/2024 23:00,bounty_madera,31/03/2024 0:00,16/03/2024 0:00,23,24,5,4.835480775,461.37,461.37
17/03/2024 0:00,bounty_madera,31/03/2024 0:00,17/03/2024 0:00,0,1,6,3.698578433,424.201,424.201
17/03/2024 1:00,bounty_madera,31/03/2024 0:00,17/03/2024 0:00,1,2,6,3.844094683,389.321,389.321
17/03/2024 2:00,bounty_madera,31/03/2024 0:00,17/03/2024 0:00,2,3,6,3.751876192,344.737,344.737
17/03/2024 3:00,bounty_madera,31/03/2024 0:00,17/03/2024 0:00,3,4,6,3.783788175,330.101,330.101
17/03/2024 4:00,bounty_madera,31/03/2024 0:00,17/03/2024 0:00,4,5,6,3.369084292,325.844,325.844
17/03/2024 5:00,bounty_madera,31/03/2024 0:00,17/03/2024 0:00,5,6,6,2.639738808,329.532,329.532
17/03/2024 6:00,bounty_madera,31/03/2024 0:00,17/03/2024 0:00,6,7,6,2.570910033,339.501,339.501
17/03/2024 7:00,bounty_madera,31/03/2024 0:00,17/03/2024 0:00,7,8,6,0.904985658,437.208,437.208
17/03/2024 8:00,bounty_madera,31/03/2024 0:00,17/03/2024 0:00,8,9,6,1.348680733,481.747,481.747
17/03/2024 9:00,bounty_madera,31/03/2024 0:00,17/03/2024 0:00,9,10,6,2.802216908,527.372,527.372
17/03/2024 10:00,bounty_madera,31/03/2024 0:00,17/03/2024 0:00,10,11,6,3.503915283,556.651,556.651
17/03/2024 11:00,bounty_madera,31/03/2024 0:00,17/03/2024 0:00,11,12,6,3.210423117,552.228,552.228
17/03/2024 12:00,bounty_madera,31/03/2024 0:00,17/03/2024 0:00,12,13,6,3.475778183,587.329,587.329
17/03/2024 13:00,bounty_madera,31/03/2024 0:00,17/03/2024 0:00,13,14,6,3.8282645,605.355,605.355
17/03/2024 14:00,bounty_madera,31/03/2024 0:00,17/03/2024 0:00,14,15,6,3.943586292,596.425,596.425
17/03/2024 15:00,bounty_madera,31/03/2024 0:00,17/03/2024 0:00,15,16,6,4.013957292,581.809,581.809
17/03/2024 16:00,bounty_madera,31/03/2024 0:00,17/03/2024 0:00,16,17,6,4.043509617,588.749,588.749
17/03/2024 17:00,bounty_madera,31/03/2024 0:00,17/03/2024 0:00,17,18,6,4.120097125,562.313,562.313
17/03/2024 18:00,bounty_madera,31/03/2024 0:00,17/03/2024 0:00,18,19,6,5.305850917,504.892,504.892
17/03/2024 19:00,bounty_madera,31/03/2024 0:00,17/03/2024 0:00,19,20,6,4.590373475,457.096,457.096
17/03/2024 20:00,bounty_madera,31/03/2024 0:00,17/03/2024 0:00,20,21,6,4.678406383,451.308,451.308
17/03/2024 21:00,bounty_madera,31/03/2024 0:00,17/03/2024 0:00,21,22,6,4.612010725,448.3,448.3
17/03/2024 22:00,bounty_madera,31/03/2024 0:00,17/03/2024 0:00,22,23,6,3.928945667,435.095,435.095
17/03/2024 23:00,bounty_madera,31/03/2024 0:00,17/03/2024 0:00,23,24,6,3.677436925,456.237,456.237
18/03/2024 0:00,bounty_madera,31/03/2024 0:00,18/03/2024 0:00,0,1,0,3.823932583,313.619,313.619
18/03/2024 1:00,bounty_madera,31/03/2024 0:00,18/03/2024 0:00,1,2,0,3.456929433,0,0
18/03/2024 2:00,bounty_madera,31/03/2024 0:00,18/03/2024 0:00,2,3,0,2.927240083,0,0
18/03/2024 3:00,bounty_madera,31/03/2024 0:00,18/03/2024 0:00,3,4,0,2.841582075,0,0
18/03/2024 4:00,bounty_madera,31/03/2024 0:00,18/03/2024 0:00,4,5,0,3.483355242,311.635,311.635
18/03/2024 5:00,bounty_madera,31/03/2024 0:00,18/03/2024 0:00,5,6,0,3.7643442,383.549,383.549
18/03/2024 6:00,bounty_madera,31/03/2024 0:00,18/03/2024 0:00,6,7,0,2.736412683,402.927,402.927
18/03/2024 7:00,bounty_madera,31/03/2024 0:00,18/03/2024 0:00,7,8,0,2.27916395,454.717,454.717
18/03/2024 8:00,bounty_madera,31/03/2024 0:00,18/03/2024 0:00,8,9,0,2.698326042,496.76,496.76
18/03/2024 9:00,bounty_madera,31/03/2024 0:00,18/03/2024 0:00,9,10,0,3.347987508,525.751,525.751
18/03/2024 10:00,bounty_madera,31/03/2024 0:00,18/03/2024 0:00,10,11,0,3.69637115,549.949,549.949
18/03/2024 11:00,bounty_madera,31/03/2024 0:00,18/03/2024 0:00,11,12,0,3.460698725,521.112,521.112
18/03/2024 12:00,bounty_madera,31/03/2024 0:00,18/03/2024 0:00,12,13,0,3.20856785,543.379,543.379
18/03/2024 13:00,bounty_madera,31/03/2024 0:00,18/03/2024 0:00,13,14,0,3.789984167,564.172,564.172
18/03/2024 14:00,bounty_madera,31/03/2024 0:00,18/03/2024 0:00,14,15,0,3.928841708,570.07,570.07
18/03/2024 15:00,bounty_madera,31/03/2024 0:00,18/03/2024 0:00,15,16,0,4.226630167,558.756,558.756
18/03/2024 16:00,bounty_madera,31/03/2024 0:00,18/03/2024 0:00,16,17,0,4.548873358,555.122,555.122
18/03/2024 17:00,bounty_madera,31/03/2024 0:00,18/03/2024 0:00,17,18,0,4.539974917,505.559,505.559
18/03/2024 18:00,bounty_madera,31/03/2024 0:00,18/03/2024 0:00,18,19,0,5.743100725,455.674,455.674
18/03/2024 19:00,bounty_madera,31/03/2024 0:00,18/03/2024 0:00,19,20,0,4.545424275,447.047,447.047
18/03/2024 20:00,bounty_madera,31/03/2024 0:00,18/03/2024 0:00,20,21,0,5.236607683,453.79,453.79
18/03/2024 21:00,bounty_madera,31/03/2024 0:00,18/03/2024 0:00,21,22,0,4.532033842,439.366,439.366
18/03/2024 22:00,bounty_madera,31/03/2024 0:00,18/03/2024 0:00,22,23,0,4.289004892,396.917,396.917
18/03/2024 23:00,bounty_madera,31/03/2024 0:00,18/03/2024 0:00,23,24,0,4.395225167,394.794,394.794
19/03/2024 0:00,bounty_madera,31/03/2024 0:00,19/03/2024 0:00,0,1,1,4.084458367,333.601,333.601
19/03/2024 1:00,bounty_madera,31/03/2024 0:00,19/03/2024 0:00,1,2,1,4.7036357,274.327,274.327
19/03/2024 2:00,bounty_madera,31/03/2024 0:00,19/03/2024 0:00,2,3,1,3.701993733,273.704,273.704
19/03/2024 3:00,bounty_madera,31/03/2024 0:00,19/03/2024 0:00,3,4,1,3.485118633,263.413,263.413
19/03/2024 4:00,bounty_madera,31/03/2024 0:00,19/03/2024 0:00,4,5,1,3.622808275,270.657,270.657
19/03/2024 5:00,bounty_madera,31/03/2024 0:00,19/03/2024 0:00,5,6,1,3.770140133,280.278,280.278
19/03/2024 6:00,bounty_madera,31/03/2024 0:00,19/03/2024 0:00,6,7,1,2.400847392,296.43,296.43
19/03/2024 7:00,bounty_madera,31/03/2024 0:00,19/03/2024 0:00,7,8,1,2.350153192,384.728,384.728
19/03/2024 8:00,bounty_madera,31/03/2024 0:00,19/03/2024 0:00,8,9,1,3.853166258,461.231,461.231
19/03/2024 9:00,bounty_madera,31/03/2024 0:00,19/03/2024 0:00,9,10,1,4.634689442,479.35,479.35
19/03/2024 10:00,bounty_madera,31/03/2024 0:00,19/03/2024 0:00,10,11,1,4.299364967,526.434,526.434
19/03/2024 11:00,bounty_madera,31/03/2024 0:00,19/03/2024 0:00,11,12,1,3.602773042,530.939,530.939
19/03/2024 12:00,bounty_madera,31/03/2024 0:00,19/03/2024 0:00,12,13,1,3.079966625,547,547
19/03/2024 13:00,bounty_madera,31/03/2024 0:00,19/03/2024 0:00,13,14,1,4.851965342,582.893,582.893
19/03/2024 14:00,bounty_madera,31/03/2024 0:00,19/03/2024 0:00,14,15,1,4.729230442,575.198,575.198
19/03/2024 15:00,bounty_madera,31/03/2024 0:00,19/03/2024 0:00,15,16,1,4.873272658,566.521,566.521
19/03/2024 16:00,bounty_madera,31/03/2024 0:00,19/03/2024 0:00,16,17,1,4.759009708,568.534,568.534
19/03/2024 17:00,bounty_madera,31/03/2024 0:00,19/03/2024 0:00,17,18,1,4.468327108,532.845,532.845
19/03/2024 18:00,bounty_madera,31/03/2024 0:00,19/03/2024 0:00,18,19,1,8.251628417,486.402,486.402
19/03/2024 19:00,bounty_madera,31/03/2024 0:00,19/03/2024 0:00,19,20,1,4.737342875,482.27,482.27
19/03/2024 20:00,bounty_madera,31/03/2024 0:00,19/03/2024 0:00,20,21,1,5.284064833,469.555,469.555
19/03/2024 21:00,bounty_madera,31/03/2024 0:00,19/03/2024 0:00,21,22,1,4.577335992,465.582,465.582
19/03/2024 22:00,bounty_madera,31/03/2024 0:00,19/03/2024 0:00,22,23,1,4.172229142,479.875,479.875
19/03/2024 23:00,bounty_madera,31/03/2024 0:00,19/03/2024 0:00,23,24,1,3.600006792,487.716,487.716
20/03/2024 0:00,bounty_madera,31/03/2024 0:00,20/03/2024 0:00,0,1,2,3.618298083,461.388,461.388
20/03/2024 1:00,bounty_madera,31/03/2024 0:00,20/03/2024 0:00,1,2,2,3.407226242,411.261,411.261
20/03/2024 2:00,bounty_madera,31/03/2024 0:00,20/03/2024 0:00,2,3,2,2.926275958,387.794,387.794
20/03/2024 3:00,bounty_madera,31/03/2024 0:00,20/03/2024 0:00,3,4,2,2.761333617,370.331,370.331
20/03/2024 4:00,bounty_madera,31/03/2024 0:00,20/03/2024 0:00,4,5,2,3.25460595,344.899,344.899
20/03/2024 5:00,bounty_madera,31/03/2024 0:00,20/03/2024 0:00,5,6,2,3.505860825,344.645,344.645
20/03/2024 6:00,bounty_madera,31/03/2024 0:00,20/03/2024 0:00,6,7,2,2.714892625,362.947,362.947
20/03/2024 7:00,bounty_madera,31/03/2024 0:00,20/03/2024 0:00,7,8,2,2.699637958,451.886,451.886
20/03/2024 8:00,bounty_madera,31/03/2024 0:00,20/03/2024 0:00,8,9,2,3.511647608,488.526,488.526
20/03/2024 9:00,bounty_madera,31/03/2024 0:00,20/03/2024 0:00,9,10,2,3.477632942,520.329,520.329
20/03/2024 10:00,bounty_madera,31/03/2024 0:00,20/03/2024 0:00,10,11,2,3.932653558,542.766,542.766
20/03/2024 11:00,bounty_madera,31/03/2024 0:00,20/03/2024 0:00,11,12,2,3.467291825,537.529,537.529
20/03/2024 12:00,bounty_madera,31/03/2024 0:00,20/03/2024 0:00,12,13,2,2.713564525,543.677,543.677
20/03/2024 13:00,bounty_madera,31/03/2024 0:00,20/03/2024 0:00,13,14,2,3.494893075,569.303,569.303
20/03/2024 14:00,bounty_madera,31/03/2024 0:00,20/03/2024 0:00,14,15,2,4.889146083,582.134,582.134
20/03/2024 15:00,bounty_madera,31/03/2024 0:00,20/03/2024 0:00,15,16,2,3.574419283,561.843,561.843
20/03/2024 16:00,bounty_madera,31/03/2024 0:00,20/03/2024 0:00,16,17,2,3.720707258,583.237,583.237
20/03/2024 17:00,bounty_madera,31/03/2024 0:00,20/03/2024 0:00,17,18,2,3.259977625,545.136,545.136
20/03/2024 18:00,bounty_madera,31/03/2024 0:00,20/03/2024 0:00,18,19,2,5.2156809,478.9,478.9
20/03/2024 19:00,bounty_madera,31/03/2024 0:00,20/03/2024 0:00,19,20,2,4.566572592,455.327,455.327
20/03/2024 20:00,bounty_madera,31/03/2024 0:00,20/03/2024 0:00,20,21,2,7.093558333,476.754,476.754
20/03/2024 21:00,bounty_madera,31/03/2024 0:00,20/03/2024 0:00,21,22,2,4.285479792,479.668,479.668
20/03/2024 22:00,bounty_madera,31/03/2024 0:00,20/03/2024 0:00,22,23,2,4.26166425,463.403,463.403
20/03/2024 23:00,bounty_madera,31/03/2024 0:00,20/03/2024 0:00,23,24,2,3.750786642,467.285,467.285
21/03/2024 0:00,bounty_madera,31/03/2024 0:00,21/03/2024 0:00,0,1,3,3.570472758,468.86,468.86
21/03/2024 1:00,bounty_madera,31/03/2024 0:00,21/03/2024 0:00,1,2,3,3.430651608,424.485,424.485
21/03/2024 2:00,bounty_madera,31/03/2024 0:00,21/03/2024 0:00,2,3,3,3.115008108,404.359,404.359
21/03/2024 3:00,bounty_madera,31/03/2024 0:00,21/03/2024 0:00,3,4,3,2.871404592,385.622,385.622
21/03/2024 4:00,bounty_madera,31/03/2024 0:00,21/03/2024 0:00,4,5,3,3.3712371,380.969,380.969
21/03/2024 5:00,bounty_madera,31/03/2024 0:00,21/03/2024 0:00,5,6,3,3.338823008,394.594,394.594
21/03/2024 6:00,bounty_madera,31/03/2024 0:00,21/03/2024 0:00,6,7,3,3.1205689,402.469,402.469
21/03/2024 7:00,bounty_madera,31/03/2024 0:00,21/03/2024 0:00,7,8,3,2.61626445,467.666,467.666
21/03/2024 8:00,bounty_madera,31/03/2024 0:00,21/03/2024 0:00,8,9,3,3.518095958,492.35,492.35
21/03/2024 9:00,bounty_madera,31/03/2024 0:00,21/03/2024 0:00,9,10,3,3.467720525,517.97,517.97
21/03/2024 10:00,bounty_madera,31/03/2024 0:00,21/03/2024 0:00,10,11,3,3.376282817,526.618,526.618
21/03/2024 11:00,bounty_madera,31/03/2024 0:00,21/03/2024 0:00,11,12,3,2.313124925,517.117,517.117
21/03/2024 12:00,bounty_madera,31/03/2024 0:00,21/03/2024 0:00,12,13,3,1.352516042,508.04,508.04
21/03/2024 13:00,bounty_madera,31/03/2024 0:00,21/03/2024 0:00,13,14,3,3.722025808,519.606,519.606
21/03/2024 14:00,bounty_madera,31/03/2024 0:00,21/03/2024 0:00,14,15,3,3.585838608,516.39,516.39
21/03/2024 15:00,bounty_madera,31/03/2024 0:00,21/03/2024 0:00,15,16,3,3.4862489,504.302,504.302
21/03/2024 16:00,bounty_madera,31/03/2024 0:00,21/03/2024 0:00,16,17,3,3.764686617,489.85,489.85
21/03/2024 17:00,bounty_madera,31/03/2024 0:00,21/03/2024 0:00,17,18,3,3.446285917,475.802,475.802
21/03/2024 18:00,bounty_madera,31/03/2024 0:00,21/03/2024 0:00,18,19,3,6.842944367,447.095,447.095
21/03/2024 19:00,bounty_madera,31/03/2024 0:00,21/03/2024 0:00,19,20,3,4.632962142,445.22,445.22
21/03/2024 20:00,bounty_madera,31/03/2024 0:00,21/03/2024 0:00,20,21,3,4.377034917,431.878,431.878
21/03/2024 21:00,bounty_madera,31/03/2024 0:00,21/03/2024 0:00,21,22,3,4.945072342,411.793,411.793
21/03/2024 22:00,bounty_madera,31/03/2024 0:00,21/03/2024 0:00,22,23,3,3.973087042,384.43,384.43
21/03/2024 23:00,bounty_madera,31/03/2024 0:00,21/03/2024 0:00,23,24,3,3.452749308,378.873,378.873
22/03/2024 0:00,bounty_madera,31/03/2024 0:00,22/03/2024 0:00,0,1,4,3.608190075,327.55,327.55
22/03/2024 1:00,bounty_madera,31/03/2024 0:00,22/03/2024 0:00,1,2,4,3.5673242,265.2,265.2
22/03/2024 2:00,bounty_madera,31/03/2024 0:00,22/03/2024 0:00,2,3,4,3.492706,259.765,259.765
22/03/2024 3:00,bounty_madera,31/03/2024 0:00,22/03/2024 0:00,3,4,4,3.199672092,256.789,256.789
22/03/2024 4:00,bounty_madera,31/03/2024 0:00,22/03/2024 0:00,4,5,4,3.533024092,269.232,269.232
22/03/2024 5:00,bounty_madera,31/03/2024 0:00,22/03/2024 0:00,5,6,4,3.771641808,283.898,283.898
22/03/2024 6:00,bounty_madera,31/03/2024 0:00,22/03/2024 0:00,6,7,4,2.903368033,311.611,311.611
22/03/2024 7:00,bounty_madera,31/03/2024 0:00,22/03/2024 0:00,7,8,4,2.830541358,391.456,391.456
22/03/2024 8:00,bounty_madera,31/03/2024 0:00,22/03/2024 0:00,8,9,4,3.414870558,470.924,470.924
22/03/2024 9:00,bounty_madera,31/03/2024 0:00,22/03/2024 0:00,9,10,4,3.358382125,503.728,503.728
22/03/2024 10:00,bounty_madera,31/03/2024 0:00,22/03/2024 0:00,10,11,4,3.593966542,530.094,530.094
22/03/2024 11:00,bounty_madera,31/03/2024 0:00,22/03/2024 0:00,11,12,4,3.695419375,503.328,503.328
22/03/2024 12:00,bounty_madera,31/03/2024 0:00,22/03/2024 0:00,12,13,4,3.019062033,527.646,527.646
22/03/2024 13:00,bounty_madera,31/03/2024 0:00,22/03/2024 0:00,13,14,4,4.240465167,562.277,562.277
22/03/2024 14:00,bounty_madera,31/03/2024 0:00,22/03/2024 0:00,14,15,4,3.701644892,554.359,554.359
22/03/2024 15:00,bounty_madera,31/03/2024 0:00,22/03/2024 0:00,15,16,4,4.463243467,528.445,528.445
22/03/2024 16:00,bounty_madera,31/03/2024 0:00,22/03/2024 0:00,16,17,4,4.115082192,538.609,538.609
22/03/2024 17:00,bounty_madera,31/03/2024 0:00,22/03/2024 0:00,17,18,4,3.3433344,518.317,518.317
22/03/2024 18:00,bounty_madera,31/03/2024 0:00,22/03/2024 0:00,18,19,4,4.204938825,466.066,466.066
22/03/2024 19:00,bounty_madera,31/03/2024 0:00,22/03/2024 0:00,19,20,4,3.860429208,458.187,458.187
22/03/2024 20:00,bounty_madera,31/03/2024 0:00,22/03/2024 0:00,20,21,4,5.5753842,443.196,443.196
22/03/2024 21:00,bounty_madera,31/03/2024 0:00,22/03/2024 0:00,21,22,4,5.032517842,442.761,442.761
22/03/2024 22:00,bounty_madera,31/03/2024 0:00,22/03/2024 0:00,22,23,4,4.4731207,432.274,432.274
22/03/2024 23:00,bounty_madera,31/03/2024 0:00,22/03/2024 0:00,23,24,4,4.312889925,448.493,448.493
23/03/2024 0:00,bounty_madera,31/03/2024 0:00,23/03/2024 0:00,0,1,5,4.417235683,411.434,411.434
23/03/2024 1:00,bounty_madera,31/03/2024 0:00,23/03/2024 0:00,1,2,5,4.480733208,360.511,360.511
23/03/2024 2:00,bounty_madera,31/03/2024 0:00,23/03/2024 0:00,2,3,5,4.361929775,352.025,352.025
23/03/2024 3:00,bounty_madera,31/03/2024 0:00,23/03/2024 0:00,3,4,5,4.247059308,354.405,354.405
23/03/2024 4:00,bounty_madera,31/03/2024 0:00,23/03/2024 0:00,4,5,5,4.145369908,373.027,373.027
23/03/2024 5:00,bounty_madera,31/03/2024 0:00,23/03/2024 0:00,5,6,5,3.850863225,388.055,388.055
23/03/2024 6:00,bounty_madera,31/03/2024 0:00,23/03/2024 0:00,6,7,5,3.603844617,407.03,407.03
23/03/2024 7:00,bounty_madera,31/03/2024 0:00,23/03/2024 0:00,7,8,5,3.011900317,432.243,432.243
23/03/2024 8:00,bounty_madera,31/03/2024 0:00,23/03/2024 0:00,8,9,5,3.355639875,470.783,470.783
23/03/2024 9:00,bounty_madera,31/03/2024 0:00,23/03/2024 0:00,9,10,5,3.805735017,485.515,485.515
23/03/2024 10:00,bounty_madera,31/03/2024 0:00,23/03/2024 0:00,10,11,5,4.062959717,484.954,484.954
23/03/2024 11:00,bounty_madera,31/03/2024 0:00,23/03/2024 0:00,11,12,5,3.726406167,500.45,500.45
23/03/2024 12:00,bounty_madera,31/03/2024 0:00,23/03/2024 0:00,12,13,5,3.523263092,507.116,507.116
23/03/2024 13:00,bounty_madera,31/03/2024 0:00,23/03/2024 0:00,13,14,5,3.962873883,545.79,545.79
23/03/2024 14:00,bounty_madera,31/03/2024 0:00,23/03/2024 0:00,14,15,5,3.913499458,514.781,514.781
23/03/2024 15:00,bounty_madera,31/03/2024 0:00,23/03/2024 0:00,15,16,5,4.238018242,491.165,491.165
23/03/2024 16:00,bounty_madera,31/03/2024 0:00,23/03/2024 0:00,16,17,5,3.942240208,526.524,526.524
23/03/2024 17:00,bounty_madera,31/03/2024 0:00,23/03/2024 0:00,17,18,5,4.601011408,492.126,492.126
23/03/2024 18:00,bounty_madera,31/03/2024 0:00,23/03/2024 0:00,18,19,5,10.4933397,448.677,448.677
23/03/2024 19:00,bounty_madera,31/03/2024 0:00,23/03/2024 0:00,19,20,5,6.9565293,417.901,417.901
23/03/2024 20:00,bounty_madera,31/03/2024 0:00,23/03/2024 0:00,20,21,5,11.12091218,393.718,393.718
23/03/2024 21:00,bounty_madera,31/03/2024 0:00,23/03/2024 0:00,21,22,5,8.746584692,392.058,392.058
23/03/2024 22:00,bounty_madera,31/03/2024 0:00,23/03/2024 0:00,22,23,5,5.47642025,385.065,385.065
23/03/2024 23:00,bounty_madera,31/03/2024 0:00,23/03/2024 0:00,23,24,5,6.595555025,412.579,412.579
24/03/2024 0:00,bounty_madera,31/03/2024 0:00,24/03/2024 0:00,0,1,6,4.499129708,371.721,371.721
24/03/2024 1:00,bounty_madera,31/03/2024 0:00,24/03/2024 0:00,1,2,6,5.792422783,314.728,314.728
24/03/2024 2:00,bounty_madera,31/03/2024 0:00,24/03/2024 0:00,2,3,6,4.335834742,293.151,293.151
24/03/2024 3:00,bounty_madera,31/03/2024 0:00,24/03/2024 0:00,3,4,6,3.408050442,277.347,277.347
24/03/2024 4:00,bounty_madera,31/03/2024 0:00,24/03/2024 0:00,4,5,6,4.048412483,280.639,280.639
24/03/2024 5:00,bounty_madera,31/03/2024 0:00,24/03/2024 0:00,5,6,6,3.919328933,298.854,298.854
24/03/2024 6:00,bounty_madera,31/03/2024 0:00,24/03/2024 0:00,6,7,6,3.658091242,320.751,320.751
24/03/2024 7:00,bounty_madera,31/03/2024 0:00,24/03/2024 0:00,7,8,6,3.414913808,419.262,419.262
24/03/2024 8:00,bounty_madera,31/03/2024 0:00,24/03/2024 0:00,8,9,6,2.931486808,474.156,474.156
24/03/2024 9:00,bounty_madera,31/03/2024 0:00,24/03/2024 0:00,9,10,6,3.2748577,535.691,535.691
24/03/2024 10:00,bounty_madera,31/03/2024 0:00,24/03/2024 0:00,10,11,6,3.793281458,576.117,576.117
24/03/2024 11:00,bounty_madera,31/03/2024 0:00,24/03/2024 0:00,11,12,6,3.764281517,477.122,477.122
24/03/2024 12:00,bounty_madera,31/03/2024 0:00,24/03/2024 0:00,12,13,6,3.832469483,559.062,559.062
24/03/2024 13:00,bounty_madera,31/03/2024 0:00,24/03/2024 0:00,13,14,6,4.326086983,591,591
24/03/2024 14:00,bounty_madera,31/03/2024 0:00,24/03/2024 0:00,14,15,6,4.525006108,601.6,601.6
24/03/2024 15:00,bounty_madera,31/03/2024 0:00,24/03/2024 0:00,15,16,6,5.54591775,577.175,577.175
24/03/2024 16:00,bounty_madera,31/03/2024 0:00,24/03/2024 0:00,16,17,6,8.496637533,589.121,589.121
24/03/2024 17:00,bounty_madera,31/03/2024 0:00,24/03/2024 0:00,17,18,6,5.929454142,569.878,569.878
24/03/2024 18:00,bounty_madera,31/03/2024 0:00,24/03/2024 0:00,18,19,6,23.31855881,517.103,517.103
24/03/2024 19:00,bounty_madera,31/03/2024 0:00,24/03/2024 0:00,19,20,6,13.67928504,438.019,438.019
24/03/2024 20:00,bounty_madera,31/03/2024 0:00,24/03/2024 0:00,20,21,6,8.584149917,434.603,434.603
24/03/2024 21:00,bounty_madera,31/03/2024 0:00,24/03/2024 0:00,21,22,6,5.745762775,454.519,454.519
24/03/2024 22:00,bounty_madera,31/03/2024 0:00,24/03/2024 0:00,22,23,6,6.425498575,428.152,428.152
24/03/2024 23:00,bounty_madera,31/03/2024 0:00,24/03/2024 0:00,23,24,6,5.68509695,439.563,439.563
25/03/2024 0:00,bounty_madera,31/03/2024 0:00,25/03/2024 0:00,0,1,0,4.778033642,390.831,390.831
25/03/2024 1:00,bounty_madera,31/03/2024 0:00,25/03/2024 0:00,1,2,0,4.656877533,341.362,341.362
25/03/2024 2:00,bounty_madera,31/03/2024 0:00,25/03/2024 0:00,2,3,0,4.4922891,314.34,314.34
25/03/2024 3:00,bounty_madera,31/03/2024 0:00,25/03/2024 0:00,3,4,0,3.8371526,302.172,302.172
25/03/2024 4:00,bounty_madera,31/03/2024 0:00,25/03/2024 0:00,4,5,0,4.515039517,320.935,320.935
25/03/2024 5:00,bounty_madera,31/03/2024 0:00,25/03/2024 0:00,5,6,0,4.358067725,359.724,359.724
25/03/2024 6:00,bounty_madera,31/03/2024 0:00,25/03/2024 0:00,6,7,0,3.776091617,415.842,415.842
25/03/2024 7:00,bounty_madera,31/03/2024 0:00,25/03/2024 0:00,7,8,0,3.417747467,491.803,491.803
25/03/2024 8:00,bounty_madera,31/03/2024 0:00,25/03/2024 0:00,8,9,0,4.209585358,524.614,524.614
25/03/2024 9:00,bounty_madera,31/03/2024 0:00,25/03/2024 0:00,9,10,0,3.820074042,554.508,554.508
25/03/2024 10:00,bounty_madera,31/03/2024 0:00,25/03/2024 0:00,10,11,0,4.34549265,575.723,575.723
25/03/2024 11:00,bounty_madera,31/03/2024 0:00,25/03/2024 0:00,11,12,0,3.646137083,557.723,557.723
25/03/2024 12:00,bounty_madera,31/03/2024 0:00,25/03/2024 0:00,12,13,0,3.9992877,574.882,574.882
25/03/2024 13:00,bounty_madera,31/03/2024 0:00,25/03/2024 0:00,13,14,0,8.537127033,599.905,599.905
25/03/2024 14:00,bounty_madera,31/03/2024 0:00,25/03/2024 0:00,14,15,0,11.02524793,585.089,585.089
25/03/2024 15:00,bounty_madera,31/03/2024 0:00,25/03/2024 0:00,15,16,0,26.73524518,565.786,565.786
25/03/2024 16:00,bounty_madera,31/03/2024 0:00,25/03/2024 0:00,16,17,0,15.22923889,565.993,565.993
25/03/2024 17:00,bounty_madera,31/03/2024 0:00,25/03/2024 0:00,17,18,0,5.917551592,563.816,563.816
25/03/2024 18:00,bounty_madera,31/03/2024 0:00,25/03/2024 0:00,18,19,0,12.41359628,492.261,492.261
25/03/2024 19:00,bounty_madera,31/03/2024 0:00,25/03/2024 0:00,19,20,0,11.71139708,460.555,460.555
25/03/2024 20:00,bounty_madera,31/03/2024 0:00,25/03/2024 0:00,20,21,0,15.32003107,439.4,439.4
25/03/2024 21:00,bounty_madera,31/03/2024 0:00,25/03/2024 0:00,21,22,0,10.95876892,439.092,439.092
25/03/2024 22:00,bounty_madera,31/03/2024 0:00,25/03/2024 0:00,22,23,0,7.134781733,423.973,423.973
25/03/2024 23:00,bounty_madera,31/03/2024 0:00,25/03/2024 0:00,23,24,0,5.721543958,440.101,440.101
26/03/2024 0:00,bounty_madera,30/04/2024 0:00,26/03/2024 0:00,0,1,1,7.132909567,373.28,373.28
26/03/2024 1:00,bounty_madera,30/04/2024 0:00,26/03/2024 0:00,1,2,1,4.88656685,302.77,302.77
26/03/2024 2:00,bounty_madera,30/04/2024 0:00,26/03/2024 0:00,2,3,1,4.844707,274.658,274.658
26/03/2024 3:00,bounty_madera,30/04/2024 0:00,26/03/2024 0:00,3,4,1,4.816648383,279.804,279.804
26/03/2024 4:00,bounty_madera,30/04/2024 0:00,26/03/2024 0:00,4,5,1,4.122151108,297.096,297.096
26/03/2024 5:00,bounty_madera,30/04/2024 0:00,26/03/2024 0:00,5,6,1,5.277450625,297.87,297.87
26/03/2024 6:00,bounty_madera,30/04/2024 0:00,26/03/2024 0:00,6,7,1,3.64743635,365.824,365.824
26/03/2024 7:00,bounty_madera,30/04/2024 0:00,26/03/2024 0:00,7,8,1,4.127759575,479.917,479.917
26/03/2024 8:00,bounty_madera,30/04/2024 0:00,26/03/2024 0:00,8,9,1,5.242776633,515.088,515.088
26/03/2024 9:00,bounty_madera,30/04/2024 0:00,26/03/2024 0:00,9,10,1,4.334537975,559.796,559.796
26/03/2024 10:00,bounty_madera,30/04/2024 0:00,26/03/2024 0:00,10,11,1,5.292891833,588.891,588.891
26/03/2024 11:00,bounty_madera,30/04/2024 0:00,26/03/2024 0:00,11,12,1,3.389431783,598.475,598.475
26/03/2024 12:00,bounty_madera,30/04/2024 0:00,26/03/2024 0:00,12,13,1,3.000002408,605.72,605.72
26/03/2024 13:00,bounty_madera,30/04/2024 0:00,26/03/2024 0:00,13,14,1,10.11878272,580.876,580.876
26/03/2024 14:00,bounty_madera,30/04/2024 0:00,26/03/2024 0:00,14,15,1,12.96638499,613.565,613.565
26/03/2024 15:00,bounty_madera,30/04/2024 0:00,26/03/2024 0:00,15,16,1,7.243739925,607.657,607.657
26/03/2024 16:00,bounty_madera,30/04/2024 0:00,26/03/2024 0:00,16,17,1,9.743550667,622.162,622.162
26/03/2024 17:00,bounty_madera,30/04/2024 0:00,26/03/2024 0:00,17,18,1,4.025868592,619.622,619.622
26/03/2024 18:00,bounty_madera,30/04/2024 0:00,26/03/2024 0:00,18,19,1,4.751016292,570.231,570.231
26/03/2024 19:00,bounty_madera,30/04/2024 0:00,26/03/2024 0:00,19,20,1,9.2389809,538.099,538.099
26/03/2024 20:00,bounty_madera,30/04/2024 0:00,26/03/2024 0:00,20,21,1,15.73567916,505.249,505.249
26/03/2024 21:00,bounty_madera,30/04/2024 0:00,26/03/2024 0:00,21,22,1,18.60715334,506.205,506.205
26/03/2024 22:00,bounty_madera,30/04/2024 0:00,26/03/2024 0:00,22,23,1,12.20877603,488.426,488.426
26/03/2024 23:00,bounty_madera,30/04/2024 0:00,26/03/2024 0:00,23,24,1,4.746240333,505.176,505.176
27/03/2024 0:00,bounty_madera,30/04/2024 0:00,27/03/2024 0:00,0,1,2,5.949767767,511.568,511.568
27/03/2024 1:00,bounty_madera,30/04/2024 0:00,27/03/2024 0:00,1,2,2,4.432047483,483.521,483.521
27/03/2024 2:00,bounty_madera,30/04/2024 0:00,27/03/2024 0:00,2,3,2,7.217314258,466.79,466.79
27/03/2024 3:00,bounty_madera,30/04/2024 0:00,27/03/2024 0:00,3,4,2,5.707351433,452.495,452.495
27/03/2024 4:00,bounty_madera,30/04/2024 0:00,27/03/2024 0:00,4,5,2,3.855718175,438.536,438.536
27/03/2024 5:00,bounty_madera,30/04/2024 0:00,27/03/2024 0:00,5,6,2,3.554058767,457.522,457.522
27/03/2024 6:00,bounty_madera,30/04/2024 0:00,27/03/2024 0:00,6,7,2,2.4314417,476.88,476.88
27/03/2024 7:00,bounty_madera,30/04/2024 0:00,27/03/2024 0:00,7,8,2,2.322730725,526.546,526.546
27/03/2024 8:00,bounty_madera,30/04/2024 0:00,27/03/2024 0:00,8,9,2,3.360169358,567.768,567.768
27/03/2024 9:00,bounty_madera,30/04/2024 0:00,27/03/2024 0:00,9,10,2,4.464840692,615.425,615.425
27/03/2024 10:00,bounty_madera,30/04/2024 0:00,27/03/2024 0:00,10,11,2,3.790397067,617.943,617.943
27/03/2024 11:00,bounty_madera,30/04/2024 0:00,27/03/2024 0:00,11,12,2,3.780217767,597.772,597.772
27/03/2024 12:00,bounty_madera,30/04/2024 0:00,27/03/2024 0:00,12,13,2,3.765885967,598.668,598.668
27/03/2024 13:00,bounty_madera,30/04/2024 0:00,27/03/2024 0:00,13,14,2,7.6757115,617.825,617.825
27/03/2024 14:00,bounty_madera,30/04/2024 0:00,27/03/2024 0:00,14,15,2,8.753868042,598.381,598.381
27/03/2024 15:00,bounty_madera,30/04/2024 0:00,27/03/2024 0:00,15,16,2,7.043458192,599.663,599.663
27/03/2024 16:00,bounty_madera,30/04/2024 0:00,27/03/2024 0:00,16,17,2,3.6830599,520.997,520.997
27/03/2024 17:00,bounty_madera,30/04/2024 0:00,27/03/2024 0:00,17,18,2,3.218864725,533.156,533.156
27/03/2024 18:00,bounty_madera,30/04/2024 0:00,27/03/2024 0:00,18,19,2,5.357214058,488.326,488.326
27/03/2024 19:00,bounty_madera,30/04/2024 0:00,27/03/2024 0:00,19,20,2,3.322423583,466.3,466.3
27/03/2024 20:00,bounty_madera,30/04/2024 0:00,27/03/2024 0:00,20,21,2,13.32566693,439.653,439.653
27/03/2024 21:00,bounty_madera,30/04/2024 0:00,27/03/2024 0:00,21,22,2,10.55824531,408.728,408.728
27/03/2024 22:00,bounty_madera,30/04/2024 0:00,27/03/2024 0:00,22,23,2,6.038212917,412.406,412.406
27/03/2024 23:00,bounty_madera,30/04/2024 0:00,27/03/2024 0:00,23,24,2,4.981798542,421.151,421.151
28/03/2024 0:00,bounty_madera,30/04/2024 0:00,28/03/2024 0:00,0,1,3,4.041703833,400.857,400.857
28/03/2024 1:00,bounty_madera,30/04/2024 0:00,28/03/2024 0:00,1,2,3,3.2516139,338.826,338.826
28/03/2024 2:00,bounty_madera,30/04/2024 0:00,28/03/2024 0:00,2,3,3,3.204295817,315.135,315.135
28/03/2024 3:00,bounty_madera,30/04/2024 0:00,28/03/2024 0:00,3,4,3,3.208475725,333.623,333.623
28/03/2024 4:00,bounty_madera,30/04/2024 0:00,28/03/2024 0:00,4,5,3,3.106302908,350.94,350.94
28/03/2024 5:00,bounty_madera,30/04/2024 0:00,28/03/2024 0:00,5,6,3,2.58259925,352.528,352.528
28/03/2024 6:00,bounty_madera,30/04/2024 0:00,28/03/2024 0:00,6,7,3,2.292228292,391.15,391.15
28/03/2024 7:00,bounty_madera,30/04/2024 0:00,28/03/2024 0:00,7,8,3,0.271540883,483.65,483.65
28/03/2024 8:00,bounty_madera,30/04/2024 0:00,28/03/2024 0:00,8,9,3,-1.505882083,508.808,508.808
28/03/2024 9:00,bounty_madera,30/04/2024 0:00,28/03/2024 0:00,9,10,3,-0.664022525,544.722,544.722
28/03/2024 10:00,bounty_madera,30/04/2024 0:00,28/03/2024 0:00,10,11,3,2.78669045,571.04,571.04
28/03/2024 11:00,bounty_madera,30/04/2024 0:00,28/03/2024 0:00,11,12,3,2.450471833,567.404,567.404
28/03/2024 12:00,bounty_madera,30/04/2024 0:00,28/03/2024 0:00,12,13,3,2.927234875,569.015,569.015
28/03/2024 13:00,bounty_madera,30/04/2024 0:00,28/03/2024 0:00,13,14,3,3.494517342,589.129,589.129
28/03/2024 14:00,bounty_madera,30/04/2024 0:00,28/03/2024 0:00,14,15,3,3.044323933,577.114,577.114
28/03/2024 15:00,bounty_madera,30/04/2024 0:00,28/03/2024 0:00,15,16,3,3.418934675,577.133,577.133
28/03/2024 16:00,bounty_madera,30/04/2024 0:00,28/03/2024 0:00,16,17,3,3.519627858,574.506,574.506
28/03/2024 17:00,bounty_madera,30/04/2024 0:00,28/03/2024 0:00,17,18,3,3.428223517,561.707,561.707
28/03/2024 18:00,bounty_madera,30/04/2024 0:00,28/03/2024 0:00,18,19,3,4.444688367,543.82,543.82
28/03/2024 19:00,bounty_madera,30/04/2024 0:00,28/03/2024 0:00,19,20,3,4.573924475,507.886,507.886
28/03/2024 20:00,bounty_madera,30/04/2024 0:00,28/03/2024 0:00,20,21,3,6.721530767,485.256,485.256
28/03/2024 21:00,bounty_madera,30/04/2024 0:00,28/03/2024 0:00,21,22,3,4.535826042,491.076,491.076
28/03/2024 22:00,bounty_madera,30/04/2024 0:00,28/03/2024 0:00,22,23,3,6.894156925,498.555,498.555
28/03/2024 23:00,bounty_madera,30/04/2024 0:00,28/03/2024 0:00,23,24,3,5.692896775,505.81,505.81
29/03/2024 0:00,bounty_madera,30/04/2024 0:00,29/03/2024 0:00,0,1,4,5.9909677,476.326,476.326
29/03/2024 1:00,bounty_madera,30/04/2024 0:00,29/03/2024 0:00,1,2,4,3.5084883,457.013,457.013
29/03/2024 2:00,bounty_madera,30/04/2024 0:00,29/03/2024 0:00,2,3,4,3.559007692,460.081,460.081
29/03/2024 3:00,bounty_madera,30/04/2024 0:00,29/03/2024 0:00,3,4,4,3.1076538,463.587,463.587
29/03/2024 4:00,bounty_madera,30/04/2024 0:00,29/03/2024 0:00,4,5,4,2.953831825,469.7,469.7
29/03/2024 5:00,bounty_madera,30/04/2024 0:00,29/03/2024 0:00,5,6,4,2.2506348,496.104,496.104
29/03/2024 6:00,bounty_madera,30/04/2024 0:00,29/03/2024 0:00,6,7,4,2.439738975,527.844,527.844
29/03/2024 7:00,bounty_madera,30/04/2024 0:00,29/03/2024 0:00,7,8,4,1.224504433,546.647,546.647
29/03/2024 8:00,bounty_madera,30/04/2024 0:00,29/03/2024 0:00,8,9,4,1.670264408,588.12,588.12
29/03/2024 9:00,bounty_madera,30/04/2024 0:00,29/03/2024 0:00,9,10,4,0.754702525,608.286,608.286
29/03/2024 10:00,bounty_madera,30/04/2024 0:00,29/03/2024 0:00,10,11,4,0.227130942,616.464,616.464
29/03/2024 11:00,bounty_madera,30/04/2024 0:00,29/03/2024 0:00,11,12,4,0.358563942,583.268,583.268
29/03/2024 12:00,bounty_madera,30/04/2024 0:00,29/03/2024 0:00,12,13,4,0.818048817,600.185,600.185
29/03/2024 13:00,bounty_madera,30/04/2024 0:00,29/03/2024 0:00,13,14,4,0.535408858,542.589,542.589
29/03/2024 14:00,bounty_madera,30/04/2024 0:00,29/03/2024 0:00,14,15,4,2.931789675,473.624,473.624
29/03/2024 15:00,bounty_madera,30/04/2024 0:00,29/03/2024 0:00,15,16,4,2.460364542,503.333,503.333
29/03/2024 16:00,bounty_madera,30/04/2024 0:00,29/03/2024 0:00,16,17,4,2.226894233,546.974,546.974
29/03/2024 17:00,bounty_madera,30/04/2024 0:00,29/03/2024 0:00,17,18,4,3.25822835,554.841,554.841
29/03/2024 18:00,bounty_madera,30/04/2024 0:00,29/03/2024 0:00,18,19,4,3.169391992,515.425,515.425
29/03/2024 19:00,bounty_madera,30/04/2024 0:00,29/03/2024 0:00,19,20,4,2.989905533,446.56,446.56
29/03/2024 20:00,bounty_madera,30/04/2024 0:00,29/03/2024 0:00,20,21,4,4.3133056,434.906,434.906
29/03/2024 21:00,bounty_madera,30/04/2024 0:00,29/03/2024 0:00,21,22,4,3.498137083,433.951,433.951
29/03/2024 22:00,bounty_madera,30/04/2024 0:00,29/03/2024 0:00,22,23,4,3.058769658,421.084,421.084
29/03/2024 23:00,bounty_madera,30/04/2024 0:00,29/03/2024 0:00,23,24,4,3.429775933,433.394,433.394
30/03/2024 0:00,bounty_madera,30/04/2024 0:00,30/03/2024 0:00,0,1,5,3.365258267,388.05,388.05
30/03/2024 1:00,bounty_madera,30/04/2024 0:00,30/03/2024 0:00,1,2,5,2.749281225,335.627,335.627
30/03/2024 2:00,bounty_madera,30/04/2024 0:00,30/03/2024 0:00,2,3,5,2.3115285,351.532,351.532
30/03/2024 3:00,bounty_madera,30/04/2024 0:00,30/03/2024 0:00,3,4,5,2.330736525,343.737,343.737
30/03/2024 4:00,bounty_madera,30/04/2024 0:00,30/03/2024 0:00,4,5,5,2.4320025,347.78,347.78
30/03/2024 5:00,bounty_madera,30/04/2024 0:00,30/03/2024 0:00,5,6,5,1.555177783,356.025,356.025
30/03/2024 6:00,bounty_madera,30/04/2024 0:00,30/03/2024 0:00,6,7,5,1.128076008,378.858,378.858
30/03/2024 7:00,bounty_madera,30/04/2024 0:00,30/03/2024 0:00,7,8,5,2.475534325,455.543,455.543
30/03/2024 8:00,bounty_madera,30/04/2024 0:00,30/03/2024 0:00,8,9,5,1.272714983,509.817,509.817
30/03/2024 9:00,bounty_madera,30/04/2024 0:00,30/03/2024 0:00,9,10,5,2.250539975,568.914,568.914
30/03/2024 10:00,bounty_madera,30/04/2024 0:00,30/03/2024 0:00,10,11,5,2.784221758,578.318,578.318
30/03/2024 11:00,bounty_madera,30/04/2024 0:00,30/03/2024 0:00,11,12,5,2.319879825,571.385,571.385
30/03/2024 12:00,bounty_madera,30/04/2024 0:00,30/03/2024 0:00,12,13,5,2.497246858,574.266,574.266
30/03/2024 13:00,bounty_madera,30/04/2024 0:00,30/03/2024 0:00,13,14,5,3.164454675,597.531,597.531
30/03/2024 14:00,bounty_madera,30/04/2024 0:00,30/03/2024 0:00,14,15,5,2.947800625,592.542,592.542
30/03/2024 15:00,bounty_madera,30/04/2024 0:00,30/03/2024 0:00,15,16,5,2.964326458,587.441,587.441
30/03/2024 16:00,bounty_madera,30/04/2024 0:00,30/03/2024 0:00,16,17,5,2.805234117,589.963,589.963
30/03/2024 17:00,bounty_madera,30/04/2024 0:00,30/03/2024 0:00,17,18,5,3.072782417,570.957,570.957
30/03/2024 18:00,bounty_madera,30/04/2024 0:00,30/03/2024 0:00,18,19,5,3.77329295,501.437,501.437
30/03/2024 19:00,bounty_madera,30/04/2024 0:00,30/03/2024 0:00,19,20,5,3.361558225,457.846,457.846
30/03/2024 20:00,bounty_madera,30/04/2024 0:00,30/03/2024 0:00,20,21,5,3.675310283,450.438,450.438
30/03/2024 21:00,bounty_madera,30/04/2024 0:00,30/03/2024 0:00,21,22,5,3.55258965,475.657,475.657
30/03/2024 22:00,bounty_madera,30/04/2024 0:00,30/03/2024 0:00,22,23,5,3.432582767,448.257,448.257
30/03/2024 23:00,bounty_madera,30/04/2024 0:00,30/03/2024 0:00,23,24,5,3.181754133,444.003,444.003
31/03/2024 0:00,bounty_madera,30/04/2024 0:00,31/03/2024 0:00,0,1,6,3.3384043,390.457,390.457
31/03/2024 1:00,bounty_madera,30/04/2024 0:00,31/03/2024 0:00,1,2,6,3.082564033,335.399,335.399
31/03/2024 2:00,bounty_madera,30/04/2024 0:00,31/03/2024 0:00,2,3,6,2.84227275,293.092,293.092
31/03/2024 3:00,bounty_madera,30/04/2024 0:00,31/03/2024 0:00,3,4,6,2.7753496,283.029,283.029
31/03/2024 4:00,bounty_madera,30/04/2024 0:00,31/03/2024 0:00,4,5,6,2.590692667,283.396,283.396
31/03/2024 5:00,bounty_madera,30/04/2024 0:00,31/03/2024 0:00,5,6,6,2.527571133,300.213,300.213
31/03/2024 6:00,bounty_madera,30/04/2024 0:00,31/03/2024 0:00,6,7,6,0.763401408,322.354,322.354
31/03/2024 7:00,bounty_madera,30/04/2024 0:00,31/03/2024 0:00,7,8,6,1.9744842,443.179,443.179
31/03/2024 8:00,bounty_madera,30/04/2024 0:00,31/03/2024 0:00,8,9,6,2.978688458,489.101,489.101
31/03/2024 9:00,bounty_madera,30/04/2024 0:00,31/03/2024 0:00,9,10,6,3.164323133,528.948,528.948
31/03/2024 10:00,bounty_madera,30/04/2024 0:00,31/03/2024 0:00,10,11,6,2.993869425,552.993,552.993
31/03/2024 11:00,bounty_madera,30/04/2024 0:00,31/03/2024 0:00,11,12,6,2.913526958,533.345,533.345
31/03/2024 12:00,bounty_madera,30/04/2024 0:00,31/03/2024 0:00,12,13,6,2.859187117,544.542,544.542
31/03/2024 13:00,bounty_madera,30/04/2024 0:00,31/03/2024 0:00,13,14,6,2.809780367,526.43,526.43
31/03/2024 14:00,bounty_madera,30/04/2024 0:00,31/03/2024 0:00,14,15,6,3.419382067,538.406,538.406
31/03/2024 15:00,bounty_madera,30/04/2024 0:00,31/03/2024 0:00,15,16,6,3.647165183,522.845,522.845
31/03/2024 16:00,bounty_madera,30/04/2024 0:00,31/03/2024 0:00,16,17,6,3.706700258,527.739,527.739
31/03/2024 17:00,bounty_madera,30/04/2024 0:00,31/03/2024 0:00,17,18,6,4.059907517,509.595,509.595
31/03/2024 18:00,bounty_madera,30/04/2024 0:00,31/03/2024 0:00,18,19,6,5.383006233,494.155,494.155
31/03/2024 19:00,bounty_madera,30/04/2024 0:00,31/03/2024 0:00,19,20,6,5.276141,435.447,435.447
31/03/2024 20:00,bounty_madera,30/04/2024 0:00,31/03/2024 0:00,20,21,6,4.733248133,425.329,425.329
31/03/2024 21:00,bounty_madera,30/04/2024 0:00,31/03/2024 0:00,21,22,6,4.607889808,434.834,434.834
31/03/2024 22:00,bounty_madera,30/04/2024 0:00,31/03/2024 0:00,22,23,6,4.678177333,431.756,431.756
31/03/2024 23:00,bounty_madera,30/04/2024 0:00,31/03/2024 0:00,23,24,6,3.800253658,484.378,484.378
01/04/2024 0:00,bounty_madera,30/04/2024 0:00,01/04/2024 0:00,0,1,0,3.428873367,435.45,435.45
01/04/2024 1:00,bounty_madera,30/04/2024 0:00,01/04/2024 0:00,1,2,0,3.385581508,351.995,351.995
01/04/2024 2:00,bounty_madera,30/04/2024 0:00,01/04/2024 0:00,2,3,0,3.120647867,320.242,320.242
01/04/2024 3:00,bounty_madera,30/04/2024 0:00,01/04/2024 0:00,3,4,0,3.146381508,316.511,316.511
01/04/2024 4:00,bounty_madera,30/04/2024 0:00,01/04/2024 0:00,4,5,0,3.22964435,304.206,304.206
01/04/2024 5:00,bounty_madera,30/04/2024 0:00,01/04/2024 0:00,5,6,0,3.199089508,330.255,330.255
01/04/2024 6:00,bounty_madera,30/04/2024 0:00,01/04/2024 0:00,6,7,0,2.35888075,349.571,349.571
01/04/2024 7:00,bounty_madera,30/04/2024 0:00,01/04/2024 0:00,7,8,0,2.51395625,439.531,439.531
01/04/2024 8:00,bounty_madera,30/04/2024 0:00,01/04/2024 0:00,8,9,0,3.602286742,511.06,511.06
01/04/2024 9:00,bounty_madera,30/04/2024 0:00,01/04/2024 0:00,9,10,0,3.551336958,576.694,576.694
01/04/2024 10:00,bounty_madera,30/04/2024 0:00,01/04/2024 0:00,10,11,0,3.658249892,594.893,594.893
01/04/2024 11:00,bounty_madera,30/04/2024 0:00,01/04/2024 0:00,11,12,0,4.047479625,582.011,582.011
01/04/2024 12:00,bounty_madera,30/04/2024 0:00,01/04/2024 0:00,12,13,0,3.889631417,590.081,590.081
01/04/2024 13:00,bounty_madera,30/04/2024 0:00,01/04/2024 0:00,13,14,0,8.644612583,615.045,615.045
01/04/2024 14:00,bounty_madera,30/04/2024 0:00,01/04/2024 0:00,14,15,0,5.831238925,611.133,611.133
01/04/2024 15:00,bounty_madera,30/04/2024 0:00,01/04/2024 0:00,15,16,0,10.43811079,591.015,591.015
01/04/2024 16:00,bounty_madera,30/04/2024 0:00,01/04/2024 0:00,16,17,0,9.342208667,587.467,587.467
01/04/2024 17:00,bounty_madera,30/04/2024 0:00,01/04/2024 0:00,17,18,0,4.865527492,567.31,567.31
01/04/2024 18:00,bounty_madera,30/04/2024 0:00,01/04/2024 0:00,18,19,0,6.353264692,492.576,492.576
01/04/2024 19:00,bounty_madera,30/04/2024 0:00,01/04/2024 0:00,19,20,0,6.966604825,489.369,489.369
01/04/2024 20:00,bounty_madera,30/04/2024 0:00,01/04/2024 0:00,20,21,0,8.515102425,463.622,463.622
01/04/2024 21:00,bounty_madera,30/04/2024 0:00,01/04/2024 0:00,21,22,0,6.395445108,472.689,472.689
01/04/2024 22:00,bounty_madera,30/04/2024 0:00,01/04/2024 0:00,22,23,0,7.577057892,457.938,457.938
01/04/2024 23:00,bounty_madera,30/04/2024 0:00,01/04/2024 0:00,23,24,0,5.529799525,469.72,469.72
02/04/2024 0:00,bounty_madera,30/04/2024 0:00,02/04/2024 0:00,0,1,1,8.817384825,428.975,428.975
02/04/2024 1:00,bounty_madera,30/04/2024 0:00,02/04/2024 0:00,1,2,1,4.25833225,369.121,369.121
02/04/2024 2:00,bounty_madera,30/04/2024 0:00,02/04/2024 0:00,2,3,1,3.614263767,324.327,324.327
02/04/2024 3:00,bounty_madera,30/04/2024 0:00,02/04/2024 0:00,3,4,1,3.595909842,298.44,298.44
02/04/2024 4:00,bounty_madera,30/04/2024 0:00,02/04/2024 0:00,4,5,1,3.971358117,292.368,292.368
02/04/2024 5:00,bounty_madera,30/04/2024 0:00,02/04/2024 0:00,5,6,1,3.715733917,310.758,310.758
02/04/2024 6:00,bounty_madera,30/04/2024 0:00,02/04/2024 0:00,6,7,1,2.458526858,336.89,336.89
02/04/2024 7:00,bounty_madera,30/04/2024 0:00,02/04/2024 0:00,7,8,1,2.599832158,471.172,471.172
02/04/2024 8:00,bounty_madera,30/04/2024 0:00,02/04/2024 0:00,8,9,1,3.621241133,528.496,528.496
02/04/2024 9:00,bounty_madera,30/04/2024 0:00,02/04/2024 0:00,9,10,1,3.515177,563.129,563.129
02/04/2024 10:00,bounty_madera,30/04/2024 0:00,02/04/2024 0:00,10,11,1,4.104393183,592.808,592.808
02/04/2024 11:00,bounty_madera,30/04/2024 0:00,02/04/2024 0:00,11,12,1,3.603253383,593.878,593.878
02/04/2024 12:00,bounty_madera,30/04/2024 0:00,02/04/2024 0:00,12,13,1,3.369082942,603.057,603.057
02/04/2024 13:00,bounty_madera,30/04/2024 0:00,02/04/2024 0:00,13,14,1,6.2671523,609.004,609.004
02/04/2024 14:00,bounty_madera,30/04/2024 0:00,02/04/2024 0:00,14,15,1,7.678607358,600.793,600.793
02/04/2024 15:00,bounty_madera,30/04/2024 0:00,02/04/2024 0:00,15,16,1,12.23538508,609.61,609.61
02/04/2024 16:00,bounty_madera,30/04/2024 0:00,02/04/2024 0:00,16,17,1,7.91752655,576.924,576.924
02/04/2024 17:00,bounty_madera,30/04/2024 0:00,02/04/2024 0:00,17,18,1,5.402893975,556.223,556.223
02/04/2024 18:00,bounty_madera,30/04/2024 0:00,02/04/2024 0:00,18,19,1,5.925417392,503.277,503.277
02/04/2024 19:00,bounty_madera,30/04/2024 0:00,02/04/2024 0:00,19,20,1,5.030465767,443.704,443.704
02/04/2024 20:00,bounty_madera,30/04/2024 0:00,02/04/2024 0:00,20,21,1,9.420772792,426.338,426.338
02/04/2024 21:00,bounty_madera,30/04/2024 0:00,02/04/2024 0:00,21,22,1,8.1265343,418.653,418.653
02/04/2024 22:00,bounty_madera,30/04/2024 0:00,02/04/2024 0:00,22,23,1,8.140907608,394.581,394.581
02/04/2024 23:00,bounty_madera,30/04/2024 0:00,02/04/2024 0:00,23,24,1,5.36279135,416.467,416.467
03/04/2024 0:00,bounty_madera,30/04/2024 0:00,03/04/2024 0:00,0,1,2,6.027385,324.488,324.488
03/04/2024 1:00,bounty_madera,30/04/2024 0:00,03/04/2024 0:00,1,2,2,4.021131125,271.705,271.705
03/04/2024 2:00,bounty_madera,30/04/2024 0:00,03/04/2024 0:00,2,3,2,3.658558767,253.497,253.497
03/04/2024 3:00,bounty_madera,30/04/2024 0:00,03/04/2024 0:00,3,4,2,3.783740175,258.729,258.729
03/04/2024 4:00,bounty_madera,30/04/2024 0:00,03/04/2024 0:00,4,5,2,4.052149675,242.743,242.743
03/04/2024 5:00,bounty_madera,30/04/2024 0:00,03/04/2024 0:00,5,6,2,3.645643717,2.848,2.848
03/04/2024 6:00,bounty_madera,30/04/2024 0:00,03/04/2024 0:00,6,7,2,2.173942508,0,0
03/04/2024 7:00,bounty_madera,30/04/2024 0:00,03/04/2024 0:00,7,8,2,2.925944667,0,0
03/04/2024 8:00,bounty_madera,30/04/2024 0:00,03/04/2024 0:00,8,9,2,3.424992317,0,0
03/04/2024 9:00,bounty_madera,30/04/2024 0:00,03/04/2024 0:00,9,10,2,2.956770717,0,0
03/04/2024 10:00,bounty_madera,30/04/2024 0:00,03/04/2024 0:00,10,11,2,3.659272183,0,0
03/04/2024 11:00,bounty_madera,30/04/2024 0:00,03/04/2024 0:00,11,12,2,3.600347292,0,0
03/04/2024 12:00,bounty_madera,30/04/2024 0:00,03/04/2024 0:00,12,13,2,3.528518817,0,0
03/04/2024 13:00,bounty_madera,30/04/2024 0:00,03/04/2024 0:00,13,14,2,7.551596942,0,0
03/04/2024 14:00,bounty_madera,30/04/2024 0:00,03/04/2024 0:00,14,15,2,7.495956367,0,0
03/04/2024 15:00,bounty_madera,30/04/2024 0:00,03/04/2024 0:00,15,16,2,9.1332418,0,0
03/04/2024 16:00,bounty_madera,30/04/2024 0:00,03/04/2024 0:00,16,17,2,9.537145267,0,0
03/04/2024 17:00,bounty_madera,30/04/2024 0:00,03/04/2024 0:00,17,18,2,4.1053572,0,0
03/04/2024 18:00,bounty_madera,30/04/2024 0:00,03/04/2024 0:00,18,19,2,9.548918933,0,0
03/04/2024 19:00,bounty_madera,30/04/2024 0:00,03/04/2024 0:00,19,20,2,7.240067758,404.892,404.892
03/04/2024 20:00,bounty_madera,30/04/2024 0:00,03/04/2024 0:00,20,21,2,10.41390239,435.522,435.522
03/04/2024 21:00,bounty_madera,30/04/2024 0:00,03/04/2024 0:00,21,22,2,6.843571908,435.619,435.619
03/04/2024 22:00,bounty_madera,30/04/2024 0:00,03/04/2024 0:00,22,23,2,5.64829295,412.96,412.96
03/04/2024 23:00,bounty_madera,30/04/2024 0:00,03/04/2024 0:00,23,24,2,6.437878092,419.169,419.169
04/04/2024 0:00,bounty_madera,30/04/2024 0:00,04/04/2024 0:00,0,1,3,6.892696592,375.361,375.361
04/04/2024 1:00,bounty_madera,30/04/2024 0:00,04/04/2024 0:00,1,2,3,4.150614933,296.983,296.983
04/04/2024 2:00,bounty_madera,30/04/2024 0:00,04/04/2024 0:00,2,3,3,3.6291781,280.87,280.87
04/04/2024 3:00,bounty_madera,30/04/2024 0:00,04/04/2024 0:00,3,4,3,3.661464225,269.695,269.695
04/04/2024 4:00,bounty_madera,30/04/2024 0:00,04/04/2024 0:00,4,5,3,4.738512925,277.179,277.179
04/04/2024 5:00,bounty_madera,30/04/2024 0:00,04/04/2024 0:00,5,6,3,3.687096625,297.015,297.015
04/04/2024 6:00,bounty_madera,30/04/2024 0:00,04/04/2024 0:00,6,7,3,2.920220442,325.222,325.222
04/04/2024 7:00,bounty_madera,30/04/2024 0:00,04/04/2024 0:00,7,8,3,3.199394975,442.672,442.672
04/04/2024 8:00,bounty_madera,30/04/2024 0:00,04/04/2024 0:00,8,9,3,3.747488342,473.348,473.348
04/04/2024 9:00,bounty_madera,30/04/2024 0:00,04/04/2024 0:00,9,10,3,3.7052739,526.092,526.092
04/04/2024 10:00,bounty_madera,30/04/2024 0:00,04/04/2024 0:00,10,11,3,6.450677725,569.284,569.284
04/04/2024 11:00,bounty_madera,30/04/2024 0:00,04/04/2024 0:00,11,12,3,4.759163108,554.29,554.29
04/04/2024 12:00,bounty_madera,30/04/2024 0:00,04/04/2024 0:00,12,13,3,4.198383658,581.635,581.635
04/04/2024 13:00,bounty_madera,30/04/2024 0:00,04/04/2024 0:00,13,14,3,10.29918163,604.654,604.654
04/04/2024 14:00,bounty_madera,30/04/2024 0:00,04/04/2024 0:00,14,15,3,10.2223683,597.551,597.551
04/04/2024 15:00,bounty_madera,30/04/2024 0:00,04/04/2024 0:00,15,16,3,8.988637208,587.232,587.232
04/04/2024 16:00,bounty_madera,30/04/2024 0:00,04/04/2024 0:00,16,17,3,16.16698419,619.984,619.984
04/04/2024 17:00,bounty_madera,30/04/2024 0:00,04/04/2024 0:00,17,18,3,10.12159667,577.874,577.874
04/04/2024 18:00,bounty_madera,30/04/2024 0:00,04/04/2024 0:00,18,19,3,19.03610303,531.637,531.637
04/04/2024 19:00,bounty_madera,30/04/2024 0:00,04/04/2024 0:00,19,20,3,23.64855016,518.824,518.824
04/04/2024 20:00,bounty_madera,30/04/2024 0:00,04/04/2024 0:00,20,21,3,27.10988109,478.915,478.915
04/04/2024 21:00,bounty_madera,30/04/2024 0:00,04/04/2024 0:00,21,22,3,30.14570318,461.955,461.955
04/04/2024 22:00,bounty_madera,30/04/2024 0:00,04/04/2024 0:00,22,23,3,18.80673533,454.386,454.386
04/04/2024 23:00,bounty_madera,30/04/2024 0:00,04/04/2024 0:00,23,24,3,12.41400368,480.942,480.942
05/04/2024 0:00,bounty_madera,30/04/2024 0:00,05/04/2024 0:00,0,1,4,7.4830885,462.848,462.848
05/04/2024 1:00,bounty_madera,30/04/2024 0:00,05/04/2024 0:00,1,2,4,6.154660342,404.375,404.375
05/04/2024 2:00,bounty_madera,30/04/2024 0:00,05/04/2024 0:00,2,3,4,6.754685125,368.142,368.142
05/04/2024 3:00,bounty_madera,30/04/2024 0:00,05/04/2024 0:00,3,4,4,4.0791259,323.752,323.752
05/04/2024 4:00,bounty_madera,30/04/2024 0:00,05/04/2024 0:00,4,5,4,4.232808383,307.586,307.586
05/04/2024 5:00,bounty_madera,30/04/2024 0:00,05/04/2024 0:00,5,6,4,4.6279357,316.299,316.299
05/04/2024 6:00,bounty_madera,30/04/2024 0:00,05/04/2024 0:00,6,7,4,2.757341517,346.254,346.254
05/04/2024 7:00,bounty_madera,30/04/2024 0:00,05/04/2024 0:00,7,8,4,3.363144258,491.371,491.371
05/04/2024 8:00,bounty_madera,30/04/2024 0:00,05/04/2024 0:00,8,9,4,5.450345667,500.206,500.206
05/04/2024 9:00,bounty_madera,30/04/2024 0:00,05/04/2024 0:00,9,10,4,3.866638542,536.559,536.559
05/04/2024 10:00,bounty_madera,30/04/2024 0:00,05/04/2024 0:00,10,11,4,4.463105933,572.879,572.879
05/04/2024 11:00,bounty_madera,30/04/2024 0:00,05/04/2024 0:00,11,12,4,4.608228708,552.382,552.382
05/04/2024 12:00,bounty_madera,30/04/2024 0:00,05/04/2024 0:00,12,13,4,9.102203967,576.185,576.185
05/04/2024 13:00,bounty_madera,30/04/2024 0:00,05/04/2024 0:00,13,14,4,11.0684645,619.33,619.33
05/04/2024 14:00,bounty_madera,30/04/2024 0:00,05/04/2024 0:00,14,15,4,9.52525215,614.6,614.6
05/04/2024 15:00,bounty_madera,30/04/2024 0:00,05/04/2024 0:00,15,16,4,11.90324058,589.474,589.474
05/04/2024 16:00,bounty_madera,30/04/2024 0:00,05/04/2024 0:00,16,17,4,7.1397055,595.759,595.759
05/04/2024 17:00,bounty_madera,30/04/2024 0:00,05/04/2024 0:00,17,18,4,4.650487575,552.418,552.418
05/04/2024 18:00,bounty_madera,30/04/2024 0:00,05/04/2024 0:00,18,19,4,7.000168058,489.066,489.066
05/04/2024 19:00,bounty_madera,30/04/2024 0:00,05/04/2024 0:00,19,20,4,4.328659083,456.552,456.552
05/04/2024 20:00,bounty_madera,30/04/2024 0:00,05/04/2024 0:00,20,21,4,11.60364333,427.543,427.543
05/04/2024 21:00,bounty_madera,30/04/2024 0:00,05/04/2024 0:00,21,22,4,9.536404717,444.003,444.003
05/04/2024 22:00,bounty_madera,30/04/2024 0:00,05/04/2024 0:00,22,23,4,7.123007867,422.152,422.152
05/04/2024 23:00,bounty_madera,30/04/2024 0:00,05/04/2024 0:00,23,24,4,9.04829665,447.139,447.139
06/04/2024 0:00,bounty_madera,30/04/2024 0:00,06/04/2024 0:00,0,1,5,4.267137667,400.234,400.234
06/04/2024 1:00,bounty_madera,30/04/2024 0:00,06/04/2024 0:00,1,2,5,4.792047617,329.159,329.159
06/04/2024 2:00,bounty_madera,30/04/2024 0:00,06/04/2024 0:00,2,3,5,4.893773633,315.332,315.332
06/04/2024 3:00,bounty_madera,30/04/2024 0:00,06/04/2024 0:00,3,4,5,4.498395517,312.875,312.875
06/04/2024 4:00,bounty_madera,30/04/2024 0:00,06/04/2024 0:00,4,5,5,4.195899133,350.459,350.459
06/04/2024 5:00,bounty_madera,30/04/2024 0:00,06/04/2024 0:00,5,6,5,3.651145142,379.075,379.075
06/04/2024 6:00,bounty_madera,30/04/2024 0:00,06/04/2024 0:00,6,7,5,2.903334342,394.422,394.422
06/04/2024 7:00,bounty_madera,30/04/2024 0:00,06/04/2024 0:00,7,8,5,2.907910658,471.807,471.807
06/04/2024 8:00,bounty_madera,30/04/2024 0:00,06/04/2024 0:00,8,9,5,3.451331017,490.359,490.359
06/04/2024 9:00,bounty_madera,30/04/2024 0:00,06/04/2024 0:00,9,10,5,3.573251467,548.787,548.787
06/04/2024 10:00,bounty_madera,30/04/2024 0:00,06/04/2024 0:00,10,11,5,3.770816025,597.034,597.034
06/04/2024 11:00,bounty_madera,30/04/2024 0:00,06/04/2024 0:00,11,12,5,3.904296358,573.144,573.144
06/04/2024 12:00,bounty_madera,30/04/2024 0:00,06/04/2024 0:00,12,13,5,3.600808375,577.919,577.919
06/04/2024 13:00,bounty_madera,30/04/2024 0:00,06/04/2024 0:00,13,14,5,3.910585383,592.255,592.255
06/04/2024 14:00,bounty_madera,30/04/2024 0:00,06/04/2024 0:00,14,15,5,5.257869933,586.831,586.831
06/04/2024 15:00,bounty_madera,30/04/2024 0:00,06/04/2024 0:00,15,16,5,4.841668808,569.718,569.718
06/04/2024 16:00,bounty_madera,30/04/2024 0:00,06/04/2024 0:00,16,17,5,4.559839542,555.464,555.464
06/04/2024 17:00,bounty_madera,30/04/2024 0:00,06/04/2024 0:00,17,18,5,3.612005108,529.76,529.76
06/04/2024 18:00,bounty_madera,30/04/2024 0:00,06/04/2024 0:00,18,19,5,6.461563858,497.649,497.649
06/04/2024 19:00,bounty_madera,30/04/2024 0:00,06/04/2024 0:00,19,20,5,5.673224917,463,463
06/04/2024 20:00,bounty_madera,30/04/2024 0:00,06/04/2024 0:00,20,21,5,11.12122931,441.374,441.374
06/04/2024 21:00,bounty_madera,30/04/2024 0:00,06/04/2024 0:00,21,22,5,5.697101933,429.81,429.81
06/04/2024 22:00,bounty_madera,30/04/2024 0:00,06/04/2024 0:00,22,23,5,5.685973642,394.077,394.077
06/04/2024 23:00,bounty_madera,30/04/2024 0:00,06/04/2024 0:00,23,24,5,5.462067475,403.456,403.456
07/04/2024 0:00,bounty_madera,30/04/2024 0:00,07/04/2024 0:00,0,1,6,5.235599267,340.649,340.649
07/04/2024 1:00,bounty_madera,30/04/2024 0:00,07/04/2024 0:00,1,2,6,4.863380283,272.219,272.219
07/04/2024 2:00,bounty_madera,30/04/2024 0:00,07/04/2024 0:00,2,3,6,4.988408992,263.122,263.122
07/04/2024 3:00,bounty_madera,30/04/2024 0:00,07/04/2024 0:00,3,4,6,5.039340758,262.209,262.209
07/04/2024 4:00,bounty_madera,30/04/2024 0:00,07/04/2024 0:00,4,5,6,5.01566585,279.426,279.426
07/04/2024 5:00,bounty_madera,30/04/2024 0:00,07/04/2024 0:00,5,6,6,5.22836625,310.121,310.121
07/04/2024 6:00,bounty_madera,30/04/2024 0:00,07/04/2024 0:00,6,7,6,4.643804833,340.032,340.032
07/04/2024 7:00,bounty_madera,30/04/2024 0:00,07/04/2024 0:00,7,8,6,3.719301767,464.949,464.949
07/04/2024 8:00,bounty_madera,30/04/2024 0:00,07/04/2024 0:00,8,9,6,4.029378025,507.47,507.47
07/04/2024 9:00,bounty_madera,30/04/2024 0:00,07/04/2024 0:00,9,10,6,4.238762625,553.619,553.619
07/04/2024 10:00,bounty_madera,30/04/2024 0:00,07/04/2024 0:00,10,11,6,3.845087475,582.636,582.636
07/04/2024 11:00,bounty_madera,30/04/2024 0:00,07/04/2024 0:00,11,12,6,3.375265283,567.732,567.732
07/04/2024 12:00,bounty_madera,30/04/2024 0:00,07/04/2024 0:00,12,13,6,3.732175442,594.819,594.819
07/04/2024 13:00,bounty_madera,30/04/2024 0:00,07/04/2024 0:00,13,14,6,4.256542117,604.225,604.225
07/04/2024 14:00,bounty_madera,30/04/2024 0:00,07/04/2024 0:00,14,15,6,6.0812768,599.294,599.294
07/04/2024 15:00,bounty_madera,30/04/2024 0:00,07/04/2024 0:00,15,16,6,6.439701775,585.788,585.788
07/04/2024 16:00,bounty_madera,30/04/2024 0:00,07/04/2024 0:00,16,17,6,4.385056575,584.564,584.564
07/04/2024 17:00,bounty_madera,30/04/2024 0:00,07/04/2024 0:00,17,18,6,4.842804442,562.603,562.603
07/04/2024 18:00,bounty_madera,30/04/2024 0:00,07/04/2024 0:00,18,19,6,5.37009765,532.661,532.661
07/04/2024 19:00,bounty_madera,30/04/2024 0:00,07/04/2024 0:00,19,20,6,5.347600108,513.442,513.442
07/04/2024 20:00,bounty_madera,30/04/2024 0:00,07/04/2024 0:00,20,21,6,6.912110267,481.333,481.333
07/04/2024 21:00,bounty_madera,30/04/2024 0:00,07/04/2024 0:00,21,22,6,10.52671735,484.507,484.507
07/04/2024 22:00,bounty_madera,30/04/2024 0:00,07/04/2024 0:00,22,23,6,6.065962025,465.162,465.162
07/04/2024 23:00,bounty_madera,30/04/2024 0:00,07/04/2024 0:00,23,24,6,5.149124417,493.584,493.584
08/04/2024 0:00,bounty_madera,30/04/2024 0:00,08/04/2024 0:00,0,1,0,4.313151225,455.468,455.468
08/04/2024 1:00,bounty_madera,30/04/2024 0:00,08/04/2024 0:00,1,2,0,4.327964492,392.974,392.974
08/04/2024 2:00,bounty_madera,30/04/2024 0:00,08/04/2024 0:00,2,3,0,3.931206933,359.151,359.151
08/04/2024 3:00,bounty_madera,30/04/2024 0:00,08/04/2024 0:00,3,4,0,3.600817442,321.219,321.219
08/04/2024 4:00,bounty_madera,30/04/2024 0:00,08/04/2024 0:00,4,5,0,5.229036825,325.18,325.18
08/04/2024 5:00,bounty_madera,30/04/2024 0:00,08/04/2024 0:00,5,6,0,3.739812108,318.286,318.286
08/04/2024 6:00,bounty_madera,30/04/2024 0:00,08/04/2024 0:00,6,7,0,2.214951142,364.06,364.06
08/04/2024 7:00,bounty_madera,30/04/2024 0:00,08/04/2024 0:00,7,8,0,2.963275325,458.685,458.685
08/04/2024 8:00,bounty_madera,30/04/2024 0:00,08/04/2024 0:00,8,9,0,3.450357392,516.142,516.142
08/04/2024 9:00,bounty_madera,30/04/2024 0:00,08/04/2024 0:00,9,10,0,3.191275117,570.868,570.868
08/04/2024 10:00,bounty_madera,30/04/2024 0:00,08/04/2024 0:00,10,11,0,10.70984045,610.306,610.306
08/04/2024 11:00,bounty_madera,30/04/2024 0:00,08/04/2024 0:00,11,12,0,5.520004492,581.523,581.523
08/04/2024 12:00,bounty_madera,30/04/2024 0:00,08/04/2024 0:00,12,13,0,7.781239758,594.034,594.034
08/04/2024 13:00,bounty_madera,30/04/2024 0:00,08/04/2024 0:00,13,14,0,20.21666337,616.24,616.24
08/04/2024 14:00,bounty_madera,30/04/2024 0:00,08/04/2024 0:00,14,15,0,27.40453776,601.797,601.797
08/04/2024 15:00,bounty_madera,30/04/2024 0:00,08/04/2024 0:00,15,16,0,25.30392497,600.406,600.406
08/04/2024 16:00,bounty_madera,30/04/2024 0:00,08/04/2024 0:00,16,17,0,11.60723903,600.257,600.257
08/04/2024 17:00,bounty_madera,30/04/2024 0:00,08/04/2024 0:00,17,18,0,4.917047567,585.101,585.101
08/04/2024 18:00,bounty_madera,30/04/2024 0:00,08/04/2024 0:00,18,19,0,6.319385983,558.227,558.227
08/04/2024 19:00,bounty_madera,30/04/2024 0:00,08/04/2024 0:00,19,20,0,8.86697995,535.847,535.847
08/04/2024 20:00,bounty_madera,30/04/2024 0:00,08/04/2024 0:00,20,21,0,14.40711916,513.491,513.491
08/04/2024 21:00,bounty_madera,30/04/2024 0:00,08/04/2024 0:00,21,22,0,10.43214774,485.436,485.436
08/04/2024 22:00,bounty_madera,30/04/2024 0:00,08/04/2024 0:00,22,23,0,9.12408095,452.247,452.247
08/04/2024 23:00,bounty_madera,30/04/2024 0:00,08/04/2024 0:00,23,24,0,8.013545658,486.385,486.385
09/04/2024 0:00,bounty_madera,30/04/2024 0:00,09/04/2024 0:00,0,1,1,5.538343525,463.629,463.629
09/04/2024 1:00,bounty_madera,30/04/2024 0:00,09/04/2024 0:00,1,2,1,5.060246942,407.463,407.463
09/04/2024 2:00,bounty_madera,30/04/2024 0:00,09/04/2024 0:00,2,3,1,4.935137583,388.189,388.189
09/04/2024 3:00,bounty_madera,30/04/2024 0:00,09/04/2024 0:00,3,4,1,4.672708867,345.072,345.072
09/04/2024 4:00,bounty_madera,30/04/2024 0:00,09/04/2024 0:00,4,5,1,4.314353125,339.324,339.324
09/04/2024 5:00,bounty_madera,30/04/2024 0:00,09/04/2024 0:00,5,6,1,3.893523058,356.657,356.657
09/04/2024 6:00,bounty_madera,30/04/2024 0:00,09/04/2024 0:00,6,7,1,3.216816575,390.545,390.545
09/04/2024 7:00,bounty_madera,30/04/2024 0:00,09/04/2024 0:00,7,8,1,2.751547083,473.357,473.357
09/04/2024 8:00,bounty_madera,30/04/2024 0:00,09/04/2024 0:00,8,9,1,3.238945275,505.912,505.912
09/04/2024 9:00,bounty_madera,30/04/2024 0:00,09/04/2024 0:00,9,10,1,3.207038867,562.842,562.842
09/04/2024 10:00,bounty_madera,30/04/2024 0:00,09/04/2024 0:00,10,11,1,5.353853242,595.207,595.207
09/04/2024 11:00,bounty_madera,30/04/2024 0:00,09/04/2024 0:00,11,12,1,3.712881883,574.4,574.4
09/04/2024 12:00,bounty_madera,30/04/2024 0:00,09/04/2024 0:00,12,13,1,3.11051775,552.142,552.142
09/04/2024 13:00,bounty_madera,30/04/2024 0:00,09/04/2024 0:00,13,14,1,5.6896131,595.632,595.632
09/04/2024 14:00,bounty_madera,30/04/2024 0:00,09/04/2024 0:00,14,15,1,8.895512225,588.407,588.407
09/04/2024 15:00,bounty_madera,30/04/2024 0:00,09/04/2024 0:00,15,16,1,10.21313002,587.071,587.071
09/04/2024 16:00,bounty_madera,30/04/2024 0:00,09/04/2024 0:00,16,17,1,7.791354258,600.029,600.029
09/04/2024 17:00,bounty_madera,30/04/2024 0:00,09/04/2024 0:00,17,18,1,5.177967992,590.445,590.445
09/04/2024 18:00,bounty_madera,30/04/2024 0:00,09/04/2024 0:00,18,19,1,8.615329258,561.692,561.692
09/04/2024 19:00,bounty_madera,30/04/2024 0:00,09/04/2024 0:00,19,20,1,4.79231245,521.153,521.153
09/04/2024 20:00,bounty_madera,30/04/2024 0:00,09/04/2024 0:00,20,21,1,11.68971501,504.785,504.785
09/04/2024 21:00,bounty_madera,30/04/2024 0:00,09/04/2024 0:00,21,22,1,8.078171433,479.44,479.44
09/04/2024 22:00,bounty_madera,30/04/2024 0:00,09/04/2024 0:00,22,23,1,7.049483733,476.68,476.68
09/04/2024 23:00,bounty_madera,30/04/2024 0:00,09/04/2024 0:00,23,24,1,4.8373129,523.354,523.354
10/04/2024 0:00,bounty_madera,30/04/2024 0:00,10/04/2024 0:00,0,1,2,4.921200875,498.023,498.023
10/04/2024 1:00,bounty_madera,30/04/2024 0:00,10/04/2024 0:00,1,2,2,4.9628088,474.791,474.791
10/04/2024 2:00,bounty_madera,30/04/2024 0:00,10/04/2024 0:00,2,3,2,5.008529917,465.386,465.386
10/04/2024 3:00,bounty_madera,30/04/2024 0:00,10/04/2024 0:00,3,4,2,4.484572458,456.875,456.875
10/04/2024 4:00,bounty_madera,30/04/2024 0:00,10/04/2024 0:00,4,5,2,4.121174383,473.348,473.348
10/04/2024 5:00,bounty_madera,30/04/2024 0:00,10/04/2024 0:00,5,6,2,3.402669017,497.986,497.986
10/04/2024 6:00,bounty_madera,30/04/2024 0:00,10/04/2024 0:00,6,7,2,2.427050425,503.035,503.035
10/04/2024 7:00,bounty_madera,30/04/2024 0:00,10/04/2024 0:00,7,8,2,2.2293445,542.267,542.267
10/04/2024 8:00,bounty_madera,30/04/2024 0:00,10/04/2024 0:00,8,9,2,2.812461042,563.917,563.917
10/04/2024 9:00,bounty_madera,30/04/2024 0:00,10/04/2024 0:00,9,10,2,2.867884933,591.816,591.816
10/04/2024 10:00,bounty_madera,30/04/2024 0:00,10/04/2024 0:00,10,11,2,3.512713942,596.489,596.489
10/04/2024 11:00,bounty_madera,30/04/2024 0:00,10/04/2024 0:00,11,12,2,3.047277525,555.61,555.61
10/04/2024 12:00,bounty_madera,30/04/2024 0:00,10/04/2024 0:00,12,13,2,2.600505875,587.168,587.168
10/04/2024 13:00,bounty_madera,30/04/2024 0:00,10/04/2024 0:00,13,14,2,3.687291367,616.262,616.262
10/04/2024 14:00,bounty_madera,30/04/2024 0:00,10/04/2024 0:00,14,15,2,3.966496308,607.283,607.283
10/04/2024 15:00,bounty_madera,30/04/2024 0:00,10/04/2024 0:00,15,16,2,4.267774558,599.76,599.76
10/04/2024 16:00,bounty_madera,30/04/2024 0:00,10/04/2024 0:00,16,17,2,4.400480675,590.651,590.651
10/04/2024 17:00,bounty_madera,30/04/2024 0:00,10/04/2024 0:00,17,18,2,4.434560133,566.479,566.479
10/04/2024 18:00,bounty_madera,30/04/2024 0:00,10/04/2024 0:00,18,19,2,5.042793233,507.116,507.116
10/04/2024 19:00,bounty_madera,30/04/2024 0:00,10/04/2024 0:00,19,20,2,4.482006542,472.231,472.231
10/04/2024 20:00,bounty_madera,30/04/2024 0:00,10/04/2024 0:00,20,21,2,9.838227333,475.692,475.692
10/04/2024 21:00,bounty_madera,30/04/2024 0:00,10/04/2024 0:00,21,22,2,5.442718325,460.904,460.904
10/04/2024 22:00,bounty_madera,30/04/2024 0:00,10/04/2024 0:00,22,23,2,5.093529025,468.788,468.788
10/04/2024 23:00,bounty_madera,30/04/2024 0:00,10/04/2024 0:00,23,24,2,4.684279683,489.351,489.351
11/04/2024 0:00,bounty_madera,30/04/2024 0:00,11/04/2024 0:00,0,1,3,6.422462008,479.572,479.572
11/04/2024 1:00,bounty_madera,30/04/2024 0:00,11/04/2024 0:00,1,2,3,4.010159467,463.43,463.43
11/04/2024 2:00,bounty_madera,30/04/2024 0:00,11/04/2024 0:00,2,3,3,3.955589717,450.643,450.643
11/04/2024 3:00,bounty_madera,30/04/2024 0:00,11/04/2024 0:00,3,4,3,3.646215475,445.051,445.051
11/04/2024 4:00,bounty_madera,30/04/2024 0:00,11/04/2024 0:00,4,5,3,3.523650208,431.627,431.627
11/04/2024 5:00,bounty_madera,30/04/2024 0:00,11/04/2024 0:00,5,6,3,3.370013775,443.105,443.105
11/04/2024 6:00,bounty_madera,30/04/2024 0:00,11/04/2024 0:00,6,7,3,1.932369917,472.687,472.687
11/04/2024 7:00,bounty_madera,30/04/2024 0:00,11/04/2024 0:00,7,8,3,2.671834967,534.147,534.147
11/04/2024 8:00,bounty_madera,30/04/2024 0:00,11/04/2024 0:00,8,9,3,3.420803058,556.268,556.268
11/04/2024 9:00,bounty_madera,30/04/2024 0:00,11/04/2024 0:00,9,10,3,3.135153225,603.167,603.167
11/04/2024 10:00,bounty_madera,30/04/2024 0:00,11/04/2024 0:00,10,11,3,4.025528317,618.492,618.492
11/04/2024 11:00,bounty_madera,30/04/2024 0:00,11/04/2024 0:00,11,12,3,3.838243067,570.253,570.253
11/04/2024 12:00,bounty_madera,30/04/2024 0:00,11/04/2024 0:00,12,13,3,3.644067675,595.741,595.741
11/04/2024 13:00,bounty_madera,30/04/2024 0:00,11/04/2024 0:00,13,14,3,6.484574425,627.551,627.551
11/04/2024 14:00,bounty_madera,30/04/2024 0:00,11/04/2024 0:00,14,15,3,6.569743042,617.796,617.796
11/04/2024 15:00,bounty_madera,30/04/2024 0:00,11/04/2024 0:00,15,16,3,12.16271843,605.633,605.633
11/04/2024 16:00,bounty_madera,30/04/2024 0:00,11/04/2024 0:00,16,17,3,7.576287358,622.104,622.104
11/04/2024 17:00,bounty_madera,30/04/2024 0:00,11/04/2024 0:00,17,18,3,3.929825658,595.482,595.482
11/04/2024 18:00,bounty_madera,30/04/2024 0:00,11/04/2024 0:00,18,19,3,8.476868567,537.936,537.936
11/04/2024 19:00,bounty_madera,30/04/2024 0:00,11/04/2024 0:00,19,20,3,5.026801908,504.051,504.051
11/04/2024 20:00,bounty_madera,30/04/2024 0:00,11/04/2024 0:00,20,21,3,8.274166417,464.483,464.483
11/04/2024 21:00,bounty_madera,30/04/2024 0:00,11/04/2024 0:00,21,22,3,9.250371492,462.629,462.629
11/04/2024 22:00,bounty_madera,30/04/2024 0:00,11/04/2024 0:00,22,23,3,6.021539208,433.482,433.482
11/04/2024 23:00,bounty_madera,30/04/2024 0:00,11/04/2024 0:00,23,24,3,4.643917592,465.121,465.121
12/04/2024 0:00,bounty_madera,30/04/2024 0:00,12/04/2024 0:00,0,1,4,5.007494467,469.112,469.112
12/04/2024 1:00,bounty_madera,30/04/2024 0:00,12/04/2024 0:00,1,2,4,3.655317558,451.692,451.692
12/04/2024 2:00,bounty_madera,30/04/2024 0:00,12/04/2024 0:00,2,3,4,3.603471092,435.827,435.827
12/04/2024 3:00,bounty_madera,30/04/2024 0:00,12/04/2024 0:00,3,4,4,3.340393233,416.304,416.304
12/04/2024 4:00,bounty_madera,30/04/2024 0:00,12/04/2024 0:00,4,5,4,3.457849925,394.023,394.023
12/04/2024 5:00,bounty_madera,30/04/2024 0:00,12/04/2024 0:00,5,6,4,3.171625117,383.065,383.065
12/04/2024 6:00,bounty_madera,30/04/2024 0:00,12/04/2024 0:00,6,7,4,2.610654733,429.758,429.758
12/04/2024 7:00,bounty_madera,30/04/2024 0:00,12/04/2024 0:00,7,8,4,2.992179883,520.358,520.358
12/04/2024 8:00,bounty_madera,30/04/2024 0:00,12/04/2024 0:00,8,9,4,3.94415,558.807,558.807
12/04/2024 9:00,bounty_madera,30/04/2024 0:00,12/04/2024 0:00,9,10,4,3.920433542,606.445,606.445
12/04/2024 10:00,bounty_madera,30/04/2024 0:00,12/04/2024 0:00,10,11,4,4.35316975,615.107,615.107
12/04/2024 11:00,bounty_madera,30/04/2024 0:00,12/04/2024 0:00,11,12,4,4.060694775,583.738,583.738
12/04/2024 12:00,bounty_madera,30/04/2024 0:00,12/04/2024 0:00,12,13,4,3.807568383,594.93,594.93
12/04/2024 13:00,bounty_madera,30/04/2024 0:00,12/04/2024 0:00,13,14,4,9.493862625,627.938,627.938
12/04/2024 14:00,bounty_madera,30/04/2024 0:00,12/04/2024 0:00,14,15,4,12.92782872,627.002,627.002
12/04/2024 15:00,bounty_madera,30/04/2024 0:00,12/04/2024 0:00,15,16,4,15.65875853,612.502,612.502
12/04/2024 16:00,bounty_madera,30/04/2024 0:00,12/04/2024 0:00,16,17,4,11.97134809,602.372,602.372
12/04/2024 17:00,bounty_madera,30/04/2024 0:00,12/04/2024 0:00,17,18,4,4.855837458,591.936,591.936
12/04/2024 18:00,bounty_madera,30/04/2024 0:00,12/04/2024 0:00,18,19,4,7.814444225,505.135,505.135
12/04/2024 19:00,bounty_madera,30/04/2024 0:00,12/04/2024 0:00,19,20,4,7.946383242,443.675,443.675
12/04/2024 20:00,bounty_madera,30/04/2024 0:00,12/04/2024 0:00,20,21,4,9.54608215,453.457,453.457
12/04/2024 21:00,bounty_madera,30/04/2024 0:00,12/04/2024 0:00,21,22,4,10.60481837,452.107,452.107
12/04/2024 22:00,bounty_madera,30/04/2024 0:00,12/04/2024 0:00,22,23,4,4.6816113,413.524,413.524
12/04/2024 23:00,bounty_madera,30/04/2024 0:00,12/04/2024 0:00,23,24,4,4.526486883,442.936,442.936
13/04/2024 0:00,bounty_madera,30/04/2024 0:00,13/04/2024 0:00,0,1,5,4.779190575,411.461,411.461
13/04/2024 1:00,bounty_madera,30/04/2024 0:00,13/04/2024 0:00,1,2,5,4.824121158,337.938,337.938
13/04/2024 2:00,bounty_madera,30/04/2024 0:00,13/04/2024 0:00,2,3,5,4.304449725,320.091,320.091
13/04/2024 3:00,bounty_madera,30/04/2024 0:00,13/04/2024 0:00,3,4,5,3.788023508,311.633,311.633
13/04/2024 4:00,bounty_madera,30/04/2024 0:00,13/04/2024 0:00,4,5,5,3.705412225,314.828,314.828
13/04/2024 5:00,bounty_madera,30/04/2024 0:00,13/04/2024 0:00,5,6,5,3.31702965,351.926,351.926
13/04/2024 6:00,bounty_madera,30/04/2024 0:00,13/04/2024 0:00,6,7,5,2.876172025,391.356,391.356
13/04/2024 7:00,bounty_madera,30/04/2024 0:00,13/04/2024 0:00,7,8,5,2.996654767,496.393,496.393
13/04/2024 8:00,bounty_madera,30/04/2024 0:00,13/04/2024 0:00,8,9,5,3.381637342,518.384,518.384
13/04/2024 9:00,bounty_madera,30/04/2024 0:00,13/04/2024 0:00,9,10,5,4.192408842,581.235,581.235
13/04/2024 10:00,bounty_madera,30/04/2024 0:00,13/04/2024 0:00,10,11,5,4.606700517,602.313,602.313
13/04/2024 11:00,bounty_madera,30/04/2024 0:00,13/04/2024 0:00,11,12,5,4.1352196,582.602,582.602
13/04/2024 12:00,bounty_madera,30/04/2024 0:00,13/04/2024 0:00,12,13,5,3.339284783,587.379,587.379
13/04/2024 13:00,bounty_madera,30/04/2024 0:00,13/04/2024 0:00,13,14,5,7.423584067,611.634,611.634
13/04/2024 14:00,bounty_madera,30/04/2024 0:00,13/04/2024 0:00,14,15,5,7.437824617,613.041,613.041
13/04/2024 15:00,bounty_madera,30/04/2024 0:00,13/04/2024 0:00,15,16,5,11.10595844,619.851,619.851
13/04/2024 16:00,bounty_madera,30/04/2024 0:00,13/04/2024 0:00,16,17,5,5.704807775,621.012,621.012
13/04/2024 17:00,bounty_madera,30/04/2024 0:00,13/04/2024 0:00,17,18,5,5.622753992,593.821,593.821
13/04/2024 18:00,bounty_madera,30/04/2024 0:00,13/04/2024 0:00,18,19,5,6.940432242,551.726,551.726
13/04/2024 19:00,bounty_madera,30/04/2024 0:00,13/04/2024 0:00,19,20,5,5.312243658,490.005,490.005
13/04/2024 20:00,bounty_madera,30/04/2024 0:00,13/04/2024 0:00,20,21,5,9.118668942,469.417,469.417
13/04/2024 21:00,bounty_madera,30/04/2024 0:00,13/04/2024 0:00,21,22,5,5.352571058,450.048,450.048
13/04/2024 22:00,bounty_madera,30/04/2024 0:00,13/04/2024 0:00,22,23,5,7.725089633,434.154,434.154
13/04/2024 23:00,bounty_madera,30/04/2024 0:00,13/04/2024 0:00,23,24,5,7.470212475,466.248,466.248
14/04/2024 0:00,bounty_madera,30/04/2024 0:00,14/04/2024 0:00,0,1,6,6.007694942,445.54,445.54
14/04/2024 1:00,bounty_madera,30/04/2024 0:00,14/04/2024 0:00,1,2,6,4.996577975,422.402,422.402
14/04/2024 2:00,bounty_madera,30/04/2024 0:00,14/04/2024 0:00,2,3,6,4.880281133,394.643,394.643
14/04/2024 3:00,bounty_madera,30/04/2024 0:00,14/04/2024 0:00,3,4,6,4.351159983,372.853,372.853
14/04/2024 4:00,bounty_madera,30/04/2024 0:00,14/04/2024 0:00,4,5,6,4.252299683,354.434,354.434
14/04/2024 5:00,bounty_madera,30/04/2024 0:00,14/04/2024 0:00,5,6,6,4.462187717,369.995,369.995
14/04/2024 6:00,bounty_madera,30/04/2024 0:00,14/04/2024 0:00,6,7,6,3.890304908,419.103,419.103
14/04/2024 7:00,bounty_madera,30/04/2024 0:00,14/04/2024 0:00,7,8,6,2.930054992,497.906,497.906
14/04/2024 8:00,bounty_madera,30/04/2024 0:00,14/04/2024 0:00,8,9,6,3.497842992,558.23,558.23
14/04/2024 9:00,bounty_madera,30/04/2024 0:00,14/04/2024 0:00,9,10,6,5.146125158,591.273,591.273
14/04/2024 10:00,bounty_madera,30/04/2024 0:00,14/04/2024 0:00,10,11,6,13.7358108,612.187,612.187
14/04/2024 11:00,bounty_madera,30/04/2024 0:00,14/04/2024 0:00,11,12,6,10.58907505,586.142,586.142
14/04/2024 12:00,bounty_madera,30/04/2024 0:00,14/04/2024 0:00,12,13,6,3.1922153,588.105,588.105
14/04/2024 13:00,bounty_madera,30/04/2024 0:00,14/04/2024 0:00,13,14,6,6.468906642,619.854,619.854
14/04/2024 14:00,bounty_madera,30/04/2024 0:00,14/04/2024 0:00,14,15,6,8.507672108,598.87,598.87
14/04/2024 15:00,bounty_madera,30/04/2024 0:00,14/04/2024 0:00,15,16,6,18.68873221,594.086,594.086
14/04/2024 16:00,bounty_madera,30/04/2024 0:00,14/04/2024 0:00,16,17,6,19.28490013,599.613,599.613
14/04/2024 17:00,bounty_madera,30/04/2024 0:00,14/04/2024 0:00,17,18,6,5.961452883,589.604,589.604
14/04/2024 18:00,bounty_madera,30/04/2024 0:00,14/04/2024 0:00,18,19,6,15.00393483,539.956,539.956
14/04/2024 19:00,bounty_madera,30/04/2024 0:00,14/04/2024 0:00,19,20,6,15.53571626,489.539,489.539
14/04/2024 20:00,bounty_madera,30/04/2024 0:00,14/04/2024 0:00,20,21,6,20.22961648,476.432,476.432
14/04/2024 21:00,bounty_madera,30/04/2024 0:00,14/04/2024 0:00,21,22,6,15.13352478,442.402,442.402
14/04/2024 22:00,bounty_madera,30/04/2024 0:00,14/04/2024 0:00,22,23,6,12.9589369,442.126,442.126
14/04/2024 23:00,bounty_madera,30/04/2024 0:00,14/04/2024 0:00,23,24,6,7.277084158,484.222,484.222
15/04/2024 0:00,bounty_madera,30/04/2024 0:00,15/04/2024 0:00,0,1,0,4.749327442,478.15,478.15
15/04/2024 1:00,bounty_madera,30/04/2024 0:00,15/04/2024 0:00,1,2,0,4.110770783,429.17,429.17
15/04/2024 2:00,bounty_madera,30/04/2024 0:00,15/04/2024 0:00,2,3,0,4.175029517,384.875,384.875
15/04/2024 3:00,bounty_madera,30/04/2024 0:00,15/04/2024 0:00,3,4,0,4.234078717,359.343,359.343
15/04/2024 4:00,bounty_madera,30/04/2024 0:00,15/04/2024 0:00,4,5,0,4.390707458,340.38,340.38
15/04/2024 5:00,bounty_madera,30/04/2024 0:00,15/04/2024 0:00,5,6,0,4.281472608,374.662,374.662
15/04/2024 6:00,bounty_madera,30/04/2024 0:00,15/04/2024 0:00,6,7,0,3.267848725,438.676,438.676
15/04/2024 7:00,bounty_madera,30/04/2024 0:00,15/04/2024 0:00,7,8,0,4.094474775,523.379,523.379
15/04/2024 8:00,bounty_madera,30/04/2024 0:00,15/04/2024 0:00,8,9,0,10.13062776,552.245,552.245
15/04/2024 9:00,bounty_madera,30/04/2024 0:00,15/04/2024 0:00,9,10,0,5.668701175,591.466,591.466
15/04/2024 10:00,bounty_madera,30/04/2024 0:00,15/04/2024 0:00,10,11,0,10.57256161,584.551,584.551
15/04/2024 11:00,bounty_madera,30/04/2024 0:00,15/04/2024 0:00,11,12,0,5.183580175,583.514,583.514
15/04/2024 12:00,bounty_madera,30/04/2024 0:00,15/04/2024 0:00,12,13,0,4.863653808,586.519,586.519
15/04/2024 13:00,bounty_madera,30/04/2024 0:00,15/04/2024 0:00,13,14,0,21.53925035,613.394,613.394
15/04/2024 14:00,bounty_madera,30/04/2024 0:00,15/04/2024 0:00,14,15,0,31.14480813,609.223,609.223
15/04/2024 15:00,bounty_madera,30/04/2024 0:00,15/04/2024 0:00,15,16,0,33.45778912,595.698,595.698
15/04/2024 16:00,bounty_madera,30/04/2024 0:00,15/04/2024 0:00,16,17,0,30.94957618,591.972,591.972
15/04/2024 17:00,bounty_madera,30/04/2024 0:00,15/04/2024 0:00,17,18,0,14.3470774,589.223,589.223
15/04/2024 18:00,bounty_madera,30/04/2024 0:00,15/04/2024 0:00,18,19,0,27.46577459,577.291,577.291
15/04/2024 19:00,bounty_madera,30/04/2024 0:00,15/04/2024 0:00,19,20,0,22.67183225,531.27,531.27
15/04/2024 20:00,bounty_madera,30/04/2024 0:00,15/04/2024 0:00,20,21,0,31.06239978,542.149,542.149
15/04/2024 21:00,bounty_madera,30/04/2024 0:00,15/04/2024 0:00,21,22,0,30.45563902,538.347,538.347
15/04/2024 22:00,bounty_madera,30/04/2024 0:00,15/04/2024 0:00,22,23,0,6.154334367,532.577,532.577
15/04/2024 23:00,bounty_madera,30/04/2024 0:00,15/04/2024 0:00,23,24,0,6.153620192,521.366,521.366
16/04/2024 0:00,bounty_madera,30/04/2024 0:00,16/04/2024 0:00,0,1,1,6.146339642,510.082,510.082
16/04/2024 1:00,bounty_madera,30/04/2024 0:00,16/04/2024 0:00,1,2,1,5.184846333,475.554,475.554
16/04/2024 2:00,bounty_madera,30/04/2024 0:00,16/04/2024 0:00,2,3,1,5.0282704,453.433,453.433
16/04/2024 3:00,bounty_madera,30/04/2024 0:00,16/04/2024 0:00,3,4,1,4.66572015,419.731,419.731
16/04/2024 4:00,bounty_madera,30/04/2024 0:00,16/04/2024 0:00,4,5,1,5.0220174,424.875,424.875
16/04/2024 5:00,bounty_madera,30/04/2024 0:00,16/04/2024 0:00,5,6,1,4.586117625,425.825,425.825
16/04/2024 6:00,bounty_madera,30/04/2024 0:00,16/04/2024 0:00,6,7,1,3.6819364,452.928,452.928
16/04/2024 7:00,bounty_madera,30/04/2024 0:00,16/04/2024 0:00,7,8,1,4.321277092,502.274,502.274
16/04/2024 8:00,bounty_madera,30/04/2024 0:00,16/04/2024 0:00,8,9,1,5.152139992,530.328,530.328
16/04/2024 9:00,bounty_madera,30/04/2024 0:00,16/04/2024 0:00,9,10,1,5.547105658,581.133,581.133
16/04/2024 10:00,bounty_madera,30/04/2024 0:00,16/04/2024 0:00,10,11,1,5.678446692,568.454,568.454
16/04/2024 11:00,bounty_madera,30/04/2024 0:00,16/04/2024 0:00,11,12,1,5.957150042,559.434,559.434
16/04/2024 12:00,bounty_madera,30/04/2024 0:00,16/04/2024 0:00,12,13,1,5.707550883,579.18,579.18
16/04/2024 13:00,bounty_madera,30/04/2024 0:00,16/04/2024 0:00,13,14,1,6.24819005,598.308,598.308
16/04/2024 14:00,bounty_madera,30/04/2024 0:00,16/04/2024 0:00,14,15,1,6.272245725,593.766,593.766
16/04/2024 15:00,bounty_madera,30/04/2024 0:00,16/04/2024 0:00,15,16,1,6.168163725,584.867,584.867
16/04/2024 16:00,bounty_madera,30/04/2024 0:00,16/04/2024 0:00,16,17,1,6.008913683,603.305,603.305
16/04/2024 17:00,bounty_madera,30/04/2024 0:00,16/04/2024 0:00,17,18,1,4.774440567,581.898,581.898
16/04/2024 18:00,bounty_madera,30/04/2024 0:00,16/04/2024 0:00,18,19,1,6.161986783,544.344,544.344
16/04/2024 19:00,bounty_madera,30/04/2024 0:00,16/04/2024 0:00,19,20,1,6.238332658,524.193,524.193
16/04/2024 20:00,bounty_madera,30/04/2024 0:00,16/04/2024 0:00,20,21,1,6.168089383,267.376,267.376
16/04/2024 21:00,bounty_madera,30/04/2024 0:00,16/04/2024 0:00,21,22,1,6.151644533,503.876,503.876
16/04/2024 22:00,bounty_madera,30/04/2024 0:00,16/04/2024 0:00,22,23,1,6.1481406,466.674,466.674
16/04/2024 23:00,bounty_madera,30/04/2024 0:00,16/04/2024 0:00,23,24,1,6.144605817,503.494,503.494
17/04/2024 0:00,bounty_madera,30/04/2024 0:00,17/04/2024 0:00,0,1,2,6.14202625,495.365,495.365
17/04/2024 1:00,bounty_madera,30/04/2024 0:00,17/04/2024 0:00,1,2,2,5.689522975,440.732,440.732
17/04/2024 2:00,bounty_madera,30/04/2024 0:00,17/04/2024 0:00,2,3,2,4.460608875,424.784,424.784
17/04/2024 3:00,bounty_madera,30/04/2024 0:00,17/04/2024 0:00,3,4,2,4.324776658,386.65,386.65
17/04/2024 4:00,bounty_madera,30/04/2024 0:00,17/04/2024 0:00,4,5,2,4.303145525,366.211,366.211
17/04/2024 5:00,bounty_madera,30/04/2024 0:00,17/04/2024 0:00,5,6,2,4.053850767,379.986,379.986
17/04/2024 6:00,bounty_madera,30/04/2024 0:00,17/04/2024 0:00,6,7,2,2.967304875,426.238,426.238
17/04/2024 7:00,bounty_madera,30/04/2024 0:00,17/04/2024 0:00,7,8,2,2.994340317,484.004,484.004
17/04/2024 8:00,bounty_madera,30/04/2024 0:00,17/04/2024 0:00,8,9,2,4.42771855,538.705,538.705
17/04/2024 9:00,bounty_madera,30/04/2024 0:00,17/04/2024 0:00,9,10,2,3.909227033,580.969,580.969
17/04/2024 10:00,bounty_madera,30/04/2024 0:00,17/04/2024 0:00,10,11,2,5.146144858,601.818,601.818
17/04/2024 11:00,bounty_madera,30/04/2024 0:00,17/04/2024 0:00,11,12,2,4.128492375,577.094,577.094
17/04/2024 12:00,bounty_madera,30/04/2024 0:00,17/04/2024 0:00,12,13,2,4.606233625,588.634,588.634
17/04/2024 13:00,bounty_madera,30/04/2024 0:00,17/04/2024 0:00,13,14,2,6.253249617,589.305,589.305
17/04/2024 14:00,bounty_madera,30/04/2024 0:00,17/04/2024 0:00,14,15,2,6.268417158,596.432,596.432
17/04/2024 15:00,bounty_madera,30/04/2024 0:00,17/04/2024 0:00,15,16,2,2.079368092,594.602,594.602
17/04/2024 16:00,bounty_madera,30/04/2024 0:00,17/04/2024 0:00,16,17,2,23.70375365,596.911,596.911
17/04/2024 17:00,bounty_madera,30/04/2024 0:00,17/04/2024 0:00,17,18,2,11.63731127,602.992,602.992
17/04/2024 18:00,bounty_madera,30/04/2024 0:00,17/04/2024 0:00,18,19,2,14.84017588,536.046,536.046
17/04/2024 19:00,bounty_madera,30/04/2024 0:00,17/04/2024 0:00,19,20,2,14.89665739,530.389,530.389
17/04/2024 20:00,bounty_madera,30/04/2024 0:00,17/04/2024 0:00,20,21,2,23.47206385,516.387,516.387
17/04/2024 21:00,bounty_madera,30/04/2024 0:00,17/04/2024 0:00,21,22,2,12.59707207,504.961,504.961
17/04/2024 22:00,bounty_madera,30/04/2024 0:00,17/04/2024 0:00,22,23,2,12.55776771,501.423,501.423
17/04/2024 23:00,bounty_madera,30/04/2024 0:00,17/04/2024 0:00,23,24,2,10.69079595,514.286,514.286
18/04/2024 0:00,bounty_madera,30/04/2024 0:00,18/04/2024 0:00,0,1,3,6.049317142,497.138,497.138
18/04/2024 1:00,bounty_madera,30/04/2024 0:00,18/04/2024 0:00,1,2,3,5.4643219,458.253,458.253
18/04/2024 2:00,bounty_madera,30/04/2024 0:00,18/04/2024 0:00,2,3,3,5.39468715,441.882,441.882
18/04/2024 3:00,bounty_madera,30/04/2024 0:00,18/04/2024 0:00,3,4,3,5.120949558,379.735,379.735
18/04/2024 4:00,bounty_madera,30/04/2024 0:00,18/04/2024 0:00,4,5,3,4.658217783,374.034,374.034
18/04/2024 5:00,bounty_madera,30/04/2024 0:00,18/04/2024 0:00,5,6,3,4.194385775,390.265,390.265
18/04/2024 6:00,bounty_madera,30/04/2024 0:00,18/04/2024 0:00,6,7,3,2.894271992,417.484,417.484
18/04/2024 7:00,bounty_madera,30/04/2024 0:00,18/04/2024 0:00,7,8,3,3.499077017,525.864,525.864
18/04/2024 8:00,bounty_madera,30/04/2024 0:00,18/04/2024 0:00,8,9,3,4.810218308,567.684,567.684
18/04/2024 9:00,bounty_madera,30/04/2024 0:00,18/04/2024 0:00,9,10,3,4.148048325,594.337,594.337
18/04/2024 10:00,bounty_madera,30/04/2024 0:00,18/04/2024 0:00,10,11,3,4.778309883,610.954,610.954
18/04/2024 11:00,bounty_madera,30/04/2024 0:00,18/04/2024 0:00,11,12,3,4.88793715,605.858,605.858
18/04/2024 12:00,bounty_madera,30/04/2024 0:00,18/04/2024 0:00,12,13,3,6.683098067,614.638,614.638
18/04/2024 13:00,bounty_madera,30/04/2024 0:00,18/04/2024 0:00,13,14,3,17.63563237,621.276,621.276
18/04/2024 14:00,bounty_madera,30/04/2024 0:00,18/04/2024 0:00,14,15,3,40.38582615,623.166,623.166
18/04/2024 15:00,bounty_madera,30/04/2024 0:00,18/04/2024 0:00,15,16,3,46.37306016,620.09,620.09
18/04/2024 16:00,bounty_madera,30/04/2024 0:00,18/04/2024 0:00,16,17,3,29.2859369,631.873,631.873
18/04/2024 17:00,bounty_madera,30/04/2024 0:00,18/04/2024 0:00,17,18,3,20.87459841,607.449,607.449
18/04/2024 18:00,bounty_madera,30/04/2024 0:00,18/04/2024 0:00,18,19,3,22.17603915,593.775,593.775
18/04/2024 19:00,bounty_madera,30/04/2024 0:00,18/04/2024 0:00,19,20,3,21.65815541,545.225,545.225
18/04/2024 20:00,bounty_madera,30/04/2024 0:00,18/04/2024 0:00,20,21,3,29.74831953,549.649,549.649
18/04/2024 21:00,bounty_madera,30/04/2024 0:00,18/04/2024 0:00,21,22,3,29.75787189,554.048,554.048
18/04/2024 22:00,bounty_madera,30/04/2024 0:00,18/04/2024 0:00,22,23,3,16.18968411,534.278,534.278
18/04/2024 23:00,bounty_madera,30/04/2024 0:00,18/04/2024 0:00,23,24,3,6.19962585,542.626,542.626
19/04/2024 0:00,bounty_madera,30/04/2024 0:00,19/04/2024 0:00,0,1,4,6.205944083,536.35,536.35
19/04/2024 1:00,bounty_madera,30/04/2024 0:00,19/04/2024 0:00,1,2,4,5.363426192,515.491,515.491
19/04/2024 2:00,bounty_madera,30/04/2024 0:00,19/04/2024 0:00,2,3,4,4.713495092,491.653,491.653
19/04/2024 3:00,bounty_madera,30/04/2024 0:00,19/04/2024 0:00,3,4,4,4.657393533,480.742,480.742
19/04/2024 4:00,bounty_madera,30/04/2024 0:00,19/04/2024 0:00,4,5,4,4.5644812,469.047,469.047
19/04/2024 5:00,bounty_madera,30/04/2024 0:00,19/04/2024 0:00,5,6,4,4.569407383,475.082,475.082
19/04/2024 6:00,bounty_madera,30/04/2024 0:00,19/04/2024 0:00,6,7,4,3.042096292,511.409,511.409
19/04/2024 7:00,bounty_madera,30/04/2024 0:00,19/04/2024 0:00,7,8,4,3.747566708,547.592,547.592
19/04/2024 8:00,bounty_madera,30/04/2024 0:00,19/04/2024 0:00,8,9,4,7.816527408,577.962,577.962
19/04/2024 9:00,bounty_madera,30/04/2024 0:00,19/04/2024 0:00,9,10,4,4.667020317,584.798,584.798
19/04/2024 10:00,bounty_madera,30/04/2024 0:00,19/04/2024 0:00,10,11,4,5.224895492,614.829,614.829
19/04/2024 11:00,bounty_madera,30/04/2024 0:00,19/04/2024 0:00,11,12,4,4.999575075,577.471,577.471
19/04/2024 12:00,bounty_madera,30/04/2024 0:00,19/04/2024 0:00,12,13,4,5.955658725,589.879,589.879
19/04/2024 13:00,bounty_madera,30/04/2024 0:00,19/04/2024 0:00,13,14,4,6.23215975,618.152,618.152
19/04/2024 14:00,bounty_madera,30/04/2024 0:00,19/04/2024 0:00,14,15,4,6.296284875,604.688,604.688
19/04/2024 15:00,bounty_madera,30/04/2024 0:00,19/04/2024 0:00,15,16,4,6.240114908,597.741,597.741
19/04/2024 16:00,bounty_madera,30/04/2024 0:00,19/04/2024 0:00,16,17,4,10.61072674,622.535,622.535
19/04/2024 17:00,bounty_madera,30/04/2024 0:00,19/04/2024 0:00,17,18,4,6.248657492,618.726,618.726
19/04/2024 18:00,bounty_madera,30/04/2024 0:00,19/04/2024 0:00,18,19,4,6.281202117,548.556,548.556
19/04/2024 19:00,bounty_madera,30/04/2024 0:00,19/04/2024 0:00,19,20,4,6.245891842,499.409,499.409
19/04/2024 20:00,bounty_madera,30/04/2024 0:00,19/04/2024 0:00,20,21,4,8.373212242,458.698,458.698
19/04/2024 21:00,bounty_madera,30/04/2024 0:00,19/04/2024 0:00,21,22,4,6.157141225,432.436,432.436
19/04/2024 22:00,bounty_madera,30/04/2024 0:00,19/04/2024 0:00,22,23,4,6.158993742,428.95,428.95
19/04/2024 23:00,bounty_madera,30/04/2024 0:00,19/04/2024 0:00,23,24,4,6.160977325,451.985,451.985
20/04/2024 0:00,bounty_madera,30/04/2024 0:00,20/04/2024 0:00,0,1,5,5.711972742,432.857,432.857
20/04/2024 1:00,bounty_madera,30/04/2024 0:00,20/04/2024 0:00,1,2,5,4.717673733,382.212,382.212
20/04/2024 2:00,bounty_madera,30/04/2024 0:00,20/04/2024 0:00,2,3,5,4.767083783,373.128,373.128
20/04/2024 3:00,bounty_madera,30/04/2024 0:00,20/04/2024 0:00,3,4,5,4.338543067,366.59,366.59
20/04/2024 4:00,bounty_madera,30/04/2024 0:00,20/04/2024 0:00,4,5,5,3.90808355,368.832,368.832
20/04/2024 5:00,bounty_madera,30/04/2024 0:00,20/04/2024 0:00,5,6,5,3.8708978,358.731,358.731
20/04/2024 6:00,bounty_madera,30/04/2024 0:00,20/04/2024 0:00,6,7,5,2.5352271,409.235,409.235
20/04/2024 7:00,bounty_madera,30/04/2024 0:00,20/04/2024 0:00,7,8,5,2.555122625,462.412,462.412
20/04/2024 8:00,bounty_madera,30/04/2024 0:00,20/04/2024 0:00,8,9,5,2.900121925,510.754,510.754
20/04/2024 9:00,bounty_madera,30/04/2024 0:00,20/04/2024 0:00,9,10,5,2.977033908,562.284,562.284
20/04/2024 10:00,bounty_madera,30/04/2024 0:00,20/04/2024 0:00,10,11,5,4.725760333,576.447,576.447
20/04/2024 11:00,bounty_madera,30/04/2024 0:00,20/04/2024 0:00,11,12,5,4.049899217,562.456,562.456
20/04/2024 12:00,bounty_madera,30/04/2024 0:00,20/04/2024 0:00,12,13,5,3.44495835,570.237,570.237
20/04/2024 13:00,bounty_madera,30/04/2024 0:00,20/04/2024 0:00,13,14,5,5.957239442,586.203,586.203
20/04/2024 14:00,bounty_madera,30/04/2024 0:00,20/04/2024 0:00,14,15,5,5.3892555,585.8,585.8
20/04/2024 15:00,bounty_madera,30/04/2024 0:00,20/04/2024 0:00,15,16,5,6.964483042,595.652,595.652
20/04/2024 16:00,bounty_madera,30/04/2024 0:00,20/04/2024 0:00,16,17,5,11.6130163,585.644,585.644
20/04/2024 17:00,bounty_madera,30/04/2024 0:00,20/04/2024 0:00,17,18,5,12.04504529,576.269,576.269
20/04/2024 18:00,bounty_madera,30/04/2024 0:00,20/04/2024 0:00,18,19,5,25.08047608,529.243,529.243
20/04/2024 19:00,bounty_madera,30/04/2024 0:00,20/04/2024 0:00,19,20,5,8.496906825,475.07,475.07
20/04/2024 20:00,bounty_madera,30/04/2024 0:00,20/04/2024 0:00,20,21,5,22.73964938,446.58,446.58
20/04/2024 21:00,bounty_madera,30/04/2024 0:00,20/04/2024 0:00,21,22,5,16.9111222,427.051,427.051
20/04/2024 22:00,bounty_madera,30/04/2024 0:00,20/04/2024 0:00,22,23,5,10.69034945,444.398,444.398
20/04/2024 23:00,bounty_madera,30/04/2024 0:00,20/04/2024 0:00,23,24,5,6.562293725,469.21,469.21
21/04/2024 0:00,bounty_madera,30/04/2024 0:00,21/04/2024 0:00,0,1,6,5.383307808,448.208,448.208
21/04/2024 1:00,bounty_madera,30/04/2024 0:00,21/04/2024 0:00,1,2,6,7.298666642,389.244,389.244
21/04/2024 2:00,bounty_madera,30/04/2024 0:00,21/04/2024 0:00,2,3,6,7.160439525,357.919,357.919
21/04/2024 3:00,bounty_madera,30/04/2024 0:00,21/04/2024 0:00,3,4,6,4.928889383,330.658,330.658
21/04/2024 4:00,bounty_madera,30/04/2024 0:00,21/04/2024 0:00,4,5,6,4.626255675,332.459,332.459
21/04/2024 5:00,bounty_madera,30/04/2024 0:00,21/04/2024 0:00,5,6,6,4.380086675,330.457,330.457
21/04/2024 6:00,bounty_madera,30/04/2024 0:00,21/04/2024 0:00,6,7,6,2.872297783,363.975,363.975
21/04/2024 7:00,bounty_madera,30/04/2024 0:00,21/04/2024 0:00,7,8,6,5.576339317,391.838,391.838
21/04/2024 8:00,bounty_madera,30/04/2024 0:00,21/04/2024 0:00,8,9,6,2.72197875,523.593,523.593
21/04/2024 9:00,bounty_madera,30/04/2024 0:00,21/04/2024 0:00,9,10,6,2.647696458,585.5,585.5
21/04/2024 10:00,bounty_madera,30/04/2024 0:00,21/04/2024 0:00,10,11,6,3.065086633,586.61,586.61
21/04/2024 11:00,bounty_madera,30/04/2024 0:00,21/04/2024 0:00,11,12,6,3.480650833,578.289,578.289
21/04/2024 12:00,bounty_madera,30/04/2024 0:00,21/04/2024 0:00,12,13,6,3.115016467,587.026,587.026
21/04/2024 13:00,bounty_madera,30/04/2024 0:00,21/04/2024 0:00,13,14,6,4.384794125,596.921,596.921
21/04/2024 14:00,bounty_madera,30/04/2024 0:00,21/04/2024 0:00,14,15,6,6.01467115,597.323,597.323
21/04/2024 15:00,bounty_madera,30/04/2024 0:00,21/04/2024 0:00,15,16,6,5.099370025,600.175,600.175
21/04/2024 16:00,bounty_madera,30/04/2024 0:00,21/04/2024 0:00,16,17,6,7.065359867,606.234,606.234
21/04/2024 17:00,bounty_madera,30/04/2024 0:00,21/04/2024 0:00,17,18,6,7.158703075,592.726,592.726
21/04/2024 18:00,bounty_madera,30/04/2024 0:00,21/04/2024 0:00,18,19,6,10.35759771,527.687,527.687
21/04/2024 19:00,bounty_madera,30/04/2024 0:00,21/04/2024 0:00,19,20,6,9.983772692,495.383,495.383
21/04/2024 20:00,bounty_madera,30/04/2024 0:00,21/04/2024 0:00,20,21,6,10.60647925,464.474,464.474
21/04/2024 21:00,bounty_madera,30/04/2024 0:00,21/04/2024 0:00,21,22,6,11.56093328,463.166,463.166
21/04/2024 22:00,bounty_madera,30/04/2024 0:00,21/04/2024 0:00,22,23,6,5.387875292,448.723,448.723
21/04/2024 23:00,bounty_madera,30/04/2024 0:00,21/04/2024 0:00,23,24,6,8.222737367,470.384,470.384
22/04/2024 0:00,bounty_madera,30/04/2024 0:00,22/04/2024 0:00,0,1,0,5.160027483,451.617,451.617
22/04/2024 1:00,bounty_madera,30/04/2024 0:00,22/04/2024 0:00,1,2,0,4.1401253,397.556,397.556
22/04/2024 2:00,bounty_madera,30/04/2024 0:00,22/04/2024 0:00,2,3,0,3.654814233,369.046,369.046
22/04/2024 3:00,bounty_madera,30/04/2024 0:00,22/04/2024 0:00,3,4,0,3.617288808,363.212,363.212
22/04/2024 4:00,bounty_madera,30/04/2024 0:00,22/04/2024 0:00,4,5,0,3.551359733,350.659,350.659
22/04/2024 5:00,bounty_madera,30/04/2024 0:00,22/04/2024 0:00,5,6,0,3.420306483,366.991,366.991
22/04/2024 6:00,bounty_madera,30/04/2024 0:00,22/04/2024 0:00,6,7,0,2.26012195,410.676,410.676
22/04/2024 7:00,bounty_madera,30/04/2024 0:00,22/04/2024 0:00,7,8,0,2.984297075,493.717,493.717
22/04/2024 8:00,bounty_madera,30/04/2024 0:00,22/04/2024 0:00,8,9,0,3.882659892,512.211,512.211
22/04/2024 9:00,bounty_madera,30/04/2024 0:00,22/04/2024 0:00,9,10,0,4.972658433,578.404,578.404
22/04/2024 10:00,bounty_madera,30/04/2024 0:00,22/04/2024 0:00,10,11,0,11.92677248,604.14,604.14
22/04/2024 11:00,bounty_madera,30/04/2024 0:00,22/04/2024 0:00,11,12,0,6.3389229,578.322,578.322
22/04/2024 12:00,bounty_madera,30/04/2024 0:00,22/04/2024 0:00,12,13,0,4.5756126,600.066,600.066
22/04/2024 13:00,bounty_madera,30/04/2024 0:00,22/04/2024 0:00,13,14,0,18.47824958,612.276,612.276
22/04/2024 14:00,bounty_madera,30/04/2024 0:00,22/04/2024 0:00,14,15,0,23.1760623,610.263,610.263
22/04/2024 15:00,bounty_madera,30/04/2024 0:00,22/04/2024 0:00,15,16,0,29.52899177,613.753,613.753
22/04/2024 16:00,bounty_madera,30/04/2024 0:00,22/04/2024 0:00,16,17,0,17.62869888,629.995,629.995
22/04/2024 17:00,bounty_madera,30/04/2024 0:00,22/04/2024 0:00,17,18,0,12.19574303,607.723,607.723
22/04/2024 18:00,bounty_madera,30/04/2024 0:00,22/04/2024 0:00,18,19,0,16.24827785,576.412,576.412
22/04/2024 19:00,bounty_madera,30/04/2024 0:00,22/04/2024 0:00,19,20,0,14.22843796,543.135,543.135
22/04/2024 20:00,bounty_madera,30/04/2024 0:00,22/04/2024 0:00,20,21,0,20.93433718,528.024,528.024
22/04/2024 21:00,bounty_madera,30/04/2024 0:00,22/04/2024 0:00,21,22,0,16.17637192,519.118,519.118
22/04/2024 22:00,bounty_madera,30/04/2024 0:00,22/04/2024 0:00,22,23,0,14.21255633,505.209,505.209
22/04/2024 23:00,bounty_madera,30/04/2024 0:00,22/04/2024 0:00,23,24,0,11.79147687,522.779,522.779
23/04/2024 0:00,bounty_madera,30/04/2024 0:00,23/04/2024 0:00,0,1,1,11.94763241,505.247,505.247
23/04/2024 1:00,bounty_madera,30/04/2024 0:00,23/04/2024 0:00,1,2,1,5.681009242,463.564,463.564
23/04/2024 2:00,bounty_madera,30/04/2024 0:00,23/04/2024 0:00,2,3,1,5.5058607,449.119,449.119
23/04/2024 3:00,bounty_madera,30/04/2024 0:00,23/04/2024 0:00,3,4,1,5.592780133,444.776,444.776
23/04/2024 4:00,bounty_madera,30/04/2024 0:00,23/04/2024 0:00,4,5,1,4.473171492,455.151,455.151
23/04/2024 5:00,bounty_madera,30/04/2024 0:00,23/04/2024 0:00,5,6,1,4.812213925,453.671,453.671
23/04/2024 6:00,bounty_madera,30/04/2024 0:00,23/04/2024 0:00,6,7,1,3.408289717,476.28,476.28
23/04/2024 7:00,bounty_madera,30/04/2024 0:00,23/04/2024 0:00,7,8,1,3.537310917,516.978,516.978
23/04/2024 8:00,bounty_madera,30/04/2024 0:00,23/04/2024 0:00,8,9,1,5.762363375,536.194,536.194
23/04/2024 9:00,bounty_madera,30/04/2024 0:00,23/04/2024 0:00,9,10,1,4.7111269,596.202,596.202
23/04/2024 10:00,bounty_madera,30/04/2024 0:00,23/04/2024 0:00,10,11,1,5.482512258,609.298,609.298
23/04/2024 11:00,bounty_madera,30/04/2024 0:00,23/04/2024 0:00,11,12,1,5.179200617,592.515,592.515
23/04/2024 12:00,bounty_madera,30/04/2024 0:00,23/04/2024 0:00,12,13,1,7.801624908,595.679,595.679
23/04/2024 13:00,bounty_madera,30/04/2024 0:00,23/04/2024 0:00,13,14,1,20.71833133,604.625,604.625
23/04/2024 14:00,bounty_madera,30/04/2024 0:00,23/04/2024 0:00,14,15,1,23.44860582,612.687,612.687
23/04/2024 15:00,bounty_madera,30/04/2024 0:00,23/04/2024 0:00,15,16,1,23.14602314,371.275,371.275
23/04/2024 16:00,bounty_madera,30/04/2024 0:00,23/04/2024 0:00,16,17,1,7.788050575,629.131,629.131
23/04/2024 17:00,bounty_madera,30/04/2024 0:00,23/04/2024 0:00,17,18,1,28.04151227,619.764,619.764
23/04/2024 18:00,bounty_madera,30/04/2024 0:00,23/04/2024 0:00,18,19,1,32.63392915,533.531,533.531
23/04/2024 19:00,bounty_madera,30/04/2024 0:00,23/04/2024 0:00,19,20,1,23.78933931,494.899,494.899
23/04/2024 20:00,bounty_madera,30/04/2024 0:00,23/04/2024 0:00,20,21,1,13.00334687,456.435,456.435
23/04/2024 21:00,bounty_madera,30/04/2024 0:00,23/04/2024 0:00,21,22,1,22.5411119,434.474,434.474
23/04/2024 22:00,bounty_madera,30/04/2024 0:00,23/04/2024 0:00,22,23,1,12.80556334,434.435,434.435
23/04/2024 23:00,bounty_madera,30/04/2024 0:00,23/04/2024 0:00,23,24,1,6.182501417,484.361,484.361
24/04/2024 0:00,bounty_madera,30/04/2024 0:00,24/04/2024 0:00,0,1,2,5.732721225,475.109,475.109
24/04/2024 1:00,bounty_madera,30/04/2024 0:00,24/04/2024 0:00,1,2,2,5.667369767,455.26,455.26
24/04/2024 2:00,bounty_madera,30/04/2024 0:00,24/04/2024 0:00,2,3,2,7.499346342,456.1,456.1
24/04/2024 3:00,bounty_madera,30/04/2024 0:00,24/04/2024 0:00,3,4,2,5.366389125,448.431,448.431
24/04/2024 4:00,bounty_madera,30/04/2024 0:00,24/04/2024 0:00,4,5,2,5.210314183,443.985,443.985
24/04/2024 5:00,bounty_madera,30/04/2024 0:00,24/04/2024 0:00,5,6,2,5.411500283,464.072,464.072
24/04/2024 6:00,bounty_madera,30/04/2024 0:00,24/04/2024 0:00,6,7,2,3.45377355,501.149,501.149
24/04/2024 7:00,bounty_madera,30/04/2024 0:00,24/04/2024 0:00,7,8,2,3.895438092,558.991,558.991
24/04/2024 8:00,bounty_madera,30/04/2024 0:00,24/04/2024 0:00,8,9,2,5.995121458,563.71,563.71
24/04/2024 9:00,bounty_madera,30/04/2024 0:00,24/04/2024 0:00,9,10,2,4.723332225,587.922,587.922
24/04/2024 10:00,bounty_madera,30/04/2024 0:00,24/04/2024 0:00,10,11,2,5.818999558,604.388,604.388
24/04/2024 11:00,bounty_madera,30/04/2024 0:00,24/04/2024 0:00,11,12,2,5.333912408,578.836,578.836
24/04/2024 12:00,bounty_madera,30/04/2024 0:00,24/04/2024 0:00,12,13,2,5.2909635,592.178,592.178
24/04/2024 13:00,bounty_madera,30/04/2024 0:00,24/04/2024 0:00,13,14,2,6.357301283,610.793,610.793
24/04/2024 14:00,bounty_madera,30/04/2024 0:00,24/04/2024 0:00,14,15,2,6.328009083,605.933,605.933
24/04/2024 15:00,bounty_madera,30/04/2024 0:00,24/04/2024 0:00,15,16,2,6.294916625,607.556,607.556
24/04/2024 16:00,bounty_madera,30/04/2024 0:00,24/04/2024 0:00,16,17,2,6.285700542,616.753,616.753
24/04/2024 17:00,bounty_madera,30/04/2024 0:00,24/04/2024 0:00,17,18,2,6.320990967,606.822,606.822
24/04/2024 18:00,bounty_madera,30/04/2024 0:00,24/04/2024 0:00,18,19,2,6.307640633,460.659,460.659
24/04/2024 19:00,bounty_madera,30/04/2024 0:00,24/04/2024 0:00,19,20,2,6.303366342,450.53,450.53
24/04/2024 20:00,bounty_madera,30/04/2024 0:00,24/04/2024 0:00,20,21,2,6.286083117,441.014,441.014
24/04/2024 21:00,bounty_madera,30/04/2024 0:00,24/04/2024 0:00,21,22,2,3.11665975,448.183,448.183
24/04/2024 22:00,bounty_madera,30/04/2024 0:00,24/04/2024 0:00,22,23,2,6.117319608,466.348,466.348
24/04/2024 23:00,bounty_madera,30/04/2024 0:00,24/04/2024 0:00,23,24,2,6.26986445,489.324,489.324
25/04/2024 0:00,bounty_madera,30/04/2024 0:00,25/04/2024 0:00,0,1,3,9.93600565,490.056,490.056
25/04/2024 1:00,bounty_madera,30/04/2024 0:00,25/04/2024 0:00,1,2,3,6.108268675,459.534,459.534
25/04/2024 2:00,bounty_madera,30/04/2024 0:00,25/04/2024 0:00,2,3,3,5.8694725,457.79,457.79
25/04/2024 3:00,bounty_madera,30/04/2024 0:00,25/04/2024 0:00,3,4,3,5.323255083,457.894,457.894
25/04/2024 4:00,bounty_madera,30/04/2024 0:00,25/04/2024 0:00,4,5,3,5.152141133,458.054,458.054
25/04/2024 5:00,bounty_madera,30/04/2024 0:00,25/04/2024 0:00,5,6,3,4.374462575,460.312,460.312
25/04/2024 6:00,bounty_madera,30/04/2024 0:00,25/04/2024 0:00,6,7,3,2.867532308,503.647,503.647
25/04/2024 7:00,bounty_madera,30/04/2024 0:00,25/04/2024 0:00,7,8,3,2.985497667,551.84,551.84
25/04/2024 8:00,bounty_madera,30/04/2024 0:00,25/04/2024 0:00,8,9,3,4.240324967,560.056,560.056
25/04/2024 9:00,bounty_madera,30/04/2024 0:00,25/04/2024 0:00,9,10,3,4.0429673,582.481,582.481
25/04/2024 10:00,bounty_madera,30/04/2024 0:00,25/04/2024 0:00,10,11,3,5.28378335,590.053,590.053
25/04/2024 11:00,bounty_madera,30/04/2024 0:00,25/04/2024 0:00,11,12,3,5.300961308,572.998,572.998
25/04/2024 12:00,bounty_madera,30/04/2024 0:00,25/04/2024 0:00,12,13,3,5.114038333,581.476,581.476
25/04/2024 13:00,bounty_madera,30/04/2024 0:00,25/04/2024 0:00,13,14,3,8.479428183,598.899,598.899
25/04/2024 14:00,bounty_madera,30/04/2024 0:00,25/04/2024 0:00,14,15,3,27.46903614,589.574,589.574
25/04/2024 15:00,bounty_madera,30/04/2024 0:00,25/04/2024 0:00,15,16,3,27.2694528,586.867,586.867
25/04/2024 16:00,bounty_madera,30/04/2024 0:00,25/04/2024 0:00,16,17,3,17.68117809,588.71,588.71
25/04/2024 17:00,bounty_madera,30/04/2024 0:00,25/04/2024 0:00,17,18,3,6.6424891,565.64,565.64
25/04/2024 18:00,bounty_madera,30/04/2024 0:00,25/04/2024 0:00,18,19,3,8.613249067,528.696,528.696
25/04/2024 19:00,bounty_madera,30/04/2024 0:00,25/04/2024 0:00,19,20,3,12.11346954,497.811,497.811
25/04/2024 20:00,bounty_madera,30/04/2024 0:00,25/04/2024 0:00,20,21,3,19.22582813,483.554,483.554
25/04/2024 21:00,bounty_madera,30/04/2024 0:00,25/04/2024 0:00,21,22,3,12.07897313,492.434,492.434
25/04/2024 22:00,bounty_madera,30/04/2024 0:00,25/04/2024 0:00,22,23,3,12.12810573,464.488,464.488
25/04/2024 23:00,bounty_madera,30/04/2024 0:00,25/04/2024 0:00,23,24,3,14.47328869,503.522,503.522
26/04/2024 0:00,bounty_madera,31/05/2024 0:00,26/04/2024 0:00,0,1,4,8.43092885,493.848,493.848
26/04/2024 1:00,bounty_madera,31/05/2024 0:00,26/04/2024 0:00,1,2,4,5.401273525,464.809,464.809
26/04/2024 2:00,bounty_madera,31/05/2024 0:00,26/04/2024 0:00,2,3,4,5.259804392,459.516,459.516
26/04/2024 3:00,bounty_madera,31/05/2024 0:00,26/04/2024 0:00,3,4,4,4.940578775,451.947,451.947
26/04/2024 4:00,bounty_madera,31/05/2024 0:00,26/04/2024 0:00,4,5,4,4.970874708,464.037,464.037
26/04/2024 5:00,bounty_madera,31/05/2024 0:00,26/04/2024 0:00,5,6,4,4.832422992,479.24,479.24
26/04/2024 6:00,bounty_madera,31/05/2024 0:00,26/04/2024 0:00,6,7,4,3.222274433,498.285,498.285
26/04/2024 7:00,bounty_madera,31/05/2024 0:00,26/04/2024 0:00,7,8,4,3.449033567,537.001,537.001
26/04/2024 8:00,bounty_madera,31/05/2024 0:00,26/04/2024 0:00,8,9,4,4.815778033,542.266,542.266
26/04/2024 9:00,bounty_madera,31/05/2024 0:00,26/04/2024 0:00,9,10,4,4.91385075,598.512,598.512
26/04/2024 10:00,bounty_madera,31/05/2024 0:00,26/04/2024 0:00,10,11,4,6.636136492,609.479,609.479
26/04/2024 11:00,bounty_madera,31/05/2024 0:00,26/04/2024 0:00,11,12,4,4.9062206,570.158,570.158
26/04/2024 12:00,bounty_madera,31/05/2024 0:00,26/04/2024 0:00,12,13,4,9.3937228,581.863,581.863
26/04/2024 13:00,bounty_madera,31/05/2024 0:00,26/04/2024 0:00,13,14,4,13.47484044,613.599,613.599
26/04/2024 14:00,bounty_madera,31/05/2024 0:00,26/04/2024 0:00,14,15,4,22.22903809,607.037,607.037
26/04/2024 15:00,bounty_madera,31/05/2024 0:00,26/04/2024 0:00,15,16,4,40.74612229,603.691,603.691
26/04/2024 16:00,bounty_madera,31/05/2024 0:00,26/04/2024 0:00,16,17,4,32.63328099,629.548,629.548
26/04/2024 17:00,bounty_madera,31/05/2024 0:00,26/04/2024 0:00,17,18,4,9.081097292,601.873,601.873
26/04/2024 18:00,bounty_madera,31/05/2024 0:00,26/04/2024 0:00,18,19,4,15.53407885,564.628,564.628
26/04/2024 19:00,bounty_madera,31/05/2024 0:00,26/04/2024 0:00,19,20,4,14.12042164,547.344,547.344
26/04/2024 20:00,bounty_madera,31/05/2024 0:00,26/04/2024 0:00,20,21,4,29.6728954,510.078,510.078
26/04/2024 21:00,bounty_madera,31/05/2024 0:00,26/04/2024 0:00,21,22,4,27.08702887,505.293,505.293
26/04/2024 22:00,bounty_madera,31/05/2024 0:00,26/04/2024 0:00,22,23,4,18.54406345,489.888,489.888
26/04/2024 23:00,bounty_madera,31/05/2024 0:00,26/04/2024 0:00,23,24,4,19.16608183,509.345,509.345
27/04/2024 0:00,bounty_madera,31/05/2024 0:00,27/04/2024 0:00,0,1,5,5.633693125,503.903,503.903
27/04/2024 1:00,bounty_madera,31/05/2024 0:00,27/04/2024 0:00,1,2,5,5.657909517,469.455,469.455
27/04/2024 2:00,bounty_madera,31/05/2024 0:00,27/04/2024 0:00,2,3,5,5.307051667,450.605,450.605
27/04/2024 3:00,bounty_madera,31/05/2024 0:00,27/04/2024 0:00,3,4,5,5.023704108,434.018,434.018
27/04/2024 4:00,bounty_madera,31/05/2024 0:00,27/04/2024 0:00,4,5,5,5.084888683,416.379,416.379
27/04/2024 5:00,bounty_madera,31/05/2024 0:00,27/04/2024 0:00,5,6,5,4.71527935,446.995,446.995
27/04/2024 6:00,bounty_madera,31/05/2024 0:00,27/04/2024 0:00,6,7,5,2.484273475,477.493,477.493
27/04/2024 7:00,bounty_madera,31/05/2024 0:00,27/04/2024 0:00,7,8,5,2.52345385,526.294,526.294
27/04/2024 8:00,bounty_madera,31/05/2024 0:00,27/04/2024 0:00,8,9,5,3.33918215,555.97,555.97
27/04/2024 9:00,bounty_madera,31/05/2024 0:00,27/04/2024 0:00,9,10,5,3.493754383,586.533,586.533
27/04/2024 10:00,bounty_madera,31/05/2024 0:00,27/04/2024 0:00,10,11,5,4.300703283,595.224,595.224
27/04/2024 11:00,bounty_madera,31/05/2024 0:00,27/04/2024 0:00,11,12,5,4.09420335,584.258,584.258
27/04/2024 12:00,bounty_madera,31/05/2024 0:00,27/04/2024 0:00,12,13,5,3.380208383,576.425,576.425
27/04/2024 13:00,bounty_madera,31/05/2024 0:00,27/04/2024 0:00,13,14,5,6.4055493,610.814,610.814
27/04/2024 14:00,bounty_madera,31/05/2024 0:00,27/04/2024 0:00,14,15,5,8.744841617,616.733,616.733
27/04/2024 15:00,bounty_madera,31/05/2024 0:00,27/04/2024 0:00,15,16,5,13.75929128,599.386,599.386
27/04/2024 16:00,bounty_madera,31/05/2024 0:00,27/04/2024 0:00,16,17,5,7.0140184,584.977,584.977
27/04/2024 17:00,bounty_madera,31/05/2024 0:00,27/04/2024 0:00,17,18,5,4.966051025,581.839,581.839
27/04/2024 18:00,bounty_madera,31/05/2024 0:00,27/04/2024 0:00,18,19,5,7.935850783,538.55,538.55
27/04/2024 19:00,bounty_madera,31/05/2024 0:00,27/04/2024 0:00,19,20,5,9.105074875,519.407,519.407
27/04/2024 20:00,bounty_madera,31/05/2024 0:00,27/04/2024 0:00,20,21,5,6.319688117,490.563,490.563
27/04/2024 21:00,bounty_madera,31/05/2024 0:00,27/04/2024 0:00,21,22,5,6.277982808,492.455,492.455
27/04/2024 22:00,bounty_madera,31/05/2024 0:00,27/04/2024 0:00,22,23,5,6.243643992,494.127,494.127
27/04/2024 23:00,bounty_madera,31/05/2024 0:00,27/04/2024 0:00,23,24,5,6.047242667,512.894,512.894
28/04/2024 0:00,bounty_madera,31/05/2024 0:00,28/04/2024 0:00,0,1,6,5.343672325,498.54,498.54
28/04/2024 1:00,bounty_madera,31/05/2024 0:00,28/04/2024 0:00,1,2,6,5.3955564,465.718,465.718
28/04/2024 2:00,bounty_madera,31/05/2024 0:00,28/04/2024 0:00,2,3,6,5.714060642,459.525,459.525
28/04/2024 3:00,bounty_madera,31/05/2024 0:00,28/04/2024 0:00,3,4,6,5.238821733,460.287,460.287
28/04/2024 4:00,bounty_madera,31/05/2024 0:00,28/04/2024 0:00,4,5,6,4.88658255,478.422,478.422
28/04/2024 5:00,bounty_madera,31/05/2024 0:00,28/04/2024 0:00,5,6,6,3.944708683,504.285,504.285
28/04/2024 6:00,bounty_madera,31/05/2024 0:00,28/04/2024 0:00,6,7,6,3.117651558,515.338,515.338
28/04/2024 7:00,bounty_madera,31/05/2024 0:00,28/04/2024 0:00,7,8,6,2.868348492,552.897,552.897
28/04/2024 8:00,bounty_madera,31/05/2024 0:00,28/04/2024 0:00,8,9,6,3.336111325,557.945,557.945
28/04/2024 9:00,bounty_madera,31/05/2024 0:00,28/04/2024 0:00,9,10,6,3.664927442,597.261,597.261
28/04/2024 10:00,bounty_madera,31/05/2024 0:00,28/04/2024 0:00,10,11,6,3.755837008,607.055,607.055
28/04/2024 11:00,bounty_madera,31/05/2024 0:00,28/04/2024 0:00,11,12,6,3.851490517,583.08,583.08
28/04/2024 12:00,bounty_madera,31/05/2024 0:00,28/04/2024 0:00,12,13,6,3.824761692,594.241,594.241
28/04/2024 13:00,bounty_madera,31/05/2024 0:00,28/04/2024 0:00,13,14,6,6.775709983,611.621,611.621
28/04/2024 14:00,bounty_madera,31/05/2024 0:00,28/04/2024 0:00,14,15,6,6.179622458,593.577,593.577
28/04/2024 15:00,bounty_madera,31/05/2024 0:00,28/04/2024 0:00,15,16,6,5.7944665,573.586,573.586
28/04/2024 16:00,bounty_madera,31/05/2024 0:00,28/04/2024 0:00,16,17,6,6.2739392,581.712,581.712
28/04/2024 17:00,bounty_madera,31/05/2024 0:00,28/04/2024 0:00,17,18,6,7.7787274,577.302,577.302
28/04/2024 18:00,bounty_madera,31/05/2024 0:00,28/04/2024 0:00,18,19,6,13.54732554,560.724,560.724
28/04/2024 19:00,bounty_madera,31/05/2024 0:00,28/04/2024 0:00,19,20,6,14.64963696,547.386,547.386
28/04/2024 20:00,bounty_madera,31/05/2024 0:00,28/04/2024 0:00,20,21,6,23.78597303,533.53,533.53
28/04/2024 21:00,bounty_madera,31/05/2024 0:00,28/04/2024 0:00,21,22,6,19.34404447,527.21,527.21
28/04/2024 22:00,bounty_madera,31/05/2024 0:00,28/04/2024 0:00,22,23,6,14.66428587,531.293,531.293
28/04/2024 23:00,bounty_madera,31/05/2024 0:00,28/04/2024 0:00,23,24,6,9.851622675,535.269,535.269
29/04/2024 0:00,bounty_madera,31/05/2024 0:00,29/04/2024 0:00,0,1,0,5.509539375,526.942,526.942
29/04/2024 1:00,bounty_madera,31/05/2024 0:00,29/04/2024 0:00,1,2,0,5.288661917,506.978,506.978
29/04/2024 2:00,bounty_madera,31/05/2024 0:00,29/04/2024 0:00,2,3,0,4.389223217,492.958,492.958
29/04/2024 3:00,bounty_madera,31/05/2024 0:00,29/04/2024 0:00,3,4,0,3.822113608,480.86,480.86
29/04/2024 4:00,bounty_madera,31/05/2024 0:00,29/04/2024 0:00,4,5,0,3.88406685,489.916,489.916
29/04/2024 5:00,bounty_madera,31/05/2024 0:00,29/04/2024 0:00,5,6,0,4.276629617,517.036,517.036
29/04/2024 6:00,bounty_madera,31/05/2024 0:00,29/04/2024 0:00,6,7,0,2.878763383,540.141,540.141
29/04/2024 7:00,bounty_madera,31/05/2024 0:00,29/04/2024 0:00,7,8,0,3.727339817,541.829,541.829
29/04/2024 8:00,bounty_madera,31/05/2024 0:00,29/04/2024 0:00,8,9,0,5.224676583,559.185,559.185
29/04/2024 9:00,bounty_madera,31/05/2024 0:00,29/04/2024 0:00,9,10,0,8.608850933,590.609,590.609
29/04/2024 10:00,bounty_madera,31/05/2024 0:00,29/04/2024 0:00,10,11,0,11.56038692,604.339,604.339
29/04/2024 11:00,bounty_madera,31/05/2024 0:00,29/04/2024 0:00,11,12,0,7.172786092,583.143,583.143
29/04/2024 12:00,bounty_madera,31/05/2024 0:00,29/04/2024 0:00,12,13,0,7.331809525,603.234,603.234
29/04/2024 13:00,bounty_madera,31/05/2024 0:00,29/04/2024 0:00,13,14,0,24.18168438,608.875,608.875
29/04/2024 14:00,bounty_madera,31/05/2024 0:00,29/04/2024 0:00,14,15,0,31.33671288,603.885,603.885
29/04/2024 15:00,bounty_madera,31/05/2024 0:00,29/04/2024 0:00,15,16,0,31.26504401,607.611,607.611
29/04/2024 16:00,bounty_madera,31/05/2024 0:00,29/04/2024 0:00,16,17,0,27.0361835,619.646,619.646
29/04/2024 17:00,bounty_madera,31/05/2024 0:00,29/04/2024 0:00,17,18,0,10.72319408,606.166,606.166
29/04/2024 18:00,bounty_madera,31/05/2024 0:00,29/04/2024 0:00,18,19,0,16.65656153,537.65,537.65
29/04/2024 19:00,bounty_madera,31/05/2024 0:00,29/04/2024 0:00,19,20,0,17.19924868,553.904,553.904
29/04/2024 20:00,bounty_madera,31/05/2024 0:00,29/04/2024 0:00,20,21,0,30.04742965,528.528,528.528
29/04/2024 21:00,bounty_madera,31/05/2024 0:00,29/04/2024 0:00,21,22,0,27.61864588,532.312,532.312
29/04/2024 22:00,bounty_madera,31/05/2024 0:00,29/04/2024 0:00,22,23,0,18.50082604,529.196,529.196
29/04/2024 23:00,bounty_madera,31/05/2024 0:00,29/04/2024 0:00,23,24,0,16.84825218,540.58,540.58
30/04/2024 0:00,bounty_madera,31/05/2024 0:00,30/04/2024 0:00,0,1,1,11.75581506,509.335,509.335
30/04/2024 1:00,bounty_madera,31/05/2024 0:00,30/04/2024 0:00,1,2,1,7.613380667,485.99,485.99
30/04/2024 2:00,bounty_madera,31/05/2024 0:00,30/04/2024 0:00,2,3,1,4.733620767,465.971,465.971
30/04/2024 3:00,bounty_madera,31/05/2024 0:00,30/04/2024 0:00,3,4,1,4.581131917,465.217,465.217
30/04/2024 4:00,bounty_madera,31/05/2024 0:00,30/04/2024 0:00,4,5,1,4.7345549,478.796,478.796
30/04/2024 5:00,bounty_madera,31/05/2024 0:00,30/04/2024 0:00,5,6,1,4.40963645,488.767,488.767
30/04/2024 6:00,bounty_madera,31/05/2024 0:00,30/04/2024 0:00,6,7,1,2.81641695,512.716,512.716
30/04/2024 7:00,bounty_madera,31/05/2024 0:00,30/04/2024 0:00,7,8,1,3.654588883,538.738,538.738
30/04/2024 8:00,bounty_madera,31/05/2024 0:00,30/04/2024 0:00,8,9,1,7.093240175,561.767,561.767
30/04/2024 9:00,bounty_madera,31/05/2024 0:00,30/04/2024 0:00,9,10,1,5.710896692,599.142,599.142
30/04/2024 10:00,bounty_madera,31/05/2024 0:00,30/04/2024 0:00,10,11,1,6.473642125,606.43,606.43
30/04/2024 11:00,bounty_madera,31/05/2024 0:00,30/04/2024 0:00,11,12,1,4.437030725,580.839,580.839
30/04/2024 12:00,bounty_madera,31/05/2024 0:00,30/04/2024 0:00,12,13,1,5.389434767,578.747,578.747
30/04/2024 13:00,bounty_madera,31/05/2024 0:00,30/04/2024 0:00,13,14,1,13.48847759,600.595,600.595
30/04/2024 14:00,bounty_madera,31/05/2024 0:00,30/04/2024 0:00,14,15,1,15.34757414,599.121,599.121
30/04/2024 15:00,bounty_madera,31/05/2024 0:00,30/04/2024 0:00,15,16,1,20.94580745,594.746,594.746
30/04/2024 16:00,bounty_madera,31/05/2024 0:00,30/04/2024 0:00,16,17,1,10.49837732,609.68,609.68
30/04/2024 17:00,bounty_madera,31/05/2024 0:00,30/04/2024 0:00,17,18,1,6.179055042,602.834,602.834
30/04/2024 18:00,bounty_madera,31/05/2024 0:00,30/04/2024 0:00,18,19,1,6.061674317,572.941,572.941
30/04/2024 19:00,bounty_madera,31/05/2024 0:00,30/04/2024 0:00,19,20,1,9.314292075,531.417,531.417
30/04/2024 20:00,bounty_madera,31/05/2024 0:00,30/04/2024 0:00,20,21,1,8.3147552,497.944,497.944
30/04/2024 21:00,bounty_madera,31/05/2024 0:00,30/04/2024 0:00,21,22,1,6.186481883,508.381,508.381
30/04/2024 22:00,bounty_madera,31/05/2024 0:00,30/04/2024 0:00,22,23,1,6.151248592,507.279,507.279
30/04/2024 23:00,bounty_madera,31/05/2024 0:00,30/04/2024 0:00,23,24,1,6.116732808,517.898,517.898
01/05/2024 0:00,bounty_madera,31/05/2024 0:00,01/05/2024 0:00,0,1,2,5.605861567,504.651,504.651
01/05/2024 1:00,bounty_madera,31/05/2024 0:00,01/05/2024 0:00,1,2,2,5.330723333,481.279,481.279
01/05/2024 2:00,bounty_madera,31/05/2024 0:00,01/05/2024 0:00,2,3,2,5.314120675,477.137,477.137
01/05/2024 3:00,bounty_madera,31/05/2024 0:00,01/05/2024 0:00,3,4,2,3.999917892,470.426,470.426
01/05/2024 4:00,bounty_madera,31/05/2024 0:00,01/05/2024 0:00,4,5,2,3.782741192,472.739,472.739
01/05/2024 5:00,bounty_madera,31/05/2024 0:00,01/05/2024 0:00,5,6,2,3.376043392,474.306,474.306
01/05/2024 6:00,bounty_madera,31/05/2024 0:00,01/05/2024 0:00,6,7,2,1.823113717,512.569,512.569
01/05/2024 7:00,bounty_madera,31/05/2024 0:00,01/05/2024 0:00,7,8,2,-0.022451442,549.083,549.083
01/05/2024 8:00,bounty_madera,31/05/2024 0:00,01/05/2024 0:00,8,9,2,1.901038575,584.541,584.541
01/05/2024 9:00,bounty_madera,31/05/2024 0:00,01/05/2024 0:00,9,10,2,1.881487,627.976,627.976
01/05/2024 10:00,bounty_madera,31/05/2024 0:00,01/05/2024 0:00,10,11,2,3.279987475,633.581,633.581
01/05/2024 11:00,bounty_madera,31/05/2024 0:00,01/05/2024 0:00,11,12,2,2.998646775,605.929,605.929
01/05/2024 12:00,bounty_madera,31/05/2024 0:00,01/05/2024 0:00,12,13,2,2.925527892,620.826,620.826
01/05/2024 13:00,bounty_madera,31/05/2024 0:00,01/05/2024 0:00,13,14,2,3.819663817,650.668,650.668
01/05/2024 14:00,bounty_madera,31/05/2024 0:00,01/05/2024 0:00,14,15,2,4.2920326,655.342,655.342
01/05/2024 15:00,bounty_madera,31/05/2024 0:00,01/05/2024 0:00,15,16,2,3.747375792,635.591,635.591
01/05/2024 16:00,bounty_madera,31/05/2024 0:00,01/05/2024 0:00,16,17,2,3.8661234,641.256,641.256
01/05/2024 17:00,bounty_madera,31/05/2024 0:00,01/05/2024 0:00,17,18,2,3.588137467,634.237,634.237
01/05/2024 18:00,bounty_madera,31/05/2024 0:00,01/05/2024 0:00,18,19,2,6.894513758,601.007,601.007
01/05/2024 19:00,bounty_madera,31/05/2024 0:00,01/05/2024 0:00,19,20,2,4.522828492,569.818,569.818
01/05/2024 20:00,bounty_madera,31/05/2024 0:00,01/05/2024 0:00,20,21,2,7.3150963,535.012,535.012
01/05/2024 21:00,bounty_madera,31/05/2024 0:00,01/05/2024 0:00,21,22,2,6.533583717,540.166,540.166
01/05/2024 22:00,bounty_madera,31/05/2024 0:00,01/05/2024 0:00,22,23,2,5.3541446,553.544,553.544
01/05/2024 23:00,bounty_madera,31/05/2024 0:00,01/05/2024 0:00,23,24,2,5.898000917,563.359,563.359
02/05/2024 0:00,bounty_madera,31/05/2024 0:00,02/05/2024 0:00,0,1,3,4.943183458,536.395,536.395
02/05/2024 1:00,bounty_madera,31/05/2024 0:00,02/05/2024 0:00,1,2,3,6.002185567,503.866,503.866
02/05/2024 2:00,bounty_madera,31/05/2024 0:00,02/05/2024 0:00,2,3,3,4.737501558,498.797,498.797
02/05/2024 3:00,bounty_madera,31/05/2024 0:00,02/05/2024 0:00,3,4,3,4.308374233,496.892,496.892
02/05/2024 4:00,bounty_madera,31/05/2024 0:00,02/05/2024 0:00,4,5,3,3.982131225,498.654,498.654
02/05/2024 5:00,bounty_madera,31/05/2024 0:00,02/05/2024 0:00,5,6,3,3.867777075,511.827,511.827
02/05/2024 6:00,bounty_madera,31/05/2024 0:00,02/05/2024 0:00,6,7,3,2.521343683,528.301,528.301
02/05/2024 7:00,bounty_madera,31/05/2024 0:00,02/05/2024 0:00,7,8,3,2.852389383,558.621,558.621
02/05/2024 8:00,bounty_madera,31/05/2024 0:00,02/05/2024 0:00,8,9,3,5.256606892,580.272,580.272
02/05/2024 9:00,bounty_madera,31/05/2024 0:00,02/05/2024 0:00,9,10,3,5.985144875,621.914,621.914
02/05/2024 10:00,bounty_madera,31/05/2024 0:00,02/05/2024 0:00,10,11,3,7.929948467,639.08,639.08
02/05/2024 11:00,bounty_madera,31/05/2024 0:00,02/05/2024 0:00,11,12,3,3.923128617,622.46,622.46
02/05/2024 12:00,bounty_madera,31/05/2024 0:00,02/05/2024 0:00,12,13,3,4.52851025,625.745,625.745
02/05/2024 13:00,bounty_madera,31/05/2024 0:00,02/05/2024 0:00,13,14,3,14.35017813,654.201,654.201
02/05/2024 14:00,bounty_madera,31/05/2024 0:00,02/05/2024 0:00,14,15,3,18.21001052,650.228,650.228
02/05/2024 15:00,bounty_madera,31/05/2024 0:00,02/05/2024 0:00,15,16,3,23.80596967,621.966,621.966
02/05/2024 16:00,bounty_madera,31/05/2024 0:00,02/05/2024 0:00,16,17,3,12.7539468,643.77,643.77
02/05/2024 17:00,bounty_madera,31/05/2024 0:00,02/05/2024 0:00,17,18,3,8.164716125,620.617,620.617
02/05/2024 18:00,bounty_madera,31/05/2024 0:00,02/05/2024 0:00,18,19,3,8.268890975,571.303,571.303
02/05/2024 19:00,bounty_madera,31/05/2024 0:00,02/05/2024 0:00,19,20,3,6.72209895,522.502,522.502
02/05/2024 20:00,bounty_madera,31/05/2024 0:00,02/05/2024 0:00,20,21,3,10.35362661,491.212,491.212
02/05/2024 21:00,bounty_madera,31/05/2024 0:00,02/05/2024 0:00,21,22,3,14.68311746,486.35,486.35
02/05/2024 22:00,bounty_madera,31/05/2024 0:00,02/05/2024 0:00,22,23,3,8.840703767,497.44,497.44
02/05/2024 23:00,bounty_madera,31/05/2024 0:00,02/05/2024 0:00,23,24,3,6.921031767,523.185,523.185
03/05/2024 0:00,bounty_madera,31/05/2024 0:00,03/05/2024 0:00,0,1,4,5.72005765,492.363,492.363
03/05/2024 1:00,bounty_madera,31/05/2024 0:00,03/05/2024 0:00,1,2,4,4.587824692,422.949,422.949
03/05/2024 2:00,bounty_madera,31/05/2024 0:00,03/05/2024 0:00,2,3,4,4.2814611,411.881,411.881
03/05/2024 3:00,bounty_madera,31/05/2024 0:00,03/05/2024 0:00,3,4,4,4.064691558,402.528,402.528
03/05/2024 4:00,bounty_madera,31/05/2024 0:00,03/05/2024 0:00,4,5,4,4.253621908,412.786,412.786
03/05/2024 5:00,bounty_madera,31/05/2024 0:00,03/05/2024 0:00,5,6,4,4.118764692,432.109,432.109
03/05/2024 6:00,bounty_madera,31/05/2024 0:00,03/05/2024 0:00,6,7,4,2.395557308,468.011,468.011
03/05/2024 7:00,bounty_madera,31/05/2024 0:00,03/05/2024 0:00,7,8,4,3.2032814,530.033,530.033
03/05/2024 8:00,bounty_madera,31/05/2024 0:00,03/05/2024 0:00,8,9,4,2.999956108,569.536,569.536
03/05/2024 9:00,bounty_madera,31/05/2024 0:00,03/05/2024 0:00,9,10,4,3.395273717,629.776,629.776
03/05/2024 10:00,bounty_madera,31/05/2024 0:00,03/05/2024 0:00,10,11,4,4.269069475,636.544,636.544
03/05/2024 11:00,bounty_madera,31/05/2024 0:00,03/05/2024 0:00,11,12,4,4.0064882,616.463,616.463
03/05/2024 12:00,bounty_madera,31/05/2024 0:00,03/05/2024 0:00,12,13,4,3.87479645,621.945,621.945
03/05/2024 13:00,bounty_madera,31/05/2024 0:00,03/05/2024 0:00,13,14,4,9.368939275,635.679,635.679
03/05/2024 14:00,bounty_madera,31/05/2024 0:00,03/05/2024 0:00,14,15,4,11.52212684,649.271,649.271
03/05/2024 15:00,bounty_madera,31/05/2024 0:00,03/05/2024 0:00,15,16,4,20.01031319,636.119,636.119
03/05/2024 16:00,bounty_madera,31/05/2024 0:00,03/05/2024 0:00,16,17,4,13.77081238,627.898,627.898
03/05/2024 17:00,bounty_madera,31/05/2024 0:00,03/05/2024 0:00,17,18,4,4.645122533,607.93,607.93
03/05/2024 18:00,bounty_madera,31/05/2024 0:00,03/05/2024 0:00,18,19,4,6.697393617,564.729,564.729
03/05/2024 19:00,bounty_madera,31/05/2024 0:00,03/05/2024 0:00,19,20,4,5.543532733,518.572,518.572
03/05/2024 20:00,bounty_madera,31/05/2024 0:00,03/05/2024 0:00,20,21,4,12.13994883,487.335,487.335
03/05/2024 21:00,bounty_madera,31/05/2024 0:00,03/05/2024 0:00,21,22,4,8.215163783,482.143,482.143
03/05/2024 22:00,bounty_madera,31/05/2024 0:00,03/05/2024 0:00,22,23,4,5.228273533,497.772,497.772
03/05/2024 23:00,bounty_madera,31/05/2024 0:00,03/05/2024 0:00,23,24,4,7.3296013,533.757,533.757
04/05/2024 0:00,bounty_madera,31/05/2024 0:00,04/05/2024 0:00,0,1,5,5.574209708,540.654,540.654
04/05/2024 1:00,bounty_madera,31/05/2024 0:00,04/05/2024 0:00,1,2,5,5.243428367,508.837,508.837
04/05/2024 2:00,bounty_madera,31/05/2024 0:00,04/05/2024 0:00,2,3,5,4.023672983,486.468,486.468
04/05/2024 3:00,bounty_madera,31/05/2024 0:00,04/05/2024 0:00,3,4,5,3.87991195,458.676,458.676
04/05/2024 4:00,bounty_madera,31/05/2024 0:00,04/05/2024 0:00,4,5,5,3.780846533,421.78,421.78
04/05/2024 5:00,bounty_madera,31/05/2024 0:00,04/05/2024 0:00,5,6,5,4.332944525,425.183,425.183
04/05/2024 6:00,bounty_madera,31/05/2024 0:00,04/05/2024 0:00,6,7,5,1.391201417,477.881,477.881
04/05/2024 7:00,bounty_madera,31/05/2024 0:00,04/05/2024 0:00,7,8,5,2.951708108,545.753,545.753
04/05/2024 8:00,bounty_madera,31/05/2024 0:00,04/05/2024 0:00,8,9,5,3.02968815,579.778,579.778
04/05/2024 9:00,bounty_madera,31/05/2024 0:00,04/05/2024 0:00,9,10,5,2.605554067,619.336,619.336
04/05/2024 10:00,bounty_madera,31/05/2024 0:00,04/05/2024 0:00,10,11,5,3.424355225,614.259,614.259
04/05/2024 11:00,bounty_madera,31/05/2024 0:00,04/05/2024 0:00,11,12,5,3.712323075,574.69,574.69
04/05/2024 12:00,bounty_madera,31/05/2024 0:00,04/05/2024 0:00,12,13,5,7.055198292,602.895,602.895
04/05/2024 13:00,bounty_madera,31/05/2024 0:00,04/05/2024 0:00,13,14,5,11.68337416,617.658,617.658
04/05/2024 14:00,bounty_madera,31/05/2024 0:00,04/05/2024 0:00,14,15,5,7.080300767,611.772,611.772
04/05/2024 15:00,bounty_madera,31/05/2024 0:00,04/05/2024 0:00,15,16,5,8.022595033,614.834,614.834
04/05/2024 16:00,bounty_madera,31/05/2024 0:00,04/05/2024 0:00,16,17,5,8.453924433,607.618,607.618
04/05/2024 17:00,bounty_madera,31/05/2024 0:00,04/05/2024 0:00,17,18,5,5.095618125,601.272,601.272
04/05/2024 18:00,bounty_madera,31/05/2024 0:00,04/05/2024 0:00,18,19,5,7.11373115,580.647,580.647
04/05/2024 19:00,bounty_madera,31/05/2024 0:00,04/05/2024 0:00,19,20,5,5.4383169,543.032,543.032
04/05/2024 20:00,bounty_madera,31/05/2024 0:00,04/05/2024 0:00,20,21,5,9.183741442,505.973,505.973
04/05/2024 21:00,bounty_madera,31/05/2024 0:00,04/05/2024 0:00,21,22,5,7.74761925,483.462,483.462
04/05/2024 22:00,bounty_madera,31/05/2024 0:00,04/05/2024 0:00,22,23,5,5.558398033,500.152,500.152
04/05/2024 23:00,bounty_madera,31/05/2024 0:00,04/05/2024 0:00,23,24,5,5.845124075,544.113,544.113
05/05/2024 0:00,bounty_madera,31/05/2024 0:00,05/05/2024 0:00,0,1,6,5.899033,531.825,531.825
05/05/2024 1:00,bounty_madera,31/05/2024 0:00,05/05/2024 0:00,1,2,6,6.026258917,480.946,480.946
05/05/2024 2:00,bounty_madera,31/05/2024 0:00,05/05/2024 0:00,2,3,6,4.967029725,446.145,446.145
05/05/2024 3:00,bounty_madera,31/05/2024 0:00,05/05/2024 0:00,3,4,6,4.528293025,412.739,412.739
05/05/2024 4:00,bounty_madera,31/05/2024 0:00,05/05/2024 0:00,4,5,6,4.078802058,392.764,392.764
05/05/2024 5:00,bounty_madera,31/05/2024 0:00,05/05/2024 0:00,5,6,6,3.788161483,384.023,384.023
05/05/2024 6:00,bounty_madera,31/05/2024 0:00,05/05/2024 0:00,6,7,6,3.239594342,438.392,438.392
05/05/2024 7:00,bounty_madera,31/05/2024 0:00,05/05/2024 0:00,7,8,6,2.254503875,524.5,524.5
05/05/2024 8:00,bounty_madera,31/05/2024 0:00,05/05/2024 0:00,8,9,6,2.181195042,563.637,563.637
05/05/2024 9:00,bounty_madera,31/05/2024 0:00,05/05/2024 0:00,9,10,6,3.467504433,615.341,615.341
05/05/2024 10:00,bounty_madera,31/05/2024 0:00,05/05/2024 0:00,10,11,6,3.437512967,611.444,611.444
05/05/2024 11:00,bounty_madera,31/05/2024 0:00,05/05/2024 0:00,11,12,6,3.292346775,604.976,604.976
05/05/2024 12:00,bounty_madera,31/05/2024 0:00,05/05/2024 0:00,12,13,6,3.301736142,620.541,620.541
05/05/2024 13:00,bounty_madera,31/05/2024 0:00,05/05/2024 0:00,13,14,6,3.673903267,627.031,627.031
05/05/2024 14:00,bounty_madera,31/05/2024 0:00,05/05/2024 0:00,14,15,6,6.072986783,634.948,634.948
05/05/2024 15:00,bounty_madera,31/05/2024 0:00,05/05/2024 0:00,15,16,6,5.9231129,625.386,625.386
05/05/2024 16:00,bounty_madera,31/05/2024 0:00,05/05/2024 0:00,16,17,6,4.523010825,624.59,624.59
05/05/2024 17:00,bounty_madera,31/05/2024 0:00,05/05/2024 0:00,17,18,6,3.952773775,621.197,621.197
05/05/2024 18:00,bounty_madera,31/05/2024 0:00,05/05/2024 0:00,18,19,6,7.572097292,568.424,568.424
05/05/2024 19:00,bounty_madera,31/05/2024 0:00,05/05/2024 0:00,19,20,6,5.237536625,541.976,541.976
05/05/2024 20:00,bounty_madera,31/05/2024 0:00,05/05/2024 0:00,20,21,6,8.060715508,511.756,511.756
05/05/2024 21:00,bounty_madera,31/05/2024 0:00,05/05/2024 0:00,21,22,6,10.62145346,516.81,516.81
05/05/2024 22:00,bounty_madera,31/05/2024 0:00,05/05/2024 0:00,22,23,6,8.398588483,515.223,515.223
05/05/2024 23:00,bounty_madera,31/05/2024 0:00,05/05/2024 0:00,23,24,6,5.172281117,529.334,529.334
06/05/2024 0:00,bounty_madera,31/05/2024 0:00,06/05/2024 0:00,0,1,0,6.936351725,518.739,518.739
06/05/2024 1:00,bounty_madera,31/05/2024 0:00,06/05/2024 0:00,1,2,0,5.12602545,486.932,486.932
06/05/2024 2:00,bounty_madera,31/05/2024 0:00,06/05/2024 0:00,2,3,0,5.082208008,465.114,465.114
06/05/2024 3:00,bounty_madera,31/05/2024 0:00,06/05/2024 0:00,3,4,0,4.580809283,454.256,454.256
06/05/2024 4:00,bounty_madera,31/05/2024 0:00,06/05/2024 0:00,4,5,0,4.116415025,438.744,438.744
06/05/2024 5:00,bounty_madera,31/05/2024 0:00,06/05/2024 0:00,5,6,0,4.108166308,450.834,450.834
06/05/2024 6:00,bounty_madera,31/05/2024 0:00,06/05/2024 0:00,6,7,0,3.008552383,526.239,526.239
06/05/2024 7:00,bounty_madera,31/05/2024 0:00,06/05/2024 0:00,7,8,0,3.014608583,559.466,559.466
06/05/2024 8:00,bounty_madera,31/05/2024 0:00,06/05/2024 0:00,8,9,0,3.6016744,601.053,601.053
06/05/2024 9:00,bounty_madera,31/05/2024 0:00,06/05/2024 0:00,9,10,0,4.421778508,627.493,627.493
06/05/2024 10:00,bounty_madera,31/05/2024 0:00,06/05/2024 0:00,10,11,0,8.586135967,646.881,646.881
06/05/2024 11:00,bounty_madera,31/05/2024 0:00,06/05/2024 0:00,11,12,0,4.750708117,607.579,607.579
06/05/2024 12:00,bounty_madera,31/05/2024 0:00,06/05/2024 0:00,12,13,0,5.2338046,603.897,603.897
06/05/2024 13:00,bounty_madera,31/05/2024 0:00,06/05/2024 0:00,13,14,0,16.92392195,639.846,639.846
06/05/2024 14:00,bounty_madera,31/05/2024 0:00,06/05/2024 0:00,14,15,0,21.41795903,632.949,632.949
06/05/2024 15:00,bounty_madera,31/05/2024 0:00,06/05/2024 0:00,15,16,0,31.42525352,621.177,621.177
06/05/2024 16:00,bounty_madera,31/05/2024 0:00,06/05/2024 0:00,16,17,0,28.03053165,641.109,641.109
06/05/2024 17:00,bounty_madera,31/05/2024 0:00,06/05/2024 0:00,17,18,0,13.33539935,646.73,646.73
06/05/2024 18:00,bounty_madera,31/05/2024 0:00,06/05/2024 0:00,18,19,0,16.3797166,613.146,613.146
06/05/2024 19:00,bounty_madera,31/05/2024 0:00,06/05/2024 0:00,19,20,0,17.29913892,574.111,574.111
06/05/2024 20:00,bounty_madera,31/05/2024 0:00,06/05/2024 0:00,20,21,0,22.16365837,553.363,553.363
06/05/2024 21:00,bounty_madera,31/05/2024 0:00,06/05/2024 0:00,21,22,0,17.41000043,528.524,528.524
06/05/2024 22:00,bounty_madera,31/05/2024 0:00,06/05/2024 0:00,22,23,0,18.63250005,516.155,516.155
06/05/2024 23:00,bounty_madera,31/05/2024 0:00,06/05/2024 0:00,23,24,0,14.58405591,542.958,542.958
07/05/2024 0:00,bounty_madera,31/05/2024 0:00,07/05/2024 0:00,0,1,1,5.868562158,526.109,526.109
07/05/2024 1:00,bounty_madera,31/05/2024 0:00,07/05/2024 0:00,1,2,1,6.497631658,507.583,507.583
07/05/2024 2:00,bounty_madera,31/05/2024 0:00,07/05/2024 0:00,2,3,1,5.316400558,495.805,495.805
07/05/2024 3:00,bounty_madera,31/05/2024 0:00,07/05/2024 0:00,3,4,1,5.172135317,489.854,489.854
07/05/2024 4:00,bounty_madera,31/05/2024 0:00,07/05/2024 0:00,4,5,1,5.227044558,508.6,508.6
07/05/2024 5:00,bounty_madera,31/05/2024 0:00,07/05/2024 0:00,5,6,1,4.908008025,535.277,535.277
07/05/2024 6:00,bounty_madera,31/05/2024 0:00,07/05/2024 0:00,6,7,1,3.301102583,529.974,529.974
07/05/2024 7:00,bounty_madera,31/05/2024 0:00,07/05/2024 0:00,7,8,1,3.405021475,561.2,561.2
07/05/2024 8:00,bounty_madera,31/05/2024 0:00,07/05/2024 0:00,8,9,1,4.556296042,582.72,582.72
07/05/2024 9:00,bounty_madera,31/05/2024 0:00,07/05/2024 0:00,9,10,1,5.522133242,607.316,607.316
07/05/2024 10:00,bounty_madera,31/05/2024 0:00,07/05/2024 0:00,10,11,1,5.782696667,617.619,617.619
07/05/2024 11:00,bounty_madera,31/05/2024 0:00,07/05/2024 0:00,11,12,1,4.174258108,596.358,596.358
07/05/2024 12:00,bounty_madera,31/05/2024 0:00,07/05/2024 0:00,12,13,1,4.877569358,620.314,620.314
07/05/2024 13:00,bounty_madera,31/05/2024 0:00,07/05/2024 0:00,13,14,1,12.91352057,644.802,644.802
07/05/2024 14:00,bounty_madera,31/05/2024 0:00,07/05/2024 0:00,14,15,1,13.10505448,633.673,633.673
07/05/2024 15:00,bounty_madera,31/05/2024 0:00,07/05/2024 0:00,15,16,1,16.42097723,618.449,618.449
07/05/2024 16:00,bounty_madera,31/05/2024 0:00,07/05/2024 0:00,16,17,1,14.94717125,622.096,622.096
07/05/2024 17:00,bounty_madera,31/05/2024 0:00,07/05/2024 0:00,17,18,1,5.278505783,618.817,618.817
07/05/2024 18:00,bounty_madera,31/05/2024 0:00,07/05/2024 0:00,18,19,1,10.6800945,593.334,593.334
07/05/2024 19:00,bounty_madera,31/05/2024 0:00,07/05/2024 0:00,19,20,1,9.049227492,569.34,569.34
07/05/2024 20:00,bounty_madera,31/05/2024 0:00,07/05/2024 0:00,20,21,1,13.01834563,490.862,490.862
07/05/2024 21:00,bounty_madera,31/05/2024 0:00,07/05/2024 0:00,21,22,1,10.59846171,452.772,452.772
07/05/2024 22:00,bounty_madera,31/05/2024 0:00,07/05/2024 0:00,22,23,1,6.638668842,467.179,467.179
07/05/2024 23:00,bounty_madera,31/05/2024 0:00,07/05/2024 0:00,23,24,1,7.364119442,530.349,530.349
08/05/2024 0:00,bounty_madera,31/05/2024 0:00,08/05/2024 0:00,0,1,2,5.664355833,521.195,521.195
08/05/2024 1:00,bounty_madera,31/05/2024 0:00,08/05/2024 0:00,1,2,2,5.364772467,461.953,461.953
08/05/2024 2:00,bounty_madera,31/05/2024 0:00,08/05/2024 0:00,2,3,2,4.714968617,447.308,447.308
08/05/2024 3:00,bounty_madera,31/05/2024 0:00,08/05/2024 0:00,3,4,2,4.340063833,406.376,406.376
08/05/2024 4:00,bounty_madera,31/05/2024 0:00,08/05/2024 0:00,4,5,2,4.458463158,388.291,388.291
08/05/2024 5:00,bounty_madera,31/05/2024 0:00,08/05/2024 0:00,5,6,2,5.2691854,417.565,417.565
08/05/2024 6:00,bounty_madera,31/05/2024 0:00,08/05/2024 0:00,6,7,2,3.362263683,488.569,488.569
08/05/2024 7:00,bounty_madera,31/05/2024 0:00,08/05/2024 0:00,7,8,2,3.786904608,540.956,540.956
08/05/2024 8:00,bounty_madera,31/05/2024 0:00,08/05/2024 0:00,8,9,2,4.06867515,559.839,559.839
08/05/2024 9:00,bounty_madera,31/05/2024 0:00,08/05/2024 0:00,9,10,2,4.199428667,622.152,622.152
08/05/2024 10:00,bounty_madera,31/05/2024 0:00,08/05/2024 0:00,10,11,2,5.617934883,614.763,614.763
08/05/2024 11:00,bounty_madera,31/05/2024 0:00,08/05/2024 0:00,11,12,2,9.542151525,591.696,591.696
08/05/2024 12:00,bounty_madera,31/05/2024 0:00,08/05/2024 0:00,12,13,2,4.5135876,600.234,600.234
08/05/2024 13:00,bounty_madera,31/05/2024 0:00,08/05/2024 0:00,13,14,2,15.88561446,626.425,626.425
08/05/2024 14:00,bounty_madera,31/05/2024 0:00,08/05/2024 0:00,14,15,2,16.44283324,620.081,620.081
08/05/2024 15:00,bounty_madera,31/05/2024 0:00,08/05/2024 0:00,15,16,2,15.62589176,624.919,624.919
08/05/2024 16:00,bounty_madera,31/05/2024 0:00,08/05/2024 0:00,16,17,2,12.48736562,631.962,631.962
08/05/2024 17:00,bounty_madera,31/05/2024 0:00,08/05/2024 0:00,17,18,2,4.644265692,625.733,625.733
08/05/2024 18:00,bounty_madera,31/05/2024 0:00,08/05/2024 0:00,18,19,2,6.664458767,599.034,599.034
08/05/2024 19:00,bounty_madera,31/05/2024 0:00,08/05/2024 0:00,19,20,2,6.309474867,561.608,561.608
08/05/2024 20:00,bounty_madera,31/05/2024 0:00,08/05/2024 0:00,20,21,2,7.914373692,505.073,505.073
08/05/2024 21:00,bounty_madera,31/05/2024 0:00,08/05/2024 0:00,21,22,2,11.59767663,493.693,493.693
08/05/2024 22:00,bounty_madera,31/05/2024 0:00,08/05/2024 0:00,22,23,2,8.286805892,507.342,507.342
08/05/2024 23:00,bounty_madera,31/05/2024 0:00,08/05/2024 0:00,23,24,2,7.278729425,517.922,517.922
09/05/2024 0:00,bounty_madera,31/05/2024 0:00,09/05/2024 0:00,0,1,3,5.870816458,521.342,521.342
09/05/2024 1:00,bounty_madera,31/05/2024 0:00,09/05/2024 0:00,1,2,3,6.108960542,504.924,504.924
09/05/2024 2:00,bounty_madera,31/05/2024 0:00,09/05/2024 0:00,2,3,3,5.037775725,483.559,483.559
09/05/2024 3:00,bounty_madera,31/05/2024 0:00,09/05/2024 0:00,3,4,3,5.006866267,461.243,461.243
09/05/2024 4:00,bounty_madera,31/05/2024 0:00,09/05/2024 0:00,4,5,3,4.612779825,458.489,458.489
09/05/2024 5:00,bounty_madera,31/05/2024 0:00,09/05/2024 0:00,5,6,3,4.48369255,483.983,483.983
09/05/2024 6:00,bounty_madera,31/05/2024 0:00,09/05/2024 0:00,6,7,3,3.731292125,530.712,530.712
09/05/2024 7:00,bounty_madera,31/05/2024 0:00,09/05/2024 0:00,7,8,3,3.410294467,545.875,545.875
09/05/2024 8:00,bounty_madera,31/05/2024 0:00,09/05/2024 0:00,8,9,3,3.656105058,557.749,557.749
09/05/2024 9:00,bounty_madera,31/05/2024 0:00,09/05/2024 0:00,9,10,3,3.426649342,609.798,609.798
09/05/2024 10:00,bounty_madera,31/05/2024 0:00,09/05/2024 0:00,10,11,3,4.286303917,623.591,623.591
09/05/2024 11:00,bounty_madera,31/05/2024 0:00,09/05/2024 0:00,11,12,3,4.209820167,594.289,594.289
09/05/2024 12:00,bounty_madera,31/05/2024 0:00,09/05/2024 0:00,12,13,3,4.913561358,600.646,600.646
09/05/2024 13:00,bounty_madera,31/05/2024 0:00,09/05/2024 0:00,13,14,3,13.77578772,632.5,632.5
09/05/2024 14:00,bounty_madera,31/05/2024 0:00,09/05/2024 0:00,14,15,3,20.83137542,619.703,619.703
09/05/2024 15:00,bounty_madera,31/05/2024 0:00,09/05/2024 0:00,15,16,3,16.46359738,582.493,582.493
09/05/2024 16:00,bounty_madera,31/05/2024 0:00,09/05/2024 0:00,16,17,3,11.28856896,622.672,622.672
09/05/2024 17:00,bounty_madera,31/05/2024 0:00,09/05/2024 0:00,17,18,3,5.172632967,597.184,597.184
09/05/2024 18:00,bounty_madera,31/05/2024 0:00,09/05/2024 0:00,18,19,3,7.811411242,558.769,558.769
09/05/2024 19:00,bounty_madera,31/05/2024 0:00,09/05/2024 0:00,19,20,3,5.779148958,528.903,528.903
09/05/2024 20:00,bounty_madera,31/05/2024 0:00,09/05/2024 0:00,20,21,3,10.97819575,500.341,500.341
09/05/2024 21:00,bounty_madera,31/05/2024 0:00,09/05/2024 0:00,21,22,3,8.494310425,491.566,491.566
09/05/2024 22:00,bounty_madera,31/05/2024 0:00,09/05/2024 0:00,22,23,3,6.118694583,489.813,489.813
09/05/2024 23:00,bounty_madera,31/05/2024 0:00,09/05/2024 0:00,23,24,3,5.221604942,532.139,532.139
10/05/2024 0:00,bounty_madera,31/05/2024 0:00,10/05/2024 0:00,0,1,4,5.589825983,515.89,515.89
10/05/2024 1:00,bounty_madera,31/05/2024 0:00,10/05/2024 0:00,1,2,4,4.985735217,498.192,498.192
10/05/2024 2:00,bounty_madera,31/05/2024 0:00,10/05/2024 0:00,2,3,4,4.510757108,499.265,499.265
10/05/2024 3:00,bounty_madera,31/05/2024 0:00,10/05/2024 0:00,3,4,4,4.370740308,500.058,500.058
10/05/2024 4:00,bounty_madera,31/05/2024 0:00,10/05/2024 0:00,4,5,4,4.330507442,500.38,500.38
10/05/2024 5:00,bounty_madera,31/05/2024 0:00,10/05/2024 0:00,5,6,4,4.2496759,507.412,507.412
10/05/2024 6:00,bounty_madera,31/05/2024 0:00,10/05/2024 0:00,6,7,4,3.0042737,518.765,518.765
10/05/2024 7:00,bounty_madera,31/05/2024 0:00,10/05/2024 0:00,7,8,4,2.611174242,548.708,548.708
10/05/2024 8:00,bounty_madera,31/05/2024 0:00,10/05/2024 0:00,8,9,4,3.257879825,547.774,547.774
10/05/2024 9:00,bounty_madera,31/05/2024 0:00,10/05/2024 0:00,9,10,4,3.311595967,578.873,578.873
10/05/2024 10:00,bounty_madera,31/05/2024 0:00,10/05/2024 0:00,10,11,4,3.996113708,609.764,609.764
10/05/2024 11:00,bounty_madera,31/05/2024 0:00,10/05/2024 0:00,11,12,4,3.786532167,576.744,576.744
10/05/2024 12:00,bounty_madera,31/05/2024 0:00,10/05/2024 0:00,12,13,4,4.007985042,596.342,596.342
10/05/2024 13:00,bounty_madera,31/05/2024 0:00,10/05/2024 0:00,13,14,4,8.444687425,610.761,610.761
10/05/2024 14:00,bounty_madera,31/05/2024 0:00,10/05/2024 0:00,14,15,4,10.88246129,602.879,602.879
10/05/2024 15:00,bounty_madera,31/05/2024 0:00,10/05/2024 0:00,15,16,4,12.20167968,610.826,610.826
10/05/2024 16:00,bounty_madera,31/05/2024 0:00,10/05/2024 0:00,16,17,4,8.619391417,614.938,614.938
10/05/2024 17:00,bounty_madera,31/05/2024 0:00,10/05/2024 0:00,17,18,4,4.308092542,592.124,592.124
10/05/2024 18:00,bounty_madera,31/05/2024 0:00,10/05/2024 0:00,18,19,4,5.164718175,543.463,543.463
10/05/2024 19:00,bounty_madera,31/05/2024 0:00,10/05/2024 0:00,19,20,4,4.823569583,511.769,511.769
10/05/2024 20:00,bounty_madera,31/05/2024 0:00,10/05/2024 0:00,20,21,4,10.81134602,488.935,488.935
10/05/2024 21:00,bounty_madera,31/05/2024 0:00,10/05/2024 0:00,21,22,4,12.19473316,480.018,480.018
10/05/2024 22:00,bounty_madera,31/05/2024 0:00,10/05/2024 0:00,22,23,4,8.430114117,475.117,475.117
10/05/2024 23:00,bounty_madera,31/05/2024 0:00,10/05/2024 0:00,23,24,4,5.453252283,517.423,517.423
11/05/2024 0:00,bounty_madera,31/05/2024 0:00,11/05/2024 0:00,0,1,5,10.66249589,524.547,524.547
11/05/2024 1:00,bounty_madera,31/05/2024 0:00,11/05/2024 0:00,1,2,5,5.040685517,503.921,503.921
11/05/2024 2:00,bounty_madera,31/05/2024 0:00,11/05/2024 0:00,2,3,5,6.54114845,498.633,498.633
11/05/2024 3:00,bounty_madera,31/05/2024 0:00,11/05/2024 0:00,3,4,5,5.079121933,479.529,479.529
11/05/2024 4:00,bounty_madera,31/05/2024 0:00,11/05/2024 0:00,4,5,5,4.543778092,480.631,480.631
11/05/2024 5:00,bounty_madera,31/05/2024 0:00,11/05/2024 0:00,5,6,5,4.150033475,501.568,501.568
11/05/2024 6:00,bounty_madera,31/05/2024 0:00,11/05/2024 0:00,6,7,5,3.2479766,521.027,521.027
11/05/2024 7:00,bounty_madera,31/05/2024 0:00,11/05/2024 0:00,7,8,5,3.193256958,559.356,559.356
11/05/2024 8:00,bounty_madera,31/05/2024 0:00,11/05/2024 0:00,8,9,5,2.642029967,585.909,585.909
11/05/2024 9:00,bounty_madera,31/05/2024 0:00,11/05/2024 0:00,9,10,5,4.065884217,603.875,603.875
11/05/2024 10:00,bounty_madera,31/05/2024 0:00,11/05/2024 0:00,10,11,5,4.069352642,614.337,614.337
11/05/2024 11:00,bounty_madera,31/05/2024 0:00,11/05/2024 0:00,11,12,5,4.164049067,582.385,582.385
11/05/2024 12:00,bounty_madera,31/05/2024 0:00,11/05/2024 0:00,12,13,5,3.459551317,587.644,587.644
11/05/2024 13:00,bounty_madera,31/05/2024 0:00,11/05/2024 0:00,13,14,5,7.202700942,612.99,612.99
11/05/2024 14:00,bounty_madera,31/05/2024 0:00,11/05/2024 0:00,14,15,5,8.11590735,603.385,603.385
11/05/2024 15:00,bounty_madera,31/05/2024 0:00,11/05/2024 0:00,15,16,5,9.2032304,604.993,604.993
11/05/2024 16:00,bounty_madera,31/05/2024 0:00,11/05/2024 0:00,16,17,5,8.6594963,576.215,576.215
11/05/2024 17:00,bounty_madera,31/05/2024 0:00,11/05/2024 0:00,17,18,5,5.773638192,560.453,560.453
11/05/2024 18:00,bounty_madera,31/05/2024 0:00,11/05/2024 0:00,18,19,5,11.9667616,543.069,543.069
11/05/2024 19:00,bounty_madera,31/05/2024 0:00,11/05/2024 0:00,19,20,5,12.41801245,520.545,520.545
11/05/2024 20:00,bounty_madera,31/05/2024 0:00,11/05/2024 0:00,20,21,5,12.53594119,502.562,502.562
11/05/2024 21:00,bounty_madera,31/05/2024 0:00,11/05/2024 0:00,21,22,5,15.33354068,507.919,507.919
11/05/2024 22:00,bounty_madera,31/05/2024 0:00,11/05/2024 0:00,22,23,5,8.053931383,513.397,513.397
11/05/2024 23:00,bounty_madera,31/05/2024 0:00,11/05/2024 0:00,23,24,5,6.583049908,526.231,526.231
12/05/2024 0:00,bounty_madera,31/05/2024 0:00,12/05/2024 0:00,0,1,6,5.316434608,504.135,504.135
12/05/2024 1:00,bounty_madera,31/05/2024 0:00,12/05/2024 0:00,1,2,6,6.032580117,475.122,475.122
12/05/2024 2:00,bounty_madera,31/05/2024 0:00,12/05/2024 0:00,2,3,6,6.6763886,439.126,439.126
12/05/2024 3:00,bounty_madera,31/05/2024 0:00,12/05/2024 0:00,3,4,6,4.564296842,412.211,412.211
12/05/2024 4:00,bounty_madera,31/05/2024 0:00,12/05/2024 0:00,4,5,6,5.189000417,411.598,411.598
12/05/2024 5:00,bounty_madera,31/05/2024 0:00,12/05/2024 0:00,5,6,6,4.041938217,428.547,428.547
12/05/2024 6:00,bounty_madera,31/05/2024 0:00,12/05/2024 0:00,6,7,6,2.819844725,496.2,496.2
12/05/2024 7:00,bounty_madera,31/05/2024 0:00,12/05/2024 0:00,7,8,6,2.728620267,555.009,555.009
12/05/2024 8:00,bounty_madera,31/05/2024 0:00,12/05/2024 0:00,8,9,6,3.3266926,578.587,578.587
12/05/2024 9:00,bounty_madera,31/05/2024 0:00,12/05/2024 0:00,9,10,6,3.452480875,624.11,624.11
12/05/2024 10:00,bounty_madera,31/05/2024 0:00,12/05/2024 0:00,10,11,6,2.839346608,624.25,624.25
12/05/2024 11:00,bounty_madera,31/05/2024 0:00,12/05/2024 0:00,11,12,6,2.931357233,604.828,604.828
12/05/2024 12:00,bounty_madera,31/05/2024 0:00,12/05/2024 0:00,12,13,6,3.08831855,621.031,621.031
12/05/2024 13:00,bounty_madera,31/05/2024 0:00,12/05/2024 0:00,13,14,6,3.70506585,645.376,645.376
12/05/2024 14:00,bounty_madera,31/05/2024 0:00,12/05/2024 0:00,14,15,6,4.302857642,640.299,640.299
12/05/2024 15:00,bounty_madera,31/05/2024 0:00,12/05/2024 0:00,15,16,6,5.214205533,643.071,643.071
12/05/2024 16:00,bounty_madera,31/05/2024 0:00,12/05/2024 0:00,16,17,6,5.630675608,638.609,638.609
12/05/2024 17:00,bounty_madera,31/05/2024 0:00,12/05/2024 0:00,17,18,6,5.740028675,634.02,634.02
12/05/2024 18:00,bounty_madera,31/05/2024 0:00,12/05/2024 0:00,18,19,6,9.108698067,605.332,605.332
12/05/2024 19:00,bounty_madera,31/05/2024 0:00,12/05/2024 0:00,19,20,6,11.98120835,599.121,599.121
12/05/2024 20:00,bounty_madera,31/05/2024 0:00,12/05/2024 0:00,20,21,6,19.42557612,580.544,580.544
12/05/2024 21:00,bounty_madera,31/05/2024 0:00,12/05/2024 0:00,21,22,6,18.25866506,567.142,567.142
12/05/2024 22:00,bounty_madera,31/05/2024 0:00,12/05/2024 0:00,22,23,6,17.55737086,550.174,550.174
12/05/2024 23:00,bounty_madera,31/05/2024 0:00,12/05/2024 0:00,23,24,6,21.27631863,558.94,558.94
13/05/2024 0:00,bounty_madera,31/05/2024 0:00,13/05/2024 0:00,0,1,0,15.95549723,545.419,545.419
13/05/2024 1:00,bounty_madera,31/05/2024 0:00,13/05/2024 0:00,1,2,0,5.73607775,518.468,518.468
13/05/2024 2:00,bounty_madera,31/05/2024 0:00,13/05/2024 0:00,2,3,0,4.9915697,507.62,507.62
13/05/2024 3:00,bounty_madera,31/05/2024 0:00,13/05/2024 0:00,3,4,0,4.592365933,510.729,510.729
13/05/2024 4:00,bounty_madera,31/05/2024 0:00,13/05/2024 0:00,4,5,0,4.39439465,528.957,528.957
13/05/2024 5:00,bounty_madera,31/05/2024 0:00,13/05/2024 0:00,5,6,0,4.285697333,545.936,545.936
13/05/2024 6:00,bounty_madera,31/05/2024 0:00,13/05/2024 0:00,6,7,0,3.604608808,572.501,572.501
13/05/2024 7:00,bounty_madera,31/05/2024 0:00,13/05/2024 0:00,7,8,0,4.136772667,599.841,599.841
13/05/2024 8:00,bounty_madera,31/05/2024 0:00,13/05/2024 0:00,8,9,0,10.50771658,614.632,614.632
13/05/2024 9:00,bounty_madera,31/05/2024 0:00,13/05/2024 0:00,9,10,0,9.379562775,631.219,631.219
13/05/2024 10:00,bounty_madera,31/05/2024 0:00,13/05/2024 0:00,10,11,0,13.89630756,651.81,651.81
13/05/2024 11:00,bounty_madera,31/05/2024 0:00,13/05/2024 0:00,11,12,0,13.17218768,619.185,619.185
13/05/2024 12:00,bounty_madera,31/05/2024 0:00,13/05/2024 0:00,12,13,0,16.29401173,627.329,627.329
13/05/2024 13:00,bounty_madera,31/05/2024 0:00,13/05/2024 0:00,13,14,0,30.67729723,644.101,644.101
13/05/2024 14:00,bounty_madera,31/05/2024 0:00,13/05/2024 0:00,14,15,0,79.85843717,635.415,635.415
13/05/2024 15:00,bounty_madera,31/05/2024 0:00,13/05/2024 0:00,15,16,0,36.33770426,642.523,642.523
13/05/2024 16:00,bounty_madera,31/05/2024 0:00,13/05/2024 0:00,16,17,0,50.39264884,649.71,649.71
13/05/2024 17:00,bounty_madera,31/05/2024 0:00,13/05/2024 0:00,17,18,0,6.737029242,636.35,636.35
13/05/2024 18:00,bounty_madera,31/05/2024 0:00,13/05/2024 0:00,18,19,0,6.270923883,591.619,591.619
13/05/2024 19:00,bounty_madera,31/05/2024 0:00,13/05/2024 0:00,19,20,0,6.27464565,542.709,542.709
13/05/2024 20:00,bounty_madera,31/05/2024 0:00,13/05/2024 0:00,20,21,0,6.283902592,527.994,527.994
13/05/2024 21:00,bounty_madera,31/05/2024 0:00,13/05/2024 0:00,21,22,0,14.60275639,517.816,517.816
13/05/2024 22:00,bounty_madera,31/05/2024 0:00,13/05/2024 0:00,22,23,0,6.271869242,534.024,534.024
13/05/2024 23:00,bounty_madera,31/05/2024 0:00,13/05/2024 0:00,23,24,0,8.362821617,544.639,544.639
14/05/2024 0:00,bounty_madera,31/05/2024 0:00,14/05/2024 0:00,0,1,1,4.79077165,519.132,519.132
14/05/2024 1:00,bounty_madera,31/05/2024 0:00,14/05/2024 0:00,1,2,1,4.442016308,485.049,485.049
14/05/2024 2:00,bounty_madera,31/05/2024 0:00,14/05/2024 0:00,2,3,1,4.42634625,470.636,470.636
14/05/2024 3:00,bounty_madera,31/05/2024 0:00,14/05/2024 0:00,3,4,1,4.412767758,451.073,451.073
14/05/2024 4:00,bounty_madera,31/05/2024 0:00,14/05/2024 0:00,4,5,1,4.3266281,477.927,477.927
14/05/2024 5:00,bounty_madera,31/05/2024 0:00,14/05/2024 0:00,5,6,1,4.230731958,492.399,492.399
14/05/2024 6:00,bounty_madera,31/05/2024 0:00,14/05/2024 0:00,6,7,1,3.102083308,531.758,531.758
14/05/2024 7:00,bounty_madera,31/05/2024 0:00,14/05/2024 0:00,7,8,1,3.783872108,549.112,549.112
14/05/2024 8:00,bounty_madera,31/05/2024 0:00,14/05/2024 0:00,8,9,1,3.917774775,560.918,560.918
14/05/2024 9:00,bounty_madera,31/05/2024 0:00,14/05/2024 0:00,9,10,1,3.7277158,619.14,619.14
14/05/2024 10:00,bounty_madera,31/05/2024 0:00,14/05/2024 0:00,10,11,1,5.004228858,633.765,633.765
14/05/2024 11:00,bounty_madera,31/05/2024 0:00,14/05/2024 0:00,11,12,1,5.572861492,605.999,605.999
14/05/2024 12:00,bounty_madera,31/05/2024 0:00,14/05/2024 0:00,12,13,1,5.298080442,619.908,619.908
14/05/2024 13:00,bounty_madera,31/05/2024 0:00,14/05/2024 0:00,13,14,1,6.281126767,642.02,642.02
14/05/2024 14:00,bounty_madera,31/05/2024 0:00,14/05/2024 0:00,14,15,1,6.277967508,642.357,642.357
14/05/2024 15:00,bounty_madera,31/05/2024 0:00,14/05/2024 0:00,15,16,1,10.62010045,592.781,592.781
14/05/2024 16:00,bounty_madera,31/05/2024 0:00,14/05/2024 0:00,16,17,1,6.273671342,586.404,586.404
14/05/2024 17:00,bounty_madera,31/05/2024 0:00,14/05/2024 0:00,17,18,1,5.952847567,589.667,589.667
14/05/2024 18:00,bounty_madera,31/05/2024 0:00,14/05/2024 0:00,18,19,1,11.58979477,577.979,577.979
14/05/2024 19:00,bounty_madera,31/05/2024 0:00,14/05/2024 0:00,19,20,1,11.14087005,534.004,534.004
14/05/2024 20:00,bounty_madera,31/05/2024 0:00,14/05/2024 0:00,20,21,1,12.76863738,533.869,533.869
14/05/2024 21:00,bounty_madera,31/05/2024 0:00,14/05/2024 0:00,21,22,1,17.95569165,545.826,545.826
14/05/2024 22:00,bounty_madera,31/05/2024 0:00,14/05/2024 0:00,22,23,1,6.278428025,555.76,555.76
14/05/2024 23:00,bounty_madera,31/05/2024 0:00,14/05/2024 0:00,23,24,1,8.844560775,556.516,556.516
15/05/2024 0:00,bounty_madera,31/05/2024 0:00,15/05/2024 0:00,0,1,2,5.1940076,536.058,536.058
15/05/2024 1:00,bounty_madera,31/05/2024 0:00,15/05/2024 0:00,1,2,2,5.534585242,507.074,507.074
15/05/2024 2:00,bounty_madera,31/05/2024 0:00,15/05/2024 0:00,2,3,2,5.400597092,480.199,480.199
15/05/2024 3:00,bounty_madera,31/05/2024 0:00,15/05/2024 0:00,3,4,2,5.265293417,476.099,476.099
15/05/2024 4:00,bounty_madera,31/05/2024 0:00,15/05/2024 0:00,4,5,2,4.830796075,493.928,493.928
15/05/2024 5:00,bounty_madera,31/05/2024 0:00,15/05/2024 0:00,5,6,2,4.289396833,513.791,513.791
15/05/2024 6:00,bounty_madera,31/05/2024 0:00,15/05/2024 0:00,6,7,2,3.174454533,531.031,531.031
15/05/2024 7:00,bounty_madera,31/05/2024 0:00,15/05/2024 0:00,7,8,2,3.233646575,571.169,571.169
15/05/2024 8:00,bounty_madera,31/05/2024 0:00,15/05/2024 0:00,8,9,2,4.004286533,599.718,599.718
15/05/2024 9:00,bounty_madera,31/05/2024 0:00,15/05/2024 0:00,9,10,2,3.437816375,611.18,611.18
15/05/2024 10:00,bounty_madera,31/05/2024 0:00,15/05/2024 0:00,10,11,2,4.620926292,637.123,637.123
15/05/2024 11:00,bounty_madera,31/05/2024 0:00,15/05/2024 0:00,11,12,2,5.000494467,612.91,612.91
15/05/2024 12:00,bounty_madera,31/05/2024 0:00,15/05/2024 0:00,12,13,2,4.853128183,628.113,628.113
15/05/2024 13:00,bounty_madera,31/05/2024 0:00,15/05/2024 0:00,13,14,2,6.285354008,655.351,655.351
15/05/2024 14:00,bounty_madera,31/05/2024 0:00,15/05/2024 0:00,14,15,2,6.289145125,644.412,644.412
15/05/2024 15:00,bounty_madera,31/05/2024 0:00,15/05/2024 0:00,15,16,2,6.287144083,642.017,642.017
15/05/2024 16:00,bounty_madera,31/05/2024 0:00,15/05/2024 0:00,16,17,2,6.282503967,628.658,628.658
15/05/2024 17:00,bounty_madera,31/05/2024 0:00,15/05/2024 0:00,17,18,2,5.194597683,621.937,621.937
15/05/2024 18:00,bounty_madera,31/05/2024 0:00,15/05/2024 0:00,18,19,2,5.671204425,603.755,603.755
15/05/2024 19:00,bounty_madera,31/05/2024 0:00,15/05/2024 0:00,19,20,2,5.697327808,534.949,534.949
15/05/2024 20:00,bounty_madera,31/05/2024 0:00,15/05/2024 0:00,20,21,2,6.123812017,424.938,424.938
15/05/2024 21:00,bounty_madera,31/05/2024 0:00,15/05/2024 0:00,21,22,2,7.923493583,399.55,399.55
15/05/2024 22:00,bounty_madera,31/05/2024 0:00,15/05/2024 0:00,22,23,2,6.502673092,401.852,401.852
15/05/2024 23:00,bounty_madera,31/05/2024 0:00,15/05/2024 0:00,23,24,2,8.107675775,441.66,441.66
16/05/2024 0:00,bounty_madera,31/05/2024 0:00,16/05/2024 0:00,0,1,3,5.112091883,434.825,434.825
16/05/2024 1:00,bounty_madera,31/05/2024 0:00,16/05/2024 0:00,1,2,3,10.72116272,400.332,400.332
16/05/2024 2:00,bounty_madera,31/05/2024 0:00,16/05/2024 0:00,2,3,3,4.8126666,390.398,390.398
16/05/2024 3:00,bounty_madera,31/05/2024 0:00,16/05/2024 0:00,3,4,3,4.100305683,392.731,392.731
16/05/2024 4:00,bounty_madera,31/05/2024 0:00,16/05/2024 0:00,4,5,3,4.413211317,392.041,392.041
16/05/2024 5:00,bounty_madera,31/05/2024 0:00,16/05/2024 0:00,5,6,3,3.808415908,422.247,422.247
16/05/2024 6:00,bounty_madera,31/05/2024 0:00,16/05/2024 0:00,6,7,3,2.535130675,483.689,483.689
16/05/2024 7:00,bounty_madera,31/05/2024 0:00,16/05/2024 0:00,7,8,3,2.723589583,536.012,536.012
16/05/2024 8:00,bounty_madera,31/05/2024 0:00,16/05/2024 0:00,8,9,3,3.517195458,580.758,580.758
16/05/2024 9:00,bounty_madera,31/05/2024 0:00,16/05/2024 0:00,9,10,3,3.183540517,630.884,630.884
16/05/2024 10:00,bounty_madera,31/05/2024 0:00,16/05/2024 0:00,10,11,3,6.319043583,643.087,643.087
16/05/2024 11:00,bounty_madera,31/05/2024 0:00,16/05/2024 0:00,11,12,3,4.399769408,591.2,591.2
16/05/2024 12:00,bounty_madera,31/05/2024 0:00,16/05/2024 0:00,12,13,3,4.725486917,641.677,641.677
16/05/2024 13:00,bounty_madera,31/05/2024 0:00,16/05/2024 0:00,13,14,3,13.65162918,640.71,640.71
16/05/2024 14:00,bounty_madera,31/05/2024 0:00,16/05/2024 0:00,14,15,3,19.09576068,648.128,648.128
16/05/2024 15:00,bounty_madera,31/05/2024 0:00,16/05/2024 0:00,15,16,3,19.75124155,649.803,649.803
16/05/2024 16:00,bounty_madera,31/05/2024 0:00,16/05/2024 0:00,16,17,3,11.8181791,647.7,647.7
16/05/2024 17:00,bounty_madera,31/05/2024 0:00,16/05/2024 0:00,17,18,3,5.334147825,648.761,648.761
16/05/2024 18:00,bounty_madera,31/05/2024 0:00,16/05/2024 0:00,18,19,3,9.045798142,33.331,33.331
16/05/2024 19:00,bounty_madera,31/05/2024 0:00,16/05/2024 0:00,19,20,3,9.394875617,212.943,212.943
16/05/2024 20:00,bounty_madera,31/05/2024 0:00,16/05/2024 0:00,20,21,3,23.72634514,0,0
16/05/2024 21:00,bounty_madera,31/05/2024 0:00,16/05/2024 0:00,21,22,3,20.34224748,0,0
16/05/2024 22:00,bounty_madera,31/05/2024 0:00,16/05/2024 0:00,22,23,3,13.68925103,56.746,56.746
16/05/2024 23:00,bounty_madera,31/05/2024 0:00,16/05/2024 0:00,23,24,3,16.92160016,415.939,415.939
17/05/2024 0:00,bounty_madera,31/05/2024 0:00,17/05/2024 0:00,0,1,4,12.88356395,417.231,417.231
17/05/2024 1:00,bounty_madera,31/05/2024 0:00,17/05/2024 0:00,1,2,4,6.088540808,391.351,391.351
17/05/2024 2:00,bounty_madera,31/05/2024 0:00,17/05/2024 0:00,2,3,4,4.9502655,386.877,386.877
17/05/2024 3:00,bounty_madera,31/05/2024 0:00,17/05/2024 0:00,3,4,4,4.84128255,386.037,386.037
17/05/2024 4:00,bounty_madera,31/05/2024 0:00,17/05/2024 0:00,4,5,4,5.048349283,405.796,405.796
17/05/2024 5:00,bounty_madera,31/05/2024 0:00,17/05/2024 0:00,5,6,4,4.749864058,432.74,432.74
17/05/2024 6:00,bounty_madera,31/05/2024 0:00,17/05/2024 0:00,6,7,4,3.610623125,497.197,497.197
17/05/2024 7:00,bounty_madera,31/05/2024 0:00,17/05/2024 0:00,7,8,4,4.191335567,420.719,420.719
17/05/2024 8:00,bounty_madera,31/05/2024 0:00,17/05/2024 0:00,8,9,4,6.015396975,131.742,131.742
17/05/2024 9:00,bounty_madera,31/05/2024 0:00,17/05/2024 0:00,9,10,4,6.029497442,607.375,607.375
17/05/2024 10:00,bounty_madera,31/05/2024 0:00,17/05/2024 0:00,10,11,4,8.73737465,620.926,620.926
17/05/2024 11:00,bounty_madera,31/05/2024 0:00,17/05/2024 0:00,11,12,4,8.125646525,585.404,585.404
17/05/2024 12:00,bounty_madera,31/05/2024 0:00,17/05/2024 0:00,12,13,4,8.142051025,607.408,607.408
17/05/2024 13:00,bounty_madera,31/05/2024 0:00,17/05/2024 0:00,13,14,4,19.5280602,607.363,607.363
17/05/2024 14:00,bounty_madera,31/05/2024 0:00,17/05/2024 0:00,14,15,4,33.20376886,609.193,609.193
17/05/2024 15:00,bounty_madera,31/05/2024 0:00,17/05/2024 0:00,15,16,4,32.82266632,608.802,608.802
17/05/2024 16:00,bounty_madera,31/05/2024 0:00,17/05/2024 0:00,16,17,4,23.22715903,583.112,583.112
17/05/2024 17:00,bounty_madera,31/05/2024 0:00,17/05/2024 0:00,17,18,4,10.49639467,567.378,567.378
17/05/2024 18:00,bounty_madera,31/05/2024 0:00,17/05/2024 0:00,18,19,4,14.46904324,551.45,551.45
17/05/2024 19:00,bounty_madera,31/05/2024 0:00,17/05/2024 0:00,19,20,4,11.74360265,520.962,520.962
17/05/2024 20:00,bounty_madera,31/05/2024 0:00,17/05/2024 0:00,20,21,4,9.439152525,509.762,509.762
17/05/2024 21:00,bounty_madera,31/05/2024 0:00,17/05/2024 0:00,21,22,4,8.666615492,515.404,515.404
17/05/2024 22:00,bounty_madera,31/05/2024 0:00,17/05/2024 0:00,22,23,4,8.887928425,510.853,510.853
17/05/2024 23:00,bounty_madera,31/05/2024 0:00,17/05/2024 0:00,23,24,4,7.675843067,530.208,530.208
18/05/2024 0:00,bounty_madera,31/05/2024 0:00,18/05/2024 0:00,0,1,5,5.951560875,512.912,512.912
18/05/2024 1:00,bounty_madera,31/05/2024 0:00,18/05/2024 0:00,1,2,5,6.345926108,486.783,486.783
18/05/2024 2:00,bounty_madera,31/05/2024 0:00,18/05/2024 0:00,2,3,5,5.1324745,467.561,467.561
18/05/2024 3:00,bounty_madera,31/05/2024 0:00,18/05/2024 0:00,3,4,5,4.783041792,448.145,448.145
18/05/2024 4:00,bounty_madera,31/05/2024 0:00,18/05/2024 0:00,4,5,5,4.7262749,459.01,459.01
18/05/2024 5:00,bounty_madera,31/05/2024 0:00,18/05/2024 0:00,5,6,5,4.469278508,491.161,491.161
18/05/2024 6:00,bounty_madera,31/05/2024 0:00,18/05/2024 0:00,6,7,5,3.201207433,503.58,503.58
18/05/2024 7:00,bounty_madera,31/05/2024 0:00,18/05/2024 0:00,7,8,5,3.21280685,536.819,536.819
18/05/2024 8:00,bounty_madera,31/05/2024 0:00,18/05/2024 0:00,8,9,5,3.134387292,595.719,595.719
18/05/2024 9:00,bounty_madera,31/05/2024 0:00,18/05/2024 0:00,9,10,5,4.354714758,590.159,590.159
18/05/2024 10:00,bounty_madera,31/05/2024 0:00,18/05/2024 0:00,10,11,5,4.171943033,599.937,599.937
18/05/2024 11:00,bounty_madera,31/05/2024 0:00,18/05/2024 0:00,11,12,5,4.209369758,588.762,588.762
18/05/2024 12:00,bounty_madera,31/05/2024 0:00,18/05/2024 0:00,12,13,5,4.232591983,593.915,593.915
18/05/2024 13:00,bounty_madera,31/05/2024 0:00,18/05/2024 0:00,13,14,5,21.21877553,610.479,610.479
18/05/2024 14:00,bounty_madera,31/05/2024 0:00,18/05/2024 0:00,14,15,5,19.60307244,601.327,601.327
18/05/2024 15:00,bounty_madera,31/05/2024 0:00,18/05/2024 0:00,15,16,5,17.57066774,590.382,590.382
18/05/2024 16:00,bounty_madera,31/05/2024 0:00,18/05/2024 0:00,16,17,5,23.18142298,585.769,585.769
18/05/2024 17:00,bounty_madera,31/05/2024 0:00,18/05/2024 0:00,17,18,5,11.62750251,578.218,578.218
18/05/2024 18:00,bounty_madera,31/05/2024 0:00,18/05/2024 0:00,18,19,5,17.94647814,540.246,540.246
18/05/2024 19:00,bounty_madera,31/05/2024 0:00,18/05/2024 0:00,19,20,5,6.253586375,502.744,502.744
18/05/2024 20:00,bounty_madera,31/05/2024 0:00,18/05/2024 0:00,20,21,5,6.25612665,470.72,470.72
18/05/2024 21:00,bounty_madera,31/05/2024 0:00,18/05/2024 0:00,21,22,5,6.259823258,472.627,472.627
18/05/2024 22:00,bounty_madera,31/05/2024 0:00,18/05/2024 0:00,22,23,5,6.295440667,480.008,480.008
18/05/2024 23:00,bounty_madera,31/05/2024 0:00,18/05/2024 0:00,23,24,5,6.257128325,496.544,496.544
19/05/2024 0:00,bounty_madera,31/05/2024 0:00,19/05/2024 0:00,0,1,6,6.25600465,484.328,484.328
19/05/2024 1:00,bounty_madera,31/05/2024 0:00,19/05/2024 0:00,1,2,6,10.36029917,457.245,457.245
19/05/2024 2:00,bounty_madera,31/05/2024 0:00,19/05/2024 0:00,2,3,6,5.39543195,454.255,454.255
19/05/2024 3:00,bounty_madera,31/05/2024 0:00,19/05/2024 0:00,3,4,6,5.308369883,452.179,452.179
19/05/2024 4:00,bounty_madera,31/05/2024 0:00,19/05/2024 0:00,4,5,6,4.405149358,456.595,456.595
19/05/2024 5:00,bounty_madera,31/05/2024 0:00,19/05/2024 0:00,5,6,6,3.522416708,472.266,472.266
19/05/2024 6:00,bounty_madera,31/05/2024 0:00,19/05/2024 0:00,6,7,6,3.0084787,512.47,512.47
19/05/2024 7:00,bounty_madera,31/05/2024 0:00,19/05/2024 0:00,7,8,6,3.016990592,537.49,537.49
19/05/2024 8:00,bounty_madera,31/05/2024 0:00,19/05/2024 0:00,8,9,6,3.451293808,535.118,535.118
19/05/2024 9:00,bounty_madera,31/05/2024 0:00,19/05/2024 0:00,9,10,6,4.149537833,557.939,557.939
19/05/2024 10:00,bounty_madera,31/05/2024 0:00,19/05/2024 0:00,10,11,6,4.083364617,582.568,582.568
19/05/2024 11:00,bounty_madera,31/05/2024 0:00,19/05/2024 0:00,11,12,6,4.173371658,568.445,568.445
19/05/2024 12:00,bounty_madera,31/05/2024 0:00,19/05/2024 0:00,12,13,6,4.022365108,593.586,593.586
19/05/2024 13:00,bounty_madera,31/05/2024 0:00,19/05/2024 0:00,13,14,6,10.51201389,618.412,618.412
19/05/2024 14:00,bounty_madera,31/05/2024 0:00,19/05/2024 0:00,14,15,6,15.44882697,578.533,578.533
19/05/2024 15:00,bounty_madera,31/05/2024 0:00,19/05/2024 0:00,15,16,6,4.277875808,557.785,557.785
19/05/2024 16:00,bounty_madera,31/05/2024 0:00,19/05/2024 0:00,16,17,6,5.060331167,554.256,554.256
19/05/2024 17:00,bounty_madera,31/05/2024 0:00,19/05/2024 0:00,17,18,6,8.535660308,562.405,562.405
19/05/2024 18:00,bounty_madera,31/05/2024 0:00,19/05/2024 0:00,18,19,6,26.76565794,542.454,542.454
19/05/2024 19:00,bounty_madera,31/05/2024 0:00,19/05/2024 0:00,19,20,6,12.1210174,505.861,505.861
19/05/2024 20:00,bounty_madera,31/05/2024 0:00,19/05/2024 0:00,20,21,6,21.47128077,488.389,488.389
19/05/2024 21:00,bounty_madera,31/05/2024 0:00,19/05/2024 0:00,21,22,6,13.23677881,479.845,479.845
19/05/2024 22:00,bounty_madera,31/05/2024 0:00,19/05/2024 0:00,22,23,6,8.265683425,477.396,477.396
19/05/2024 23:00,bounty_madera,31/05/2024 0:00,19/05/2024 0:00,23,24,6,7.477597625,488.519,488.519
20/05/2024 0:00,bounty_madera,31/05/2024 0:00,20/05/2024 0:00,0,1,0,3.531965167,474.621,474.621
20/05/2024 1:00,bounty_madera,31/05/2024 0:00,20/05/2024 0:00,1,2,0,3.989677783,429.382,429.382
20/05/2024 2:00,bounty_madera,31/05/2024 0:00,20/05/2024 0:00,2,3,0,4.388066233,396.047,396.047
20/05/2024 3:00,bounty_madera,31/05/2024 0:00,20/05/2024 0:00,3,4,0,4.317526217,389.126,389.126
20/05/2024 4:00,bounty_madera,31/05/2024 0:00,20/05/2024 0:00,4,5,0,3.832868083,408.03,408.03
20/05/2024 5:00,bounty_madera,31/05/2024 0:00,20/05/2024 0:00,5,6,0,2.86061275,407.369,407.369
20/05/2024 6:00,bounty_madera,31/05/2024 0:00,20/05/2024 0:00,6,7,0,2.110875075,431.869,431.869
20/05/2024 7:00,bounty_madera,31/05/2024 0:00,20/05/2024 0:00,7,8,0,3.2368969,506.78,506.78
20/05/2024 8:00,bounty_madera,31/05/2024 0:00,20/05/2024 0:00,8,9,0,4.41705955,578.37,578.37
20/05/2024 9:00,bounty_madera,31/05/2024 0:00,20/05/2024 0:00,9,10,0,6.150542758,619.818,619.818
20/05/2024 10:00,bounty_madera,31/05/2024 0:00,20/05/2024 0:00,10,11,0,8.149856092,616.618,616.618
20/05/2024 11:00,bounty_madera,31/05/2024 0:00,20/05/2024 0:00,11,12,0,8.528601733,606.809,606.809
20/05/2024 12:00,bounty_madera,31/05/2024 0:00,20/05/2024 0:00,12,13,0,11.32245613,617.725,617.725
20/05/2024 13:00,bounty_madera,31/05/2024 0:00,20/05/2024 0:00,13,14,0,27.48517358,617.329,617.329
20/05/2024 14:00,bounty_madera,31/05/2024 0:00,20/05/2024 0:00,14,15,0,32.24161865,643.188,643.188
20/05/2024 15:00,bounty_madera,31/05/2024 0:00,20/05/2024 0:00,15,16,0,41.07493014,626.385,626.385
20/05/2024 16:00,bounty_madera,31/05/2024 0:00,20/05/2024 0:00,16,17,0,32.60813211,633.718,633.718
20/05/2024 17:00,bounty_madera,31/05/2024 0:00,20/05/2024 0:00,17,18,0,14.41318198,624.91,624.91
20/05/2024 18:00,bounty_madera,31/05/2024 0:00,20/05/2024 0:00,18,19,0,15.01307765,572.784,572.784
20/05/2024 19:00,bounty_madera,31/05/2024 0:00,20/05/2024 0:00,19,20,0,10.37540621,555.24,555.24
20/05/2024 20:00,bounty_madera,31/05/2024 0:00,20/05/2024 0:00,20,21,0,10.69518003,530.868,530.868
20/05/2024 21:00,bounty_madera,31/05/2024 0:00,20/05/2024 0:00,21,22,0,10.80763824,507.655,507.655
20/05/2024 22:00,bounty_madera,31/05/2024 0:00,20/05/2024 0:00,22,23,0,12.53952623,503.63,503.63
20/05/2024 23:00,bounty_madera,31/05/2024 0:00,20/05/2024 0:00,23,24,0,6.282084025,515.702,515.702
21/05/2024 0:00,bounty_madera,31/05/2024 0:00,21/05/2024 0:00,0,1,1,6.157318475,514.641,514.641
21/05/2024 1:00,bounty_madera,31/05/2024 0:00,21/05/2024 0:00,1,2,1,5.47620115,475.407,475.407
21/05/2024 2:00,bounty_madera,31/05/2024 0:00,21/05/2024 0:00,2,3,1,4.484743217,460.74,460.74
21/05/2024 3:00,bounty_madera,31/05/2024 0:00,21/05/2024 0:00,3,4,1,4.187803142,464.793,464.793
21/05/2024 4:00,bounty_madera,31/05/2024 0:00,21/05/2024 0:00,4,5,1,4.319915458,463.213,463.213
21/05/2024 5:00,bounty_madera,31/05/2024 0:00,21/05/2024 0:00,5,6,1,4.259745275,489.834,489.834
21/05/2024 6:00,bounty_madera,31/05/2024 0:00,21/05/2024 0:00,6,7,1,3.68120055,508.061,508.061
21/05/2024 7:00,bounty_madera,31/05/2024 0:00,21/05/2024 0:00,7,8,1,4.1136429,534.409,534.409
21/05/2024 8:00,bounty_madera,31/05/2024 0:00,21/05/2024 0:00,8,9,1,5.097981908,563.539,563.539
21/05/2024 9:00,bounty_madera,31/05/2024 0:00,21/05/2024 0:00,9,10,1,4.469455683,576.082,576.082
21/05/2024 10:00,bounty_madera,31/05/2024 0:00,21/05/2024 0:00,10,11,1,5.205120425,614.381,614.381
21/05/2024 11:00,bounty_madera,31/05/2024 0:00,21/05/2024 0:00,11,12,1,5.807888758,596.861,596.861
21/05/2024 12:00,bounty_madera,31/05/2024 0:00,21/05/2024 0:00,12,13,1,5.613615192,623.981,623.981
21/05/2024 13:00,bounty_madera,31/05/2024 0:00,21/05/2024 0:00,13,14,1,6.2778802,641.688,641.688
21/05/2024 14:00,bounty_madera,31/05/2024 0:00,21/05/2024 0:00,14,15,1,21.64886927,632.497,632.497
21/05/2024 15:00,bounty_madera,31/05/2024 0:00,21/05/2024 0:00,15,16,1,17.43096473,629.429,629.429
21/05/2024 16:00,bounty_madera,31/05/2024 0:00,21/05/2024 0:00,16,17,1,23.74056426,629.987,629.987
21/05/2024 17:00,bounty_madera,31/05/2024 0:00,21/05/2024 0:00,17,18,1,11.58425706,617.088,617.088
21/05/2024 18:00,bounty_madera,31/05/2024 0:00,21/05/2024 0:00,18,19,1,20.92472344,549.297,549.297
21/05/2024 19:00,bounty_madera,31/05/2024 0:00,21/05/2024 0:00,19,20,1,6.275111308,535.567,535.567
21/05/2024 20:00,bounty_madera,31/05/2024 0:00,21/05/2024 0:00,20,21,1,6.280851942,512.218,512.218
21/05/2024 21:00,bounty_madera,31/05/2024 0:00,21/05/2024 0:00,21,22,1,6.280827933,497.247,497.247
21/05/2024 22:00,bounty_madera,31/05/2024 0:00,21/05/2024 0:00,22,23,1,6.276352292,490.904,490.904
21/05/2024 23:00,bounty_madera,31/05/2024 0:00,21/05/2024 0:00,23,24,1,6.273967708,508.102,508.102
22/05/2024 0:00,bounty_madera,31/05/2024 0:00,22/05/2024 0:00,0,1,2,6.271431892,486.13,486.13
22/05/2024 1:00,bounty_madera,31/05/2024 0:00,22/05/2024 0:00,1,2,2,8.567140475,442.314,442.314
22/05/2024 2:00,bounty_madera,31/05/2024 0:00,22/05/2024 0:00,2,3,2,4.737087642,417.375,417.375
22/05/2024 3:00,bounty_madera,31/05/2024 0:00,22/05/2024 0:00,3,4,2,4.376916925,414.137,414.137
22/05/2024 4:00,bounty_madera,31/05/2024 0:00,22/05/2024 0:00,4,5,2,4.859140708,422.835,422.835
22/05/2024 5:00,bounty_madera,31/05/2024 0:00,22/05/2024 0:00,5,6,2,4.263194433,438.472,438.472
22/05/2024 6:00,bounty_madera,31/05/2024 0:00,22/05/2024 0:00,6,7,2,3.703611192,507.197,507.197
22/05/2024 7:00,bounty_madera,31/05/2024 0:00,22/05/2024 0:00,7,8,2,4.901835942,565.015,565.015
22/05/2024 8:00,bounty_madera,31/05/2024 0:00,22/05/2024 0:00,8,9,2,4.942612867,571.75,571.75
22/05/2024 9:00,bounty_madera,31/05/2024 0:00,22/05/2024 0:00,9,10,2,4.617214667,590.542,590.542
22/05/2024 10:00,bounty_madera,31/05/2024 0:00,22/05/2024 0:00,10,11,2,5.798929925,608.299,608.299
22/05/2024 11:00,bounty_madera,31/05/2024 0:00,22/05/2024 0:00,11,12,2,6.1745962,592.493,592.493
22/05/2024 12:00,bounty_madera,31/05/2024 0:00,22/05/2024 0:00,12,13,2,6.270730367,601.436,601.436
22/05/2024 13:00,bounty_madera,31/05/2024 0:00,22/05/2024 0:00,13,14,2,6.279749267,613.265,613.265
22/05/2024 14:00,bounty_madera,31/05/2024 0:00,22/05/2024 0:00,14,15,2,14.82014799,616.009,616.009
22/05/2024 15:00,bounty_madera,31/05/2024 0:00,22/05/2024 0:00,15,16,2,6.284666783,606.668,606.668
22/05/2024 16:00,bounty_madera,31/05/2024 0:00,22/05/2024 0:00,16,17,2,6.275158542,598.84,598.84
22/05/2024 17:00,bounty_madera,31/05/2024 0:00,22/05/2024 0:00,17,18,2,6.26970015,595.855,595.855
22/05/2024 18:00,bounty_madera,31/05/2024 0:00,22/05/2024 0:00,18,19,2,19.16208252,549.562,549.562
22/05/2024 19:00,bounty_madera,31/05/2024 0:00,22/05/2024 0:00,19,20,2,16.98051818,526.737,526.737
22/05/2024 20:00,bounty_madera,31/05/2024 0:00,22/05/2024 0:00,20,21,2,23.24544934,502.35,502.35
22/05/2024 21:00,bounty_madera,31/05/2024 0:00,22/05/2024 0:00,21,22,2,13.65565986,484.071,484.071
22/05/2024 22:00,bounty_madera,31/05/2024 0:00,22/05/2024 0:00,22,23,2,10.85425193,483.628,483.628
22/05/2024 23:00,bounty_madera,31/05/2024 0:00,22/05/2024 0:00,23,24,2,6.269398533,515.746,515.746
23/05/2024 0:00,bounty_madera,31/05/2024 0:00,23/05/2024 0:00,0,1,3,6.268809783,509.745,509.745
23/05/2024 1:00,bounty_madera,31/05/2024 0:00,23/05/2024 0:00,1,2,3,6.268742692,482.546,482.546
23/05/2024 2:00,bounty_madera,31/05/2024 0:00,23/05/2024 0:00,2,3,3,6.264081383,460.677,460.677
23/05/2024 3:00,bounty_madera,31/05/2024 0:00,23/05/2024 0:00,3,4,3,5.473577792,440.144,440.144
23/05/2024 4:00,bounty_madera,31/05/2024 0:00,23/05/2024 0:00,4,5,3,5.180804867,449.572,449.572
23/05/2024 5:00,bounty_madera,31/05/2024 0:00,23/05/2024 0:00,5,6,3,4.660074442,462.568,462.568
23/05/2024 6:00,bounty_madera,31/05/2024 0:00,23/05/2024 0:00,6,7,3,3.714032092,499.855,499.855
23/05/2024 7:00,bounty_madera,31/05/2024 0:00,23/05/2024 0:00,7,8,3,5.083677992,518.431,518.431
23/05/2024 8:00,bounty_madera,31/05/2024 0:00,23/05/2024 0:00,8,9,3,5.823032875,539.046,539.046
23/05/2024 9:00,bounty_madera,31/05/2024 0:00,23/05/2024 0:00,9,10,3,6.07518325,564.271,564.271
23/05/2024 10:00,bounty_madera,31/05/2024 0:00,23/05/2024 0:00,10,11,3,6.168906725,599.139,599.139
23/05/2024 11:00,bounty_madera,31/05/2024 0:00,23/05/2024 0:00,11,12,3,6.264199892,576.367,576.367
23/05/2024 12:00,bounty_madera,31/05/2024 0:00,23/05/2024 0:00,12,13,3,6.291070708,594.927,594.927
23/05/2024 13:00,bounty_madera,31/05/2024 0:00,23/05/2024 0:00,13,14,3,10.61081978,632.756,632.756
23/05/2024 14:00,bounty_madera,31/05/2024 0:00,23/05/2024 0:00,14,15,3,20.88551863,630.34,630.34
23/05/2024 15:00,bounty_madera,31/05/2024 0:00,23/05/2024 0:00,15,16,3,21.71977963,621.013,621.013
23/05/2024 16:00,bounty_madera,31/05/2024 0:00,23/05/2024 0:00,16,17,3,14.46484543,616.409,616.409
23/05/2024 17:00,bounty_madera,31/05/2024 0:00,23/05/2024 0:00,17,18,3,6.355737433,587.899,587.899
23/05/2024 18:00,bounty_madera,31/05/2024 0:00,23/05/2024 0:00,18,19,3,9.969687367,548.961,548.961
23/05/2024 19:00,bounty_madera,31/05/2024 0:00,23/05/2024 0:00,19,20,3,9.189984617,515.091,515.091
23/05/2024 20:00,bounty_madera,31/05/2024 0:00,23/05/2024 0:00,20,21,3,15.77165516,489.208,489.208
23/05/2024 21:00,bounty_madera,31/05/2024 0:00,23/05/2024 0:00,21,22,3,13.27047806,484.44,484.44
23/05/2024 22:00,bounty_madera,31/05/2024 0:00,23/05/2024 0:00,22,23,3,9.843702667,106.214,106.214
23/05/2024 23:00,bounty_madera,31/05/2024 0:00,23/05/2024 0:00,23,24,3,10.86949543,33.298,33.298
24/05/2024 0:00,bounty_madera,31/05/2024 0:00,24/05/2024 0:00,0,1,4,8.1093781,505.043,505.043
24/05/2024 1:00,bounty_madera,31/05/2024 0:00,24/05/2024 0:00,1,2,4,4.788247617,492.634,492.634
24/05/2024 2:00,bounty_madera,31/05/2024 0:00,24/05/2024 0:00,2,3,4,4.11583925,474.565,474.565
24/05/2024 3:00,bounty_madera,31/05/2024 0:00,24/05/2024 0:00,3,4,4,4.420716233,449.875,449.875
24/05/2024 4:00,bounty_madera,31/05/2024 0:00,24/05/2024 0:00,4,5,4,4.435827492,466.604,466.604
24/05/2024 5:00,bounty_madera,31/05/2024 0:00,24/05/2024 0:00,5,6,4,4.274837792,497.158,497.158
24/05/2024 6:00,bounty_madera,31/05/2024 0:00,24/05/2024 0:00,6,7,4,2.964329333,513.693,513.693
24/05/2024 7:00,bounty_madera,31/05/2024 0:00,24/05/2024 0:00,7,8,4,3.288071733,554.35,554.35
24/05/2024 8:00,bounty_madera,31/05/2024 0:00,24/05/2024 0:00,8,9,4,4.2542542,543.198,543.198
24/05/2024 9:00,bounty_madera,31/05/2024 0:00,24/05/2024 0:00,9,10,4,4.736974325,562.745,562.745
24/05/2024 10:00,bounty_madera,31/05/2024 0:00,24/05/2024 0:00,10,11,4,6.297948367,604.85,604.85
24/05/2024 11:00,bounty_madera,31/05/2024 0:00,24/05/2024 0:00,11,12,4,5.9456871,577.957,577.957
24/05/2024 12:00,bounty_madera,31/05/2024 0:00,24/05/2024 0:00,12,13,4,6.758804142,590.426,590.426
24/05/2024 13:00,bounty_madera,31/05/2024 0:00,24/05/2024 0:00,13,14,4,13.33043345,612.171,612.171
24/05/2024 14:00,bounty_madera,31/05/2024 0:00,24/05/2024 0:00,14,15,4,19.65235107,607.493,607.493
24/05/2024 15:00,bounty_madera,31/05/2024 0:00,24/05/2024 0:00,15,16,4,23.26939519,605.375,605.375
24/05/2024 16:00,bounty_madera,31/05/2024 0:00,24/05/2024 0:00,16,17,4,14.94641131,601.423,601.423
24/05/2024 17:00,bounty_madera,31/05/2024 0:00,24/05/2024 0:00,17,18,4,7.459786942,574.484,574.484
24/05/2024 18:00,bounty_madera,31/05/2024 0:00,24/05/2024 0:00,18,19,4,11.05692795,539.161,539.161
24/05/2024 19:00,bounty_madera,31/05/2024 0:00,24/05/2024 0:00,19,20,4,8.929527042,525.921,525.921
24/05/2024 20:00,bounty_madera,31/05/2024 0:00,24/05/2024 0:00,20,21,4,14.82879173,490.156,490.156
24/05/2024 21:00,bounty_madera,31/05/2024 0:00,24/05/2024 0:00,21,22,4,13.54475065,484.63,484.63
24/05/2024 22:00,bounty_madera,31/05/2024 0:00,24/05/2024 0:00,22,23,4,10.1044531,492.153,492.153
24/05/2024 23:00,bounty_madera,31/05/2024 0:00,24/05/2024 0:00,23,24,4,8.204759292,513.668,513.668
25/05/2024 0:00,bounty_madera,31/05/2024 0:00,25/05/2024 0:00,0,1,5,7.803922558,489.145,489.145
25/05/2024 1:00,bounty_madera,31/05/2024 0:00,25/05/2024 0:00,1,2,5,19.04528838,468.111,468.111
25/05/2024 2:00,bounty_madera,31/05/2024 0:00,25/05/2024 0:00,2,3,5,14.66090125,458.908,458.908
25/05/2024 3:00,bounty_madera,31/05/2024 0:00,25/05/2024 0:00,3,4,5,5.489869342,439.933,439.933
25/05/2024 4:00,bounty_madera,31/05/2024 0:00,25/05/2024 0:00,4,5,5,7.988472017,455.185,455.185
25/05/2024 5:00,bounty_madera,31/05/2024 0:00,25/05/2024 0:00,5,6,5,4.977998917,489.238,489.238
25/05/2024 6:00,bounty_madera,31/05/2024 0:00,25/05/2024 0:00,6,7,5,3.617277992,498.687,498.687
25/05/2024 7:00,bounty_madera,31/05/2024 0:00,25/05/2024 0:00,7,8,5,3.743264033,533.199,533.199
25/05/2024 8:00,bounty_madera,31/05/2024 0:00,25/05/2024 0:00,8,9,5,3.936816408,534.951,534.951
25/05/2024 9:00,bounty_madera,31/05/2024 0:00,25/05/2024 0:00,9,10,5,3.46102495,542.487,542.487
25/05/2024 10:00,bounty_madera,31/05/2024 0:00,25/05/2024 0:00,10,11,5,4.457597633,560.855,560.855
25/05/2024 11:00,bounty_madera,31/05/2024 0:00,25/05/2024 0:00,11,12,5,3.8136975,540.168,540.168
25/05/2024 12:00,bounty_madera,31/05/2024 0:00,25/05/2024 0:00,12,13,5,3.623569683,548.025,548.025
25/05/2024 13:00,bounty_madera,31/05/2024 0:00,25/05/2024 0:00,13,14,5,4.253317067,576.97,576.97
25/05/2024 14:00,bounty_madera,31/05/2024 0:00,25/05/2024 0:00,14,15,5,7.76737915,568.031,568.031
25/05/2024 15:00,bounty_madera,31/05/2024 0:00,25/05/2024 0:00,15,16,5,5.368725592,565.059,565.059
25/05/2024 16:00,bounty_madera,31/05/2024 0:00,25/05/2024 0:00,16,17,5,14.09341411,562.491,562.491
25/05/2024 17:00,bounty_madera,31/05/2024 0:00,25/05/2024 0:00,17,18,5,20.18903732,534.701,534.701
25/05/2024 18:00,bounty_madera,31/05/2024 0:00,25/05/2024 0:00,18,19,5,30.15644194,518.885,518.885
25/05/2024 19:00,bounty_madera,31/05/2024 0:00,25/05/2024 0:00,19,20,5,20.08687374,491.076,491.076
25/05/2024 20:00,bounty_madera,31/05/2024 0:00,25/05/2024 0:00,20,21,5,19.13557054,456.897,456.897
25/05/2024 21:00,bounty_madera,31/05/2024 0:00,25/05/2024 0:00,21,22,5,17.57323703,442.592,442.592
25/05/2024 22:00,bounty_madera,31/05/2024 0:00,25/05/2024 0:00,22,23,5,8.828242725,441.959,441.959
25/05/2024 23:00,bounty_madera,31/05/2024 0:00,25/05/2024 0:00,23,24,5,5.637422567,470.754,470.754
26/05/2024 0:00,bounty_madera,30/06/2024 0:00,26/05/2024 0:00,0,1,6,7.120117692,457.116,457.116
26/05/2024 1:00,bounty_madera,30/06/2024 0:00,26/05/2024 0:00,1,2,6,4.999842867,430.816,430.816
26/05/2024 2:00,bounty_madera,30/06/2024 0:00,26/05/2024 0:00,2,3,6,4.431878483,414.938,414.938
26/05/2024 3:00,bounty_madera,30/06/2024 0:00,26/05/2024 0:00,3,4,6,4.113729575,408.876,408.876
26/05/2024 4:00,bounty_madera,30/06/2024 0:00,26/05/2024 0:00,4,5,6,8.926958075,295.494,295.494
26/05/2024 5:00,bounty_madera,30/06/2024 0:00,26/05/2024 0:00,5,6,6,7.381226067,439.245,439.245
26/05/2024 6:00,bounty_madera,30/06/2024 0:00,26/05/2024 0:00,6,7,6,2.726400617,90.25,90.25
26/05/2024 7:00,bounty_madera,30/06/2024 0:00,26/05/2024 0:00,7,8,6,2.942532517,0,0
26/05/2024 8:00,bounty_madera,30/06/2024 0:00,26/05/2024 0:00,8,9,6,2.984311367,0,0
26/05/2024 9:00,bounty_madera,30/06/2024 0:00,26/05/2024 0:00,9,10,6,6.359783392,0,0
26/05/2024 10:00,bounty_madera,30/06/2024 0:00,26/05/2024 0:00,10,11,6,4.2325527,0,0
26/05/2024 11:00,bounty_madera,30/06/2024 0:00,26/05/2024 0:00,11,12,6,3.559128042,0,0
26/05/2024 12:00,bounty_madera,30/06/2024 0:00,26/05/2024 0:00,12,13,6,4.070463742,0,0
26/05/2024 13:00,bounty_madera,30/06/2024 0:00,26/05/2024 0:00,13,14,6,8.706179167,0,0
26/05/2024 14:00,bounty_madera,30/06/2024 0:00,26/05/2024 0:00,14,15,6,4.856894158,0,0
26/05/2024 15:00,bounty_madera,30/06/2024 0:00,26/05/2024 0:00,15,16,6,4.570388867,0,0
26/05/2024 16:00,bounty_madera,30/06/2024 0:00,26/05/2024 0:00,16,17,6,4.440481267,0,0
26/05/2024 17:00,bounty_madera,30/06/2024 0:00,26/05/2024 0:00,17,18,6,5.348992958,444.718,444.718
26/05/2024 18:00,bounty_madera,30/06/2024 0:00,26/05/2024 0:00,18,19,6,14.37330069,442.077,442.077
26/05/2024 19:00,bounty_madera,30/06/2024 0:00,26/05/2024 0:00,19,20,6,21.22547036,448.027,448.027
26/05/2024 20:00,bounty_madera,30/06/2024 0:00,26/05/2024 0:00,20,21,6,18.49534449,427.874,427.874
26/05/2024 21:00,bounty_madera,30/06/2024 0:00,26/05/2024 0:00,21,22,6,9.177128333,429.921,429.921
26/05/2024 22:00,bounty_madera,30/06/2024 0:00,26/05/2024 0:00,22,23,6,5.086938083,435.856,435.856
26/05/2024 23:00,bounty_madera,30/06/2024 0:00,26/05/2024 0:00,23,24,6,4.295191192,457.829,457.829
27/05/2024 0:00,bounty_madera,30/06/2024 0:00,27/05/2024 0:00,0,1,0,3.577949125,435.848,435.848
27/05/2024 1:00,bounty_madera,30/06/2024 0:00,27/05/2024 0:00,1,2,0,3.752464608,406.739,406.739
27/05/2024 2:00,bounty_madera,30/06/2024 0:00,27/05/2024 0:00,2,3,0,3.5435572,396.611,396.611
27/05/2024 3:00,bounty_madera,30/06/2024 0:00,27/05/2024 0:00,3,4,0,3.703689892,400.544,400.544
27/05/2024 4:00,bounty_madera,30/06/2024 0:00,27/05/2024 0:00,4,5,0,4.094227283,417.962,417.962
27/05/2024 5:00,bounty_madera,30/06/2024 0:00,27/05/2024 0:00,5,6,0,4.244054133,428.276,428.276
27/05/2024 6:00,bounty_madera,30/06/2024 0:00,27/05/2024 0:00,6,7,0,4.185323667,451.727,451.727
27/05/2024 7:00,bounty_madera,30/06/2024 0:00,27/05/2024 0:00,7,8,0,6.439113642,488.423,488.423
27/05/2024 8:00,bounty_madera,30/06/2024 0:00,27/05/2024 0:00,8,9,0,15.81259349,515.219,515.219
27/05/2024 9:00,bounty_madera,30/06/2024 0:00,27/05/2024 0:00,9,10,0,24.10131371,555.422,555.422
27/05/2024 10:00,bounty_madera,30/06/2024 0:00,27/05/2024 0:00,10,11,0,30.45212347,546.147,546.147
27/05/2024 11:00,bounty_madera,30/06/2024 0:00,27/05/2024 0:00,11,12,0,12.39664988,513.842,513.842
27/05/2024 12:00,bounty_madera,30/06/2024 0:00,27/05/2024 0:00,12,13,0,6.169437158,539.805,539.805
27/05/2024 13:00,bounty_madera,30/06/2024 0:00,27/05/2024 0:00,13,14,0,9.828393633,479.282,479.282
27/05/2024 14:00,bounty_madera,30/06/2024 0:00,27/05/2024 0:00,14,15,0,17.79684962,544.639,544.639
27/05/2024 15:00,bounty_madera,30/06/2024 0:00,27/05/2024 0:00,15,16,0,22.38525374,540.066,540.066
27/05/2024 16:00,bounty_madera,30/06/2024 0:00,27/05/2024 0:00,16,17,0,16.36588642,571.242,571.242
27/05/2024 17:00,bounty_madera,30/06/2024 0:00,27/05/2024 0:00,17,18,0,6.156243258,558.383,558.383
27/05/2024 18:00,bounty_madera,30/06/2024 0:00,27/05/2024 0:00,18,19,0,11.23216008,525.143,525.143
27/05/2024 19:00,bounty_madera,30/06/2024 0:00,27/05/2024 0:00,19,20,0,7.580823033,498.276,498.276
27/05/2024 20:00,bounty_madera,30/06/2024 0:00,27/05/2024 0:00,20,21,0,13.33254398,489.892,489.892
27/05/2024 21:00,bounty_madera,30/06/2024 0:00,27/05/2024 0:00,21,22,0,12.48454251,483.949,483.949
27/05/2024 22:00,bounty_madera,30/06/2024 0:00,27/05/2024 0:00,22,23,0,9.238239458,506.75,506.75
27/05/2024 23:00,bounty_madera,30/06/2024 0:00,27/05/2024 0:00,23,24,0,9.84167685,520.012,520.012
28/05/2024 0:00,bounty_madera,30/06/2024 0:00,28/05/2024 0:00,0,1,1,7.287374942,512.618,512.618
28/05/2024 1:00,bounty_madera,30/06/2024 0:00,28/05/2024 0:00,1,2,1,5.882287892,474.696,474.696
28/05/2024 2:00,bounty_madera,30/06/2024 0:00,28/05/2024 0:00,2,3,1,4.567843283,465.444,465.444
28/05/2024 3:00,bounty_madera,30/06/2024 0:00,28/05/2024 0:00,3,4,1,4.446632458,449.447,449.447
28/05/2024 4:00,bounty_madera,30/06/2024 0:00,28/05/2024 0:00,4,5,1,4.563936933,449.838,449.838
28/05/2024 5:00,bounty_madera,30/06/2024 0:00,28/05/2024 0:00,5,6,1,4.40232055,476.633,476.633
28/05/2024 6:00,bounty_madera,30/06/2024 0:00,28/05/2024 0:00,6,7,1,3.266756442,492.311,492.311
28/05/2024 7:00,bounty_madera,30/06/2024 0:00,28/05/2024 0:00,7,8,1,3.794575342,476.431,476.431
28/05/2024 8:00,bounty_madera,30/06/2024 0:00,28/05/2024 0:00,8,9,1,5.440089525,291.552,291.552
28/05/2024 9:00,bounty_madera,30/06/2024 0:00,28/05/2024 0:00,9,10,1,5.044342792,449.972,449.972
28/05/2024 10:00,bounty_madera,30/06/2024 0:00,28/05/2024 0:00,10,11,1,6.462747667,562.489,562.489
28/05/2024 11:00,bounty_madera,30/06/2024 0:00,28/05/2024 0:00,11,12,1,5.928262817,549.029,549.029
28/05/2024 12:00,bounty_madera,30/06/2024 0:00,28/05/2024 0:00,12,13,1,6.054317092,547.912,547.912
28/05/2024 13:00,bounty_madera,30/06/2024 0:00,28/05/2024 0:00,13,14,1,8.783405775,555.857,555.857
28/05/2024 14:00,bounty_madera,30/06/2024 0:00,28/05/2024 0:00,14,15,1,6.192890733,555.894,555.894
28/05/2024 15:00,bounty_madera,30/06/2024 0:00,28/05/2024 0:00,15,16,1,6.184703667,541.301,541.301
28/05/2024 16:00,bounty_madera,30/06/2024 0:00,28/05/2024 0:00,16,17,1,8.1149045,550.373,550.373
28/05/2024 17:00,bounty_madera,30/06/2024 0:00,28/05/2024 0:00,17,18,1,8.079283375,528.157,528.157
28/05/2024 18:00,bounty_madera,30/06/2024 0:00,28/05/2024 0:00,18,19,1,12.28900838,509.817,509.817
28/05/2024 19:00,bounty_madera,30/06/2024 0:00,28/05/2024 0:00,19,20,1,8.85605295,496.718,496.718
28/05/2024 20:00,bounty_madera,30/06/2024 0:00,28/05/2024 0:00,20,21,1,10.70778603,488.952,488.952
28/05/2024 21:00,bounty_madera,30/06/2024 0:00,28/05/2024 0:00,21,22,1,11.1667788,474.798,474.798
28/05/2024 22:00,bounty_madera,30/06/2024 0:00,28/05/2024 0:00,22,23,1,7.473466517,476.409,476.409
28/05/2024 23:00,bounty_madera,30/06/2024 0:00,28/05/2024 0:00,23,24,1,7.632938608,500.754,500.754
29/05/2024 0:00,bounty_madera,30/06/2024 0:00,29/05/2024 0:00,0,1,2,5.893922392,472.282,472.282
29/05/2024 1:00,bounty_madera,30/06/2024 0:00,29/05/2024 0:00,1,2,2,5.867822433,438.768,438.768
29/05/2024 2:00,bounty_madera,30/06/2024 0:00,29/05/2024 0:00,2,3,2,4.859478083,419.77,419.77
29/05/2024 3:00,bounty_madera,30/06/2024 0:00,29/05/2024 0:00,3,4,2,4.525314575,416.753,416.753
29/05/2024 4:00,bounty_madera,30/06/2024 0:00,29/05/2024 0:00,4,5,2,4.469020375,415.891,415.891
29/05/2024 5:00,bounty_madera,30/06/2024 0:00,29/05/2024 0:00,5,6,2,4.312987025,432.034,432.034
29/05/2024 6:00,bounty_madera,30/06/2024 0:00,29/05/2024 0:00,6,7,2,3.129851358,445.844,445.844
29/05/2024 7:00,bounty_madera,30/06/2024 0:00,29/05/2024 0:00,7,8,2,3.244504417,495.269,495.269
29/05/2024 8:00,bounty_madera,30/06/2024 0:00,29/05/2024 0:00,8,9,2,4.757357542,514.899,514.899
29/05/2024 9:00,bounty_madera,30/06/2024 0:00,29/05/2024 0:00,9,10,2,4.548052983,530.341,530.341
29/05/2024 10:00,bounty_madera,30/06/2024 0:00,29/05/2024 0:00,10,11,2,6.479890492,551.959,551.959
29/05/2024 11:00,bounty_madera,30/06/2024 0:00,29/05/2024 0:00,11,12,2,6.541552542,541.329,541.329
29/05/2024 12:00,bounty_madera,30/06/2024 0:00,29/05/2024 0:00,12,13,2,5.655047817,555.437,555.437
29/05/2024 13:00,bounty_madera,30/06/2024 0:00,29/05/2024 0:00,13,14,2,15.51590607,571.3,571.3
29/05/2024 14:00,bounty_madera,30/06/2024 0:00,29/05/2024 0:00,14,15,2,11.76161716,572.274,572.274
29/05/2024 15:00,bounty_madera,30/06/2024 0:00,29/05/2024 0:00,15,16,2,6.176712242,555.162,555.162
29/05/2024 16:00,bounty_madera,30/06/2024 0:00,29/05/2024 0:00,16,17,2,6.104210325,544.928,544.928
29/05/2024 17:00,bounty_madera,30/06/2024 0:00,29/05/2024 0:00,17,18,2,5.366500083,530.448,530.448
29/05/2024 18:00,bounty_madera,30/06/2024 0:00,29/05/2024 0:00,18,19,2,6.0348257,510.641,510.641
29/05/2024 19:00,bounty_madera,30/06/2024 0:00,29/05/2024 0:00,19,20,2,8.655085717,475.422,475.422
29/05/2024 20:00,bounty_madera,30/06/2024 0:00,29/05/2024 0:00,20,21,2,11.95641953,413.674,413.674
29/05/2024 21:00,bounty_madera,30/06/2024 0:00,29/05/2024 0:00,21,22,2,10.55674267,405.985,405.985
29/05/2024 22:00,bounty_madera,30/06/2024 0:00,29/05/2024 0:00,22,23,2,8.408626058,407.799,407.799
29/05/2024 23:00,bounty_madera,30/06/2024 0:00,29/05/2024 0:00,23,24,2,7.037308908,439.92,439.92
30/05/2024 0:00,bounty_madera,30/06/2024 0:00,30/05/2024 0:00,0,1,3,5.064264383,422.391,422.391
30/05/2024 1:00,bounty_madera,30/06/2024 0:00,30/05/2024 0:00,1,2,3,5.444580333,395.863,395.863
30/05/2024 2:00,bounty_madera,30/06/2024 0:00,30/05/2024 0:00,2,3,3,5.08209535,366.438,366.438
30/05/2024 3:00,bounty_madera,30/06/2024 0:00,30/05/2024 0:00,3,4,3,4.588281908,372.489,372.489
30/05/2024 4:00,bounty_madera,30/06/2024 0:00,30/05/2024 0:00,4,5,3,4.019231867,387.445,387.445
30/05/2024 5:00,bounty_madera,30/06/2024 0:00,30/05/2024 0:00,5,6,3,3.513582583,413.095,413.095
30/05/2024 6:00,bounty_madera,30/06/2024 0:00,30/05/2024 0:00,6,7,3,3.049010783,436.625,436.625
30/05/2024 7:00,bounty_madera,30/06/2024 0:00,30/05/2024 0:00,7,8,3,3.433919,489.759,489.759
30/05/2024 8:00,bounty_madera,30/06/2024 0:00,30/05/2024 0:00,8,9,3,4.684841975,519.412,519.412
30/05/2024 9:00,bounty_madera,30/06/2024 0:00,30/05/2024 0:00,9,10,3,5.016524975,552.173,552.173
30/05/2024 10:00,bounty_madera,30/06/2024 0:00,30/05/2024 0:00,10,11,3,6.206855008,553.829,553.829
30/05/2024 11:00,bounty_madera,30/06/2024 0:00,30/05/2024 0:00,11,12,3,5.455292333,536.852,536.852
30/05/2024 12:00,bounty_madera,30/06/2024 0:00,30/05/2024 0:00,12,13,3,5.899029858,555.009,555.009
30/05/2024 13:00,bounty_madera,30/06/2024 0:00,30/05/2024 0:00,13,14,3,15.01624478,578.402,578.402
30/05/2024 14:00,bounty_madera,30/06/2024 0:00,30/05/2024 0:00,14,15,3,20.24314197,573.375,573.375
30/05/2024 15:00,bounty_madera,30/06/2024 0:00,30/05/2024 0:00,15,16,3,20.58744983,574.677,574.677
30/05/2024 16:00,bounty_madera,30/06/2024 0:00,30/05/2024 0:00,16,17,3,12.40261089,564.011,564.011
30/05/2024 17:00,bounty_madera,30/06/2024 0:00,30/05/2024 0:00,17,18,3,6.80929345,546.187,546.187
30/05/2024 18:00,bounty_madera,30/06/2024 0:00,30/05/2024 0:00,18,19,3,25.59876733,517,517
30/05/2024 19:00,bounty_madera,30/06/2024 0:00,30/05/2024 0:00,19,20,3,29.56202951,491.944,491.944
30/05/2024 20:00,bounty_madera,30/06/2024 0:00,30/05/2024 0:00,20,21,3,16.34534286,474.188,474.188
30/05/2024 21:00,bounty_madera,30/06/2024 0:00,30/05/2024 0:00,21,22,3,16.82357317,457.993,457.993
30/05/2024 22:00,bounty_madera,30/06/2024 0:00,30/05/2024 0:00,22,23,3,10.94805851,442.311,442.311
30/05/2024 23:00,bounty_madera,30/06/2024 0:00,30/05/2024 0:00,23,24,3,10.36375101,416.686,416.686
31/05/2024 0:00,bounty_madera,30/06/2024 0:00,31/05/2024 0:00,0,1,4,6.166517675,423.345,423.345
31/05/2024 1:00,bounty_madera,30/06/2024 0:00,31/05/2024 0:00,1,2,4,5.622041175,393.781,393.781
31/05/2024 2:00,bounty_madera,30/06/2024 0:00,31/05/2024 0:00,2,3,4,5.157501633,366.801,366.801
31/05/2024 3:00,bounty_madera,30/06/2024 0:00,31/05/2024 0:00,3,4,4,4.194602258,369.982,369.982
31/05/2024 4:00,bounty_madera,30/06/2024 0:00,31/05/2024 0:00,4,5,4,4.265759875,363.123,363.123
31/05/2024 5:00,bounty_madera,30/06/2024 0:00,31/05/2024 0:00,5,6,4,3.979861233,374.469,374.469
31/05/2024 6:00,bounty_madera,30/06/2024 0:00,31/05/2024 0:00,6,7,4,3.570487725,427.326,427.326
31/05/2024 7:00,bounty_madera,30/06/2024 0:00,31/05/2024 0:00,7,8,4,4.220248392,499.945,499.945
31/05/2024 8:00,bounty_madera,30/06/2024 0:00,31/05/2024 0:00,8,9,4,5.421490758,510.042,510.042
31/05/2024 9:00,bounty_madera,30/06/2024 0:00,31/05/2024 0:00,9,10,4,5.7946953,525.44,525.44
31/05/2024 10:00,bounty_madera,30/06/2024 0:00,31/05/2024 0:00,10,11,4,9.527226783,544.113,544.113
31/05/2024 11:00,bounty_madera,30/06/2024 0:00,31/05/2024 0:00,11,12,4,9.329896125,528.166,528.166
31/05/2024 12:00,bounty_madera,30/06/2024 0:00,31/05/2024 0:00,12,13,4,9.05560645,539.732,539.732
31/05/2024 13:00,bounty_madera,30/06/2024 0:00,31/05/2024 0:00,13,14,4,16.56100321,562.879,562.879
31/05/2024 14:00,bounty_madera,30/06/2024 0:00,31/05/2024 0:00,14,15,4,6.1883157,557.785,557.785
31/05/2024 15:00,bounty_madera,30/06/2024 0:00,31/05/2024 0:00,15,16,4,6.1859889,556.936,556.936
31/05/2024 16:00,bounty_madera,30/06/2024 0:00,31/05/2024 0:00,16,17,4,6.17839725,572.558,572.558
31/05/2024 17:00,bounty_madera,30/06/2024 0:00,31/05/2024 0:00,17,18,4,10.54214143,561.725,561.725
31/05/2024 18:00,bounty_madera,30/06/2024 0:00,31/05/2024 0:00,18,19,4,13.924908,513.966,513.966
31/05/2024 19:00,bounty_madera,30/06/2024 0:00,31/05/2024 0:00,19,20,4,6.988843717,498.487,498.487
31/05/2024 20:00,bounty_madera,30/06/2024 0:00,31/05/2024 0:00,20,21,4,10.94344203,491.48,491.48
31/05/2024 21:00,bounty_madera,30/06/2024 0:00,31/05/2024 0:00,21,22,4,10.00386298,480.653,480.653
31/05/2024 22:00,bounty_madera,30/06/2024 0:00,31/05/2024 0:00,22,23,4,8.296617275,478.325,478.325
31/05/2024 23:00,bounty_madera,30/06/2024 0:00,31/05/2024 0:00,23,24,4,7.553545217,494.697,494.697
01/06/2024 0:00,bounty_madera,30/06/2024 0:00,01/06/2024 0:00,0,1,5,6.807663083,478.757,478.757
01/06/2024 1:00,bounty_madera,30/06/2024 0:00,01/06/2024 0:00,1,2,5,5.972655542,470.576,470.576
01/06/2024 2:00,bounty_madera,30/06/2024 0:00,01/06/2024 0:00,2,3,5,5.77896355,455.638,455.638
01/06/2024 3:00,bounty_madera,30/06/2024 0:00,01/06/2024 0:00,3,4,5,4.654237425,454.403,454.403
01/06/2024 4:00,bounty_madera,30/06/2024 0:00,01/06/2024 0:00,4,5,5,4.551013483,458.51,458.51
01/06/2024 5:00,bounty_madera,30/06/2024 0:00,01/06/2024 0:00,5,6,5,4.11228485,475.818,475.818
01/06/2024 6:00,bounty_madera,30/06/2024 0:00,01/06/2024 0:00,6,7,5,2.864750075,481.299,481.299
01/06/2024 7:00,bounty_madera,30/06/2024 0:00,01/06/2024 0:00,7,8,5,3.295109567,515.559,515.559
01/06/2024 8:00,bounty_madera,30/06/2024 0:00,01/06/2024 0:00,8,9,5,3.2130343,516.34,516.34
01/06/2024 9:00,bounty_madera,30/06/2024 0:00,01/06/2024 0:00,9,10,5,3.475644442,531.914,531.914
01/06/2024 10:00,bounty_madera,30/06/2024 0:00,01/06/2024 0:00,10,11,5,4.087967217,540.654,540.654
01/06/2024 11:00,bounty_madera,30/06/2024 0:00,01/06/2024 0:00,11,12,5,4.355884125,530.355,530.355
01/06/2024 12:00,bounty_madera,30/06/2024 0:00,01/06/2024 0:00,12,13,5,4.816500467,543.228,543.228
01/06/2024 13:00,bounty_madera,30/06/2024 0:00,01/06/2024 0:00,13,14,5,11.9766416,577.399,577.399
01/06/2024 14:00,bounty_madera,30/06/2024 0:00,01/06/2024 0:00,14,15,5,11.72786245,556.756,556.756
01/06/2024 15:00,bounty_madera,30/06/2024 0:00,01/06/2024 0:00,15,16,5,10.4739373,559.188,559.188
01/06/2024 16:00,bounty_madera,30/06/2024 0:00,01/06/2024 0:00,16,17,5,14.1570792,2.188,2.188
01/06/2024 17:00,bounty_madera,30/06/2024 0:00,01/06/2024 0:00,17,18,5,10.28318021,0,0
01/06/2024 18:00,bounty_madera,30/06/2024 0:00,01/06/2024 0:00,18,19,5,6.150577883,316.075,316.075
01/06/2024 19:00,bounty_madera,30/06/2024 0:00,01/06/2024 0:00,19,20,5,8.845250517,470.048,470.048
01/06/2024 20:00,bounty_madera,30/06/2024 0:00,01/06/2024 0:00,20,21,5,13.3621529,475.806,475.806
01/06/2024 21:00,bounty_madera,30/06/2024 0:00,01/06/2024 0:00,21,22,5,11.55191751,467.67,467.67
01/06/2024 22:00,bounty_madera,30/06/2024 0:00,01/06/2024 0:00,22,23,5,8.034607083,475.058,475.058
01/06/2024 23:00,bounty_madera,30/06/2024 0:00,01/06/2024 0:00,23,24,5,6.775466392,492.299,492.299
02/06/2024 0:00,bounty_madera,30/06/2024 0:00,02/06/2024 0:00,0,1,6,5.490358267,481.942,481.942
02/06/2024 1:00,bounty_madera,30/06/2024 0:00,02/06/2024 0:00,1,2,6,5.48800315,453.516,453.516
02/06/2024 2:00,bounty_madera,30/06/2024 0:00,02/06/2024 0:00,2,3,6,5.20516785,452.705,452.705
02/06/2024 3:00,bounty_madera,30/06/2024 0:00,02/06/2024 0:00,3,4,6,4.506950517,441.255,441.255
02/06/2024 4:00,bounty_madera,30/06/2024 0:00,02/06/2024 0:00,4,5,6,4.359000625,437.187,437.187
02/06/2024 5:00,bounty_madera,30/06/2024 0:00,02/06/2024 0:00,5,6,6,3.898763742,468.204,468.204
02/06/2024 6:00,bounty_madera,30/06/2024 0:00,02/06/2024 0:00,6,7,6,2.517748975,489.312,489.312
02/06/2024 7:00,bounty_madera,30/06/2024 0:00,02/06/2024 0:00,7,8,6,2.466719933,507.285,507.285
02/06/2024 8:00,bounty_madera,30/06/2024 0:00,02/06/2024 0:00,8,9,6,2.739661142,513.218,513.218
02/06/2024 9:00,bounty_madera,30/06/2024 0:00,02/06/2024 0:00,9,10,6,4.340065492,529.901,529.901
02/06/2024 10:00,bounty_madera,30/06/2024 0:00,02/06/2024 0:00,10,11,6,3.901410933,551.769,551.769
02/06/2024 11:00,bounty_madera,30/06/2024 0:00,02/06/2024 0:00,11,12,6,3.6392787,519.271,519.271
02/06/2024 12:00,bounty_madera,30/06/2024 0:00,02/06/2024 0:00,12,13,6,3.7767874,539.82,539.82
02/06/2024 13:00,bounty_madera,30/06/2024 0:00,02/06/2024 0:00,13,14,6,5.488671508,570.298,570.298
02/06/2024 14:00,bounty_madera,30/06/2024 0:00,02/06/2024 0:00,14,15,6,8.339396267,561.368,561.368
02/06/2024 15:00,bounty_madera,30/06/2024 0:00,02/06/2024 0:00,15,16,6,5.4488218,542.48,542.48
02/06/2024 16:00,bounty_madera,30/06/2024 0:00,02/06/2024 0:00,16,17,6,4.906628558,312.748,312.748
02/06/2024 17:00,bounty_madera,30/06/2024 0:00,02/06/2024 0:00,17,18,6,5.9658191,473.208,473.208
02/06/2024 18:00,bounty_madera,30/06/2024 0:00,02/06/2024 0:00,18,19,6,14.40360349,471.661,471.661
02/06/2024 19:00,bounty_madera,30/06/2024 0:00,02/06/2024 0:00,19,20,6,12.85319466,476.624,476.624
02/06/2024 20:00,bounty_madera,30/06/2024 0:00,02/06/2024 0:00,20,21,6,16.90564468,461.912,461.912
02/06/2024 21:00,bounty_madera,30/06/2024 0:00,02/06/2024 0:00,21,22,6,12.86965213,460.286,460.286
02/06/2024 22:00,bounty_madera,30/06/2024 0:00,02/06/2024 0:00,22,23,6,9.214567858,449.236,449.236
02/06/2024 23:00,bounty_madera,30/06/2024 0:00,02/06/2024 0:00,23,24,6,8.911378558,465.616,465.616
03/06/2024 0:00,bounty_madera,30/06/2024 0:00,03/06/2024 0:00,0,1,0,7.844855542,440.546,440.546
03/06/2024 1:00,bounty_madera,30/06/2024 0:00,03/06/2024 0:00,1,2,0,5.315309042,417.406,417.406
03/06/2024 2:00,bounty_madera,30/06/2024 0:00,03/06/2024 0:00,2,3,0,5.850342983,411.747,411.747
03/06/2024 3:00,bounty_madera,30/06/2024 0:00,03/06/2024 0:00,3,4,0,4.775916133,403.613,403.613
03/06/2024 4:00,bounty_madera,30/06/2024 0:00,03/06/2024 0:00,4,5,0,4.342945258,419.908,419.908
03/06/2024 5:00,bounty_madera,30/06/2024 0:00,03/06/2024 0:00,5,6,0,3.252939275,426.216,426.216
03/06/2024 6:00,bounty_madera,30/06/2024 0:00,03/06/2024 0:00,6,7,0,3.100313175,466.052,466.052
03/06/2024 7:00,bounty_madera,30/06/2024 0:00,03/06/2024 0:00,7,8,0,6.175097258,504.928,504.928
03/06/2024 8:00,bounty_madera,30/06/2024 0:00,03/06/2024 0:00,8,9,0,11.15377036,545.103,545.103
03/06/2024 9:00,bounty_madera,30/06/2024 0:00,03/06/2024 0:00,9,10,0,5.667478092,573.677,573.677
03/06/2024 10:00,bounty_madera,30/06/2024 0:00,03/06/2024 0:00,10,11,0,7.413282283,566.721,566.721
03/06/2024 11:00,bounty_madera,30/06/2024 0:00,03/06/2024 0:00,11,12,0,8.754494733,545.736,545.736
03/06/2024 12:00,bounty_madera,30/06/2024 0:00,03/06/2024 0:00,12,13,0,7.174706925,555.641,555.641
03/06/2024 13:00,bounty_madera,30/06/2024 0:00,03/06/2024 0:00,13,14,0,22.1586712,582.934,582.934
03/06/2024 14:00,bounty_madera,30/06/2024 0:00,03/06/2024 0:00,14,15,0,30.14968883,570.701,570.701
03/06/2024 15:00,bounty_madera,30/06/2024 0:00,03/06/2024 0:00,15,16,0,32.99907738,533.903,533.903
03/06/2024 16:00,bounty_madera,30/06/2024 0:00,03/06/2024 0:00,16,17,0,28.72719722,541.938,541.938
03/06/2024 17:00,bounty_madera,30/06/2024 0:00,03/06/2024 0:00,17,18,0,14.30658295,548.633,548.633
03/06/2024 18:00,bounty_madera,30/06/2024 0:00,03/06/2024 0:00,18,19,0,19.65446046,526.921,526.921
03/06/2024 19:00,bounty_madera,30/06/2024 0:00,03/06/2024 0:00,19,20,0,10.20730862,489.339,489.339
03/06/2024 20:00,bounty_madera,30/06/2024 0:00,03/06/2024 0:00,20,21,0,11.29980762,489.689,489.689
03/06/2024 21:00,bounty_madera,30/06/2024 0:00,03/06/2024 0:00,21,22,0,15.3480562,474.382,474.382
03/06/2024 22:00,bounty_madera,30/06/2024 0:00,03/06/2024 0:00,22,23,0,13.05256541,460.021,460.021
03/06/2024 23:00,bounty_madera,30/06/2024 0:00,03/06/2024 0:00,23,24,0,11.10917393,474.046,474.046
04/06/2024 0:00,bounty_madera,30/06/2024 0:00,04/06/2024 0:00,0,1,1,10.54270119,462.635,462.635
04/06/2024 1:00,bounty_madera,30/06/2024 0:00,04/06/2024 0:00,1,2,1,6.220350525,408.727,408.727
04/06/2024 2:00,bounty_madera,30/06/2024 0:00,04/06/2024 0:00,2,3,1,6.264823583,377.886,377.886
04/06/2024 3:00,bounty_madera,30/06/2024 0:00,04/06/2024 0:00,3,4,1,5.720135242,358.954,358.954
04/06/2024 4:00,bounty_madera,30/06/2024 0:00,04/06/2024 0:00,4,5,1,5.5154989,367.805,367.805
04/06/2024 5:00,bounty_madera,30/06/2024 0:00,04/06/2024 0:00,5,6,1,4.103121192,409.016,409.016
04/06/2024 6:00,bounty_madera,30/06/2024 0:00,04/06/2024 0:00,6,7,1,3.231780875,454.958,454.958
04/06/2024 7:00,bounty_madera,30/06/2024 0:00,04/06/2024 0:00,7,8,1,4.088107867,516.961,516.961
04/06/2024 8:00,bounty_madera,30/06/2024 0:00,04/06/2024 0:00,8,9,1,5.300277683,525.996,525.996
04/06/2024 9:00,bounty_madera,30/06/2024 0:00,04/06/2024 0:00,9,10,1,4.86239625,558.554,558.554
04/06/2024 10:00,bounty_madera,30/06/2024 0:00,04/06/2024 0:00,10,11,1,5.685833508,550.927,550.927
04/06/2024 11:00,bounty_madera,30/06/2024 0:00,04/06/2024 0:00,11,12,1,6.13401005,540.46,540.46
04/06/2024 12:00,bounty_madera,30/06/2024 0:00,04/06/2024 0:00,12,13,1,5.708055208,560.041,560.041
04/06/2024 13:00,bounty_madera,30/06/2024 0:00,04/06/2024 0:00,13,14,1,6.18944295,571.749,571.749
04/06/2024 14:00,bounty_madera,30/06/2024 0:00,04/06/2024 0:00,14,15,1,10.99754443,563.853,563.853
04/06/2024 15:00,bounty_madera,30/06/2024 0:00,04/06/2024 0:00,15,16,1,10.43532053,344.395,344.395
04/06/2024 16:00,bounty_madera,30/06/2024 0:00,04/06/2024 0:00,16,17,1,16.41360446,436.628,436.628
04/06/2024 17:00,bounty_madera,30/06/2024 0:00,04/06/2024 0:00,17,18,1,6.086488675,457.165,457.165
04/06/2024 18:00,bounty_madera,30/06/2024 0:00,04/06/2024 0:00,18,19,1,14.73031361,428.308,428.308
04/06/2024 19:00,bounty_madera,30/06/2024 0:00,04/06/2024 0:00,19,20,1,9.670613825,424.628,424.628
04/06/2024 20:00,bounty_madera,30/06/2024 0:00,04/06/2024 0:00,20,21,1,11.52761422,423.146,423.146
04/06/2024 21:00,bounty_madera,30/06/2024 0:00,04/06/2024 0:00,21,22,1,14.60472929,421.298,421.298
04/06/2024 22:00,bounty_madera,30/06/2024 0:00,04/06/2024 0:00,22,23,1,10.873228,414.677,414.677
04/06/2024 23:00,bounty_madera,30/06/2024 0:00,04/06/2024 0:00,23,24,1,8.341731717,432.338,432.338
05/06/2024 0:00,bounty_madera,30/06/2024 0:00,05/06/2024 0:00,0,1,2,6.8804349,402.285,402.285
05/06/2024 1:00,bounty_madera,30/06/2024 0:00,05/06/2024 0:00,1,2,2,4.339360783,370.273,370.273
05/06/2024 2:00,bounty_madera,30/06/2024 0:00,05/06/2024 0:00,2,3,2,4.30419055,367.457,367.457
05/06/2024 3:00,bounty_madera,30/06/2024 0:00,05/06/2024 0:00,3,4,2,4.431393392,372.598,372.598
05/06/2024 4:00,bounty_madera,30/06/2024 0:00,05/06/2024 0:00,4,5,2,4.434647558,409.59,409.59
05/06/2024 5:00,bounty_madera,30/06/2024 0:00,05/06/2024 0:00,5,6,2,3.811274425,414.799,414.799
05/06/2024 6:00,bounty_madera,30/06/2024 0:00,05/06/2024 0:00,6,7,2,3.474067642,432.778,432.778
05/06/2024 7:00,bounty_madera,30/06/2024 0:00,05/06/2024 0:00,7,8,2,3.113992375,463.412,463.412
05/06/2024 8:00,bounty_madera,30/06/2024 0:00,05/06/2024 0:00,8,9,2,3.957676008,503.231,503.231
05/06/2024 9:00,bounty_madera,30/06/2024 0:00,05/06/2024 0:00,9,10,2,4.501608475,533.633,533.633
05/06/2024 10:00,bounty_madera,30/06/2024 0:00,05/06/2024 0:00,10,11,2,5.175389067,532.996,532.996
05/06/2024 11:00,bounty_madera,30/06/2024 0:00,05/06/2024 0:00,11,12,2,4.585822808,512.673,512.673
05/06/2024 12:00,bounty_madera,30/06/2024 0:00,05/06/2024 0:00,12,13,2,5.1191452,545.409,545.409
05/06/2024 13:00,bounty_madera,30/06/2024 0:00,05/06/2024 0:00,13,14,2,6.793041408,556.825,556.825
05/06/2024 14:00,bounty_madera,30/06/2024 0:00,05/06/2024 0:00,14,15,2,4.98927575,547.6,547.6
05/06/2024 15:00,bounty_madera,30/06/2024 0:00,05/06/2024 0:00,15,16,2,3.959162025,523.907,523.907
05/06/2024 16:00,bounty_madera,30/06/2024 0:00,05/06/2024 0:00,16,17,2,3.734643408,518.548,518.548
05/06/2024 17:00,bounty_madera,30/06/2024 0:00,05/06/2024 0:00,17,18,2,3.359920342,483.911,483.911
05/06/2024 18:00,bounty_madera,30/06/2024 0:00,05/06/2024 0:00,18,19,2,3.93897935,407.4,407.4
05/06/2024 19:00,bounty_madera,30/06/2024 0:00,05/06/2024 0:00,19,20,2,4.29129815,382.415,382.415
05/06/2024 20:00,bounty_madera,30/06/2024 0:00,05/06/2024 0:00,20,21,2,4.713592758,378.868,378.868
05/06/2024 21:00,bounty_madera,30/06/2024 0:00,05/06/2024 0:00,21,22,2,4.6570949,374.828,374.828
05/06/2024 22:00,bounty_madera,30/06/2024 0:00,05/06/2024 0:00,22,23,2,4.415383767,360.863,360.863
05/06/2024 23:00,bounty_madera,30/06/2024 0:00,05/06/2024 0:00,23,24,2,4.018281183,362.75,362.75
06/06/2024 0:00,bounty_madera,30/06/2024 0:00,06/06/2024 0:00,0,1,3,4.774740125,360.326,360.326
06/06/2024 1:00,bounty_madera,30/06/2024 0:00,06/06/2024 0:00,1,2,3,4.575762033,329.704,329.704
06/06/2024 2:00,bounty_madera,30/06/2024 0:00,06/06/2024 0:00,2,3,3,3.4957852,328.884,328.884
06/06/2024 3:00,bounty_madera,30/06/2024 0:00,06/06/2024 0:00,3,4,3,3.035267183,321.059,321.059
06/06/2024 4:00,bounty_madera,30/06/2024 0:00,06/06/2024 0:00,4,5,3,2.914340817,342.667,342.667
06/06/2024 5:00,bounty_madera,30/06/2024 0:00,06/06/2024 0:00,5,6,3,2.9088767,353.949,353.949
06/06/2024 6:00,bounty_madera,30/06/2024 0:00,06/06/2024 0:00,6,7,3,1.981792492,375.602,375.602
06/06/2024 7:00,bounty_madera,30/06/2024 0:00,06/06/2024 0:00,7,8,3,2.586175667,415.866,415.866
06/06/2024 8:00,bounty_madera,30/06/2024 0:00,06/06/2024 0:00,8,9,3,3.306428608,491.362,491.362
06/06/2024 9:00,bounty_madera,30/06/2024 0:00,06/06/2024 0:00,9,10,3,3.228592658,515.495,515.495
06/06/2024 10:00,bounty_madera,30/06/2024 0:00,06/06/2024 0:00,10,11,3,3.269422517,522.266,522.266
06/06/2024 11:00,bounty_madera,30/06/2024 0:00,06/06/2024 0:00,11,12,3,3.385975542,513.247,513.247
06/06/2024 12:00,bounty_madera,30/06/2024 0:00,06/06/2024 0:00,12,13,3,4.077343725,535.458,535.458
06/06/2024 13:00,bounty_madera,30/06/2024 0:00,06/06/2024 0:00,13,14,3,7.579469667,586.105,586.105
06/06/2024 14:00,bounty_madera,30/06/2024 0:00,06/06/2024 0:00,14,15,3,6.17215655,565.328,565.328
06/06/2024 15:00,bounty_madera,30/06/2024 0:00,06/06/2024 0:00,15,16,3,6.474340117,559.525,559.525
06/06/2024 16:00,bounty_madera,30/06/2024 0:00,06/06/2024 0:00,16,17,3,4.309719392,554.395,554.395
06/06/2024 17:00,bounty_madera,30/06/2024 0:00,06/06/2024 0:00,17,18,3,3.378151633,514.799,514.799
06/06/2024 18:00,bounty_madera,30/06/2024 0:00,06/06/2024 0:00,18,19,3,3.783576617,461.355,461.355
06/06/2024 19:00,bounty_madera,30/06/2024 0:00,06/06/2024 0:00,19,20,3,3.619073383,399.995,399.995
06/06/2024 20:00,bounty_madera,30/06/2024 0:00,06/06/2024 0:00,20,21,3,3.486292742,371.123,371.123
06/06/2024 21:00,bounty_madera,30/06/2024 0:00,06/06/2024 0:00,21,22,3,3.612156917,362.846,362.846
06/06/2024 22:00,bounty_madera,30/06/2024 0:00,06/06/2024 0:00,22,23,3,3.792184367,359.886,359.886
06/06/2024 23:00,bounty_madera,30/06/2024 0:00,06/06/2024 0:00,23,24,3,3.474097383,364.392,364.392
07/06/2024 0:00,bounty_madera,30/06/2024 0:00,07/06/2024 0:00,0,1,4,3.378113225,351.374,351.374
07/06/2024 1:00,bounty_madera,30/06/2024 0:00,07/06/2024 0:00,1,2,4,3.562892908,316.416,316.416
07/06/2024 2:00,bounty_madera,30/06/2024 0:00,07/06/2024 0:00,2,3,4,3.2081131,313.349,313.349
07/06/2024 3:00,bounty_madera,30/06/2024 0:00,07/06/2024 0:00,3,4,4,2.862075733,320.336,320.336
07/06/2024 4:00,bounty_madera,30/06/2024 0:00,07/06/2024 0:00,4,5,4,2.883327967,353.206,353.206
07/06/2024 5:00,bounty_madera,30/06/2024 0:00,07/06/2024 0:00,5,6,4,2.810585083,385.623,385.623
07/06/2024 6:00,bounty_madera,30/06/2024 0:00,07/06/2024 0:00,6,7,4,1.9458607,396.421,396.421
07/06/2024 7:00,bounty_madera,30/06/2024 0:00,07/06/2024 0:00,7,8,4,2.191978317,455.526,455.526
07/06/2024 8:00,bounty_madera,30/06/2024 0:00,07/06/2024 0:00,8,9,4,2.689148775,518.137,518.137
07/06/2024 9:00,bounty_madera,30/06/2024 0:00,07/06/2024 0:00,9,10,4,2.650701233,524.719,524.719
07/06/2024 10:00,bounty_madera,30/06/2024 0:00,07/06/2024 0:00,10,11,4,3.269917408,542.652,542.652
07/06/2024 11:00,bounty_madera,30/06/2024 0:00,07/06/2024 0:00,11,12,4,3.527107383,512.832,512.832
07/06/2024 12:00,bounty_madera,30/06/2024 0:00,07/06/2024 0:00,12,13,4,4.767879233,530.353,530.353
07/06/2024 13:00,bounty_madera,30/06/2024 0:00,07/06/2024 0:00,13,14,4,6.908507583,572.993,572.993
07/06/2024 14:00,bounty_madera,30/06/2024 0:00,07/06/2024 0:00,14,15,4,7.172468508,568.414,568.414
07/06/2024 15:00,bounty_madera,30/06/2024 0:00,07/06/2024 0:00,15,16,4,6.661897283,543.172,543.172
07/06/2024 16:00,bounty_madera,30/06/2024 0:00,07/06/2024 0:00,16,17,4,5.777260883,568.634,568.634
07/06/2024 17:00,bounty_madera,30/06/2024 0:00,07/06/2024 0:00,17,18,4,3.880060083,557.172,557.172
07/06/2024 18:00,bounty_madera,30/06/2024 0:00,07/06/2024 0:00,18,19,4,4.753784825,501.489,501.489
07/06/2024 19:00,bounty_madera,30/06/2024 0:00,07/06/2024 0:00,19,20,4,4.286898158,484.987,484.987
07/06/2024 20:00,bounty_madera,30/06/2024 0:00,07/06/2024 0:00,20,21,4,7.1459924,462.37,462.37
07/06/2024 21:00,bounty_madera,30/06/2024 0:00,07/06/2024 0:00,21,22,4,9.071255408,430.877,430.877
07/06/2024 22:00,bounty_madera,30/06/2024 0:00,07/06/2024 0:00,22,23,4,4.268249733,388.617,388.617
07/06/2024 23:00,bounty_madera,30/06/2024 0:00,07/06/2024 0:00,23,24,4,3.720056925,385.044,385.044
08/06/2024 0:00,bounty_madera,30/06/2024 0:00,08/06/2024 0:00,0,1,5,3.69349345,382.385,382.385
08/06/2024 1:00,bounty_madera,30/06/2024 0:00,08/06/2024 0:00,1,2,5,5.159393875,355.649,355.649
08/06/2024 2:00,bounty_madera,30/06/2024 0:00,08/06/2024 0:00,2,3,5,3.664979533,345.178,345.178
08/06/2024 3:00,bounty_madera,30/06/2024 0:00,08/06/2024 0:00,3,4,5,3.048369642,345.53,345.53
08/06/2024 4:00,bounty_madera,30/06/2024 0:00,08/06/2024 0:00,4,5,5,3.542505942,345.915,345.915
08/06/2024 5:00,bounty_madera,30/06/2024 0:00,08/06/2024 0:00,5,6,5,3.239086617,388.949,388.949
08/06/2024 6:00,bounty_madera,30/06/2024 0:00,08/06/2024 0:00,6,7,5,2.43522555,413.992,413.992
08/06/2024 7:00,bounty_madera,30/06/2024 0:00,08/06/2024 0:00,7,8,5,2.087423133,449.953,449.953
08/06/2024 8:00,bounty_madera,30/06/2024 0:00,08/06/2024 0:00,8,9,5,2.552696,502.557,502.557
08/06/2024 9:00,bounty_madera,30/06/2024 0:00,08/06/2024 0:00,9,10,5,3.257944133,550.039,550.039
08/06/2024 10:00,bounty_madera,30/06/2024 0:00,08/06/2024 0:00,10,11,5,4.023168842,549.588,549.588
08/06/2024 11:00,bounty_madera,30/06/2024 0:00,08/06/2024 0:00,11,12,5,3.636453767,543.361,543.361
08/06/2024 12:00,bounty_madera,30/06/2024 0:00,08/06/2024 0:00,12,13,5,3.651931575,546.259,546.259
08/06/2024 13:00,bounty_madera,30/06/2024 0:00,08/06/2024 0:00,13,14,5,3.617549483,565.845,565.845
08/06/2024 14:00,bounty_madera,30/06/2024 0:00,08/06/2024 0:00,14,15,5,5.419280658,548.823,548.823
08/06/2024 15:00,bounty_madera,30/06/2024 0:00,08/06/2024 0:00,15,16,5,5.058217317,559.827,559.827
08/06/2024 16:00,bounty_madera,30/06/2024 0:00,08/06/2024 0:00,16,17,5,4.222826817,537.066,537.066
08/06/2024 17:00,bounty_madera,30/06/2024 0:00,08/06/2024 0:00,17,18,5,4.019882317,535.756,535.756
08/06/2024 18:00,bounty_madera,30/06/2024 0:00,08/06/2024 0:00,18,19,5,4.5440115,509.702,509.702
08/06/2024 19:00,bounty_madera,30/06/2024 0:00,08/06/2024 0:00,19,20,5,4.395765533,473.55,473.55
08/06/2024 20:00,bounty_madera,30/06/2024 0:00,08/06/2024 0:00,20,21,5,8.83506495,433.857,433.857
08/06/2024 21:00,bounty_madera,30/06/2024 0:00,08/06/2024 0:00,21,22,5,10.25848582,379.78,379.78
08/06/2024 22:00,bounty_madera,30/06/2024 0:00,08/06/2024 0:00,22,23,5,6.557277883,390.637,390.637
08/06/2024 23:00,bounty_madera,30/06/2024 0:00,08/06/2024 0:00,23,24,5,-5.439772933,423.923,423.923
09/06/2024 0:00,bounty_madera,30/06/2024 0:00,09/06/2024 0:00,0,1,6,-10.89549146,413.914,413.914
09/06/2024 1:00,bounty_madera,30/06/2024 0:00,09/06/2024 0:00,1,2,6,3.538999908,358.33,358.33
09/06/2024 2:00,bounty_madera,30/06/2024 0:00,09/06/2024 0:00,2,3,6,2.8080637,345.87,345.87
09/06/2024 3:00,bounty_madera,30/06/2024 0:00,09/06/2024 0:00,3,4,6,2.662652617,343.628,343.628
09/06/2024 4:00,bounty_madera,30/06/2024 0:00,09/06/2024 0:00,4,5,6,1.597948392,363.384,363.384
09/06/2024 5:00,bounty_madera,30/06/2024 0:00,09/06/2024 0:00,5,6,6,0.59118945,399.402,399.402
09/06/2024 6:00,bounty_madera,30/06/2024 0:00,09/06/2024 0:00,6,7,6,-2.3472076,422.894,422.894
09/06/2024 7:00,bounty_madera,30/06/2024 0:00,09/06/2024 0:00,7,8,6,3.049880192,477.51,477.51
09/06/2024 8:00,bounty_madera,30/06/2024 0:00,09/06/2024 0:00,8,9,6,-6.841332758,510.824,510.824
09/06/2024 9:00,bounty_madera,30/06/2024 0:00,09/06/2024 0:00,9,10,6,2.180597058,537.376,537.376
09/06/2024 10:00,bounty_madera,30/06/2024 0:00,09/06/2024 0:00,10,11,6,-3.85005285,547.681,547.681
09/06/2024 11:00,bounty_madera,30/06/2024 0:00,09/06/2024 0:00,11,12,6,5.5569132,518.007,518.007
09/06/2024 12:00,bounty_madera,30/06/2024 0:00,09/06/2024 0:00,12,13,6,4.56495665,542.965,542.965
09/06/2024 13:00,bounty_madera,30/06/2024 0:00,09/06/2024 0:00,13,14,6,3.501696558,564.089,564.089
09/06/2024 14:00,bounty_madera,30/06/2024 0:00,09/06/2024 0:00,14,15,6,4.311757283,511.79,511.79
09/06/2024 15:00,bounty_madera,30/06/2024 0:00,09/06/2024 0:00,15,16,6,4.151964467,512.765,512.765
09/06/2024 16:00,bounty_madera,30/06/2024 0:00,09/06/2024 0:00,16,17,6,3.998325858,180.307,180.307
09/06/2024 17:00,bounty_madera,30/06/2024 0:00,09/06/2024 0:00,17,18,6,4.362903208,0,0
09/06/2024 18:00,bounty_madera,30/06/2024 0:00,09/06/2024 0:00,18,19,6,5.235985625,0,0
09/06/2024 19:00,bounty_madera,30/06/2024 0:00,09/06/2024 0:00,19,20,6,4.911959542,0,0
09/06/2024 20:00,bounty_madera,30/06/2024 0:00,09/06/2024 0:00,20,21,6,5.351836983,0,0
09/06/2024 21:00,bounty_madera,30/06/2024 0:00,09/06/2024 0:00,21,22,6,5.419870533,0,0
09/06/2024 22:00,bounty_madera,30/06/2024 0:00,09/06/2024 0:00,22,23,6,3.983785342,17.594,17.594
09/06/2024 23:00,bounty_madera,30/06/2024 0:00,09/06/2024 0:00,23,24,6,3.40225755,358.328,358.328
10/06/2024 0:00,bounty_madera,30/06/2024 0:00,10/06/2024 0:00,0,1,0,3.496750825,320.456,320.456
10/06/2024 1:00,bounty_madera,30/06/2024 0:00,10/06/2024 0:00,1,2,0,3.424464883,286.227,286.227
10/06/2024 2:00,bounty_madera,30/06/2024 0:00,10/06/2024 0:00,2,3,0,3.076596383,286.251,286.251
10/06/2024 3:00,bounty_madera,30/06/2024 0:00,10/06/2024 0:00,3,4,0,2.962970983,287.742,287.742
10/06/2024 4:00,bounty_madera,30/06/2024 0:00,10/06/2024 0:00,4,5,0,2.959139867,289.753,289.753
10/06/2024 5:00,bounty_madera,30/06/2024 0:00,10/06/2024 0:00,5,6,0,2.386224992,316.775,316.775
10/06/2024 6:00,bounty_madera,30/06/2024 0:00,10/06/2024 0:00,6,7,0,2.093442817,360.684,360.684
10/06/2024 7:00,bounty_madera,30/06/2024 0:00,10/06/2024 0:00,7,8,0,2.721943508,413.003,413.003
10/06/2024 8:00,bounty_madera,30/06/2024 0:00,10/06/2024 0:00,8,9,0,3.657611225,464.713,464.713
10/06/2024 9:00,bounty_madera,30/06/2024 0:00,10/06/2024 0:00,9,10,0,4.339791325,517.136,517.136
10/06/2024 10:00,bounty_madera,30/06/2024 0:00,10/06/2024 0:00,10,11,0,5.0346893,528.955,528.955
10/06/2024 11:00,bounty_madera,30/06/2024 0:00,10/06/2024 0:00,11,12,0,4.351233067,510.086,510.086
10/06/2024 12:00,bounty_madera,30/06/2024 0:00,10/06/2024 0:00,12,13,0,3.60581625,532.119,532.119
10/06/2024 13:00,bounty_madera,30/06/2024 0:00,10/06/2024 0:00,13,14,0,9.829921783,566.236,566.236
10/06/2024 14:00,bounty_madera,30/06/2024 0:00,10/06/2024 0:00,14,15,0,6.912672758,542.929,542.929
10/06/2024 15:00,bounty_madera,30/06/2024 0:00,10/06/2024 0:00,15,16,0,6.227034508,529.629,529.629
10/06/2024 16:00,bounty_madera,30/06/2024 0:00,10/06/2024 0:00,16,17,0,4.581323408,412.136,412.136
10/06/2024 17:00,bounty_madera,30/06/2024 0:00,10/06/2024 0:00,17,18,0,13.06367176,528.298,528.298
10/06/2024 18:00,bounty_madera,30/06/2024 0:00,10/06/2024 0:00,18,19,0,10.8434244,491.483,491.483
10/06/2024 19:00,bounty_madera,30/06/2024 0:00,10/06/2024 0:00,19,20,0,6.369268317,439.711,439.711
10/06/2024 20:00,bounty_madera,30/06/2024 0:00,10/06/2024 0:00,20,21,0,10.15319605,448.683,448.683
10/06/2024 21:00,bounty_madera,30/06/2024 0:00,10/06/2024 0:00,21,22,0,7.88260995,436.612,436.612
10/06/2024 22:00,bounty_madera,30/06/2024 0:00,10/06/2024 0:00,22,23,0,8.607432692,421.339,421.339
10/06/2024 23:00,bounty_madera,30/06/2024 0:00,10/06/2024 0:00,23,24,0,7.969418208,426.161,426.161
11/06/2024 0:00,bounty_madera,30/06/2024 0:00,11/06/2024 0:00,0,1,1,7.369826033,405.946,405.946
11/06/2024 1:00,bounty_madera,30/06/2024 0:00,11/06/2024 0:00,1,2,1,5.360521608,365.257,365.257
11/06/2024 2:00,bounty_madera,30/06/2024 0:00,11/06/2024 0:00,2,3,1,5.302604483,355.756,355.756
11/06/2024 3:00,bounty_madera,30/06/2024 0:00,11/06/2024 0:00,3,4,1,4.630780275,340.434,340.434
11/06/2024 4:00,bounty_madera,30/06/2024 0:00,11/06/2024 0:00,4,5,1,4.367320683,336.939,336.939
11/06/2024 5:00,bounty_madera,30/06/2024 0:00,11/06/2024 0:00,5,6,1,3.881253017,368.725,368.725
11/06/2024 6:00,bounty_madera,30/06/2024 0:00,11/06/2024 0:00,6,7,1,2.522847242,414.099,414.099
11/06/2024 7:00,bounty_madera,30/06/2024 0:00,11/06/2024 0:00,7,8,1,3.552012075,522.594,522.594
11/06/2024 8:00,bounty_madera,30/06/2024 0:00,11/06/2024 0:00,8,9,1,4.053295375,531.631,531.631
11/06/2024 9:00,bounty_madera,30/06/2024 0:00,11/06/2024 0:00,9,10,1,3.769546333,545.244,545.244
11/06/2024 10:00,bounty_madera,30/06/2024 0:00,11/06/2024 0:00,10,11,1,3.568207375,532.981,532.981
11/06/2024 11:00,bounty_madera,30/06/2024 0:00,11/06/2024 0:00,11,12,1,3.681597508,528.155,528.155
11/06/2024 12:00,bounty_madera,30/06/2024 0:00,11/06/2024 0:00,12,13,1,4.321678067,534.303,534.303
11/06/2024 13:00,bounty_madera,30/06/2024 0:00,11/06/2024 0:00,13,14,1,8.6561102,555.895,555.895
11/06/2024 14:00,bounty_madera,30/06/2024 0:00,11/06/2024 0:00,14,15,1,9.613649117,574.245,574.245
11/06/2024 15:00,bounty_madera,30/06/2024 0:00,11/06/2024 0:00,15,16,1,8.199242592,563.333,563.333
11/06/2024 16:00,bounty_madera,30/06/2024 0:00,11/06/2024 0:00,16,17,1,5.053812208,567.316,567.316
11/06/2024 17:00,bounty_madera,30/06/2024 0:00,11/06/2024 0:00,17,18,1,5.583265,552.439,552.439
11/06/2024 18:00,bounty_madera,30/06/2024 0:00,11/06/2024 0:00,18,19,1,5.482434683,511.591,511.591
11/06/2024 19:00,bounty_madera,30/06/2024 0:00,11/06/2024 0:00,19,20,1,5.433261717,473.825,473.825
11/06/2024 20:00,bounty_madera,30/06/2024 0:00,11/06/2024 0:00,20,21,1,16.64982618,469.186,469.186
11/06/2024 21:00,bounty_madera,30/06/2024 0:00,11/06/2024 0:00,21,22,1,9.983280917,461.893,461.893
11/06/2024 22:00,bounty_madera,30/06/2024 0:00,11/06/2024 0:00,22,23,1,9.436362717,451.613,451.613
11/06/2024 23:00,bounty_madera,30/06/2024 0:00,11/06/2024 0:00,23,24,1,5.60458045,456.617,456.617
12/06/2024 0:00,bounty_madera,30/06/2024 0:00,12/06/2024 0:00,0,1,2,5.378318633,442.437,442.437
12/06/2024 1:00,bounty_madera,30/06/2024 0:00,12/06/2024 0:00,1,2,2,4.3971127,414.595,414.595
12/06/2024 2:00,bounty_madera,30/06/2024 0:00,12/06/2024 0:00,2,3,2,4.083906092,406.242,406.242
12/06/2024 3:00,bounty_madera,30/06/2024 0:00,12/06/2024 0:00,3,4,2,3.124323892,397.64,397.64
12/06/2024 4:00,bounty_madera,30/06/2024 0:00,12/06/2024 0:00,4,5,2,3.607060658,409.47,409.47
12/06/2024 5:00,bounty_madera,30/06/2024 0:00,12/06/2024 0:00,5,6,2,2.428118367,450.236,450.236
12/06/2024 6:00,bounty_madera,30/06/2024 0:00,12/06/2024 0:00,6,7,2,1.427224283,475.848,475.848
12/06/2024 7:00,bounty_madera,30/06/2024 0:00,12/06/2024 0:00,7,8,2,1.800145258,521.598,521.598
12/06/2024 8:00,bounty_madera,30/06/2024 0:00,12/06/2024 0:00,8,9,2,3.0704636,545.636,545.636
12/06/2024 9:00,bounty_madera,30/06/2024 0:00,12/06/2024 0:00,9,10,2,2.138098625,557.407,557.407
12/06/2024 10:00,bounty_madera,30/06/2024 0:00,12/06/2024 0:00,10,11,2,2.510754792,544.772,544.772
12/06/2024 11:00,bounty_madera,30/06/2024 0:00,12/06/2024 0:00,11,12,2,3.299471533,534.273,534.273
12/06/2024 12:00,bounty_madera,30/06/2024 0:00,12/06/2024 0:00,12,13,2,3.072741983,548.377,548.377
12/06/2024 13:00,bounty_madera,30/06/2024 0:00,12/06/2024 0:00,13,14,2,3.798218392,550.742,550.742
12/06/2024 14:00,bounty_madera,30/06/2024 0:00,12/06/2024 0:00,14,15,2,6.356732125,558.835,558.835
12/06/2024 15:00,bounty_madera,30/06/2024 0:00,12/06/2024 0:00,15,16,2,5.035271258,400.433,400.433
12/06/2024 16:00,bounty_madera,30/06/2024 0:00,12/06/2024 0:00,16,17,2,4.011214942,340.599,340.599
12/06/2024 17:00,bounty_madera,30/06/2024 0:00,12/06/2024 0:00,17,18,2,3.408776625,465.545,465.545
12/06/2024 18:00,bounty_madera,30/06/2024 0:00,12/06/2024 0:00,18,19,2,4.734284908,449.517,449.517
12/06/2024 19:00,bounty_madera,30/06/2024 0:00,12/06/2024 0:00,19,20,2,5.105985442,452.18,452.18
12/06/2024 20:00,bounty_madera,30/06/2024 0:00,12/06/2024 0:00,20,21,2,12.78565305,446.321,446.321
12/06/2024 21:00,bounty_madera,30/06/2024 0:00,12/06/2024 0:00,21,22,2,10.10339082,441.986,441.986
12/06/2024 22:00,bounty_madera,30/06/2024 0:00,12/06/2024 0:00,22,23,2,5.0915824,419.126,419.126
12/06/2024 23:00,bounty_madera,30/06/2024 0:00,12/06/2024 0:00,23,24,2,4.86749905,413.877,413.877
13/06/2024 0:00,bounty_madera,30/06/2024 0:00,13/06/2024 0:00,0,1,3,4.638496133,381.663,381.663
13/06/2024 1:00,bounty_madera,30/06/2024 0:00,13/06/2024 0:00,1,2,3,4.363897875,359.624,359.624
13/06/2024 2:00,bounty_madera,30/06/2024 0:00,13/06/2024 0:00,2,3,3,4.053593583,348.242,348.242
13/06/2024 3:00,bounty_madera,30/06/2024 0:00,13/06/2024 0:00,3,4,3,3.9377889,327.406,327.406
13/06/2024 4:00,bounty_madera,30/06/2024 0:00,13/06/2024 0:00,4,5,3,4.027649175,325.795,325.795
13/06/2024 5:00,bounty_madera,30/06/2024 0:00,13/06/2024 0:00,5,6,3,3.402114625,352.197,352.197
13/06/2024 6:00,bounty_madera,30/06/2024 0:00,13/06/2024 0:00,6,7,3,3.008447375,392.281,392.281
13/06/2024 7:00,bounty_madera,30/06/2024 0:00,13/06/2024 0:00,7,8,3,2.91170745,504.08,504.08
13/06/2024 8:00,bounty_madera,30/06/2024 0:00,13/06/2024 0:00,8,9,3,3.876093875,535.848,535.848
13/06/2024 9:00,bounty_madera,30/06/2024 0:00,13/06/2024 0:00,9,10,3,3.480246525,547.019,547.019
13/06/2024 10:00,bounty_madera,30/06/2024 0:00,13/06/2024 0:00,10,11,3,4.149486158,547.794,547.794
13/06/2024 11:00,bounty_madera,30/06/2024 0:00,13/06/2024 0:00,11,12,3,4.082019233,541.198,541.198
13/06/2024 12:00,bounty_madera,30/06/2024 0:00,13/06/2024 0:00,12,13,3,3.839754433,552.926,552.926
13/06/2024 13:00,bounty_madera,30/06/2024 0:00,13/06/2024 0:00,13,14,3,8.045375608,576.948,576.948
13/06/2024 14:00,bounty_madera,30/06/2024 0:00,13/06/2024 0:00,14,15,3,8.558656775,564.976,564.976
13/06/2024 15:00,bounty_madera,30/06/2024 0:00,13/06/2024 0:00,15,16,3,6.402443908,546.631,546.631
13/06/2024 16:00,bounty_madera,30/06/2024 0:00,13/06/2024 0:00,16,17,3,5.174297358,504.773,504.773
13/06/2024 17:00,bounty_madera,30/06/2024 0:00,13/06/2024 0:00,17,18,3,4.549027025,535.639,535.639
13/06/2024 18:00,bounty_madera,30/06/2024 0:00,13/06/2024 0:00,18,19,3,4.892673067,499.135,499.135
13/06/2024 19:00,bounty_madera,30/06/2024 0:00,13/06/2024 0:00,19,20,3,4.961805225,475.658,475.658
13/06/2024 20:00,bounty_madera,30/06/2024 0:00,13/06/2024 0:00,20,21,3,13.43510481,477.75,477.75
13/06/2024 21:00,bounty_madera,30/06/2024 0:00,13/06/2024 0:00,21,22,3,8.546036183,476.726,476.726
13/06/2024 22:00,bounty_madera,30/06/2024 0:00,13/06/2024 0:00,22,23,3,7.9655734,456.994,456.994
13/06/2024 23:00,bounty_madera,30/06/2024 0:00,13/06/2024 0:00,23,24,3,7.009529692,440.698,440.698
14/06/2024 0:00,bounty_madera,30/06/2024 0:00,14/06/2024 0:00,0,1,4,7.445350583,430.618,430.618
14/06/2024 1:00,bounty_madera,30/06/2024 0:00,14/06/2024 0:00,1,2,4,4.319112158,389.609,389.609
14/06/2024 2:00,bounty_madera,30/06/2024 0:00,14/06/2024 0:00,2,3,4,4.118089775,380.361,380.361
14/06/2024 3:00,bounty_madera,30/06/2024 0:00,14/06/2024 0:00,3,4,4,3.932234608,366.631,366.631
14/06/2024 4:00,bounty_madera,30/06/2024 0:00,14/06/2024 0:00,4,5,4,3.906896908,361.782,361.782
14/06/2024 5:00,bounty_madera,30/06/2024 0:00,14/06/2024 0:00,5,6,4,3.623854483,377.764,377.764
14/06/2024 6:00,bounty_madera,30/06/2024 0:00,14/06/2024 0:00,6,7,4,3.082611758,424.688,424.688
14/06/2024 7:00,bounty_madera,30/06/2024 0:00,14/06/2024 0:00,7,8,4,3.315517892,514.714,514.714
14/06/2024 8:00,bounty_madera,30/06/2024 0:00,14/06/2024 0:00,8,9,4,3.68372375,541.35,541.35
14/06/2024 9:00,bounty_madera,30/06/2024 0:00,14/06/2024 0:00,9,10,4,5.108910792,545.508,545.508
14/06/2024 10:00,bounty_madera,30/06/2024 0:00,14/06/2024 0:00,10,11,4,6.771000883,538.803,538.803
14/06/2024 11:00,bounty_madera,30/06/2024 0:00,14/06/2024 0:00,11,12,4,4.654566375,533.555,533.555
14/06/2024 12:00,bounty_madera,30/06/2024 0:00,14/06/2024 0:00,12,13,4,4.163635792,563.829,563.829
14/06/2024 13:00,bounty_madera,30/06/2024 0:00,14/06/2024 0:00,13,14,4,6.845701958,581.364,581.364
14/06/2024 14:00,bounty_madera,30/06/2024 0:00,14/06/2024 0:00,14,15,4,4.626239933,579.008,579.008
14/06/2024 15:00,bounty_madera,30/06/2024 0:00,14/06/2024 0:00,15,16,4,5.0280448,572.119,572.119
14/06/2024 16:00,bounty_madera,30/06/2024 0:00,14/06/2024 0:00,16,17,4,4.461715442,577.437,577.437
14/06/2024 17:00,bounty_madera,30/06/2024 0:00,14/06/2024 0:00,17,18,4,3.942938708,544.866,544.866
14/06/2024 18:00,bounty_madera,30/06/2024 0:00,14/06/2024 0:00,18,19,4,4.248048292,477.976,477.976
14/06/2024 19:00,bounty_madera,30/06/2024 0:00,14/06/2024 0:00,19,20,4,4.508106458,462.94,462.94
14/06/2024 20:00,bounty_madera,30/06/2024 0:00,14/06/2024 0:00,20,21,4,4.790950233,456.351,456.351
14/06/2024 21:00,bounty_madera,30/06/2024 0:00,14/06/2024 0:00,21,22,4,7.689052608,452.416,452.416
14/06/2024 22:00,bounty_madera,30/06/2024 0:00,14/06/2024 0:00,22,23,4,4.664507258,439.406,439.406
14/06/2024 23:00,bounty_madera,30/06/2024 0:00,14/06/2024 0:00,23,24,4,4.463294192,430.446,430.446
15/06/2024 0:00,bounty_madera,30/06/2024 0:00,15/06/2024 0:00,0,1,5,4.450381708,403.752,403.752
15/06/2024 1:00,bounty_madera,30/06/2024 0:00,15/06/2024 0:00,1,2,5,4.425533417,381.705,381.705
15/06/2024 2:00,bounty_madera,30/06/2024 0:00,15/06/2024 0:00,2,3,5,4.413030183,371.923,371.923
15/06/2024 3:00,bounty_madera,30/06/2024 0:00,15/06/2024 0:00,3,4,5,3.325520075,371.393,371.393
15/06/2024 4:00,bounty_madera,30/06/2024 0:00,15/06/2024 0:00,4,5,5,3.298735233,373.855,373.855
15/06/2024 5:00,bounty_madera,30/06/2024 0:00,15/06/2024 0:00,5,6,5,2.7341488,388.209,388.209
15/06/2024 6:00,bounty_madera,30/06/2024 0:00,15/06/2024 0:00,6,7,5,2.221528933,409.443,409.443
15/06/2024 7:00,bounty_madera,30/06/2024 0:00,15/06/2024 0:00,7,8,5,2.664931042,479.826,479.826
15/06/2024 8:00,bounty_madera,30/06/2024 0:00,15/06/2024 0:00,8,9,5,2.681320758,497.424,497.424
15/06/2024 9:00,bounty_madera,30/06/2024 0:00,15/06/2024 0:00,9,10,5,2.38293155,510.706,510.706
15/06/2024 10:00,bounty_madera,30/06/2024 0:00,15/06/2024 0:00,10,11,5,3.468790342,507.088,507.088
15/06/2024 11:00,bounty_madera,30/06/2024 0:00,15/06/2024 0:00,11,12,5,3.486039333,502.479,502.479
15/06/2024 12:00,bounty_madera,30/06/2024 0:00,15/06/2024 0:00,12,13,5,2.915035042,514.018,514.018
15/06/2024 13:00,bounty_madera,30/06/2024 0:00,15/06/2024 0:00,13,14,5,7.772439033,533.557,533.557
15/06/2024 14:00,bounty_madera,30/06/2024 0:00,15/06/2024 0:00,14,15,5,5.060493667,531.93,531.93
15/06/2024 15:00,bounty_madera,30/06/2024 0:00,15/06/2024 0:00,15,16,5,4.6263031,520.984,520.984
15/06/2024 16:00,bounty_madera,30/06/2024 0:00,15/06/2024 0:00,16,17,5,4.701639892,526.839,526.839
15/06/2024 17:00,bounty_madera,30/06/2024 0:00,15/06/2024 0:00,17,18,5,4.713513233,533.854,533.854
15/06/2024 18:00,bounty_madera,30/06/2024 0:00,15/06/2024 0:00,18,19,5,5.011287225,502.854,502.854
15/06/2024 19:00,bounty_madera,30/06/2024 0:00,15/06/2024 0:00,19,20,5,4.996161983,472.692,472.692
15/06/2024 20:00,bounty_madera,30/06/2024 0:00,15/06/2024 0:00,20,21,5,5.231212833,462.19,462.19
15/06/2024 21:00,bounty_madera,30/06/2024 0:00,15/06/2024 0:00,21,22,5,8.918450358,462.583,462.583
15/06/2024 22:00,bounty_madera,30/06/2024 0:00,15/06/2024 0:00,22,23,5,10.85830405,451.209,451.209
15/06/2024 23:00,bounty_madera,30/06/2024 0:00,15/06/2024 0:00,23,24,5,17.28389735,421.214,421.214
16/06/2024 0:00,bounty_madera,30/06/2024 0:00,16/06/2024 0:00,0,1,6,10.59177883,396.3,396.3
16/06/2024 1:00,bounty_madera,30/06/2024 0:00,16/06/2024 0:00,1,2,6,7.561629383,365.673,365.673
16/06/2024 2:00,bounty_madera,30/06/2024 0:00,16/06/2024 0:00,2,3,6,5.040050817,372.57,372.57
16/06/2024 3:00,bounty_madera,30/06/2024 0:00,16/06/2024 0:00,3,4,6,4.499241525,377.416,377.416
16/06/2024 4:00,bounty_madera,30/06/2024 0:00,16/06/2024 0:00,4,5,6,4.363669883,394.201,394.201
16/06/2024 5:00,bounty_madera,30/06/2024 0:00,16/06/2024 0:00,5,6,6,3.749729183,413.142,413.142
16/06/2024 6:00,bounty_madera,30/06/2024 0:00,16/06/2024 0:00,6,7,6,2.601420775,441.938,441.938
16/06/2024 7:00,bounty_madera,30/06/2024 0:00,16/06/2024 0:00,7,8,6,2.288970017,492.424,492.424
16/06/2024 8:00,bounty_madera,30/06/2024 0:00,16/06/2024 0:00,8,9,6,2.679561783,495.079,495.079
16/06/2024 9:00,bounty_madera,30/06/2024 0:00,16/06/2024 0:00,9,10,6,3.086123208,509.259,509.259
16/06/2024 10:00,bounty_madera,30/06/2024 0:00,16/06/2024 0:00,10,11,6,3.345110383,494.141,494.141
16/06/2024 11:00,bounty_madera,30/06/2024 0:00,16/06/2024 0:00,11,12,6,3.325836108,485.017,485.017
16/06/2024 12:00,bounty_madera,30/06/2024 0:00,16/06/2024 0:00,12,13,6,2.786558325,503.657,503.657
16/06/2024 13:00,bounty_madera,30/06/2024 0:00,16/06/2024 0:00,13,14,6,3.78707645,529.023,529.023
16/06/2024 14:00,bounty_madera,30/06/2024 0:00,16/06/2024 0:00,14,15,6,3.792901383,511.385,511.385
16/06/2024 15:00,bounty_madera,30/06/2024 0:00,16/06/2024 0:00,15,16,6,3.784186283,502.361,502.361
16/06/2024 16:00,bounty_madera,30/06/2024 0:00,16/06/2024 0:00,16,17,6,3.978305317,524.637,524.637
16/06/2024 17:00,bounty_madera,30/06/2024 0:00,16/06/2024 0:00,17,18,6,4.174389867,519.373,519.373
16/06/2024 18:00,bounty_madera,30/06/2024 0:00,16/06/2024 0:00,18,19,6,4.613770508,476.839,476.839
16/06/2024 19:00,bounty_madera,30/06/2024 0:00,16/06/2024 0:00,19,20,6,4.709071675,471.749,471.749
16/06/2024 20:00,bounty_madera,30/06/2024 0:00,16/06/2024 0:00,20,21,6,4.660921217,472.614,472.614
16/06/2024 21:00,bounty_madera,30/06/2024 0:00,16/06/2024 0:00,21,22,6,4.909964983,471.105,471.105
16/06/2024 22:00,bounty_madera,30/06/2024 0:00,16/06/2024 0:00,22,23,6,4.576457142,470.973,470.973
16/06/2024 23:00,bounty_madera,30/06/2024 0:00,16/06/2024 0:00,23,24,6,4.487626467,465.881,465.881
17/06/2024 0:00,bounty_madera,30/06/2024 0:00,17/06/2024 0:00,0,1,0,3.985404633,446.848,446.848
17/06/2024 1:00,bounty_madera,30/06/2024 0:00,17/06/2024 0:00,1,2,0,3.75850225,431.172,431.172
17/06/2024 2:00,bounty_madera,30/06/2024 0:00,17/06/2024 0:00,2,3,0,3.786055,417.212,417.212
17/06/2024 3:00,bounty_madera,30/06/2024 0:00,17/06/2024 0:00,3,4,0,3.1900248,390.194,390.194
17/06/2024 4:00,bounty_madera,30/06/2024 0:00,17/06/2024 0:00,4,5,0,2.904471642,381.187,381.187
17/06/2024 5:00,bounty_madera,30/06/2024 0:00,17/06/2024 0:00,5,6,0,2.405845642,405.939,405.939
17/06/2024 6:00,bounty_madera,30/06/2024 0:00,17/06/2024 0:00,6,7,0,1.441403958,425.857,425.857
17/06/2024 7:00,bounty_madera,30/06/2024 0:00,17/06/2024 0:00,7,8,0,1.415498225,482.604,482.604
17/06/2024 8:00,bounty_madera,30/06/2024 0:00,17/06/2024 0:00,8,9,0,2.159995033,474.818,474.818
17/06/2024 9:00,bounty_madera,30/06/2024 0:00,17/06/2024 0:00,9,10,0,2.794835375,490.299,490.299
17/06/2024 10:00,bounty_madera,30/06/2024 0:00,17/06/2024 0:00,10,11,0,3.15107325,504.444,504.444
17/06/2024 11:00,bounty_madera,30/06/2024 0:00,17/06/2024 0:00,11,12,0,3.164196858,485.326,485.326
17/06/2024 12:00,bounty_madera,30/06/2024 0:00,17/06/2024 0:00,12,13,0,3.35904235,508.224,508.224
17/06/2024 13:00,bounty_madera,30/06/2024 0:00,17/06/2024 0:00,13,14,0,3.747082375,530.158,530.158
17/06/2024 14:00,bounty_madera,30/06/2024 0:00,17/06/2024 0:00,14,15,0,2.493976467,515.681,515.681
17/06/2024 15:00,bounty_madera,30/06/2024 0:00,17/06/2024 0:00,15,16,0,3.0666366,499.149,499.149
17/06/2024 16:00,bounty_madera,30/06/2024 0:00,17/06/2024 0:00,16,17,0,3.074780525,503.188,503.188
17/06/2024 17:00,bounty_madera,30/06/2024 0:00,17/06/2024 0:00,17,18,0,3.412221658,488.413,488.413
17/06/2024 18:00,bounty_madera,30/06/2024 0:00,17/06/2024 0:00,18,19,0,4.245725392,465.789,465.789
17/06/2024 19:00,bounty_madera,30/06/2024 0:00,17/06/2024 0:00,19,20,0,4.491186283,454.756,454.756
17/06/2024 20:00,bounty_madera,30/06/2024 0:00,17/06/2024 0:00,20,21,0,8.311239725,445.342,445.342
17/06/2024 21:00,bounty_madera,30/06/2024 0:00,17/06/2024 0:00,21,22,0,7.047280317,441.089,441.089
17/06/2024 22:00,bounty_madera,30/06/2024 0:00,17/06/2024 0:00,22,23,0,6.705260583,438.35,438.35
17/06/2024 23:00,bounty_madera,30/06/2024 0:00,17/06/2024 0:00,23,24,0,6.846185708,440.009,440.009
18/06/2024 0:00,bounty_madera,30/06/2024 0:00,18/06/2024 0:00,0,1,1,6.58548015,428.057,428.057
18/06/2024 1:00,bounty_madera,30/06/2024 0:00,18/06/2024 0:00,1,2,1,3.768573433,396.517,396.517
18/06/2024 2:00,bounty_madera,30/06/2024 0:00,18/06/2024 0:00,2,3,1,2.971410725,386.458,386.458
18/06/2024 3:00,bounty_madera,30/06/2024 0:00,18/06/2024 0:00,3,4,1,2.962356608,380.991,380.991
18/06/2024 4:00,bounty_madera,30/06/2024 0:00,18/06/2024 0:00,4,5,1,2.980820117,403.134,403.134
18/06/2024 5:00,bounty_madera,30/06/2024 0:00,18/06/2024 0:00,5,6,1,2.380036942,422.83,422.83
18/06/2024 6:00,bounty_madera,30/06/2024 0:00,18/06/2024 0:00,6,7,1,2.272992008,436.893,436.893
18/06/2024 7:00,bounty_madera,30/06/2024 0:00,18/06/2024 0:00,7,8,1,3.107766442,483.126,483.126
18/06/2024 8:00,bounty_madera,30/06/2024 0:00,18/06/2024 0:00,8,9,1,3.895886333,513.981,513.981
18/06/2024 9:00,bounty_madera,30/06/2024 0:00,18/06/2024 0:00,9,10,1,4.278258633,548.889,548.889
18/06/2024 10:00,bounty_madera,30/06/2024 0:00,18/06/2024 0:00,10,11,1,4.94498545,545.898,545.898
18/06/2024 11:00,bounty_madera,30/06/2024 0:00,18/06/2024 0:00,11,12,1,4.85824345,528.499,528.499
18/06/2024 12:00,bounty_madera,30/06/2024 0:00,18/06/2024 0:00,12,13,1,4.602228917,548.032,548.032
18/06/2024 13:00,bounty_madera,30/06/2024 0:00,18/06/2024 0:00,13,14,1,8.296296458,569.306,569.306
18/06/2024 14:00,bounty_madera,30/06/2024 0:00,18/06/2024 0:00,14,15,1,8.454210892,564.815,564.815
18/06/2024 15:00,bounty_madera,30/06/2024 0:00,18/06/2024 0:00,15,16,1,9.394287408,551.067,551.067
18/06/2024 16:00,bounty_madera,30/06/2024 0:00,18/06/2024 0:00,16,17,1,4.986049442,533.022,533.022
18/06/2024 17:00,bounty_madera,30/06/2024 0:00,18/06/2024 0:00,17,18,1,4.377467175,482.842,482.842
18/06/2024 18:00,bounty_madera,30/06/2024 0:00,18/06/2024 0:00,18,19,1,4.851857033,474.079,474.079
18/06/2024 19:00,bounty_madera,30/06/2024 0:00,18/06/2024 0:00,19,20,1,4.599693333,421.09,421.09
18/06/2024 20:00,bounty_madera,30/06/2024 0:00,18/06/2024 0:00,20,21,1,5.165022567,396.308,396.308
18/06/2024 21:00,bounty_madera,30/06/2024 0:00,18/06/2024 0:00,21,22,1,4.494115383,399.235,399.235
18/06/2024 22:00,bounty_madera,30/06/2024 0:00,18/06/2024 0:00,22,23,1,4.273527875,377.037,377.037
18/06/2024 23:00,bounty_madera,30/06/2024 0:00,18/06/2024 0:00,23,24,1,3.965147542,394.137,394.137
19/06/2024 0:00,bounty_madera,30/06/2024 0:00,19/06/2024 0:00,0,1,2,4.394089992,373.544,373.544
19/06/2024 1:00,bounty_madera,30/06/2024 0:00,19/06/2024 0:00,1,2,2,4.031434875,347.957,347.957
19/06/2024 2:00,bounty_madera,30/06/2024 0:00,19/06/2024 0:00,2,3,2,3.549878483,336.961,336.961
19/06/2024 3:00,bounty_madera,30/06/2024 0:00,19/06/2024 0:00,3,4,2,3.551433675,329.149,329.149
19/06/2024 4:00,bounty_madera,30/06/2024 0:00,19/06/2024 0:00,4,5,2,3.463955317,335.66,335.66
19/06/2024 5:00,bounty_madera,30/06/2024 0:00,19/06/2024 0:00,5,6,2,3.249501025,377.765,377.765
19/06/2024 6:00,bounty_madera,30/06/2024 0:00,19/06/2024 0:00,6,7,2,2.476360875,398.198,398.198
19/06/2024 7:00,bounty_madera,30/06/2024 0:00,19/06/2024 0:00,7,8,2,3.312864017,440.943,440.943
19/06/2024 8:00,bounty_madera,30/06/2024 0:00,19/06/2024 0:00,8,9,2,4.169754758,499.972,499.972
19/06/2024 9:00,bounty_madera,30/06/2024 0:00,19/06/2024 0:00,9,10,2,3.492749375,522.618,522.618
19/06/2024 10:00,bounty_madera,30/06/2024 0:00,19/06/2024 0:00,10,11,2,4.328049033,539.226,539.226
19/06/2024 11:00,bounty_madera,30/06/2024 0:00,19/06/2024 0:00,11,12,2,4.031842458,522.459,522.459
19/06/2024 12:00,bounty_madera,30/06/2024 0:00,19/06/2024 0:00,12,13,2,4.123198417,531.077,531.077
19/06/2024 13:00,bounty_madera,30/06/2024 0:00,19/06/2024 0:00,13,14,2,8.7392218,559.116,559.116
19/06/2024 14:00,bounty_madera,30/06/2024 0:00,19/06/2024 0:00,14,15,2,8.787712408,549.927,549.927
19/06/2024 15:00,bounty_madera,30/06/2024 0:00,19/06/2024 0:00,15,16,2,9.875834892,541.402,541.402
19/06/2024 16:00,bounty_madera,30/06/2024 0:00,19/06/2024 0:00,16,17,2,5.383633142,552.829,552.829
19/06/2024 17:00,bounty_madera,30/06/2024 0:00,19/06/2024 0:00,17,18,2,4.489190783,536.077,536.077
19/06/2024 18:00,bounty_madera,30/06/2024 0:00,19/06/2024 0:00,18,19,2,4.670210483,496.868,496.868
19/06/2024 19:00,bounty_madera,30/06/2024 0:00,19/06/2024 0:00,19,20,2,5.196280508,458.052,458.052
19/06/2024 20:00,bounty_madera,30/06/2024 0:00,19/06/2024 0:00,20,21,2,11.34681567,444.457,444.457
19/06/2024 21:00,bounty_madera,30/06/2024 0:00,19/06/2024 0:00,21,22,2,8.224625392,450.534,450.534
19/06/2024 22:00,bounty_madera,30/06/2024 0:00,19/06/2024 0:00,22,23,2,6.967382633,441.96,441.96
19/06/2024 23:00,bounty_madera,30/06/2024 0:00,19/06/2024 0:00,23,24,2,5.453608175,433.196,433.196
20/06/2024 0:00,bounty_madera,30/06/2024 0:00,20/06/2024 0:00,0,1,3,5.370425292,423.744,423.744
20/06/2024 1:00,bounty_madera,30/06/2024 0:00,20/06/2024 0:00,1,2,3,4.697033225,404.309,404.309
20/06/2024 2:00,bounty_madera,30/06/2024 0:00,20/06/2024 0:00,2,3,3,4.128833975,381.901,381.901
20/06/2024 3:00,bounty_madera,30/06/2024 0:00,20/06/2024 0:00,3,4,3,3.359635458,373.851,373.851
20/06/2024 4:00,bounty_madera,30/06/2024 0:00,20/06/2024 0:00,4,5,3,3.23958385,381.142,381.142
20/06/2024 5:00,bounty_madera,30/06/2024 0:00,20/06/2024 0:00,5,6,3,2.7019385,405.855,405.855
20/06/2024 6:00,bounty_madera,30/06/2024 0:00,20/06/2024 0:00,6,7,3,2.125242075,423.842,423.842
20/06/2024 7:00,bounty_madera,30/06/2024 0:00,20/06/2024 0:00,7,8,3,2.915942333,489.763,489.763
20/06/2024 8:00,bounty_madera,30/06/2024 0:00,20/06/2024 0:00,8,9,3,3.175008683,511.721,511.721
20/06/2024 9:00,bounty_madera,30/06/2024 0:00,20/06/2024 0:00,9,10,3,3.2229115,520.317,520.317
20/06/2024 10:00,bounty_madera,30/06/2024 0:00,20/06/2024 0:00,10,11,3,3.470093525,523.609,523.609
20/06/2024 11:00,bounty_madera,30/06/2024 0:00,20/06/2024 0:00,11,12,3,4.097673,508.011,508.011
20/06/2024 12:00,bounty_madera,30/06/2024 0:00,20/06/2024 0:00,12,13,3,3.495688517,524.461,524.461
20/06/2024 13:00,bounty_madera,30/06/2024 0:00,20/06/2024 0:00,13,14,3,12.59420755,569.45,569.45
20/06/2024 14:00,bounty_madera,30/06/2024 0:00,20/06/2024 0:00,14,15,3,9.625508792,562.42,562.42
20/06/2024 15:00,bounty_madera,30/06/2024 0:00,20/06/2024 0:00,15,16,3,9.617928717,544.507,544.507
20/06/2024 16:00,bounty_madera,30/06/2024 0:00,20/06/2024 0:00,16,17,3,5.219424617,545.633,545.633
20/06/2024 17:00,bounty_madera,30/06/2024 0:00,20/06/2024 0:00,17,18,3,5.098785542,532.577,532.577
20/06/2024 18:00,bounty_madera,30/06/2024 0:00,20/06/2024 0:00,18,19,3,5.17096055,498.629,498.629
20/06/2024 19:00,bounty_madera,30/06/2024 0:00,20/06/2024 0:00,19,20,3,11.26515986,461.758,461.758
20/06/2024 20:00,bounty_madera,30/06/2024 0:00,20/06/2024 0:00,20,21,3,17.22552032,453.512,453.512
20/06/2024 21:00,bounty_madera,30/06/2024 0:00,20/06/2024 0:00,21,22,3,7.964008808,453.949,453.949
20/06/2024 22:00,bounty_madera,30/06/2024 0:00,20/06/2024 0:00,22,23,3,7.995993208,446.923,446.923
20/06/2024 23:00,bounty_madera,30/06/2024 0:00,20/06/2024 0:00,23,24,3,5.953422758,430.151,430.151
21/06/2024 0:00,bounty_madera,30/06/2024 0:00,21/06/2024 0:00,0,1,4,5.247744383,429.911,429.911
21/06/2024 1:00,bounty_madera,30/06/2024 0:00,21/06/2024 0:00,1,2,4,4.878619142,396.355,396.355
21/06/2024 2:00,bounty_madera,30/06/2024 0:00,21/06/2024 0:00,2,3,4,4.265395667,357.794,357.794
21/06/2024 3:00,bounty_madera,30/06/2024 0:00,21/06/2024 0:00,3,4,4,3.454554642,353.733,353.733
21/06/2024 4:00,bounty_madera,30/06/2024 0:00,21/06/2024 0:00,4,5,4,3.435602225,362.082,362.082
21/06/2024 5:00,bounty_madera,30/06/2024 0:00,21/06/2024 0:00,5,6,4,2.743070167,386.732,386.732
21/06/2024 6:00,bounty_madera,30/06/2024 0:00,21/06/2024 0:00,6,7,4,2.009287667,410.496,410.496
21/06/2024 7:00,bounty_madera,30/06/2024 0:00,21/06/2024 0:00,7,8,4,2.720037742,460.854,460.854
21/06/2024 8:00,bounty_madera,30/06/2024 0:00,21/06/2024 0:00,8,9,4,3.481676417,489.292,489.292
21/06/2024 9:00,bounty_madera,30/06/2024 0:00,21/06/2024 0:00,9,10,4,4.320465892,521.838,521.838
21/06/2024 10:00,bounty_madera,30/06/2024 0:00,21/06/2024 0:00,10,11,4,4.636515033,521.089,521.089
21/06/2024 11:00,bounty_madera,30/06/2024 0:00,21/06/2024 0:00,11,12,4,4.44926035,523.652,523.652
21/06/2024 12:00,bounty_madera,30/06/2024 0:00,21/06/2024 0:00,12,13,4,4.099402283,523.392,523.392
21/06/2024 13:00,bounty_madera,30/06/2024 0:00,21/06/2024 0:00,13,14,4,7.2112152,552.476,552.476
21/06/2024 14:00,bounty_madera,30/06/2024 0:00,21/06/2024 0:00,14,15,4,9.488979958,547.379,547.379
21/06/2024 15:00,bounty_madera,30/06/2024 0:00,21/06/2024 0:00,15,16,4,8.690508017,550.586,550.586
21/06/2024 16:00,bounty_madera,30/06/2024 0:00,21/06/2024 0:00,16,17,4,5.22663025,564.311,564.311
21/06/2024 17:00,bounty_madera,30/06/2024 0:00,21/06/2024 0:00,17,18,4,4.843708992,526.613,526.613
21/06/2024 18:00,bounty_madera,30/06/2024 0:00,21/06/2024 0:00,18,19,4,5.037863258,492.332,492.332
21/06/2024 19:00,bounty_madera,30/06/2024 0:00,21/06/2024 0:00,19,20,4,5.255948958,419.551,419.551
21/06/2024 20:00,bounty_madera,30/06/2024 0:00,21/06/2024 0:00,20,21,4,5.400009625,418.265,418.265
21/06/2024 21:00,bounty_madera,30/06/2024 0:00,21/06/2024 0:00,21,22,4,10.26660773,409.802,409.802
21/06/2024 22:00,bounty_madera,30/06/2024 0:00,21/06/2024 0:00,22,23,4,4.119262983,399.822,399.822
21/06/2024 23:00,bounty_madera,30/06/2024 0:00,21/06/2024 0:00,23,24,4,4.75196275,419.941,419.941
22/06/2024 0:00,bounty_madera,30/06/2024 0:00,22/06/2024 0:00,0,1,5,4.746671283,404.167,404.167
22/06/2024 1:00,bounty_madera,30/06/2024 0:00,22/06/2024 0:00,1,2,5,4.511664725,381.084,381.084
22/06/2024 2:00,bounty_madera,30/06/2024 0:00,22/06/2024 0:00,2,3,5,4.2407016,375.727,375.727
22/06/2024 3:00,bounty_madera,30/06/2024 0:00,22/06/2024 0:00,3,4,5,-3.475484717,371.376,371.376
22/06/2024 4:00,bounty_madera,30/06/2024 0:00,22/06/2024 0:00,4,5,5,3.143152475,363.409,363.409
22/06/2024 5:00,bounty_madera,30/06/2024 0:00,22/06/2024 0:00,5,6,5,2.500095808,408.6,408.6
22/06/2024 6:00,bounty_madera,30/06/2024 0:00,22/06/2024 0:00,6,7,5,1.694590867,426.097,426.097
22/06/2024 7:00,bounty_madera,30/06/2024 0:00,22/06/2024 0:00,7,8,5,2.191231883,485.215,485.215
22/06/2024 8:00,bounty_madera,30/06/2024 0:00,22/06/2024 0:00,8,9,5,3.650455883,520.09,520.09
22/06/2024 9:00,bounty_madera,30/06/2024 0:00,22/06/2024 0:00,9,10,5,3.827297325,523.345,523.345
22/06/2024 10:00,bounty_madera,30/06/2024 0:00,22/06/2024 0:00,10,11,5,4.406877517,529.3,529.3
22/06/2024 11:00,bounty_madera,30/06/2024 0:00,22/06/2024 0:00,11,12,5,3.99141275,525.461,525.461
22/06/2024 12:00,bounty_madera,30/06/2024 0:00,22/06/2024 0:00,12,13,5,4.159925475,527.129,527.129
22/06/2024 13:00,bounty_madera,30/06/2024 0:00,22/06/2024 0:00,13,14,5,5.095189975,558.529,558.529
22/06/2024 14:00,bounty_madera,30/06/2024 0:00,22/06/2024 0:00,14,15,5,5.164272875,553.703,553.703
22/06/2024 15:00,bounty_madera,30/06/2024 0:00,22/06/2024 0:00,15,16,5,8.301072675,549.037,549.037
22/06/2024 16:00,bounty_madera,30/06/2024 0:00,22/06/2024 0:00,16,17,5,4.337889758,524.968,524.968
22/06/2024 17:00,bounty_madera,30/06/2024 0:00,22/06/2024 0:00,17,18,5,4.2861523,514.911,514.911
22/06/2024 18:00,bounty_madera,30/06/2024 0:00,22/06/2024 0:00,18,19,5,4.910695808,478.505,478.505
22/06/2024 19:00,bounty_madera,30/06/2024 0:00,22/06/2024 0:00,19,20,5,4.875372483,460.773,460.773
22/06/2024 20:00,bounty_madera,30/06/2024 0:00,22/06/2024 0:00,20,21,5,5.066310475,456.044,456.044
22/06/2024 21:00,bounty_madera,30/06/2024 0:00,22/06/2024 0:00,21,22,5,8.408419633,443.905,443.905
22/06/2024 22:00,bounty_madera,30/06/2024 0:00,22/06/2024 0:00,22,23,5,4.8362494,434.922,434.922
22/06/2024 23:00,bounty_madera,30/06/2024 0:00,22/06/2024 0:00,23,24,5,4.772454692,426.786,426.786
23/06/2024 0:00,bounty_madera,30/06/2024 0:00,23/06/2024 0:00,0,1,6,4.191400333,405.263,405.263
23/06/2024 1:00,bounty_madera,30/06/2024 0:00,23/06/2024 0:00,1,2,6,3.460697792,366.806,366.806
23/06/2024 2:00,bounty_madera,30/06/2024 0:00,23/06/2024 0:00,2,3,6,3.023931425,357.936,357.936
23/06/2024 3:00,bounty_madera,30/06/2024 0:00,23/06/2024 0:00,3,4,6,2.892948175,364.796,364.796
23/06/2024 4:00,bounty_madera,30/06/2024 0:00,23/06/2024 0:00,4,5,6,2.972915242,365.564,365.564
23/06/2024 5:00,bounty_madera,30/06/2024 0:00,23/06/2024 0:00,5,6,6,2.444914717,391.771,391.771
23/06/2024 6:00,bounty_madera,30/06/2024 0:00,23/06/2024 0:00,6,7,6,2.0530576,408.562,408.562
23/06/2024 7:00,bounty_madera,30/06/2024 0:00,23/06/2024 0:00,7,8,6,2.276866383,476.549,476.549
23/06/2024 8:00,bounty_madera,30/06/2024 0:00,23/06/2024 0:00,8,9,6,2.018631358,485.37,485.37
23/06/2024 9:00,bounty_madera,30/06/2024 0:00,23/06/2024 0:00,9,10,6,3.040373342,517.704,517.704
23/06/2024 10:00,bounty_madera,30/06/2024 0:00,23/06/2024 0:00,10,11,6,2.652179383,519.481,519.481
23/06/2024 11:00,bounty_madera,30/06/2024 0:00,23/06/2024 0:00,11,12,6,2.679556158,517.513,517.513
23/06/2024 12:00,bounty_madera,30/06/2024 0:00,23/06/2024 0:00,12,13,6,3.512491058,535.693,535.693
23/06/2024 13:00,bounty_madera,30/06/2024 0:00,23/06/2024 0:00,13,14,6,3.740072767,562.758,562.758
23/06/2024 14:00,bounty_madera,30/06/2024 0:00,23/06/2024 0:00,14,15,6,3.770740867,565.819,565.819
23/06/2024 15:00,bounty_madera,30/06/2024 0:00,23/06/2024 0:00,15,16,6,3.68015825,545.241,545.241
23/06/2024 16:00,bounty_madera,30/06/2024 0:00,23/06/2024 0:00,16,17,6,3.764526308,538.841,538.841
23/06/2024 17:00,bounty_madera,30/06/2024 0:00,23/06/2024 0:00,17,18,6,3.756662167,537.508,537.508
23/06/2024 18:00,bounty_madera,30/06/2024 0:00,23/06/2024 0:00,18,19,6,6.50498445,496.554,496.554
23/06/2024 19:00,bounty_madera,30/06/2024 0:00,23/06/2024 0:00,19,20,6,4.093931158,476.948,476.948
23/06/2024 20:00,bounty_madera,30/06/2024 0:00,23/06/2024 0:00,20,21,6,5.221099292,471.952,471.952
23/06/2024 21:00,bounty_madera,30/06/2024 0:00,23/06/2024 0:00,21,22,6,5.706524675,459.955,459.955
23/06/2024 22:00,bounty_madera,30/06/2024 0:00,23/06/2024 0:00,22,23,6,4.038540617,434.062,434.062
23/06/2024 23:00,bounty_madera,30/06/2024 0:00,23/06/2024 0:00,23,24,6,4.016621092,428.313,428.313
24/06/2024 0:00,bounty_madera,30/06/2024 0:00,24/06/2024 0:00,0,1,0,3.982585492,419.82,419.82
24/06/2024 1:00,bounty_madera,30/06/2024 0:00,24/06/2024 0:00,1,2,0,3.965361425,399.799,399.799
24/06/2024 2:00,bounty_madera,30/06/2024 0:00,24/06/2024 0:00,2,3,0,3.349924725,394.099,394.099
24/06/2024 3:00,bounty_madera,30/06/2024 0:00,24/06/2024 0:00,3,4,0,3.025234683,385.206,385.206
24/06/2024 4:00,bounty_madera,30/06/2024 0:00,24/06/2024 0:00,4,5,0,2.799410458,389.44,389.44
24/06/2024 5:00,bounty_madera,30/06/2024 0:00,24/06/2024 0:00,5,6,0,2.209550375,400.817,400.817
24/06/2024 6:00,bounty_madera,30/06/2024 0:00,24/06/2024 0:00,6,7,0,2.1658348,437.211,437.211
24/06/2024 7:00,bounty_madera,30/06/2024 0:00,24/06/2024 0:00,7,8,0,3.118020367,497.687,497.687
24/06/2024 8:00,bounty_madera,30/06/2024 0:00,24/06/2024 0:00,8,9,0,3.352238525,540.533,540.533
24/06/2024 9:00,bounty_madera,30/06/2024 0:00,24/06/2024 0:00,9,10,0,3.36093065,549.974,549.974
24/06/2024 10:00,bounty_madera,30/06/2024 0:00,24/06/2024 0:00,10,11,0,4.102700508,556.345,556.345
24/06/2024 11:00,bounty_madera,30/06/2024 0:00,24/06/2024 0:00,11,12,0,3.9209356,550.805,550.805
24/06/2024 12:00,bounty_madera,30/06/2024 0:00,24/06/2024 0:00,12,13,0,3.968467575,566.866,566.866
24/06/2024 13:00,bounty_madera,30/06/2024 0:00,24/06/2024 0:00,13,14,0,5.760122825,583.716,583.716
24/06/2024 14:00,bounty_madera,30/06/2024 0:00,24/06/2024 0:00,14,15,0,4.414781317,580.183,580.183
24/06/2024 15:00,bounty_madera,30/06/2024 0:00,24/06/2024 0:00,15,16,0,5.172745817,577.102,577.102
24/06/2024 16:00,bounty_madera,30/06/2024 0:00,24/06/2024 0:00,16,17,0,4.124347642,585.841,585.841
24/06/2024 17:00,bounty_madera,30/06/2024 0:00,24/06/2024 0:00,17,18,0,3.051702933,534.06,534.06
24/06/2024 18:00,bounty_madera,30/06/2024 0:00,24/06/2024 0:00,18,19,0,4.088513225,516.142,516.142
24/06/2024 19:00,bounty_madera,30/06/2024 0:00,24/06/2024 0:00,19,20,0,4.212100733,449.321,449.321
24/06/2024 20:00,bounty_madera,30/06/2024 0:00,24/06/2024 0:00,20,21,0,4.273424667,425.267,425.267
24/06/2024 21:00,bounty_madera,30/06/2024 0:00,24/06/2024 0:00,21,22,0,6.574813475,399.841,399.841
24/06/2024 22:00,bounty_madera,30/06/2024 0:00,24/06/2024 0:00,22,23,0,4.399610708,364.384,364.384
24/06/2024 23:00,bounty_madera,30/06/2024 0:00,24/06/2024 0:00,23,24,0,3.188221358,392.641,392.641
25/06/2024 0:00,bounty_madera,30/06/2024 0:00,25/06/2024 0:00,0,1,1,3.5497216,373.501,373.501
25/06/2024 1:00,bounty_madera,30/06/2024 0:00,25/06/2024 0:00,1,2,1,3.772782025,348.214,348.214
25/06/2024 2:00,bounty_madera,30/06/2024 0:00,25/06/2024 0:00,2,3,1,3.429724742,335.92,335.92
25/06/2024 3:00,bounty_madera,30/06/2024 0:00,25/06/2024 0:00,3,4,1,2.971974533,340.304,340.304
25/06/2024 4:00,bounty_madera,30/06/2024 0:00,25/06/2024 0:00,4,5,1,2.953921342,354.947,354.947
25/06/2024 5:00,bounty_madera,30/06/2024 0:00,25/06/2024 0:00,5,6,1,1.907225475,365.122,365.122
25/06/2024 6:00,bounty_madera,30/06/2024 0:00,25/06/2024 0:00,6,7,1,2.428980842,389.583,389.583
25/06/2024 7:00,bounty_madera,30/06/2024 0:00,25/06/2024 0:00,7,8,1,3.014272325,486.189,486.189
25/06/2024 8:00,bounty_madera,30/06/2024 0:00,25/06/2024 0:00,8,9,1,3.337052925,533.543,533.543
25/06/2024 9:00,bounty_madera,30/06/2024 0:00,25/06/2024 0:00,9,10,1,3.768932208,562.664,562.664
25/06/2024 10:00,bounty_madera,30/06/2024 0:00,25/06/2024 0:00,10,11,1,4.013432633,564.13,564.13
25/06/2024 11:00,bounty_madera,30/06/2024 0:00,25/06/2024 0:00,11,12,1,3.634312417,530.095,530.095
25/06/2024 12:00,bounty_madera,30/06/2024 0:00,25/06/2024 0:00,12,13,1,3.278620742,561.59,561.59
25/06/2024 13:00,bounty_madera,30/06/2024 0:00,25/06/2024 0:00,13,14,1,5.663985067,577.041,577.041
25/06/2024 14:00,bounty_madera,30/06/2024 0:00,25/06/2024 0:00,14,15,1,5.428167042,580.844,580.844
25/06/2024 15:00,bounty_madera,30/06/2024 0:00,25/06/2024 0:00,15,16,1,5.778935867,572.704,572.704
25/06/2024 16:00,bounty_madera,30/06/2024 0:00,25/06/2024 0:00,16,17,1,4.556916042,572.43,572.43
25/06/2024 17:00,bounty_madera,30/06/2024 0:00,25/06/2024 0:00,17,18,1,4.257983233,542.758,542.758
25/06/2024 18:00,bounty_madera,30/06/2024 0:00,25/06/2024 0:00,18,19,1,4.396484842,498.358,498.358
25/06/2024 19:00,bounty_madera,30/06/2024 0:00,25/06/2024 0:00,19,20,1,4.6003337,467.963,467.963
25/06/2024 20:00,bounty_madera,30/06/2024 0:00,25/06/2024 0:00,20,21,1,5.022953,464.248,464.248
25/06/2024 21:00,bounty_madera,30/06/2024 0:00,25/06/2024 0:00,21,22,1,8.395398525,469.639,469.639
25/06/2024 22:00,bounty_madera,30/06/2024 0:00,25/06/2024 0:00,22,23,1,5.537346908,462.311,462.311
25/06/2024 23:00,bounty_madera,30/06/2024 0:00,25/06/2024 0:00,23,24,1,4.513849042,456.946,456.946
26/06/2024 0:00,bounty_madera,31/07/2024 0:00,26/06/2024 0:00,0,1,2,4.165245842,426.594,426.594
26/06/2024 1:00,bounty_madera,31/07/2024 0:00,26/06/2024 0:00,1,2,2,3.967114558,395.177,395.177
26/06/2024 2:00,bounty_madera,31/07/2024 0:00,26/06/2024 0:00,2,3,2,3.732347508,373.522,373.522
26/06/2024 3:00,bounty_madera,31/07/2024 0:00,26/06/2024 0:00,3,4,2,3.375113725,362.98,362.98
26/06/2024 4:00,bounty_madera,31/07/2024 0:00,26/06/2024 0:00,4,5,2,3.3881454,376.611,376.611
26/06/2024 5:00,bounty_madera,31/07/2024 0:00,26/06/2024 0:00,5,6,2,3.224258967,397.497,397.497
26/06/2024 6:00,bounty_madera,31/07/2024 0:00,26/06/2024 0:00,6,7,2,1.647754692,401.263,401.263
26/06/2024 7:00,bounty_madera,31/07/2024 0:00,26/06/2024 0:00,7,8,2,2.883836092,483.055,483.055
26/06/2024 8:00,bounty_madera,31/07/2024 0:00,26/06/2024 0:00,8,9,2,3.464561567,511.8,511.8
26/06/2024 9:00,bounty_madera,31/07/2024 0:00,26/06/2024 0:00,9,10,2,3.5087149,516.991,516.991
26/06/2024 10:00,bounty_madera,31/07/2024 0:00,26/06/2024 0:00,10,11,2,3.822764108,525.773,525.773
26/06/2024 11:00,bounty_madera,31/07/2024 0:00,26/06/2024 0:00,11,12,2,3.741203775,489.784,489.784
26/06/2024 12:00,bounty_madera,31/07/2024 0:00,26/06/2024 0:00,12,13,2,2.039238525,503.83,503.83
26/06/2024 13:00,bounty_madera,31/07/2024 0:00,26/06/2024 0:00,13,14,2,3.410070883,531.019,531.019
26/06/2024 14:00,bounty_madera,31/07/2024 0:00,26/06/2024 0:00,14,15,2,2.828341375,529.354,529.354
26/06/2024 15:00,bounty_madera,31/07/2024 0:00,26/06/2024 0:00,15,16,2,3.60591575,523.425,523.425
26/06/2024 16:00,bounty_madera,31/07/2024 0:00,26/06/2024 0:00,16,17,2,4.419324542,529.565,529.565
26/06/2024 17:00,bounty_madera,31/07/2024 0:00,26/06/2024 0:00,17,18,2,3.299960567,533.16,533.16
26/06/2024 18:00,bounty_madera,31/07/2024 0:00,26/06/2024 0:00,18,19,2,4.245964617,503.987,503.987
26/06/2024 19:00,bounty_madera,31/07/2024 0:00,26/06/2024 0:00,19,20,2,3.982808617,476.611,476.611
26/06/2024 20:00,bounty_madera,31/07/2024 0:00,26/06/2024 0:00,20,21,2,4.492043383,466.348,466.348
26/06/2024 21:00,bounty_madera,31/07/2024 0:00,26/06/2024 0:00,21,22,2,3.771108975,458.774,458.774
26/06/2024 22:00,bounty_madera,31/07/2024 0:00,26/06/2024 0:00,22,23,2,3.679052133,439.338,439.338
26/06/2024 23:00,bounty_madera,31/07/2024 0:00,26/06/2024 0:00,23,24,2,3.301046108,448.09,448.09
27/06/2024 0:00,bounty_madera,31/07/2024 0:00,27/06/2024 0:00,0,1,3,3.306431425,368.46,368.46
27/06/2024 1:00,bounty_madera,31/07/2024 0:00,27/06/2024 0:00,1,2,3,3.858466308,323.593,323.593
27/06/2024 2:00,bounty_madera,31/07/2024 0:00,27/06/2024 0:00,2,3,3,3.458132667,312.067,312.067
27/06/2024 3:00,bounty_madera,31/07/2024 0:00,27/06/2024 0:00,3,4,3,2.94382445,312.265,312.265
27/06/2024 4:00,bounty_madera,31/07/2024 0:00,27/06/2024 0:00,4,5,3,3.310307033,323.737,323.737
27/06/2024 5:00,bounty_madera,31/07/2024 0:00,27/06/2024 0:00,5,6,3,2.63185355,353.85,353.85
27/06/2024 6:00,bounty_madera,31/07/2024 0:00,27/06/2024 0:00,6,7,3,1.54744045,379.42,379.42
27/06/2024 7:00,bounty_madera,31/07/2024 0:00,27/06/2024 0:00,7,8,3,2.669447533,465.658,465.658
27/06/2024 8:00,bounty_madera,31/07/2024 0:00,27/06/2024 0:00,8,9,3,3.299230742,509.497,509.497
27/06/2024 9:00,bounty_madera,31/07/2024 0:00,27/06/2024 0:00,9,10,3,3.396313875,545.454,545.454
27/06/2024 10:00,bounty_madera,31/07/2024 0:00,27/06/2024 0:00,10,11,3,3.485483583,547.912,547.912
27/06/2024 11:00,bounty_madera,31/07/2024 0:00,27/06/2024 0:00,11,12,3,3.528363083,508.456,508.456
27/06/2024 12:00,bounty_madera,31/07/2024 0:00,27/06/2024 0:00,12,13,3,2.720835008,527.527,527.527
27/06/2024 13:00,bounty_madera,31/07/2024 0:00,27/06/2024 0:00,13,14,3,5.524605692,563.825,563.825
27/06/2024 14:00,bounty_madera,31/07/2024 0:00,27/06/2024 0:00,14,15,3,5.814863658,569.108,569.108
27/06/2024 15:00,bounty_madera,31/07/2024 0:00,27/06/2024 0:00,15,16,3,5.099835208,554.769,554.769
27/06/2024 16:00,bounty_madera,31/07/2024 0:00,27/06/2024 0:00,16,17,3,4.106371867,545.964,545.964
27/06/2024 17:00,bounty_madera,31/07/2024 0:00,27/06/2024 0:00,17,18,3,3.6885552,539.195,539.195
27/06/2024 18:00,bounty_madera,31/07/2024 0:00,27/06/2024 0:00,18,19,3,5.971685592,492.235,492.235
27/06/2024 19:00,bounty_madera,31/07/2024 0:00,27/06/2024 0:00,19,20,3,5.567052467,457.698,457.698
27/06/2024 20:00,bounty_madera,31/07/2024 0:00,27/06/2024 0:00,20,21,3,7.269013067,426.497,426.497
27/06/2024 21:00,bounty_madera,31/07/2024 0:00,27/06/2024 0:00,21,22,3,6.0317342,406.745,406.745
27/06/2024 22:00,bounty_madera,31/07/2024 0:00,27/06/2024 0:00,22,23,3,6.147413058,398.584,398.584
27/06/2024 23:00,bounty_madera,31/07/2024 0:00,27/06/2024 0:00,23,24,3,4.850515125,399.874,399.874
28/06/2024 0:00,bounty_madera,31/07/2024 0:00,28/06/2024 0:00,0,1,4,4.330067275,374.325,374.325
28/06/2024 1:00,bounty_madera,31/07/2024 0:00,28/06/2024 0:00,1,2,4,4.499362175,355.35,355.35
28/06/2024 2:00,bounty_madera,31/07/2024 0:00,28/06/2024 0:00,2,3,4,4.062037967,353.195,353.195
28/06/2024 3:00,bounty_madera,31/07/2024 0:00,28/06/2024 0:00,3,4,4,3.985351892,350.479,350.479
28/06/2024 4:00,bounty_madera,31/07/2024 0:00,28/06/2024 0:00,4,5,4,3.86069165,367.13,367.13
28/06/2024 5:00,bounty_madera,31/07/2024 0:00,28/06/2024 0:00,5,6,4,3.239365792,389.106,389.106
28/06/2024 6:00,bounty_madera,31/07/2024 0:00,28/06/2024 0:00,6,7,4,2.4731866,424.591,424.591
28/06/2024 7:00,bounty_madera,31/07/2024 0:00,28/06/2024 0:00,7,8,4,2.860746233,495.898,495.898
28/06/2024 8:00,bounty_madera,31/07/2024 0:00,28/06/2024 0:00,8,9,4,3.854052442,511.862,511.862
28/06/2024 9:00,bounty_madera,31/07/2024 0:00,28/06/2024 0:00,9,10,4,4.170095583,554.724,554.724
28/06/2024 10:00,bounty_madera,31/07/2024 0:00,28/06/2024 0:00,10,11,4,5.334627467,550.599,550.599
28/06/2024 11:00,bounty_madera,31/07/2024 0:00,28/06/2024 0:00,11,12,4,5.72457245,532.241,532.241
28/06/2024 12:00,bounty_madera,31/07/2024 0:00,28/06/2024 0:00,12,13,4,4.013264308,541.808,541.808
28/06/2024 13:00,bounty_madera,31/07/2024 0:00,28/06/2024 0:00,13,14,4,8.142181192,566.864,566.864
28/06/2024 14:00,bounty_madera,31/07/2024 0:00,28/06/2024 0:00,14,15,4,10.46443765,564.887,564.887
28/06/2024 15:00,bounty_madera,31/07/2024 0:00,28/06/2024 0:00,15,16,4,12.41956599,554.28,554.28
28/06/2024 16:00,bounty_madera,31/07/2024 0:00,28/06/2024 0:00,16,17,4,9.295695242,565.913,565.913
28/06/2024 17:00,bounty_madera,31/07/2024 0:00,28/06/2024 0:00,17,18,4,3.828122725,530.75,530.75
28/06/2024 18:00,bounty_madera,31/07/2024 0:00,28/06/2024 0:00,18,19,4,3.919521683,505.52,505.52
28/06/2024 19:00,bounty_madera,31/07/2024 0:00,28/06/2024 0:00,19,20,4,4.930100275,483.041,483.041
28/06/2024 20:00,bounty_madera,31/07/2024 0:00,28/06/2024 0:00,20,21,4,9.996114575,473.117,473.117
28/06/2024 21:00,bounty_madera,31/07/2024 0:00,28/06/2024 0:00,21,22,4,8.69133245,462.883,462.883
28/06/2024 22:00,bounty_madera,31/07/2024 0:00,28/06/2024 0:00,22,23,4,7.13908855,457.799,457.799
28/06/2024 23:00,bounty_madera,31/07/2024 0:00,28/06/2024 0:00,23,24,4,5.23147495,454.271,454.271
29/06/2024 0:00,bounty_madera,31/07/2024 0:00,29/06/2024 0:00,0,1,5,3.597983217,432.898,432.898
29/06/2024 1:00,bounty_madera,31/07/2024 0:00,29/06/2024 0:00,1,2,5,4.179762517,406.989,406.989
29/06/2024 2:00,bounty_madera,31/07/2024 0:00,29/06/2024 0:00,2,3,5,4.179180067,397.627,397.627
29/06/2024 3:00,bounty_madera,31/07/2024 0:00,29/06/2024 0:00,3,4,5,3.486513475,384.14,384.14
29/06/2024 4:00,bounty_madera,31/07/2024 0:00,29/06/2024 0:00,4,5,5,3.455850742,386.228,386.228
29/06/2024 5:00,bounty_madera,31/07/2024 0:00,29/06/2024 0:00,5,6,5,3.225904433,420.209,420.209
29/06/2024 6:00,bounty_madera,31/07/2024 0:00,29/06/2024 0:00,6,7,5,2.171239208,448.854,448.854
29/06/2024 7:00,bounty_madera,31/07/2024 0:00,29/06/2024 0:00,7,8,5,2.531187025,540.128,540.128
29/06/2024 8:00,bounty_madera,31/07/2024 0:00,29/06/2024 0:00,8,9,5,2.497540742,522.081,522.081
29/06/2024 9:00,bounty_madera,31/07/2024 0:00,29/06/2024 0:00,9,10,5,2.197474392,528.49,528.49
29/06/2024 10:00,bounty_madera,31/07/2024 0:00,29/06/2024 0:00,10,11,5,3.911521258,521.95,521.95
29/06/2024 11:00,bounty_madera,31/07/2024 0:00,29/06/2024 0:00,11,12,5,2.845186425,524.799,524.799
29/06/2024 12:00,bounty_madera,31/07/2024 0:00,29/06/2024 0:00,12,13,5,2.982084458,541.258,541.258
29/06/2024 13:00,bounty_madera,31/07/2024 0:00,29/06/2024 0:00,13,14,5,3.864079642,558.436,558.436
29/06/2024 14:00,bounty_madera,31/07/2024 0:00,29/06/2024 0:00,14,15,5,3.691934342,557.559,557.559
29/06/2024 15:00,bounty_madera,31/07/2024 0:00,29/06/2024 0:00,15,16,5,3.7029057,549.045,549.045
29/06/2024 16:00,bounty_madera,31/07/2024 0:00,29/06/2024 0:00,16,17,5,3.100465567,523.149,523.149
29/06/2024 17:00,bounty_madera,31/07/2024 0:00,29/06/2024 0:00,17,18,5,2.9158823,507.041,507.041
29/06/2024 18:00,bounty_madera,31/07/2024 0:00,29/06/2024 0:00,18,19,5,4.122852675,473.743,473.743
29/06/2024 19:00,bounty_madera,31/07/2024 0:00,29/06/2024 0:00,19,20,5,6.374435425,452.402,452.402
29/06/2024 20:00,bounty_madera,31/07/2024 0:00,29/06/2024 0:00,20,21,5,8.9229728,451.06,451.06
29/06/2024 21:00,bounty_madera,31/07/2024 0:00,29/06/2024 0:00,21,22,5,8.799171892,445.399,445.399
29/06/2024 22:00,bounty_madera,31/07/2024 0:00,29/06/2024 0:00,22,23,5,5.843661883,446.287,446.287
29/06/2024 23:00,bounty_madera,31/07/2024 0:00,29/06/2024 0:00,23,24,5,3.6300376,445.669,445.669
30/06/2024 0:00,bounty_madera,31/07/2024 0:00,30/06/2024 0:00,0,1,6,3.617360517,414.689,414.689
30/06/2024 1:00,bounty_madera,31/07/2024 0:00,30/06/2024 0:00,1,2,6,3.537767633,390.863,390.863
30/06/2024 2:00,bounty_madera,31/07/2024 0:00,30/06/2024 0:00,2,3,6,3.645807367,379.698,379.698
30/06/2024 3:00,bounty_madera,31/07/2024 0:00,30/06/2024 0:00,3,4,6,4.4195226,375.542,375.542
30/06/2024 4:00,bounty_madera,31/07/2024 0:00,30/06/2024 0:00,4,5,6,4.759367758,381.645,381.645
30/06/2024 5:00,bounty_madera,31/07/2024 0:00,30/06/2024 0:00,5,6,6,4.436470633,404.544,404.544
30/06/2024 6:00,bounty_madera,31/07/2024 0:00,30/06/2024 0:00,6,7,6,2.785300442,446.002,446.002
30/06/2024 7:00,bounty_madera,31/07/2024 0:00,30/06/2024 0:00,7,8,6,0.971994608,497.034,497.034
30/06/2024 8:00,bounty_madera,31/07/2024 0:00,30/06/2024 0:00,8,9,6,4.568941542,508.455,508.455
30/06/2024 9:00,bounty_madera,31/07/2024 0:00,30/06/2024 0:00,9,10,6,4.572147675,518.321,518.321
30/06/2024 10:00,bounty_madera,31/07/2024 0:00,30/06/2024 0:00,10,11,6,4.417307275,528.465,528.465
30/06/2024 11:00,bounty_madera,31/07/2024 0:00,30/06/2024 0:00,11,12,6,4.119541567,512.245,512.245
30/06/2024 12:00,bounty_madera,31/07/2024 0:00,30/06/2024 0:00,12,13,6,5.49864405,533.927,533.927
30/06/2024 13:00,bounty_madera,31/07/2024 0:00,30/06/2024 0:00,13,14,6,13.10490416,548.101,548.101
30/06/2024 14:00,bounty_madera,31/07/2024 0:00,30/06/2024 0:00,14,15,6,3.69999105,553.569,553.569
30/06/2024 15:00,bounty_madera,31/07/2024 0:00,30/06/2024 0:00,15,16,6,3.548760067,547.801,547.801
30/06/2024 16:00,bounty_madera,31/07/2024 0:00,30/06/2024 0:00,16,17,6,3.5693539,547.811,547.811
30/06/2024 17:00,bounty_madera,31/07/2024 0:00,30/06/2024 0:00,17,18,6,4.212034125,479.131,479.131
30/06/2024 18:00,bounty_madera,31/07/2024 0:00,30/06/2024 0:00,18,19,6,7.082707817,411.357,411.357
30/06/2024 19:00,bounty_madera,31/07/2024 0:00,30/06/2024 0:00,19,20,6,6.120703225,388.474,388.474
30/06/2024 20:00,bounty_madera,31/07/2024 0:00,30/06/2024 0:00,20,21,6,9.63281325,372.35,372.35
30/06/2024 21:00,bounty_madera,31/07/2024 0:00,30/06/2024 0:00,21,22,6,8.59403105,355.82,355.82
30/06/2024 22:00,bounty_madera,31/07/2024 0:00,30/06/2024 0:00,22,23,6,4.561831167,356.305,356.305
30/06/2024 23:00,bounty_madera,31/07/2024 0:00,30/06/2024 0:00,23,24,6,4.070506533,378.572,378.572
01/07/2024 0:00,bounty_madera,31/07/2024 0:00,01/07/2024 0:00,0,1,0,6.713769983,388.139,388.139
01/07/2024 1:00,bounty_madera,31/07/2024 0:00,01/07/2024 0:00,1,2,0,4.265298292,360.032,360.032
01/07/2024 2:00,bounty_madera,31/07/2024 0:00,01/07/2024 0:00,2,3,0,4.337752242,349.016,349.016
01/07/2024 3:00,bounty_madera,31/07/2024 0:00,01/07/2024 0:00,3,4,0,3.624320117,345.012,345.012
01/07/2024 4:00,bounty_madera,31/07/2024 0:00,01/07/2024 0:00,4,5,0,3.606398375,344.856,344.856
01/07/2024 5:00,bounty_madera,31/07/2024 0:00,01/07/2024 0:00,5,6,0,2.992167575,355.319,355.319
01/07/2024 6:00,bounty_madera,31/07/2024 0:00,01/07/2024 0:00,6,7,0,2.318674983,378.11,378.11
01/07/2024 7:00,bounty_madera,31/07/2024 0:00,01/07/2024 0:00,7,8,0,3.8880884,413.431,413.431
01/07/2024 8:00,bounty_madera,31/07/2024 0:00,01/07/2024 0:00,8,9,0,5.497273808,489.507,489.507
01/07/2024 9:00,bounty_madera,31/07/2024 0:00,01/07/2024 0:00,9,10,0,2.783802608,534.925,534.925
01/07/2024 10:00,bounty_madera,31/07/2024 0:00,01/07/2024 0:00,10,11,0,4.157653192,526.928,526.928
01/07/2024 11:00,bounty_madera,31/07/2024 0:00,01/07/2024 0:00,11,12,0,4.199164625,518.111,518.111
01/07/2024 12:00,bounty_madera,31/07/2024 0:00,01/07/2024 0:00,12,13,0,3.750453458,529.482,529.482
01/07/2024 13:00,bounty_madera,31/07/2024 0:00,01/07/2024 0:00,13,14,0,9.636242983,570.054,570.054
01/07/2024 14:00,bounty_madera,31/07/2024 0:00,01/07/2024 0:00,14,15,0,11.79617985,564.905,564.905
01/07/2024 15:00,bounty_madera,31/07/2024 0:00,01/07/2024 0:00,15,16,0,17.13688707,550.818,550.818
01/07/2024 16:00,bounty_madera,31/07/2024 0:00,01/07/2024 0:00,16,17,0,14.48794688,550.989,550.989
01/07/2024 17:00,bounty_madera,31/07/2024 0:00,01/07/2024 0:00,17,18,0,8.09646675,333.497,333.497
01/07/2024 18:00,bounty_madera,31/07/2024 0:00,01/07/2024 0:00,18,19,0,4.733317708,395.406,395.406
01/07/2024 19:00,bounty_madera,31/07/2024 0:00,01/07/2024 0:00,19,20,0,7.232884458,468.46,468.46
01/07/2024 20:00,bounty_madera,31/07/2024 0:00,01/07/2024 0:00,20,21,0,15.90160108,464.655,464.655
01/07/2024 21:00,bounty_madera,31/07/2024 0:00,01/07/2024 0:00,21,22,0,11.74649493,466.119,466.119
01/07/2024 22:00,bounty_madera,31/07/2024 0:00,01/07/2024 0:00,22,23,0,6.3546836,442.692,442.692
01/07/2024 23:00,bounty_madera,31/07/2024 0:00,01/07/2024 0:00,23,24,0,3.9996727,443.65,443.65
02/07/2024 0:00,bounty_madera,31/07/2024 0:00,02/07/2024 0:00,0,1,1,4.404879742,419.066,419.066
02/07/2024 1:00,bounty_madera,31/07/2024 0:00,02/07/2024 0:00,1,2,1,4.143031583,392.35,392.35
02/07/2024 2:00,bounty_madera,31/07/2024 0:00,02/07/2024 0:00,2,3,1,4.230550592,382.75,382.75
02/07/2024 3:00,bounty_madera,31/07/2024 0:00,02/07/2024 0:00,3,4,1,3.671410142,379.907,379.907
02/07/2024 4:00,bounty_madera,31/07/2024 0:00,02/07/2024 0:00,4,5,1,3.939113317,382.201,382.201
02/07/2024 5:00,bounty_madera,31/07/2024 0:00,02/07/2024 0:00,5,6,1,3.495344375,386.535,386.535
02/07/2024 6:00,bounty_madera,31/07/2024 0:00,02/07/2024 0:00,6,7,1,2.742619075,419.819,419.819
02/07/2024 7:00,bounty_madera,31/07/2024 0:00,02/07/2024 0:00,7,8,1,3.15687685,509.846,509.846
02/07/2024 8:00,bounty_madera,31/07/2024 0:00,02/07/2024 0:00,8,9,1,3.9257322,535.858,535.858
02/07/2024 9:00,bounty_madera,31/07/2024 0:00,02/07/2024 0:00,9,10,1,3.243136292,572.826,572.826
02/07/2024 10:00,bounty_madera,31/07/2024 0:00,02/07/2024 0:00,10,11,1,3.653774142,576.644,576.644
02/07/2024 11:00,bounty_madera,31/07/2024 0:00,02/07/2024 0:00,11,12,1,4.258149892,552.808,552.808
02/07/2024 12:00,bounty_madera,31/07/2024 0:00,02/07/2024 0:00,12,13,1,4.522174058,581.011,581.011
02/07/2024 13:00,bounty_madera,31/07/2024 0:00,02/07/2024 0:00,13,14,1,8.88566075,573.976,573.976
02/07/2024 14:00,bounty_madera,31/07/2024 0:00,02/07/2024 0:00,14,15,1,8.6528075,550.914,550.914
02/07/2024 15:00,bounty_madera,31/07/2024 0:00,02/07/2024 0:00,15,16,1,7.132924292,543.592,543.592
02/07/2024 16:00,bounty_madera,31/07/2024 0:00,02/07/2024 0:00,16,17,1,4.838457917,533.467,533.467
02/07/2024 17:00,bounty_madera,31/07/2024 0:00,02/07/2024 0:00,17,18,1,4.427946333,517.814,517.814
02/07/2024 18:00,bounty_madera,31/07/2024 0:00,02/07/2024 0:00,18,19,1,7.805917925,491.808,491.808
02/07/2024 19:00,bounty_madera,31/07/2024 0:00,02/07/2024 0:00,19,20,1,6.948023917,466.003,466.003
02/07/2024 20:00,bounty_madera,31/07/2024 0:00,02/07/2024 0:00,20,21,1,9.130659042,458.354,458.354
02/07/2024 21:00,bounty_madera,31/07/2024 0:00,02/07/2024 0:00,21,22,1,11.03143633,444.259,444.259
02/07/2024 22:00,bounty_madera,31/07/2024 0:00,02/07/2024 0:00,22,23,1,5.897985567,412.273,412.273
02/07/2024 23:00,bounty_madera,31/07/2024 0:00,02/07/2024 0:00,23,24,1,3.7878047,409.511,409.511
03/07/2024 0:00,bounty_madera,31/07/2024 0:00,03/07/2024 0:00,0,1,2,3.978675892,389.307,389.307
03/07/2024 1:00,bounty_madera,31/07/2024 0:00,03/07/2024 0:00,1,2,2,3.813390258,356.018,356.018
03/07/2024 2:00,bounty_madera,31/07/2024 0:00,03/07/2024 0:00,2,3,2,3.926465708,357.025,357.025
03/07/2024 3:00,bounty_madera,31/07/2024 0:00,03/07/2024 0:00,3,4,2,3.353123833,356.999,356.999
03/07/2024 4:00,bounty_madera,31/07/2024 0:00,03/07/2024 0:00,4,5,2,3.178521717,381.797,381.797
03/07/2024 5:00,bounty_madera,31/07/2024 0:00,03/07/2024 0:00,5,6,2,4.013107692,395.196,395.196
03/07/2024 6:00,bounty_madera,31/07/2024 0:00,03/07/2024 0:00,6,7,2,3.419014658,419.069,419.069
03/07/2024 7:00,bounty_madera,31/07/2024 0:00,03/07/2024 0:00,7,8,2,2.945478583,499.17,499.17
03/07/2024 8:00,bounty_madera,31/07/2024 0:00,03/07/2024 0:00,8,9,2,4.771678442,504.674,504.674
03/07/2024 9:00,bounty_madera,31/07/2024 0:00,03/07/2024 0:00,9,10,2,4.806105433,533.883,533.883
03/07/2024 10:00,bounty_madera,31/07/2024 0:00,03/07/2024 0:00,10,11,2,5.335719067,529.914,529.914
03/07/2024 11:00,bounty_madera,31/07/2024 0:00,03/07/2024 0:00,11,12,2,5.6456365,521.022,521.022
03/07/2024 12:00,bounty_madera,31/07/2024 0:00,03/07/2024 0:00,12,13,2,5.297854408,528.841,528.841
03/07/2024 13:00,bounty_madera,31/07/2024 0:00,03/07/2024 0:00,13,14,2,8.886093883,563.538,563.538
03/07/2024 14:00,bounty_madera,31/07/2024 0:00,03/07/2024 0:00,14,15,2,12.85568338,557.907,557.907
03/07/2024 15:00,bounty_madera,31/07/2024 0:00,03/07/2024 0:00,15,16,2,22.93388344,504.559,504.559
03/07/2024 16:00,bounty_madera,31/07/2024 0:00,03/07/2024 0:00,16,17,2,17.4576782,519.526,519.526
03/07/2024 17:00,bounty_madera,31/07/2024 0:00,03/07/2024 0:00,17,18,2,11.10330671,533.038,533.038
03/07/2024 18:00,bounty_madera,31/07/2024 0:00,03/07/2024 0:00,18,19,2,10.52553093,472.958,472.958
03/07/2024 19:00,bounty_madera,31/07/2024 0:00,03/07/2024 0:00,19,20,2,11.76489482,469.712,469.712
03/07/2024 20:00,bounty_madera,31/07/2024 0:00,03/07/2024 0:00,20,21,2,21.68122238,462.435,462.435
03/07/2024 21:00,bounty_madera,31/07/2024 0:00,03/07/2024 0:00,21,22,2,19.89300702,451.8,451.8
03/07/2024 22:00,bounty_madera,31/07/2024 0:00,03/07/2024 0:00,22,23,2,12.46592593,430.824,430.824
03/07/2024 23:00,bounty_madera,31/07/2024 0:00,03/07/2024 0:00,23,24,2,15.25813773,415.25,415.25
04/07/2024 0:00,bounty_madera,31/07/2024 0:00,04/07/2024 0:00,0,1,3,5.983850908,393.44,393.44
04/07/2024 1:00,bounty_madera,31/07/2024 0:00,04/07/2024 0:00,1,2,3,4.991689525,361.826,361.826
04/07/2024 2:00,bounty_madera,31/07/2024 0:00,04/07/2024 0:00,2,3,3,4.18959715,334.975,334.975
04/07/2024 3:00,bounty_madera,31/07/2024 0:00,04/07/2024 0:00,3,4,3,3.938518225,320.287,320.287
04/07/2024 4:00,bounty_madera,31/07/2024 0:00,04/07/2024 0:00,4,5,3,4.038349117,322.075,322.075
04/07/2024 5:00,bounty_madera,31/07/2024 0:00,04/07/2024 0:00,5,6,3,4.232738042,348.517,348.517
04/07/2024 6:00,bounty_madera,31/07/2024 0:00,04/07/2024 0:00,6,7,3,3.599905308,396.416,396.416
04/07/2024 7:00,bounty_madera,31/07/2024 0:00,04/07/2024 0:00,7,8,3,3.516439683,488.788,488.788
04/07/2024 8:00,bounty_madera,31/07/2024 0:00,04/07/2024 0:00,8,9,3,5.962168492,517.45,517.45
04/07/2024 9:00,bounty_madera,31/07/2024 0:00,04/07/2024 0:00,9,10,3,15.39026789,531.932,531.932
04/07/2024 10:00,bounty_madera,31/07/2024 0:00,04/07/2024 0:00,10,11,3,11.12643663,542.506,542.506
04/07/2024 11:00,bounty_madera,31/07/2024 0:00,04/07/2024 0:00,11,12,3,13.93790091,517.12,517.12
04/07/2024 12:00,bounty_madera,31/07/2024 0:00,04/07/2024 0:00,12,13,3,9.68273845,542.258,542.258
04/07/2024 13:00,bounty_madera,31/07/2024 0:00,04/07/2024 0:00,13,14,3,15.76367214,569.659,569.659
04/07/2024 14:00,bounty_madera,31/07/2024 0:00,04/07/2024 0:00,14,15,3,18.47160158,543.32,543.32
04/07/2024 15:00,bounty_madera,31/07/2024 0:00,04/07/2024 0:00,15,16,3,26.33656763,537.477,537.477
04/07/2024 16:00,bounty_madera,31/07/2024 0:00,04/07/2024 0:00,16,17,3,19.45704848,534.799,534.799
04/07/2024 17:00,bounty_madera,31/07/2024 0:00,04/07/2024 0:00,17,18,3,12.43552368,396.467,396.467
04/07/2024 18:00,bounty_madera,31/07/2024 0:00,04/07/2024 0:00,18,19,3,16.23901323,354.748,354.748
04/07/2024 19:00,bounty_madera,31/07/2024 0:00,04/07/2024 0:00,19,20,3,13.3130186,319.637,319.637
04/07/2024 20:00,bounty_madera,31/07/2024 0:00,04/07/2024 0:00,20,21,3,10.64629985,309.676,309.676
04/07/2024 21:00,bounty_madera,31/07/2024 0:00,04/07/2024 0:00,21,22,3,9.104897108,318.699,318.699
04/07/2024 22:00,bounty_madera,31/07/2024 0:00,04/07/2024 0:00,22,23,3,6.018007825,329.1,329.1
04/07/2024 23:00,bounty_madera,31/07/2024 0:00,04/07/2024 0:00,23,24,3,4.747366142,309.677,309.677
05/07/2024 0:00,bounty_madera,31/07/2024 0:00,05/07/2024 0:00,0,1,4,4.668901733,313.643,313.643
05/07/2024 1:00,bounty_madera,31/07/2024 0:00,05/07/2024 0:00,1,2,4,4.016448167,298.01,298.01
05/07/2024 2:00,bounty_madera,31/07/2024 0:00,05/07/2024 0:00,2,3,4,3.574685933,283.064,283.064
05/07/2024 3:00,bounty_madera,31/07/2024 0:00,05/07/2024 0:00,3,4,4,3.355228492,289.309,289.309
05/07/2024 4:00,bounty_madera,31/07/2024 0:00,05/07/2024 0:00,4,5,4,2.8585824,304.227,304.227
05/07/2024 5:00,bounty_madera,31/07/2024 0:00,05/07/2024 0:00,5,6,4,2.964171033,336.849,336.849
05/07/2024 6:00,bounty_madera,31/07/2024 0:00,05/07/2024 0:00,6,7,4,3.249669083,347.744,347.744
05/07/2024 7:00,bounty_madera,31/07/2024 0:00,05/07/2024 0:00,7,8,4,3.108734275,379.659,379.659
05/07/2024 8:00,bounty_madera,31/07/2024 0:00,05/07/2024 0:00,8,9,4,4.618265775,428.144,428.144
05/07/2024 9:00,bounty_madera,31/07/2024 0:00,05/07/2024 0:00,9,10,4,4.085134358,486.924,486.924
05/07/2024 10:00,bounty_madera,31/07/2024 0:00,05/07/2024 0:00,10,11,4,4.710081592,509.691,509.691
05/07/2024 11:00,bounty_madera,31/07/2024 0:00,05/07/2024 0:00,11,12,4,4.075595175,497.814,497.814
05/07/2024 12:00,bounty_madera,31/07/2024 0:00,05/07/2024 0:00,12,13,4,3.441723492,520.138,520.138
05/07/2024 13:00,bounty_madera,31/07/2024 0:00,05/07/2024 0:00,13,14,4,5.365916467,541.001,541.001
05/07/2024 14:00,bounty_madera,31/07/2024 0:00,05/07/2024 0:00,14,15,4,3.961315867,524.382,524.382
05/07/2024 15:00,bounty_madera,31/07/2024 0:00,05/07/2024 0:00,15,16,4,4.675727892,529.766,529.766
05/07/2024 16:00,bounty_madera,31/07/2024 0:00,05/07/2024 0:00,16,17,4,4.071490892,530.086,530.086
05/07/2024 17:00,bounty_madera,31/07/2024 0:00,05/07/2024 0:00,17,18,4,3.640209683,543.857,543.857
05/07/2024 18:00,bounty_madera,31/07/2024 0:00,05/07/2024 0:00,18,19,4,5.914075508,474.23,474.23
05/07/2024 19:00,bounty_madera,31/07/2024 0:00,05/07/2024 0:00,19,20,4,5.211863017,445.884,445.884
05/07/2024 20:00,bounty_madera,31/07/2024 0:00,05/07/2024 0:00,20,21,4,6.840659525,436.091,436.091
05/07/2024 21:00,bounty_madera,31/07/2024 0:00,05/07/2024 0:00,21,22,4,6.075728067,433.491,433.491
05/07/2024 22:00,bounty_madera,31/07/2024 0:00,05/07/2024 0:00,22,23,4,4.360563042,405.523,405.523
05/07/2024 23:00,bounty_madera,31/07/2024 0:00,05/07/2024 0:00,23,24,4,4.393005475,365.866,365.866
06/07/2024 0:00,bounty_madera,31/07/2024 0:00,06/07/2024 0:00,0,1,5,5.220859208,370.213,370.213
06/07/2024 1:00,bounty_madera,31/07/2024 0:00,06/07/2024 0:00,1,2,5,4.216311267,361.405,361.405
06/07/2024 2:00,bounty_madera,31/07/2024 0:00,06/07/2024 0:00,2,3,5,2.9778431,358.743,358.743
06/07/2024 3:00,bounty_madera,31/07/2024 0:00,06/07/2024 0:00,3,4,5,3.609079973,357.512,357.512
06/07/2024 4:00,bounty_madera,31/07/2024 0:00,06/07/2024 0:00,4,5,5,3.467721867,364.678,364.678
06/07/2024 5:00,bounty_madera,31/07/2024 0:00,06/07/2024 0:00,5,6,5,3.24830305,352.922,352.922
06/07/2024 6:00,bounty_madera,31/07/2024 0:00,06/07/2024 0:00,6,7,5,2.545632858,344.198,344.198
06/07/2024 7:00,bounty_madera,31/07/2024 0:00,06/07/2024 0:00,7,8,5,2.545209892,402.041,402.041
06/07/2024 8:00,bounty_madera,31/07/2024 0:00,06/07/2024 0:00,8,9,5,2.819683817,449.961,449.961
06/07/2024 9:00,bounty_madera,31/07/2024 0:00,06/07/2024 0:00,9,10,5,3.14504525,466.866,466.866
06/07/2024 10:00,bounty_madera,31/07/2024 0:00,06/07/2024 0:00,10,11,5,3.247300383,497.636,497.636
06/07/2024 11:00,bounty_madera,31/07/2024 0:00,06/07/2024 0:00,11,12,5,3.45906125,493.966,493.966
06/07/2024 12:00,bounty_madera,31/07/2024 0:00,06/07/2024 0:00,12,13,5,2.6767619,511.358,511.358
06/07/2024 13:00,bounty_madera,31/07/2024 0:00,06/07/2024 0:00,13,14,5,3.739345608,536.395,536.395
06/07/2024 14:00,bounty_madera,31/07/2024 0:00,06/07/2024 0:00,14,15,5,4.248658442,528.462,528.462
06/07/2024 15:00,bounty_madera,31/07/2024 0:00,06/07/2024 0:00,15,16,5,4.436682742,516.162,516.162
06/07/2024 16:00,bounty_madera,31/07/2024 0:00,06/07/2024 0:00,16,17,5,4.040696192,494.886,494.886
06/07/2024 17:00,bounty_madera,31/07/2024 0:00,06/07/2024 0:00,17,18,5,4.0781098,501.467,501.467
06/07/2024 18:00,bounty_madera,31/07/2024 0:00,06/07/2024 0:00,18,19,5,6.95128545,493.138,493.138
06/07/2024 19:00,bounty_madera,31/07/2024 0:00,06/07/2024 0:00,19,20,5,6.0031857,469.758,469.758
06/07/2024 20:00,bounty_madera,31/07/2024 0:00,06/07/2024 0:00,20,21,5,7.6281101,439.967,439.967
06/07/2024 21:00,bounty_madera,31/07/2024 0:00,06/07/2024 0:00,21,22,5,11.41552033,413.552,413.552
06/07/2024 22:00,bounty_madera,31/07/2024 0:00,06/07/2024 0:00,22,23,5,7.752173325,415.942,415.942
06/07/2024 23:00,bounty_madera,31/07/2024 0:00,06/07/2024 0:00,23,24,5,5.952105025,419.974,419.974
07/07/2024 0:00,bounty_madera,31/07/2024 0:00,07/07/2024 0:00,0,1,6,5.717386542,391.599,391.599
07/07/2024 1:00,bounty_madera,31/07/2024 0:00,07/07/2024 0:00,1,2,6,4.782808558,365.103,365.103
07/07/2024 2:00,bounty_madera,31/07/2024 0:00,07/07/2024 0:00,2,3,6,4.138701083,360.002,360.002
07/07/2024 3:00,bounty_madera,31/07/2024 0:00,07/07/2024 0:00,3,4,6,3.693258392,359.778,359.778
07/07/2024 4:00,bounty_madera,31/07/2024 0:00,07/07/2024 0:00,4,5,6,3.693577767,361.158,361.158
07/07/2024 5:00,bounty_madera,31/07/2024 0:00,07/07/2024 0:00,5,6,6,3.1110589,379.685,379.685
07/07/2024 6:00,bounty_madera,31/07/2024 0:00,07/07/2024 0:00,6,7,6,2.935127808,415.31,415.31
07/07/2024 7:00,bounty_madera,31/07/2024 0:00,07/07/2024 0:00,7,8,6,2.947877583,494.34,494.34
07/07/2024 8:00,bounty_madera,31/07/2024 0:00,07/07/2024 0:00,8,9,6,2.374417833,501.221,501.221
07/07/2024 9:00,bounty_madera,31/07/2024 0:00,07/07/2024 0:00,9,10,6,2.974390925,521.603,521.603
07/07/2024 10:00,bounty_madera,31/07/2024 0:00,07/07/2024 0:00,10,11,6,2.808096325,525.153,525.153
07/07/2024 11:00,bounty_madera,31/07/2024 0:00,07/07/2024 0:00,11,12,6,3.14808955,500.588,500.588
07/07/2024 12:00,bounty_madera,31/07/2024 0:00,07/07/2024 0:00,12,13,6,3.42187375,523.412,523.412
07/07/2024 13:00,bounty_madera,31/07/2024 0:00,07/07/2024 0:00,13,14,6,4.346944758,545.474,545.474
07/07/2024 14:00,bounty_madera,31/07/2024 0:00,07/07/2024 0:00,14,15,6,4.305472617,519.791,519.791
07/07/2024 15:00,bounty_madera,31/07/2024 0:00,07/07/2024 0:00,15,16,6,4.83462305,523.277,523.277
07/07/2024 16:00,bounty_madera,31/07/2024 0:00,07/07/2024 0:00,16,17,6,4.479760933,515.937,515.937
07/07/2024 17:00,bounty_madera,31/07/2024 0:00,07/07/2024 0:00,17,18,6,4.410880025,494.074,494.074
07/07/2024 18:00,bounty_madera,31/07/2024 0:00,07/07/2024 0:00,18,19,6,6.281717517,452.361,452.361
07/07/2024 19:00,bounty_madera,31/07/2024 0:00,07/07/2024 0:00,19,20,6,5.349899575,427.038,427.038
07/07/2024 20:00,bounty_madera,31/07/2024 0:00,07/07/2024 0:00,20,21,6,6.649224383,420.622,420.622
07/07/2024 21:00,bounty_madera,31/07/2024 0:00,07/07/2024 0:00,21,22,6,6.610522342,405.901,405.901
07/07/2024 22:00,bounty_madera,31/07/2024 0:00,07/07/2024 0:00,22,23,6,4.8939756,403.55,403.55
07/07/2024 23:00,bounty_madera,31/07/2024 0:00,07/07/2024 0:00,23,24,6,4.552312633,398.78,398.78
08/07/2024 0:00,bounty_madera,31/07/2024 0:00,08/07/2024 0:00,0,1,0,4.314611208,388.009,388.009
08/07/2024 1:00,bounty_madera,31/07/2024 0:00,08/07/2024 0:00,1,2,0,3.874915242,348.869,348.869
08/07/2024 2:00,bounty_madera,31/07/2024 0:00,08/07/2024 0:00,2,3,0,3.695713133,332.376,332.376
08/07/2024 3:00,bounty_madera,31/07/2024 0:00,08/07/2024 0:00,3,4,0,2.951770408,332.027,332.027
08/07/2024 4:00,bounty_madera,31/07/2024 0:00,08/07/2024 0:00,4,5,0,2.9848734,333.759,333.759
08/07/2024 5:00,bounty_madera,31/07/2024 0:00,08/07/2024 0:00,5,6,0,2.943977336,339.217,339.217
08/07/2024 6:00,bounty_madera,31/07/2024 0:00,08/07/2024 0:00,6,7,0,2.971988158,373.918,373.918
08/07/2024 7:00,bounty_madera,31/07/2024 0:00,08/07/2024 0:00,7,8,0,3.5008873,477.305,477.305
08/07/2024 8:00,bounty_madera,31/07/2024 0:00,08/07/2024 0:00,8,9,0,3.964122509,499.929,499.929
08/07/2024 9:00,bounty_madera,31/07/2024 0:00,08/07/2024 0:00,9,10,0,4.515094725,505.616,505.616
08/07/2024 10:00,bounty_madera,31/07/2024 0:00,08/07/2024 0:00,10,11,0,5.4842039,515.44,515.44
08/07/2024 11:00,bounty_madera,31/07/2024 0:00,08/07/2024 0:00,11,12,0,5.210887455,499.431,499.431
08/07/2024 12:00,bounty_madera,31/07/2024 0:00,08/07/2024 0:00,12,13,0,4.880160475,508.14,508.14
08/07/2024 13:00,bounty_madera,31/07/2024 0:00,08/07/2024 0:00,13,14,0,5.5743164,559.621,559.621
08/07/2024 14:00,bounty_madera,31/07/2024 0:00,08/07/2024 0:00,14,15,0,10.97000907,554.851,554.851
08/07/2024 15:00,bounty_madera,31/07/2024 0:00,08/07/2024 0:00,15,16,0,12.61356666,550.457,550.457
08/07/2024 16:00,bounty_madera,31/07/2024 0:00,08/07/2024 0:00,16,17,0,12.6030911,531.452,531.452
08/07/2024 17:00,bounty_madera,31/07/2024 0:00,08/07/2024 0:00,17,18,0,5.948457218,528.491,528.491
08/07/2024 18:00,bounty_madera,31/07/2024 0:00,08/07/2024 0:00,18,19,0,6.592110792,488.863,488.863
08/07/2024 19:00,bounty_madera,31/07/2024 0:00,08/07/2024 0:00,19,20,0,5.8916918,427.511,427.511
08/07/2024 20:00,bounty_madera,31/07/2024 0:00,08/07/2024 0:00,20,21,0,9.0532044,412.738,412.738
08/07/2024 21:00,bounty_madera,31/07/2024 0:00,08/07/2024 0:00,21,22,0,11.74390683,402.811,402.811
08/07/2024 22:00,bounty_madera,31/07/2024 0:00,08/07/2024 0:00,22,23,0,9.0463556,389.511,389.511
08/07/2024 23:00,bounty_madera,31/07/2024 0:00,08/07/2024 0:00,23,24,0,5.876744658,385.115,385.115
09/07/2024 0:00,bounty_madera,31/07/2024 0:00,09/07/2024 0:00,0,1,1,5.4749589,379.655,379.655
09/07/2024 1:00,bounty_madera,31/07/2024 0:00,09/07/2024 0:00,1,2,1,4.668263533,358.516,358.516
09/07/2024 2:00,bounty_madera,31/07/2024 0:00,09/07/2024 0:00,2,3,1,4.288091775,354.22,354.22
09/07/2024 3:00,bounty_madera,31/07/2024 0:00,09/07/2024 0:00,3,4,1,3.998908275,348.826,348.826
09/07/2024 4:00,bounty_madera,31/07/2024 0:00,09/07/2024 0:00,4,5,1,3.6927564,349.291,349.291
09/07/2024 5:00,bounty_madera,31/07/2024 0:00,09/07/2024 0:00,5,6,1,3.058455825,361.974,361.974
09/07/2024 6:00,bounty_madera,31/07/2024 0:00,09/07/2024 0:00,6,7,1,2.54331775,388.293,388.293
09/07/2024 7:00,bounty_madera,31/07/2024 0:00,09/07/2024 0:00,7,8,1,3.166697333,387.321,387.321
09/07/2024 8:00,bounty_madera,31/07/2024 0:00,09/07/2024 0:00,8,9,1,3.732104017,459.458,459.458
09/07/2024 9:00,bounty_madera,31/07/2024 0:00,09/07/2024 0:00,9,10,1,3.22251405,489.382,489.382
09/07/2024 10:00,bounty_madera,31/07/2024 0:00,09/07/2024 0:00,10,11,1,5.077533175,511.372,511.372
09/07/2024 11:00,bounty_madera,31/07/2024 0:00,09/07/2024 0:00,11,12,1,4.887315017,485.08,485.08
09/07/2024 12:00,bounty_madera,31/07/2024 0:00,09/07/2024 0:00,12,13,1,4.697160592,501.842,501.842
09/07/2024 13:00,bounty_madera,31/07/2024 0:00,09/07/2024 0:00,13,14,1,9.185075742,526.505,526.505
09/07/2024 14:00,bounty_madera,31/07/2024 0:00,09/07/2024 0:00,14,15,1,11.05069063,535.555,535.555
09/07/2024 15:00,bounty_madera,31/07/2024 0:00,09/07/2024 0:00,15,16,1,10.30284598,551.724,551.724
09/07/2024 16:00,bounty_madera,31/07/2024 0:00,09/07/2024 0:00,16,17,1,9.152416833,559.284,559.284
09/07/2024 17:00,bounty_madera,31/07/2024 0:00,09/07/2024 0:00,17,18,1,6.360545375,527.635,527.635
09/07/2024 18:00,bounty_madera,31/07/2024 0:00,09/07/2024 0:00,18,19,1,6.547284808,414.475,414.475
09/07/2024 19:00,bounty_madera,31/07/2024 0:00,09/07/2024 0:00,19,20,1,7.241690092,370.972,370.972
09/07/2024 20:00,bounty_madera,31/07/2024 0:00,09/07/2024 0:00,20,21,1,20.66926731,398.471,398.471
09/07/2024 21:00,bounty_madera,31/07/2024 0:00,09/07/2024 0:00,21,22,1,12.08142153,405.09,405.09
09/07/2024 22:00,bounty_madera,31/07/2024 0:00,09/07/2024 0:00,22,23,1,8.396460658,400.611,400.611
09/07/2024 23:00,bounty_madera,31/07/2024 0:00,09/07/2024 0:00,23,24,1,5.545600033,402.779,402.779
10/07/2024 0:00,bounty_madera,31/07/2024 0:00,10/07/2024 0:00,0,1,2,4.974773458,398.461,398.461
10/07/2024 1:00,bounty_madera,31/07/2024 0:00,10/07/2024 0:00,1,2,2,4.762278292,350.696,350.696
10/07/2024 2:00,bounty_madera,31/07/2024 0:00,10/07/2024 0:00,2,3,2,3.778102625,361.414,361.414
10/07/2024 3:00,bounty_madera,31/07/2024 0:00,10/07/2024 0:00,3,4,2,3.168538892,372.133,372.133
10/07/2024 4:00,bounty_madera,31/07/2024 0:00,10/07/2024 0:00,4,5,2,3.53616545,387.757,387.757
10/07/2024 5:00,bounty_madera,31/07/2024 0:00,10/07/2024 0:00,5,6,2,3.655184108,398.408,398.408
10/07/2024 6:00,bounty_madera,31/07/2024 0:00,10/07/2024 0:00,6,7,2,3.000275342,389.622,389.622
10/07/2024 7:00,bounty_madera,31/07/2024 0:00,10/07/2024 0:00,7,8,2,3.328749575,410.068,410.068
10/07/2024 8:00,bounty_madera,31/07/2024 0:00,10/07/2024 0:00,8,9,2,3.638739925,442.994,442.994
10/07/2024 9:00,bounty_madera,31/07/2024 0:00,10/07/2024 0:00,9,10,2,4.036828242,457.353,457.353
10/07/2024 10:00,bounty_madera,31/07/2024 0:00,10/07/2024 0:00,10,11,2,4.582594742,486.486,486.486
10/07/2024 11:00,bounty_madera,31/07/2024 0:00,10/07/2024 0:00,11,12,2,3.863667433,467.583,467.583
10/07/2024 12:00,bounty_madera,31/07/2024 0:00,10/07/2024 0:00,12,13,2,3.611090292,469.724,469.724
10/07/2024 13:00,bounty_madera,31/07/2024 0:00,10/07/2024 0:00,13,14,2,5.229610225,474.548,474.548
10/07/2024 14:00,bounty_madera,31/07/2024 0:00,10/07/2024 0:00,14,15,2,5.474787542,505.675,505.675
10/07/2024 15:00,bounty_madera,31/07/2024 0:00,10/07/2024 0:00,15,16,2,6.577444817,528.729,528.729
10/07/2024 16:00,bounty_madera,31/07/2024 0:00,10/07/2024 0:00,16,17,2,6.549994992,543.386,543.386
10/07/2024 17:00,bounty_madera,31/07/2024 0:00,10/07/2024 0:00,17,18,2,5.648566942,527.625,527.625
10/07/2024 18:00,bounty_madera,31/07/2024 0:00,10/07/2024 0:00,18,19,2,5.967547692,489.09,489.09
10/07/2024 19:00,bounty_madera,31/07/2024 0:00,10/07/2024 0:00,19,20,2,6.405664808,475.25,475.25
10/07/2024 20:00,bounty_madera,31/07/2024 0:00,10/07/2024 0:00,20,21,2,7.309408933,461.336,461.336
10/07/2024 21:00,bounty_madera,31/07/2024 0:00,10/07/2024 0:00,21,22,2,11.8418938,461.39,461.39
10/07/2024 22:00,bounty_madera,31/07/2024 0:00,10/07/2024 0:00,22,23,2,7.763966108,470.344,470.344
10/07/2024 23:00,bounty_madera,31/07/2024 0:00,10/07/2024 0:00,23,24,2,5.145792625,477.889,477.889
11/07/2024 0:00,bounty_madera,31/07/2024 0:00,11/07/2024 0:00,0,1,3,5.252082183,464.901,464.901
11/07/2024 1:00,bounty_madera,31/07/2024 0:00,11/07/2024 0:00,1,2,3,4.828324758,455.259,455.259
11/07/2024 2:00,bounty_madera,31/07/2024 0:00,11/07/2024 0:00,2,3,3,3.666007092,445.523,445.523
11/07/2024 3:00,bounty_madera,31/07/2024 0:00,11/07/2024 0:00,3,4,3,3.330813933,428.438,428.438
11/07/2024 4:00,bounty_madera,31/07/2024 0:00,11/07/2024 0:00,4,5,3,3.383668433,427.522,427.522
11/07/2024 5:00,bounty_madera,31/07/2024 0:00,11/07/2024 0:00,5,6,3,2.923323458,442.693,442.693
11/07/2024 6:00,bounty_madera,31/07/2024 0:00,11/07/2024 0:00,6,7,3,2.704644692,443.881,443.881
11/07/2024 7:00,bounty_madera,31/07/2024 0:00,11/07/2024 0:00,7,8,3,2.912905692,476.872,476.872
11/07/2024 8:00,bounty_madera,31/07/2024 0:00,11/07/2024 0:00,8,9,3,4.502596308,480.282,480.282
11/07/2024 9:00,bounty_madera,31/07/2024 0:00,11/07/2024 0:00,9,10,3,4.0688308,507.432,507.432
11/07/2024 10:00,bounty_madera,31/07/2024 0:00,11/07/2024 0:00,10,11,3,4.350978083,513.904,513.904
11/07/2024 11:00,bounty_madera,31/07/2024 0:00,11/07/2024 0:00,11,12,3,4.192752975,501.166,501.166
11/07/2024 12:00,bounty_madera,31/07/2024 0:00,11/07/2024 0:00,12,13,3,3.595088233,522.76,522.76
11/07/2024 13:00,bounty_madera,31/07/2024 0:00,11/07/2024 0:00,13,14,3,6.169323542,546.267,546.267
11/07/2024 14:00,bounty_madera,31/07/2024 0:00,11/07/2024 0:00,14,15,3,5.729285617,563.35,563.35
11/07/2024 15:00,bounty_madera,31/07/2024 0:00,11/07/2024 0:00,15,16,3,6.3031157,554.256,554.256
11/07/2024 16:00,bounty_madera,31/07/2024 0:00,11/07/2024 0:00,16,17,3,5.892143933,560.528,560.528
11/07/2024 17:00,bounty_madera,31/07/2024 0:00,11/07/2024 0:00,17,18,3,5.443544692,526.273,526.273
11/07/2024 18:00,bounty_madera,31/07/2024 0:00,11/07/2024 0:00,18,19,3,5.647510075,492.166,492.166
11/07/2024 19:00,bounty_madera,31/07/2024 0:00,11/07/2024 0:00,19,20,3,5.863578333,460.828,460.828
11/07/2024 20:00,bounty_madera,31/07/2024 0:00,11/07/2024 0:00,20,21,3,7.514858958,453.861,453.861
11/07/2024 21:00,bounty_madera,31/07/2024 0:00,11/07/2024 0:00,21,22,3,7.231646217,450.048,450.048
11/07/2024 22:00,bounty_madera,31/07/2024 0:00,11/07/2024 0:00,22,23,3,5.590980333,450.93,450.93
11/07/2024 23:00,bounty_madera,31/07/2024 0:00,11/07/2024 0:00,23,24,3,5.851076467,447.33,447.33
12/07/2024 0:00,bounty_madera,31/07/2024 0:00,12/07/2024 0:00,0,1,4,5.075903233,421.736,421.736
12/07/2024 1:00,bounty_madera,31/07/2024 0:00,12/07/2024 0:00,1,2,4,4.558148908,378.526,378.526
12/07/2024 2:00,bounty_madera,31/07/2024 0:00,12/07/2024 0:00,2,3,4,4.058211492,369.952,369.952
12/07/2024 3:00,bounty_madera,31/07/2024 0:00,12/07/2024 0:00,3,4,4,3.026425083,353.766,353.766
12/07/2024 4:00,bounty_madera,31/07/2024 0:00,12/07/2024 0:00,4,5,4,3.458381425,353.511,353.511
12/07/2024 5:00,bounty_madera,31/07/2024 0:00,12/07/2024 0:00,5,6,4,3.1117876,386.056,386.056
12/07/2024 6:00,bounty_madera,31/07/2024 0:00,12/07/2024 0:00,6,7,4,2.480579525,414.162,414.162
12/07/2024 7:00,bounty_madera,31/07/2024 0:00,12/07/2024 0:00,7,8,4,2.63538255,449.444,449.444
12/07/2024 8:00,bounty_madera,31/07/2024 0:00,12/07/2024 0:00,8,9,4,4.158438683,510.783,510.783
12/07/2024 9:00,bounty_madera,31/07/2024 0:00,12/07/2024 0:00,9,10,4,4.16449435,540.762,540.762
12/07/2024 10:00,bounty_madera,31/07/2024 0:00,12/07/2024 0:00,10,11,4,5.540104767,576.967,576.967
12/07/2024 11:00,bounty_madera,31/07/2024 0:00,12/07/2024 0:00,11,12,4,5.675955367,544.099,544.099
12/07/2024 12:00,bounty_madera,31/07/2024 0:00,12/07/2024 0:00,12,13,4,4.285855517,564.753,564.753
12/07/2024 13:00,bounty_madera,31/07/2024 0:00,12/07/2024 0:00,13,14,4,6.898818908,585.881,585.881
12/07/2024 14:00,bounty_madera,31/07/2024 0:00,12/07/2024 0:00,14,15,4,6.44923735,591.212,591.212
12/07/2024 15:00,bounty_madera,31/07/2024 0:00,12/07/2024 0:00,15,16,4,9.121272208,567.75,567.75
12/07/2024 16:00,bounty_madera,31/07/2024 0:00,12/07/2024 0:00,16,17,4,7.845334933,573.957,573.957
12/07/2024 17:00,bounty_madera,31/07/2024 0:00,12/07/2024 0:00,17,18,4,5.655650767,562.535,562.535
12/07/2024 18:00,bounty_madera,31/07/2024 0:00,12/07/2024 0:00,18,19,4,7.314227567,519.938,519.938
12/07/2024 19:00,bounty_madera,31/07/2024 0:00,12/07/2024 0:00,19,20,4,7.99551875,507.395,507.395
12/07/2024 20:00,bounty_madera,31/07/2024 0:00,12/07/2024 0:00,20,21,4,7.636916183,460.596,460.596
12/07/2024 21:00,bounty_madera,31/07/2024 0:00,12/07/2024 0:00,21,22,4,8.683849708,439.555,439.555
12/07/2024 22:00,bounty_madera,31/07/2024 0:00,12/07/2024 0:00,22,23,4,5.811135917,415.201,415.201
12/07/2024 23:00,bounty_madera,31/07/2024 0:00,12/07/2024 0:00,23,24,4,5.929240058,429.542,429.542
13/07/2024 0:00,bounty_madera,31/07/2024 0:00,13/07/2024 0:00,0,1,5,5.3903779,419.462,419.462
13/07/2024 1:00,bounty_madera,31/07/2024 0:00,13/07/2024 0:00,1,2,5,5.436293208,393.053,393.053
13/07/2024 2:00,bounty_madera,31/07/2024 0:00,13/07/2024 0:00,2,3,5,5.0918414,390.027,390.027
13/07/2024 3:00,bounty_madera,31/07/2024 0:00,13/07/2024 0:00,3,4,5,4.8244593,389.372,389.372
13/07/2024 4:00,bounty_madera,31/07/2024 0:00,13/07/2024 0:00,4,5,5,3.906151975,396.094,396.094
13/07/2024 5:00,bounty_madera,31/07/2024 0:00,13/07/2024 0:00,5,6,5,3.797411325,410.517,410.517
13/07/2024 6:00,bounty_madera,31/07/2024 0:00,13/07/2024 0:00,6,7,5,3.212613142,436.341,436.341
13/07/2024 7:00,bounty_madera,31/07/2024 0:00,13/07/2024 0:00,7,8,5,2.846555892,517.849,517.849
13/07/2024 8:00,bounty_madera,31/07/2024 0:00,13/07/2024 0:00,8,9,5,3.391167017,530.721,530.721
13/07/2024 9:00,bounty_madera,31/07/2024 0:00,13/07/2024 0:00,9,10,5,4.58106605,531.633,531.633
13/07/2024 10:00,bounty_madera,31/07/2024 0:00,13/07/2024 0:00,10,11,5,8.018917742,521.606,521.606
13/07/2024 11:00,bounty_madera,31/07/2024 0:00,13/07/2024 0:00,11,12,5,6.430202742,529.734,529.734
13/07/2024 12:00,bounty_madera,31/07/2024 0:00,13/07/2024 0:00,12,13,5,4.900241425,541.822,541.822
13/07/2024 13:00,bounty_madera,31/07/2024 0:00,13/07/2024 0:00,13,14,5,5.741972225,553.614,553.614
13/07/2024 14:00,bounty_madera,31/07/2024 0:00,13/07/2024 0:00,14,15,5,7.061748233,473.524,473.524
13/07/2024 15:00,bounty_madera,31/07/2024 0:00,13/07/2024 0:00,15,16,5,6.009802858,406.477,406.477
13/07/2024 16:00,bounty_madera,31/07/2024 0:00,13/07/2024 0:00,16,17,5,5.702923142,490.939,490.939
13/07/2024 17:00,bounty_madera,31/07/2024 0:00,13/07/2024 0:00,17,18,5,5.81925285,503.558,503.558
13/07/2024 18:00,bounty_madera,31/07/2024 0:00,13/07/2024 0:00,18,19,5,7.644527283,482.976,482.976
13/07/2024 19:00,bounty_madera,31/07/2024 0:00,13/07/2024 0:00,19,20,5,6.456882083,470.358,470.358
13/07/2024 20:00,bounty_madera,31/07/2024 0:00,13/07/2024 0:00,20,21,5,7.056071658,466.49,466.49
13/07/2024 21:00,bounty_madera,31/07/2024 0:00,13/07/2024 0:00,21,22,5,7.733414883,459.032,459.032
13/07/2024 22:00,bounty_madera,31/07/2024 0:00,13/07/2024 0:00,22,23,5,9.405433017,444.906,444.906
13/07/2024 23:00,bounty_madera,31/07/2024 0:00,13/07/2024 0:00,23,24,5,7.88798655,448.702,448.702
14/07/2024 0:00,bounty_madera,31/07/2024 0:00,14/07/2024 0:00,0,1,6,5.838910492,427.547,427.547
14/07/2024 1:00,bounty_madera,31/07/2024 0:00,14/07/2024 0:00,1,2,6,5.397487508,409.735,409.735
14/07/2024 2:00,bounty_madera,31/07/2024 0:00,14/07/2024 0:00,2,3,6,5.022192217,406.001,406.001
14/07/2024 3:00,bounty_madera,31/07/2024 0:00,14/07/2024 0:00,3,4,6,5.04461965,397.361,397.361
14/07/2024 4:00,bounty_madera,31/07/2024 0:00,14/07/2024 0:00,4,5,6,4.451176625,396.821,396.821
14/07/2024 5:00,bounty_madera,31/07/2024 0:00,14/07/2024 0:00,5,6,6,3.242544992,432.311,432.311
14/07/2024 6:00,bounty_madera,31/07/2024 0:00,14/07/2024 0:00,6,7,6,2.853296683,446.492,446.492
14/07/2024 7:00,bounty_madera,31/07/2024 0:00,14/07/2024 0:00,7,8,6,3.433362983,506.155,506.155
14/07/2024 8:00,bounty_madera,31/07/2024 0:00,14/07/2024 0:00,8,9,6,2.62007555,541.27,541.27
14/07/2024 9:00,bounty_madera,31/07/2024 0:00,14/07/2024 0:00,9,10,6,3.65740875,570.806,570.806
14/07/2024 10:00,bounty_madera,31/07/2024 0:00,14/07/2024 0:00,10,11,6,3.522573733,570.441,570.441
14/07/2024 11:00,bounty_madera,31/07/2024 0:00,14/07/2024 0:00,11,12,6,3.65964885,548.306,548.306
14/07/2024 12:00,bounty_madera,31/07/2024 0:00,14/07/2024 0:00,12,13,6,2.720064825,576.937,576.937
14/07/2024 13:00,bounty_madera,31/07/2024 0:00,14/07/2024 0:00,13,14,6,5.029445633,599.881,599.881
14/07/2024 14:00,bounty_madera,31/07/2024 0:00,14/07/2024 0:00,14,15,6,5.363565133,588.688,588.688
14/07/2024 15:00,bounty_madera,31/07/2024 0:00,14/07/2024 0:00,15,16,6,5.686529375,569.735,569.735
14/07/2024 16:00,bounty_madera,31/07/2024 0:00,14/07/2024 0:00,16,17,6,5.431709192,564.671,564.671
14/07/2024 17:00,bounty_madera,31/07/2024 0:00,14/07/2024 0:00,17,18,6,5.363775925,551.557,551.557
14/07/2024 18:00,bounty_madera,31/07/2024 0:00,14/07/2024 0:00,18,19,6,9.1111146,531.263,531.263
14/07/2024 19:00,bounty_madera,31/07/2024 0:00,14/07/2024 0:00,19,20,6,9.657368525,498.833,498.833
14/07/2024 20:00,bounty_madera,31/07/2024 0:00,14/07/2024 0:00,20,21,6,8.101998983,492.484,492.484
14/07/2024 21:00,bounty_madera,31/07/2024 0:00,14/07/2024 0:00,21,22,6,14.39774623,493.185,493.185
14/07/2024 22:00,bounty_madera,31/07/2024 0:00,14/07/2024 0:00,22,23,6,21.40508285,503.537,503.537
14/07/2024 23:00,bounty_madera,31/07/2024 0:00,14/07/2024 0:00,23,24,6,13.26217733,485.812,485.812
15/07/2024 0:00,bounty_madera,31/07/2024 0:00,15/07/2024 0:00,0,1,0,6.231412483,467.81,467.81
15/07/2024 1:00,bounty_madera,31/07/2024 0:00,15/07/2024 0:00,1,2,0,4.5869892,451.12,451.12
15/07/2024 2:00,bounty_madera,31/07/2024 0:00,15/07/2024 0:00,2,3,0,4.175459975,447.748,447.748
15/07/2024 3:00,bounty_madera,31/07/2024 0:00,15/07/2024 0:00,3,4,0,3.889414242,434.723,434.723
15/07/2024 4:00,bounty_madera,31/07/2024 0:00,15/07/2024 0:00,4,5,0,3.832714167,464.756,464.756
15/07/2024 5:00,bounty_madera,31/07/2024 0:00,15/07/2024 0:00,5,6,0,4.042207183,472.386,472.386
15/07/2024 6:00,bounty_madera,31/07/2024 0:00,15/07/2024 0:00,6,7,0,2.930084575,488.254,488.254
15/07/2024 7:00,bounty_madera,31/07/2024 0:00,15/07/2024 0:00,7,8,0,3.957283175,492.21,492.21
15/07/2024 8:00,bounty_madera,31/07/2024 0:00,15/07/2024 0:00,8,9,0,5.258799792,543.02,543.02
15/07/2024 9:00,bounty_madera,31/07/2024 0:00,15/07/2024 0:00,9,10,0,4.689671742,565.407,565.407
15/07/2024 10:00,bounty_madera,31/07/2024 0:00,15/07/2024 0:00,10,11,0,5.082134917,568.178,568.178
15/07/2024 11:00,bounty_madera,31/07/2024 0:00,15/07/2024 0:00,11,12,0,7.188453033,559.166,559.166
15/07/2024 12:00,bounty_madera,31/07/2024 0:00,15/07/2024 0:00,12,13,0,5.352920583,573.922,573.922
15/07/2024 13:00,bounty_madera,31/07/2024 0:00,15/07/2024 0:00,13,14,0,6.212778917,597.189,597.189
15/07/2024 14:00,bounty_madera,31/07/2024 0:00,15/07/2024 0:00,14,15,0,6.146765367,589.529,589.529
15/07/2024 15:00,bounty_madera,31/07/2024 0:00,15/07/2024 0:00,15,16,0,9.344758667,582.679,582.679
15/07/2024 16:00,bounty_madera,31/07/2024 0:00,15/07/2024 0:00,16,17,0,6.945889367,513.148,513.148
15/07/2024 17:00,bounty_madera,31/07/2024 0:00,15/07/2024 0:00,17,18,0,5.960805742,469.56,469.56
15/07/2024 18:00,bounty_madera,31/07/2024 0:00,15/07/2024 0:00,18,19,0,6.139354208,444.886,444.886
15/07/2024 19:00,bounty_madera,31/07/2024 0:00,15/07/2024 0:00,19,20,0,6.212019533,410.87,410.87
15/07/2024 20:00,bounty_madera,31/07/2024 0:00,15/07/2024 0:00,20,21,0,6.454807892,394.603,394.603
15/07/2024 21:00,bounty_madera,31/07/2024 0:00,15/07/2024 0:00,21,22,0,7.4894738,394.584,394.584
15/07/2024 22:00,bounty_madera,31/07/2024 0:00,15/07/2024 0:00,22,23,0,6.234132908,393.203,393.203
15/07/2024 23:00,bounty_madera,31/07/2024 0:00,15/07/2024 0:00,23,24,0,5.396109575,374.127,374.127
16/07/2024 0:00,bounty_madera,31/07/2024 0:00,16/07/2024 0:00,0,1,1,4.668785667,377.524,377.524
16/07/2024 1:00,bounty_madera,31/07/2024 0:00,16/07/2024 0:00,1,2,1,4.336830125,344.428,344.428
16/07/2024 2:00,bounty_madera,31/07/2024 0:00,16/07/2024 0:00,2,3,1,4.84735815,334.615,334.615
16/07/2024 3:00,bounty_madera,31/07/2024 0:00,16/07/2024 0:00,3,4,1,4.362694667,316.457,316.457
16/07/2024 4:00,bounty_madera,31/07/2024 0:00,16/07/2024 0:00,4,5,1,4.2593384,333.094,333.094
16/07/2024 5:00,bounty_madera,31/07/2024 0:00,16/07/2024 0:00,5,6,1,3.579593642,341.963,341.963
16/07/2024 6:00,bounty_madera,31/07/2024 0:00,16/07/2024 0:00,6,7,1,3.014654842,354.336,354.336
16/07/2024 7:00,bounty_madera,31/07/2024 0:00,16/07/2024 0:00,7,8,1,2.956345433,448.971,448.971
16/07/2024 8:00,bounty_madera,31/07/2024 0:00,16/07/2024 0:00,8,9,1,5.1220716,525.206,525.206
16/07/2024 9:00,bounty_madera,31/07/2024 0:00,16/07/2024 0:00,9,10,1,4.733850883,550.798,550.798
16/07/2024 10:00,bounty_madera,31/07/2024 0:00,16/07/2024 0:00,10,11,1,5.567685958,583.404,583.404
16/07/2024 11:00,bounty_madera,31/07/2024 0:00,16/07/2024 0:00,11,12,1,5.796862292,573.325,573.325
16/07/2024 12:00,bounty_madera,31/07/2024 0:00,16/07/2024 0:00,12,13,1,5.529082108,579.286,579.286
16/07/2024 13:00,bounty_madera,31/07/2024 0:00,16/07/2024 0:00,13,14,1,7.724737567,589.202,589.202
16/07/2024 14:00,bounty_madera,31/07/2024 0:00,16/07/2024 0:00,14,15,1,10.23553548,559.553,559.553
16/07/2024 15:00,bounty_madera,31/07/2024 0:00,16/07/2024 0:00,15,16,1,9.19588165,518.687,518.687
16/07/2024 16:00,bounty_madera,31/07/2024 0:00,16/07/2024 0:00,16,17,1,11.15111253,536.492,536.492
16/07/2024 17:00,bounty_madera,31/07/2024 0:00,16/07/2024 0:00,17,18,1,6.043882367,516.777,516.777
16/07/2024 18:00,bounty_madera,31/07/2024 0:00,16/07/2024 0:00,18,19,1,6.845940083,466.837,466.837
16/07/2024 19:00,bounty_madera,31/07/2024 0:00,16/07/2024 0:00,19,20,1,16.39181956,434.738,434.738
16/07/2024 20:00,bounty_madera,31/07/2024 0:00,16/07/2024 0:00,20,21,1,26.78778605,432.982,432.982
16/07/2024 21:00,bounty_madera,31/07/2024 0:00,16/07/2024 0:00,21,22,1,26.14582478,438.274,438.274
16/07/2024 22:00,bounty_madera,31/07/2024 0:00,16/07/2024 0:00,22,23,1,11.59279597,423.639,423.639
16/07/2024 23:00,bounty_madera,31/07/2024 0:00,16/07/2024 0:00,23,24,1,6.246862167,408.116,408.116
17/07/2024 0:00,bounty_madera,31/07/2024 0:00,17/07/2024 0:00,0,1,2,7.319591367,386.119,386.119
17/07/2024 1:00,bounty_madera,31/07/2024 0:00,17/07/2024 0:00,1,2,2,6.719943367,351.688,351.688
17/07/2024 2:00,bounty_madera,31/07/2024 0:00,17/07/2024 0:00,2,3,2,6.180476658,326.8,326.8
17/07/2024 3:00,bounty_madera,31/07/2024 0:00,17/07/2024 0:00,3,4,2,6.142932475,323.065,323.065
17/07/2024 4:00,bounty_madera,31/07/2024 0:00,17/07/2024 0:00,4,5,2,6.49585915,319.066,319.066
17/07/2024 5:00,bounty_madera,31/07/2024 0:00,17/07/2024 0:00,5,6,2,5.48108095,337.243,337.243
17/07/2024 6:00,bounty_madera,31/07/2024 0:00,17/07/2024 0:00,6,7,2,3.530515475,364.093,364.093
17/07/2024 7:00,bounty_madera,31/07/2024 0:00,17/07/2024 0:00,7,8,2,4.950607567,399.11,399.11
17/07/2024 8:00,bounty_madera,31/07/2024 0:00,17/07/2024 0:00,8,9,2,5.769258883,480.902,480.902
17/07/2024 9:00,bounty_madera,31/07/2024 0:00,17/07/2024 0:00,9,10,2,5.7161166,541.111,541.111
17/07/2024 10:00,bounty_madera,31/07/2024 0:00,17/07/2024 0:00,10,11,2,6.067437075,554.946,554.946
17/07/2024 11:00,bounty_madera,31/07/2024 0:00,17/07/2024 0:00,11,12,2,12.83477954,544.199,544.199
17/07/2024 12:00,bounty_madera,31/07/2024 0:00,17/07/2024 0:00,12,13,2,8.177808983,550.041,550.041
17/07/2024 13:00,bounty_madera,31/07/2024 0:00,17/07/2024 0:00,13,14,2,13.09991398,577.101,577.101
17/07/2024 14:00,bounty_madera,31/07/2024 0:00,17/07/2024 0:00,14,15,2,16.1343062,577.968,577.968
17/07/2024 15:00,bounty_madera,31/07/2024 0:00,17/07/2024 0:00,15,16,2,13.04683463,561.825,561.825
17/07/2024 16:00,bounty_madera,31/07/2024 0:00,17/07/2024 0:00,16,17,2,10.14741682,566.178,566.178
17/07/2024 17:00,bounty_madera,31/07/2024 0:00,17/07/2024 0:00,17,18,2,8.542779983,527.117,527.117
17/07/2024 18:00,bounty_madera,31/07/2024 0:00,17/07/2024 0:00,18,19,2,18.35804485,512.656,512.656
17/07/2024 19:00,bounty_madera,31/07/2024 0:00,17/07/2024 0:00,19,20,2,13.41192744,475.595,475.595
17/07/2024 20:00,bounty_madera,31/07/2024 0:00,17/07/2024 0:00,20,21,2,17.04803003,452.232,452.232
17/07/2024 21:00,bounty_madera,31/07/2024 0:00,17/07/2024 0:00,21,22,2,20.39736329,462.054,462.054
17/07/2024 22:00,bounty_madera,31/07/2024 0:00,17/07/2024 0:00,22,23,2,15.68696342,476.453,476.453
17/07/2024 23:00,bounty_madera,31/07/2024 0:00,17/07/2024 0:00,23,24,2,11.10021115,454.553,454.553
18/07/2024 0:00,bounty_madera,31/07/2024 0:00,18/07/2024 0:00,0,1,3,7.009304133,441.03,441.03
18/07/2024 1:00,bounty_madera,31/07/2024 0:00,18/07/2024 0:00,1,2,3,5.992925767,413.133,413.133
18/07/2024 2:00,bounty_madera,31/07/2024 0:00,18/07/2024 0:00,2,3,3,6.173419633,394.027,394.027
18/07/2024 3:00,bounty_madera,31/07/2024 0:00,18/07/2024 0:00,3,4,3,5.515689317,377.068,377.068
18/07/2024 4:00,bounty_madera,31/07/2024 0:00,18/07/2024 0:00,4,5,3,5.651991042,375.319,375.319
18/07/2024 5:00,bounty_madera,31/07/2024 0:00,18/07/2024 0:00,5,6,3,4.409470492,398.571,398.571
18/07/2024 6:00,bounty_madera,31/07/2024 0:00,18/07/2024 0:00,6,7,3,4.438193417,412.121,412.121
18/07/2024 7:00,bounty_madera,31/07/2024 0:00,18/07/2024 0:00,7,8,3,5.313983892,426.175,426.175
18/07/2024 8:00,bounty_madera,31/07/2024 0:00,18/07/2024 0:00,8,9,3,8.508259908,444.625,444.625
18/07/2024 9:00,bounty_madera,31/07/2024 0:00,18/07/2024 0:00,9,10,3,13.92518328,474.243,474.243
18/07/2024 10:00,bounty_madera,31/07/2024 0:00,18/07/2024 0:00,10,11,3,8.111211633,507.697,507.697
18/07/2024 11:00,bounty_madera,31/07/2024 0:00,18/07/2024 0:00,11,12,3,9.550610492,503.541,503.541
18/07/2024 12:00,bounty_madera,31/07/2024 0:00,18/07/2024 0:00,12,13,3,5.277391208,543.337,543.337
18/07/2024 13:00,bounty_madera,31/07/2024 0:00,18/07/2024 0:00,13,14,3,10.76349705,529.15,529.15
18/07/2024 14:00,bounty_madera,31/07/2024 0:00,18/07/2024 0:00,14,15,3,9.411840717,504.081,504.081
18/07/2024 15:00,bounty_madera,31/07/2024 0:00,18/07/2024 0:00,15,16,3,9.864677108,529.043,529.043
18/07/2024 16:00,bounty_madera,31/07/2024 0:00,18/07/2024 0:00,16,17,3,9.875696542,539.322,539.322
18/07/2024 17:00,bounty_madera,31/07/2024 0:00,18/07/2024 0:00,17,18,3,6.706982542,540.679,540.679
18/07/2024 18:00,bounty_madera,31/07/2024 0:00,18/07/2024 0:00,18,19,3,11.91563296,503.475,503.475
18/07/2024 19:00,bounty_madera,31/07/2024 0:00,18/07/2024 0:00,19,20,3,11.66570078,478.478,478.478
18/07/2024 20:00,bounty_madera,31/07/2024 0:00,18/07/2024 0:00,20,21,3,20.20425123,472.269,472.269
18/07/2024 21:00,bounty_madera,31/07/2024 0:00,18/07/2024 0:00,21,22,3,21.45498379,468.484,468.484
18/07/2024 22:00,bounty_madera,31/07/2024 0:00,18/07/2024 0:00,22,23,3,11.67508856,434.822,434.822
18/07/2024 23:00,bounty_madera,31/07/2024 0:00,18/07/2024 0:00,23,24,3,6.418807867,422.601,422.601
19/07/2024 0:00,bounty_madera,31/07/2024 0:00,19/07/2024 0:00,0,1,4,5.974767,392.389,392.389
19/07/2024 1:00,bounty_madera,31/07/2024 0:00,19/07/2024 0:00,1,2,4,6.390881925,346.302,346.302
19/07/2024 2:00,bounty_madera,31/07/2024 0:00,19/07/2024 0:00,2,3,4,6.259903083,323.52,323.52
19/07/2024 3:00,bounty_madera,31/07/2024 0:00,19/07/2024 0:00,3,4,4,6.555269233,332.023,332.023
19/07/2024 4:00,bounty_madera,31/07/2024 0:00,19/07/2024 0:00,4,5,4,6.326875292,356.56,356.56
19/07/2024 5:00,bounty_madera,31/07/2024 0:00,19/07/2024 0:00,5,6,4,5.803092975,396.69,396.69
19/07/2024 6:00,bounty_madera,31/07/2024 0:00,19/07/2024 0:00,6,7,4,5.457335575,405.8,405.8
19/07/2024 7:00,bounty_madera,31/07/2024 0:00,19/07/2024 0:00,7,8,4,5.619447792,459.48,459.48
19/07/2024 8:00,bounty_madera,31/07/2024 0:00,19/07/2024 0:00,8,9,4,6.079404292,515.126,515.126
19/07/2024 9:00,bounty_madera,31/07/2024 0:00,19/07/2024 0:00,9,10,4,5.8265114669999996,567.021,567.021
19/07/2024 10:00,bounty_madera,31/07/2024 0:00,19/07/2024 0:00,10,11,4,5.741012175,559.708,559.708
19/07/2024 11:00,bounty_madera,31/07/2024 0:00,19/07/2024 0:00,11,12,4,6.14160895,536.625,536.625
19/07/2024 12:00,bounty_madera,31/07/2024 0:00,19/07/2024 0:00,12,13,4,5.605297767,581.815,581.815
19/07/2024 13:00,bounty_madera,31/07/2024 0:00,19/07/2024 0:00,13,14,4,6.143182025,587.991,587.991
19/07/2024 14:00,bounty_madera,31/07/2024 0:00,19/07/2024 0:00,14,15,4,6.144506208,574.9,574.9
19/07/2024 15:00,bounty_madera,31/07/2024 0:00,19/07/2024 0:00,15,16,4,10.54395029,572.494,572.494
19/07/2024 16:00,bounty_madera,31/07/2024 0:00,19/07/2024 0:00,16,17,4,10.57194751,523.338,523.338
19/07/2024 17:00,bounty_madera,31/07/2024 0:00,19/07/2024 0:00,17,18,4,6.129943317,509.127,509.127
19/07/2024 18:00,bounty_madera,31/07/2024 0:00,19/07/2024 0:00,18,19,4,6.1302815,492.095,492.095
19/07/2024 19:00,bounty_madera,31/07/2024 0:00,19/07/2024 0:00,19,20,4,10.52061146,448.813,448.813
19/07/2024 20:00,bounty_madera,31/07/2024 0:00,19/07/2024 0:00,20,21,4,28.42753733,449.491,449.491
19/07/2024 21:00,bounty_madera,31/07/2024 0:00,19/07/2024 0:00,21,22,4,29.0069179,427.375,427.375
19/07/2024 22:00,bounty_madera,31/07/2024 0:00,19/07/2024 0:00,22,23,4,14.02200474,420.126,420.126
19/07/2024 23:00,bounty_madera,31/07/2024 0:00,19/07/2024 0:00,23,24,4,6.08534495,413.598,413.598
20/07/2024 0:00,bounty_madera,31/07/2024 0:00,20/07/2024 0:00,0,1,5,6.107289083,380.604,380.604
20/07/2024 1:00,bounty_madera,31/07/2024 0:00,20/07/2024 0:00,1,2,5,5.412123708,354.875,354.875
20/07/2024 2:00,bounty_madera,31/07/2024 0:00,20/07/2024 0:00,2,3,5,5.442859283,321.007,321.007
20/07/2024 3:00,bounty_madera,31/07/2024 0:00,20/07/2024 0:00,3,4,5,5.152888967,295.988,295.988
20/07/2024 4:00,bounty_madera,31/07/2024 0:00,20/07/2024 0:00,4,5,5,5.264214058,309.053,309.053
20/07/2024 5:00,bounty_madera,31/07/2024 0:00,20/07/2024 0:00,5,6,5,4.565592333,352.544,352.544
20/07/2024 6:00,bounty_madera,31/07/2024 0:00,20/07/2024 0:00,6,7,5,3.199597125,391.323,391.323
20/07/2024 7:00,bounty_madera,31/07/2024 0:00,20/07/2024 0:00,7,8,5,3.552976692,462.629,462.629
20/07/2024 8:00,bounty_madera,31/07/2024 0:00,20/07/2024 0:00,8,9,5,4.01514625,4.477,4.477
20/07/2024 9:00,bounty_madera,31/07/2024 0:00,20/07/2024 0:00,9,10,5,4.323330317,338.36,338.36
20/07/2024 10:00,bounty_madera,31/07/2024 0:00,20/07/2024 0:00,10,11,5,5.139909208,553.969,553.969
20/07/2024 11:00,bounty_madera,31/07/2024 0:00,20/07/2024 0:00,11,12,5,5.22912805,544.39,544.39
20/07/2024 12:00,bounty_madera,31/07/2024 0:00,20/07/2024 0:00,12,13,5,6.431370617,563.147,563.147
20/07/2024 13:00,bounty_madera,31/07/2024 0:00,20/07/2024 0:00,13,14,5,9.208195425,563.79,563.79
20/07/2024 14:00,bounty_madera,31/07/2024 0:00,20/07/2024 0:00,14,15,5,13.15375912,563.497,563.497
20/07/2024 15:00,bounty_madera,31/07/2024 0:00,20/07/2024 0:00,15,16,5,8.893280142,538.328,538.328
20/07/2024 16:00,bounty_madera,31/07/2024 0:00,20/07/2024 0:00,16,17,5,9.808877675,526.958,526.958
20/07/2024 17:00,bounty_madera,31/07/2024 0:00,20/07/2024 0:00,17,18,5,8.62579315,531.616,531.616
20/07/2024 18:00,bounty_madera,31/07/2024 0:00,20/07/2024 0:00,18,19,5,10.74437866,509.88,509.88
20/07/2024 19:00,bounty_madera,31/07/2024 0:00,20/07/2024 0:00,19,20,5,12.08969933,462.416,462.416
20/07/2024 20:00,bounty_madera,31/07/2024 0:00,20/07/2024 0:00,20,21,5,17.09239342,450.243,450.243
20/07/2024 21:00,bounty_madera,31/07/2024 0:00,20/07/2024 0:00,21,22,5,33.74597288,439.105,439.105
20/07/2024 22:00,bounty_madera,31/07/2024 0:00,20/07/2024 0:00,22,23,5,17.14586133,428.224,428.224
20/07/2024 23:00,bounty_madera,31/07/2024 0:00,20/07/2024 0:00,23,24,5,14.34666456,437.287,437.287
21/07/2024 0:00,bounty_madera,31/07/2024 0:00,21/07/2024 0:00,0,1,6,16.36602987,415.039,415.039
21/07/2024 1:00,bounty_madera,31/07/2024 0:00,21/07/2024 0:00,1,2,6,10.13892541,356.369,356.369
21/07/2024 2:00,bounty_madera,31/07/2024 0:00,21/07/2024 0:00,2,3,6,7.926131692,347.207,347.207
21/07/2024 3:00,bounty_madera,31/07/2024 0:00,21/07/2024 0:00,3,4,6,5.164948075,341.334,341.334
21/07/2024 4:00,bounty_madera,31/07/2024 0:00,21/07/2024 0:00,4,5,6,5.1914086,355.146,355.146
21/07/2024 5:00,bounty_madera,31/07/2024 0:00,21/07/2024 0:00,5,6,6,3.654797842,345.841,345.841
21/07/2024 6:00,bounty_madera,31/07/2024 0:00,21/07/2024 0:00,6,7,6,2.4458746,381.375,381.375
21/07/2024 7:00,bounty_madera,31/07/2024 0:00,21/07/2024 0:00,7,8,6,2.826805892,485.372,485.372
21/07/2024 8:00,bounty_madera,31/07/2024 0:00,21/07/2024 0:00,8,9,6,3.368317475,535.959,535.959
21/07/2024 9:00,bounty_madera,31/07/2024 0:00,21/07/2024 0:00,9,10,6,3.690969033,549.798,549.798
21/07/2024 10:00,bounty_madera,31/07/2024 0:00,21/07/2024 0:00,10,11,6,3.53879555,569.517,569.517
21/07/2024 11:00,bounty_madera,31/07/2024 0:00,21/07/2024 0:00,11,12,6,3.164239525,569.852,569.852
21/07/2024 12:00,bounty_madera,31/07/2024 0:00,21/07/2024 0:00,12,13,6,2.873671442,548.755,548.755
21/07/2024 13:00,bounty_madera,31/07/2024 0:00,21/07/2024 0:00,13,14,6,3.520657792,560.39,560.39
21/07/2024 14:00,bounty_madera,31/07/2024 0:00,21/07/2024 0:00,14,15,6,4.168139342,555.206,555.206
21/07/2024 15:00,bounty_madera,31/07/2024 0:00,21/07/2024 0:00,15,16,6,3.96797715,552.888,552.888
21/07/2024 16:00,bounty_madera,31/07/2024 0:00,21/07/2024 0:00,16,17,6,3.836531742,524.32,524.32
21/07/2024 17:00,bounty_madera,31/07/2024 0:00,21/07/2024 0:00,17,18,6,4.5426127,520.959,520.959
21/07/2024 18:00,bounty_madera,31/07/2024 0:00,21/07/2024 0:00,18,19,6,5.095371983,498.133,498.133
21/07/2024 19:00,bounty_madera,31/07/2024 0:00,21/07/2024 0:00,19,20,6,4.732153258,470.728,470.728
21/07/2024 20:00,bounty_madera,31/07/2024 0:00,21/07/2024 0:00,20,21,6,5.52707325,473.706,473.706
21/07/2024 21:00,bounty_madera,31/07/2024 0:00,21/07/2024 0:00,21,22,6,4.821608367,448.895,448.895
21/07/2024 22:00,bounty_madera,31/07/2024 0:00,21/07/2024 0:00,22,23,6,4.264173292,400.377,400.377
21/07/2024 23:00,bounty_madera,31/07/2024 0:00,21/07/2024 0:00,23,24,6,4.116847067,400.545,400.545
22/07/2024 0:00,bounty_madera,31/07/2024 0:00,22/07/2024 0:00,0,1,0,3.779040733,397.463,397.463
22/07/2024 1:00,bounty_madera,31/07/2024 0:00,22/07/2024 0:00,1,2,0,3.113530117,344.408,344.408
22/07/2024 2:00,bounty_madera,31/07/2024 0:00,22/07/2024 0:00,2,3,0,3.002880092,332.372,332.372
22/07/2024 3:00,bounty_madera,31/07/2024 0:00,22/07/2024 0:00,3,4,0,2.949237433,345.517,345.517
22/07/2024 4:00,bounty_madera,31/07/2024 0:00,22/07/2024 0:00,4,5,0,3.041136908,374.187,374.187
22/07/2024 5:00,bounty_madera,31/07/2024 0:00,22/07/2024 0:00,5,6,0,2.510631983,399.689,399.689
22/07/2024 6:00,bounty_madera,31/07/2024 0:00,22/07/2024 0:00,6,7,0,2.492670217,412.301,412.301
22/07/2024 7:00,bounty_madera,31/07/2024 0:00,22/07/2024 0:00,7,8,0,3.108695017,455.863,455.863
22/07/2024 8:00,bounty_madera,31/07/2024 0:00,22/07/2024 0:00,8,9,0,4.239596808,515.455,515.455
22/07/2024 9:00,bounty_madera,31/07/2024 0:00,22/07/2024 0:00,9,10,0,4.168554433,561.273,561.273
22/07/2024 10:00,bounty_madera,31/07/2024 0:00,22/07/2024 0:00,10,11,0,5.512656717,557.275,557.275
22/07/2024 11:00,bounty_madera,31/07/2024 0:00,22/07/2024 0:00,11,12,0,4.203083158,531.564,531.564
22/07/2024 12:00,bounty_madera,31/07/2024 0:00,22/07/2024 0:00,12,13,0,3.172182067,517.256,517.256
22/07/2024 13:00,bounty_madera,31/07/2024 0:00,22/07/2024 0:00,13,14,0,4.968610242,489.855,489.855
22/07/2024 14:00,bounty_madera,31/07/2024 0:00,22/07/2024 0:00,14,15,0,3.971892358,423.842,423.842
22/07/2024 15:00,bounty_madera,31/07/2024 0:00,22/07/2024 0:00,15,16,0,5.482384583,398.803,398.803
22/07/2024 16:00,bounty_madera,31/07/2024 0:00,22/07/2024 0:00,16,17,0,4.018927733,412.814,412.814
22/07/2024 17:00,bounty_madera,31/07/2024 0:00,22/07/2024 0:00,17,18,0,4.104475083,416.11,416.11
22/07/2024 18:00,bounty_madera,31/07/2024 0:00,22/07/2024 0:00,18,19,0,4.2334769,402.94,402.94
22/07/2024 19:00,bounty_madera,31/07/2024 0:00,22/07/2024 0:00,19,20,0,3.483661142,358.034,358.034
22/07/2024 20:00,bounty_madera,31/07/2024 0:00,22/07/2024 0:00,20,21,0,3.766888333,351.531,351.531
22/07/2024 21:00,bounty_madera,31/07/2024 0:00,22/07/2024 0:00,21,22,0,3.796367508,340.044,340.044
22/07/2024 22:00,bounty_madera,31/07/2024 0:00,22/07/2024 0:00,22,23,0,3.272254975,345.711,345.711
22/07/2024 23:00,bounty_madera,31/07/2024 0:00,22/07/2024 0:00,23,24,0,2.90241145,346.26,346.26
23/07/2024 0:00,bounty_madera,31/07/2024 0:00,23/07/2024 0:00,0,1,1,3.361956992,337.39,337.39
23/07/2024 1:00,bounty_madera,31/07/2024 0:00,23/07/2024 0:00,1,2,1,3.085902125,315.428,315.428
23/07/2024 2:00,bounty_madera,31/07/2024 0:00,23/07/2024 0:00,2,3,1,2.975860625,309.266,309.266
23/07/2024 3:00,bounty_madera,31/07/2024 0:00,23/07/2024 0:00,3,4,1,2.824752133,303.195,303.195
23/07/2024 4:00,bounty_madera,31/07/2024 0:00,23/07/2024 0:00,4,5,1,2.930291542,328.187,328.187
23/07/2024 5:00,bounty_madera,31/07/2024 0:00,23/07/2024 0:00,5,6,1,2.704222642,335.713,335.713
23/07/2024 6:00,bounty_madera,31/07/2024 0:00,23/07/2024 0:00,6,7,1,2.507370833,363.211,363.211
23/07/2024 7:00,bounty_madera,31/07/2024 0:00,23/07/2024 0:00,7,8,1,3.035501808,387.624,387.624
23/07/2024 8:00,bounty_madera,31/07/2024 0:00,23/07/2024 0:00,8,9,1,3.877134008,412.184,412.184
23/07/2024 9:00,bounty_madera,31/07/2024 0:00,23/07/2024 0:00,9,10,1,3.637964167,469.497,469.497
23/07/2024 10:00,bounty_madera,31/07/2024 0:00,23/07/2024 0:00,10,11,1,4.7888412,482.923,482.923
23/07/2024 11:00,bounty_madera,31/07/2024 0:00,23/07/2024 0:00,11,12,1,2.555022558,418.739,418.739
23/07/2024 12:00,bounty_madera,31/07/2024 0:00,23/07/2024 0:00,12,13,1,2.574053267,487.77,487.77
23/07/2024 13:00,bounty_madera,31/07/2024 0:00,23/07/2024 0:00,13,14,1,3.463991792,521.228,521.228
23/07/2024 14:00,bounty_madera,31/07/2024 0:00,23/07/2024 0:00,14,15,1,2.432068008,503.051,503.051
23/07/2024 15:00,bounty_madera,31/07/2024 0:00,23/07/2024 0:00,15,16,1,3.670575158,493.307,493.307
23/07/2024 16:00,bounty_madera,31/07/2024 0:00,23/07/2024 0:00,16,17,1,2.492863292,489.092,489.092
23/07/2024 17:00,bounty_madera,31/07/2024 0:00,23/07/2024 0:00,17,18,1,3.415446808,484.789,484.789
23/07/2024 18:00,bounty_madera,31/07/2024 0:00,23/07/2024 0:00,18,19,1,4.077807917,436.875,436.875
23/07/2024 19:00,bounty_madera,31/07/2024 0:00,23/07/2024 0:00,19,20,1,3.892037667,387.202,387.202
23/07/2024 20:00,bounty_madera,31/07/2024 0:00,23/07/2024 0:00,20,21,1,4.257366483,365.232,365.232
23/07/2024 21:00,bounty_madera,31/07/2024 0:00,23/07/2024 0:00,21,22,1,3.110569683,350.671,350.671
23/07/2024 22:00,bounty_madera,31/07/2024 0:00,23/07/2024 0:00,22,23,1,3.108535117,342.997,342.997
23/07/2024 23:00,bounty_madera,31/07/2024 0:00,23/07/2024 0:00,23,24,1,2.419735008,353.814,353.814
24/07/2024 0:00,bounty_madera,31/07/2024 0:00,24/07/2024 0:00,0,1,2,2.945600417,340.133,340.133
24/07/2024 1:00,bounty_madera,31/07/2024 0:00,24/07/2024 0:00,1,2,2,2.4362024,311.082,311.082
24/07/2024 2:00,bounty_madera,31/07/2024 0:00,24/07/2024 0:00,2,3,2,1.029029825,309.401,309.401
24/07/2024 3:00,bounty_madera,31/07/2024 0:00,24/07/2024 0:00,3,4,2,0.194265183,302.408,302.408
24/07/2024 4:00,bounty_madera,31/07/2024 0:00,24/07/2024 0:00,4,5,2,0.233580767,292.438,292.438
24/07/2024 5:00,bounty_madera,31/07/2024 0:00,24/07/2024 0:00,5,6,2,2.268167558,324.181,324.181
24/07/2024 6:00,bounty_madera,31/07/2024 0:00,24/07/2024 0:00,6,7,2,2.186280825,366.365,366.365
24/07/2024 7:00,bounty_madera,31/07/2024 0:00,24/07/2024 0:00,7,8,2,3.0694385,364.01,364.01
24/07/2024 8:00,bounty_madera,31/07/2024 0:00,24/07/2024 0:00,8,9,2,3.66263145,370.515,370.515
24/07/2024 9:00,bounty_madera,31/07/2024 0:00,24/07/2024 0:00,9,10,2,2.715384367,386.893,386.893
24/07/2024 10:00,bounty_madera,31/07/2024 0:00,24/07/2024 0:00,10,11,2,3.801197783,376.713,376.713
24/07/2024 11:00,bounty_madera,31/07/2024 0:00,24/07/2024 0:00,11,12,2,2.90171615,338.133,338.133
24/07/2024 12:00,bounty_madera,31/07/2024 0:00,24/07/2024 0:00,12,13,2,2.226811992,343.529,343.529
24/07/2024 13:00,bounty_madera,31/07/2024 0:00,24/07/2024 0:00,13,14,2,1.886520092,365.359,365.359
24/07/2024 14:00,bounty_madera,31/07/2024 0:00,24/07/2024 0:00,14,15,2,1.074000325,337.626,337.626
24/07/2024 15:00,bounty_madera,31/07/2024 0:00,24/07/2024 0:00,15,16,2,3.309578383,332.36,332.36
24/07/2024 16:00,bounty_madera,31/07/2024 0:00,24/07/2024 0:00,16,17,2,1.34149445,337.012,337.012
24/07/2024 17:00,bounty_madera,31/07/2024 0:00,24/07/2024 0:00,17,18,2,2.080383983,340.652,340.652
24/07/2024 18:00,bounty_madera,31/07/2024 0:00,24/07/2024 0:00,18,19,2,3.458441233,334.509,334.509
24/07/2024 19:00,bounty_madera,31/07/2024 0:00,24/07/2024 0:00,19,20,2,3.253116092,297.621,297.621
24/07/2024 20:00,bounty_madera,31/07/2024 0:00,24/07/2024 0:00,20,21,2,3.668769283,309.766,309.766
24/07/2024 21:00,bounty_madera,31/07/2024 0:00,24/07/2024 0:00,21,22,2,3.323840692,303.115,303.115
24/07/2024 22:00,bounty_madera,31/07/2024 0:00,24/07/2024 0:00,22,23,2,3.072766158,311.199,311.199
24/07/2024 23:00,bounty_madera,31/07/2024 0:00,24/07/2024 0:00,23,24,2,2.855724858,329.473,329.473
25/07/2024 0:00,bounty_madera,31/07/2024 0:00,25/07/2024 0:00,0,1,3,2.917258142,329.028,329.028
25/07/2024 1:00,bounty_madera,31/07/2024 0:00,25/07/2024 0:00,1,2,3,2.879724742,298.323,298.323
25/07/2024 2:00,bounty_madera,31/07/2024 0:00,25/07/2024 0:00,2,3,3,2.785684283,291.823,291.823
25/07/2024 3:00,bounty_madera,31/07/2024 0:00,25/07/2024 0:00,3,4,3,2.778833383,303.938,303.938
25/07/2024 4:00,bounty_madera,31/07/2024 0:00,25/07/2024 0:00,4,5,3,2.875570058,319.022,319.022
25/07/2024 5:00,bounty_madera,31/07/2024 0:00,25/07/2024 0:00,5,6,3,3.033228567,355.089,355.089
25/07/2024 6:00,bounty_madera,31/07/2024 0:00,25/07/2024 0:00,6,7,3,2.657744233,423.437,423.437
25/07/2024 7:00,bounty_madera,31/07/2024 0:00,25/07/2024 0:00,7,8,3,3.368220883,440.323,440.323
25/07/2024 8:00,bounty_madera,31/07/2024 0:00,25/07/2024 0:00,8,9,3,4.20764165,464.309,464.309
25/07/2024 9:00,bounty_madera,31/07/2024 0:00,25/07/2024 0:00,9,10,3,5.495239542,471.728,471.728
25/07/2024 10:00,bounty_madera,31/07/2024 0:00,25/07/2024 0:00,10,11,3,4.174525692,481.447,481.447
25/07/2024 11:00,bounty_madera,31/07/2024 0:00,25/07/2024 0:00,11,12,3,3.205533775,459.703,459.703
25/07/2024 12:00,bounty_madera,31/07/2024 0:00,25/07/2024 0:00,12,13,3,3.290616867,430.059,430.059
25/07/2024 13:00,bounty_madera,31/07/2024 0:00,25/07/2024 0:00,13,14,3,5.292856117,459.287,459.287
25/07/2024 14:00,bounty_madera,31/07/2024 0:00,25/07/2024 0:00,14,15,3,3.997196358,456.269,456.269
25/07/2024 15:00,bounty_madera,31/07/2024 0:00,25/07/2024 0:00,15,16,3,5.751237008,453.57,453.57
25/07/2024 16:00,bounty_madera,31/07/2024 0:00,25/07/2024 0:00,16,17,3,3.245934192,471.535,471.535
25/07/2024 17:00,bounty_madera,31/07/2024 0:00,25/07/2024 0:00,17,18,3,3.688070158,466.977,466.977
25/07/2024 18:00,bounty_madera,31/07/2024 0:00,25/07/2024 0:00,18,19,3,5.019306825,452.615,452.615
25/07/2024 19:00,bounty_madera,31/07/2024 0:00,25/07/2024 0:00,19,20,3,4.020731867,406.918,406.918
25/07/2024 20:00,bounty_madera,31/07/2024 0:00,25/07/2024 0:00,20,21,3,6.023497917,397.765,397.765
25/07/2024 21:00,bounty_madera,31/07/2024 0:00,25/07/2024 0:00,21,22,3,3.919593517,392.347,392.347
25/07/2024 22:00,bounty_madera,31/07/2024 0:00,25/07/2024 0:00,22,23,3,3.582647533,386.038,386.038
25/07/2024 23:00,bounty_madera,31/07/2024 0:00,25/07/2024 0:00,23,24,3,3.767635933,405.266,405.266
26/07/2024 0:00,bounty_madera,31/08/2024 0:00,26/07/2024 0:00,0,1,4,3.3405514,384.841,384.841
26/07/2024 1:00,bounty_madera,31/08/2024 0:00,26/07/2024 0:00,1,2,4,3.233759692,343.669,343.669
26/07/2024 2:00,bounty_madera,31/08/2024 0:00,26/07/2024 0:00,2,3,4,2.929201917,354.358,354.358
26/07/2024 3:00,bounty_madera,31/08/2024 0:00,26/07/2024 0:00,3,4,4,2.992525,361.431,361.431
26/07/2024 4:00,bounty_madera,31/08/2024 0:00,26/07/2024 0:00,4,5,4,3.076379608,369.528,369.528
26/07/2024 5:00,bounty_madera,31/08/2024 0:00,26/07/2024 0:00,5,6,4,2.946248042,412.92,412.92
26/07/2024 6:00,bounty_madera,31/08/2024 0:00,26/07/2024 0:00,6,7,4,2.699422717,452.334,452.334
26/07/2024 7:00,bounty_madera,31/08/2024 0:00,26/07/2024 0:00,7,8,4,2.935460575,480.594,480.594
26/07/2024 8:00,bounty_madera,31/08/2024 0:00,26/07/2024 0:00,8,9,4,3.846177292,500.094,500.094
26/07/2024 9:00,bounty_madera,31/08/2024 0:00,26/07/2024 0:00,9,10,4,3.224978583,499.308,499.308
26/07/2024 10:00,bounty_madera,31/08/2024 0:00,26/07/2024 0:00,10,11,4,4.915032117,497.787,497.787
26/07/2024 11:00,bounty_madera,31/08/2024 0:00,26/07/2024 0:00,11,12,4,3.6221389,479.321,479.321
26/07/2024 12:00,bounty_madera,31/08/2024 0:00,26/07/2024 0:00,12,13,4,3.618820175,528.309,528.309
26/07/2024 13:00,bounty_madera,31/08/2024 0:00,26/07/2024 0:00,13,14,4,5.095618317,528.486,528.486
26/07/2024 14:00,bounty_madera,31/08/2024 0:00,26/07/2024 0:00,14,15,4,5.306269308,539.958,539.958
26/07/2024 15:00,bounty_madera,31/08/2024 0:00,26/07/2024 0:00,15,16,4,7.393514683,519.899,519.899
26/07/2024 16:00,bounty_madera,31/08/2024 0:00,26/07/2024 0:00,16,17,4,4.448639083,501.446,501.446
26/07/2024 17:00,bounty_madera,31/08/2024 0:00,26/07/2024 0:00,17,18,4,4.0141742,491.903,491.903
26/07/2024 18:00,bounty_madera,31/08/2024 0:00,26/07/2024 0:00,18,19,4,5.701056183,458.443,458.443
26/07/2024 19:00,bounty_madera,31/08/2024 0:00,26/07/2024 0:00,19,20,4,5.034033158,445.242,445.242
26/07/2024 20:00,bounty_madera,31/08/2024 0:00,26/07/2024 0:00,20,21,4,7.809878317,435.384,435.384
26/07/2024 21:00,bounty_madera,31/08/2024 0:00,26/07/2024 0:00,21,22,4,5.1123518,426.136,426.136
26/07/2024 22:00,bounty_madera,31/08/2024 0:00,26/07/2024 0:00,22,23,4,4.527226358,421.147,421.147
26/07/2024 23:00,bounty_madera,31/08/2024 0:00,26/07/2024 0:00,23,24,4,5.226870692,416.111,416.111
27/07/2024 0:00,bounty_madera,31/08/2024 0:00,27/07/2024 0:00,0,1,5,3.698113692,420.948,420.948
27/07/2024 1:00,bounty_madera,31/08/2024 0:00,27/07/2024 0:00,1,2,5,3.583138092,372.506,372.506
27/07/2024 2:00,bounty_madera,31/08/2024 0:00,27/07/2024 0:00,2,3,5,3.256069192,329.23,329.23
27/07/2024 3:00,bounty_madera,31/08/2024 0:00,27/07/2024 0:00,3,4,5,3.068648375,323.881,323.881
27/07/2024 4:00,bounty_madera,31/08/2024 0:00,27/07/2024 0:00,4,5,5,2.972281058,327.043,327.043
27/07/2024 5:00,bounty_madera,31/08/2024 0:00,27/07/2024 0:00,5,6,5,2.218763517,344.213,344.213
27/07/2024 6:00,bounty_madera,31/08/2024 0:00,27/07/2024 0:00,6,7,5,1.435238042,397.551,397.551
27/07/2024 7:00,bounty_madera,31/08/2024 0:00,27/07/2024 0:00,7,8,5,2.568166108,438.844,438.844
27/07/2024 8:00,bounty_madera,31/08/2024 0:00,27/07/2024 0:00,8,9,5,2.91006065,505.7,505.7
27/07/2024 9:00,bounty_madera,31/08/2024 0:00,27/07/2024 0:00,9,10,5,2.42169995,537.91,537.91
27/07/2024 10:00,bounty_madera,31/08/2024 0:00,27/07/2024 0:00,10,11,5,2.874032267,529.665,529.665
27/07/2024 11:00,bounty_madera,31/08/2024 0:00,27/07/2024 0:00,11,12,5,3.328515267,530.453,530.453
27/07/2024 12:00,bounty_madera,31/08/2024 0:00,27/07/2024 0:00,12,13,5,2.938347942,543.484,543.484
27/07/2024 13:00,bounty_madera,31/08/2024 0:00,27/07/2024 0:00,13,14,5,3.692764983,482.957,482.957
27/07/2024 14:00,bounty_madera,31/08/2024 0:00,27/07/2024 0:00,14,15,5,3.822278308,416.807,416.807
27/07/2024 15:00,bounty_madera,31/08/2024 0:00,27/07/2024 0:00,15,16,5,3.888788333,464.763,464.763
27/07/2024 16:00,bounty_madera,31/08/2024 0:00,27/07/2024 0:00,16,17,5,3.699031958,489.415,489.415
27/07/2024 17:00,bounty_madera,31/08/2024 0:00,27/07/2024 0:00,17,18,5,3.798608933,498.145,498.145
27/07/2024 18:00,bounty_madera,31/08/2024 0:00,27/07/2024 0:00,18,19,5,5.0058079,449.882,449.882
27/07/2024 19:00,bounty_madera,31/08/2024 0:00,27/07/2024 0:00,19,20,5,5.021015958,415.451,415.451
27/07/2024 20:00,bounty_madera,31/08/2024 0:00,27/07/2024 0:00,20,21,5,5.220323317,402.801,402.801
27/07/2024 21:00,bounty_madera,31/08/2024 0:00,27/07/2024 0:00,21,22,5,8.9984438,387.898,387.898
27/07/2024 22:00,bounty_madera,31/08/2024 0:00,27/07/2024 0:00,22,23,5,4.831808175,390.335,390.335
27/07/2024 23:00,bounty_madera,31/08/2024 0:00,27/07/2024 0:00,23,24,5,7.562278892,403.128,403.128
28/07/2024 0:00,bounty_madera,31/08/2024 0:00,28/07/2024 0:00,0,1,6,6.924722517,380.995,380.995
28/07/2024 1:00,bounty_madera,31/08/2024 0:00,28/07/2024 0:00,1,2,6,4.192007117,343.828,343.828
28/07/2024 2:00,bounty_madera,31/08/2024 0:00,28/07/2024 0:00,2,3,6,3.772620642,326.82,326.82
28/07/2024 3:00,bounty_madera,31/08/2024 0:00,28/07/2024 0:00,3,4,6,3.470750175,307.28,307.28
28/07/2024 4:00,bounty_madera,31/08/2024 0:00,28/07/2024 0:00,4,5,6,3.385865708,317.864,317.864
28/07/2024 5:00,bounty_madera,31/08/2024 0:00,28/07/2024 0:00,5,6,6,3.187076517,341.715,341.715
28/07/2024 6:00,bounty_madera,31/08/2024 0:00,28/07/2024 0:00,6,7,6,2.104880992,392.342,392.342
28/07/2024 7:00,bounty_madera,31/08/2024 0:00,28/07/2024 0:00,7,8,6,2.128456225,421.627,421.627
28/07/2024 8:00,bounty_madera,31/08/2024 0:00,28/07/2024 0:00,8,9,6,3.124899908,499.254,499.254
28/07/2024 9:00,bounty_madera,31/08/2024 0:00,28/07/2024 0:00,9,10,6,3.232843375,520.577,520.577
28/07/2024 10:00,bounty_madera,31/08/2024 0:00,28/07/2024 0:00,10,11,6,3.188325367,535.94,535.94
28/07/2024 11:00,bounty_madera,31/08/2024 0:00,28/07/2024 0:00,11,12,6,3.191900717,513.177,513.177
28/07/2024 12:00,bounty_madera,31/08/2024 0:00,28/07/2024 0:00,12,13,6,3.098654742,427.656,427.656
28/07/2024 13:00,bounty_madera,31/08/2024 0:00,28/07/2024 0:00,13,14,6,2.58123465,460.109,460.109
28/07/2024 14:00,bounty_madera,31/08/2024 0:00,28/07/2024 0:00,14,15,6,2.590228467,448.694,448.694
28/07/2024 15:00,bounty_madera,31/08/2024 0:00,28/07/2024 0:00,15,16,6,2.352785408,409.596,409.596
28/07/2024 16:00,bounty_madera,31/08/2024 0:00,28/07/2024 0:00,16,17,6,2.616604575,397.14,397.14
28/07/2024 17:00,bounty_madera,31/08/2024 0:00,28/07/2024 0:00,17,18,6,3.003731,416.438,416.438
28/07/2024 18:00,bounty_madera,31/08/2024 0:00,28/07/2024 0:00,18,19,6,3.576672975,392.489,392.489
28/07/2024 19:00,bounty_madera,31/08/2024 0:00,28/07/2024 0:00,19,20,6,3.635188092,366.639,366.639
28/07/2024 20:00,bounty_madera,31/08/2024 0:00,28/07/2024 0:00,20,21,6,4.025924042,349.752,349.752
28/07/2024 21:00,bounty_madera,31/08/2024 0:00,28/07/2024 0:00,21,22,6,6.129377233,342.767,342.767
28/07/2024 22:00,bounty_madera,31/08/2024 0:00,28/07/2024 0:00,22,23,6,3.356100758,324.404,324.404
28/07/2024 23:00,bounty_madera,31/08/2024 0:00,28/07/2024 0:00,23,24,6,3.19597035,344.829,344.829
29/07/2024 0:00,bounty_madera,31/08/2024 0:00,29/07/2024 0:00,0,1,0,2.880192183,335.073,335.073
29/07/2024 1:00,bounty_madera,31/08/2024 0:00,29/07/2024 0:00,1,2,0,2.903290542,308.12,308.12
29/07/2024 2:00,bounty_madera,31/08/2024 0:00,29/07/2024 0:00,2,3,0,2.854513008,303.164,303.164
29/07/2024 3:00,bounty_madera,31/08/2024 0:00,29/07/2024 0:00,3,4,0,2.509719908,308.537,308.537
29/07/2024 4:00,bounty_madera,31/08/2024 0:00,29/07/2024 0:00,4,5,0,3.2056916,314.294,314.294
29/07/2024 5:00,bounty_madera,31/08/2024 0:00,29/07/2024 0:00,5,6,0,3.317756842,338.016,338.016
29/07/2024 6:00,bounty_madera,31/08/2024 0:00,29/07/2024 0:00,6,7,0,2.044291775,375.073,375.073
29/07/2024 7:00,bounty_madera,31/08/2024 0:00,29/07/2024 0:00,7,8,0,3.179430883,401.167,401.167
29/07/2024 8:00,bounty_madera,31/08/2024 0:00,29/07/2024 0:00,8,9,0,3.08884435,450.495,450.495
29/07/2024 9:00,bounty_madera,31/08/2024 0:00,29/07/2024 0:00,9,10,0,2.80933835,478.703,478.703
29/07/2024 10:00,bounty_madera,31/08/2024 0:00,29/07/2024 0:00,10,11,0,4.307839175,508.527,508.527
29/07/2024 11:00,bounty_madera,31/08/2024 0:00,29/07/2024 0:00,11,12,0,3.063815858,486.234,486.234
29/07/2024 12:00,bounty_madera,31/08/2024 0:00,29/07/2024 0:00,12,13,0,3.1367263,495.806,495.806
29/07/2024 13:00,bounty_madera,31/08/2024 0:00,29/07/2024 0:00,13,14,0,4.7345155,529.834,529.834
29/07/2024 14:00,bounty_madera,31/08/2024 0:00,29/07/2024 0:00,14,15,0,4.243112208,519.751,519.751
29/07/2024 15:00,bounty_madera,31/08/2024 0:00,29/07/2024 0:00,15,16,0,6.727744567,518.33,518.33
29/07/2024 16:00,bounty_madera,31/08/2024 0:00,29/07/2024 0:00,16,17,0,5.142312908,506.437,506.437
29/07/2024 17:00,bounty_madera,31/08/2024 0:00,29/07/2024 0:00,17,18,0,5.770973975,476.481,476.481
29/07/2024 18:00,bounty_madera,31/08/2024 0:00,29/07/2024 0:00,18,19,0,8.445239742,413.639,413.639
29/07/2024 19:00,bounty_madera,31/08/2024 0:00,29/07/2024 0:00,19,20,0,7.759390225,397.822,397.822
29/07/2024 20:00,bounty_madera,31/08/2024 0:00,29/07/2024 0:00,20,21,0,7.648966775,388.441,388.441
29/07/2024 21:00,bounty_madera,31/08/2024 0:00,29/07/2024 0:00,21,22,0,9.723883908,373.59,373.59
29/07/2024 22:00,bounty_madera,31/08/2024 0:00,29/07/2024 0:00,22,23,0,7.230656858,380.439,380.439
29/07/2024 23:00,bounty_madera,31/08/2024 0:00,29/07/2024 0:00,23,24,0,4.893301025,390.243,390.243
30/07/2024 0:00,bounty_madera,31/08/2024 0:00,30/07/2024 0:00,0,1,1,3.794416075,384.17,384.17
30/07/2024 1:00,bounty_madera,31/08/2024 0:00,30/07/2024 0:00,1,2,1,4.033439467,362.657,362.657
30/07/2024 2:00,bounty_madera,31/08/2024 0:00,30/07/2024 0:00,2,3,1,3.8371647,323.887,323.887
30/07/2024 3:00,bounty_madera,31/08/2024 0:00,30/07/2024 0:00,3,4,1,3.647386617,299.901,299.901
30/07/2024 4:00,bounty_madera,31/08/2024 0:00,30/07/2024 0:00,4,5,1,4.157139658,280.232,280.232
30/07/2024 5:00,bounty_madera,31/08/2024 0:00,30/07/2024 0:00,5,6,1,3.799477508,313.157,313.157
30/07/2024 6:00,bounty_madera,31/08/2024 0:00,30/07/2024 0:00,6,7,1,2.813690775,382.702,382.702
30/07/2024 7:00,bounty_madera,31/08/2024 0:00,30/07/2024 0:00,7,8,1,4.153090342,471.677,471.677
30/07/2024 8:00,bounty_madera,31/08/2024 0:00,30/07/2024 0:00,8,9,1,4.158310483,534.186,534.186
30/07/2024 9:00,bounty_madera,31/08/2024 0:00,30/07/2024 0:00,9,10,1,6.316457158,529.323,529.323
30/07/2024 10:00,bounty_madera,31/08/2024 0:00,30/07/2024 0:00,10,11,1,5.53269095,522.792,522.792
30/07/2024 11:00,bounty_madera,31/08/2024 0:00,30/07/2024 0:00,11,12,1,3.885695883,559.634,559.634
30/07/2024 12:00,bounty_madera,31/08/2024 0:00,30/07/2024 0:00,12,13,1,3.587205192,564.853,564.853
30/07/2024 13:00,bounty_madera,31/08/2024 0:00,30/07/2024 0:00,13,14,1,11.33053644,582.157,582.157
30/07/2024 14:00,bounty_madera,31/08/2024 0:00,30/07/2024 0:00,14,15,1,5.968917725,577.782,577.782
30/07/2024 15:00,bounty_madera,31/08/2024 0:00,30/07/2024 0:00,15,16,1,7.005468383,539.797,539.797
30/07/2024 16:00,bounty_madera,31/08/2024 0:00,30/07/2024 0:00,16,17,1,6.25441395,521.797,521.797
30/07/2024 17:00,bounty_madera,31/08/2024 0:00,30/07/2024 0:00,17,18,1,6.920031275,525.978,525.978
30/07/2024 18:00,bounty_madera,31/08/2024 0:00,30/07/2024 0:00,18,19,1,7.614981558,466.554,466.554
30/07/2024 19:00,bounty_madera,31/08/2024 0:00,30/07/2024 0:00,19,20,1,9.106709317,438.754,438.754
30/07/2024 20:00,bounty_madera,31/08/2024 0:00,30/07/2024 0:00,20,21,1,7.107751683,417.653,417.653
30/07/2024 21:00,bounty_madera,31/08/2024 0:00,30/07/2024 0:00,21,22,1,8.462486975,386.707,386.707
30/07/2024 22:00,bounty_madera,31/08/2024 0:00,30/07/2024 0:00,22,23,1,7.13254055,364.64,364.64
30/07/2024 23:00,bounty_madera,31/08/2024 0:00,30/07/2024 0:00,23,24,1,5.381871975,386.38,386.38
31/07/2024 0:00,bounty_madera,31/08/2024 0:00,31/07/2024 0:00,0,1,2,3.591957975,358.162,358.162
31/07/2024 1:00,bounty_madera,31/08/2024 0:00,31/07/2024 0:00,1,2,2,4.019373717,321.994,321.994
31/07/2024 2:00,bounty_madera,31/08/2024 0:00,31/07/2024 0:00,2,3,2,3.966080433,310.766,310.766
31/07/2024 3:00,bounty_madera,31/08/2024 0:00,31/07/2024 0:00,3,4,2,4.031027983,294.814,294.814
31/07/2024 4:00,bounty_madera,31/08/2024 0:00,31/07/2024 0:00,4,5,2,4.04602675,299.088,299.088
31/07/2024 5:00,bounty_madera,31/08/2024 0:00,31/07/2024 0:00,5,6,2,4.25046325,318.431,318.431
31/07/2024 6:00,bounty_madera,31/08/2024 0:00,31/07/2024 0:00,6,7,2,3.056128792,354.901,354.901
31/07/2024 7:00,bounty_madera,31/08/2024 0:00,31/07/2024 0:00,7,8,2,6.401720608,445.56,445.56
31/07/2024 8:00,bounty_madera,31/08/2024 0:00,31/07/2024 0:00,8,9,2,9.907727608,500.064,500.064
31/07/2024 9:00,bounty_madera,31/08/2024 0:00,31/07/2024 0:00,9,10,2,4.264942133,521.619,521.619
31/07/2024 10:00,bounty_madera,31/08/2024 0:00,31/07/2024 0:00,10,11,2,8.435437275,546.965,546.965
31/07/2024 11:00,bounty_madera,31/08/2024 0:00,31/07/2024 0:00,11,12,2,3.704471858,539.08,539.08
31/07/2024 12:00,bounty_madera,31/08/2024 0:00,31/07/2024 0:00,12,13,2,5.293527258,553.656,553.656
31/07/2024 13:00,bounty_madera,31/08/2024 0:00,31/07/2024 0:00,13,14,2,27.23694379,574.648,574.648
31/07/2024 14:00,bounty_madera,31/08/2024 0:00,31/07/2024 0:00,14,15,2,18.73316647,547.789,547.789
31/07/2024 15:00,bounty_madera,31/08/2024 0:00,31/07/2024 0:00,15,16,2,20.19459728,510.507,510.507
31/07/2024 16:00,bounty_madera,31/08/2024 0:00,31/07/2024 0:00,16,17,2,10.98852708,533.281,533.281
31/07/2024 17:00,bounty_madera,31/08/2024 0:00,31/07/2024 0:00,17,18,2,9.25435305,519.639,519.639
31/07/2024 18:00,bounty_madera,31/08/2024 0:00,31/07/2024 0:00,18,19,2,14.97643616,479.548,479.548
31/07/2024 19:00,bounty_madera,31/08/2024 0:00,31/07/2024 0:00,19,20,2,12.13813488,451.247,451.247
31/07/2024 20:00,bounty_madera,31/08/2024 0:00,31/07/2024 0:00,20,21,2,15.58820564,444.31,444.31
31/07/2024 21:00,bounty_madera,31/08/2024 0:00,31/07/2024 0:00,21,22,2,20.5379278,442.844,442.844
31/07/2024 22:00,bounty_madera,31/08/2024 0:00,31/07/2024 0:00,22,23,2,8.476612375,426.407,426.407
31/07/2024 23:00,bounty_madera,31/08/2024 0:00,31/07/2024 0:00,23,24,2,6.132734367,412.399,412.399
01/08/2024 0:00,bounty_madera,31/08/2024 0:00,01/08/2024 0:00,0,1,3,4.913940117,367.451,367.451
01/08/2024 1:00,bounty_madera,31/08/2024 0:00,01/08/2024 0:00,1,2,3,4.9036929,332.123,332.123
01/08/2024 2:00,bounty_madera,31/08/2024 0:00,01/08/2024 0:00,2,3,3,4.473645942,321.368,321.368
01/08/2024 3:00,bounty_madera,31/08/2024 0:00,01/08/2024 0:00,3,4,3,4.361941742,323.853,323.853
01/08/2024 4:00,bounty_madera,31/08/2024 0:00,01/08/2024 0:00,4,5,3,5.029724125,340.806,340.806
01/08/2024 5:00,bounty_madera,31/08/2024 0:00,01/08/2024 0:00,5,6,3,4.486476567,379.1,379.1
01/08/2024 6:00,bounty_madera,31/08/2024 0:00,01/08/2024 0:00,6,7,3,4.0685649,413.192,413.192
01/08/2024 7:00,bounty_madera,31/08/2024 0:00,01/08/2024 0:00,7,8,3,4.165842308,477.838,477.838
01/08/2024 8:00,bounty_madera,31/08/2024 0:00,01/08/2024 0:00,8,9,3,5.861493417,506.777,506.777
01/08/2024 9:00,bounty_madera,31/08/2024 0:00,01/08/2024 0:00,9,10,3,4.146282933,533.005,533.005
01/08/2024 10:00,bounty_madera,31/08/2024 0:00,01/08/2024 0:00,10,11,3,5.9667109,516.789,516.789
01/08/2024 11:00,bounty_madera,31/08/2024 0:00,01/08/2024 0:00,11,12,3,4.998447475,515.487,515.487
01/08/2024 12:00,bounty_madera,31/08/2024 0:00,01/08/2024 0:00,12,13,3,5.840540542,541.492,541.492
01/08/2024 13:00,bounty_madera,31/08/2024 0:00,01/08/2024 0:00,13,14,3,9.836622417,273.743,273.743
01/08/2024 14:00,bounty_madera,31/08/2024 0:00,01/08/2024 0:00,14,15,3,8.517190408,456.823,456.823
01/08/2024 15:00,bounty_madera,31/08/2024 0:00,01/08/2024 0:00,15,16,3,7.1852124,548.359,548.359
01/08/2024 16:00,bounty_madera,31/08/2024 0:00,01/08/2024 0:00,16,17,3,9.335284058,545.299,545.299
01/08/2024 17:00,bounty_madera,31/08/2024 0:00,01/08/2024 0:00,17,18,3,9.8958534,525.247,525.247
01/08/2024 18:00,bounty_madera,31/08/2024 0:00,01/08/2024 0:00,18,19,3,8.952731258,472.761,472.761
01/08/2024 19:00,bounty_madera,31/08/2024 0:00,01/08/2024 0:00,19,20,3,5.680822725,350.158,350.158
01/08/2024 20:00,bounty_madera,31/08/2024 0:00,01/08/2024 0:00,20,21,3,8.715496183,330.515,330.515
01/08/2024 21:00,bounty_madera,31/08/2024 0:00,01/08/2024 0:00,21,22,3,7.669871717,320.807,320.807
01/08/2024 22:00,bounty_madera,31/08/2024 0:00,01/08/2024 0:00,22,23,3,8.258555458,308.884,308.884
01/08/2024 23:00,bounty_madera,31/08/2024 0:00,01/08/2024 0:00,23,24,3,6.646406025,304.685,304.685
02/08/2024 0:00,bounty_madera,31/08/2024 0:00,02/08/2024 0:00,0,1,4,4.951744942,289.784,289.784
02/08/2024 1:00,bounty_madera,31/08/2024 0:00,02/08/2024 0:00,1,2,4,4.762136925,260.245,260.245
02/08/2024 2:00,bounty_madera,31/08/2024 0:00,02/08/2024 0:00,2,3,4,4.250989217,260.74,260.74
02/08/2024 3:00,bounty_madera,31/08/2024 0:00,02/08/2024 0:00,3,4,4,4.36669475,256.471,256.471
02/08/2024 4:00,bounty_madera,31/08/2024 0:00,02/08/2024 0:00,4,5,4,4.504407942,267.238,267.238
02/08/2024 5:00,bounty_madera,31/08/2024 0:00,02/08/2024 0:00,5,6,4,4.51875395,290.648,290.648
02/08/2024 6:00,bounty_madera,31/08/2024 0:00,02/08/2024 0:00,6,7,4,3.634366917,315.237,315.237
02/08/2024 7:00,bounty_madera,31/08/2024 0:00,02/08/2024 0:00,7,8,4,3.703040867,391.518,391.518
02/08/2024 8:00,bounty_madera,31/08/2024 0:00,02/08/2024 0:00,8,9,4,4.136790575,461.995,461.995
02/08/2024 9:00,bounty_madera,31/08/2024 0:00,02/08/2024 0:00,9,10,4,7.055583375,518.166,518.166
02/08/2024 10:00,bounty_madera,31/08/2024 0:00,02/08/2024 0:00,10,11,4,8.227299967,549.564,549.564
02/08/2024 11:00,bounty_madera,31/08/2024 0:00,02/08/2024 0:00,11,12,4,5.095606467,538.652,538.652
02/08/2024 12:00,bounty_madera,31/08/2024 0:00,02/08/2024 0:00,12,13,4,7.805324058,582.733,582.733
02/08/2024 13:00,bounty_madera,31/08/2024 0:00,02/08/2024 0:00,13,14,4,16.71438226,593.669,593.669
02/08/2024 14:00,bounty_madera,31/08/2024 0:00,02/08/2024 0:00,14,15,4,8.686194142,594.842,594.842
02/08/2024 15:00,bounty_madera,31/08/2024 0:00,02/08/2024 0:00,15,16,4,9.609464158,597.033,597.033
02/08/2024 16:00,bounty_madera,31/08/2024 0:00,02/08/2024 0:00,16,17,4,6.245020508,525.106,525.106
02/08/2024 17:00,bounty_madera,31/08/2024 0:00,02/08/2024 0:00,17,18,4,6.286062275,373.94,373.94
02/08/2024 18:00,bounty_madera,31/08/2024 0:00,02/08/2024 0:00,18,19,4,7.244895658,316.806,316.806
02/08/2024 19:00,bounty_madera,31/08/2024 0:00,02/08/2024 0:00,19,20,4,5.921262483,306.21,306.21
02/08/2024 20:00,bounty_madera,31/08/2024 0:00,02/08/2024 0:00,20,21,4,5.144575033,300.75,300.75
02/08/2024 21:00,bounty_madera,31/08/2024 0:00,02/08/2024 0:00,21,22,4,6.558443667,302.169,302.169
02/08/2024 22:00,bounty_madera,31/08/2024 0:00,02/08/2024 0:00,22,23,4,5.826987908,293.425,293.425
02/08/2024 23:00,bounty_madera,31/08/2024 0:00,02/08/2024 0:00,23,24,4,5.357753483,307.645,307.645
03/08/2024 0:00,bounty_madera,31/08/2024 0:00,03/08/2024 0:00,0,1,5,4.128266308,293.1,293.1
03/08/2024 1:00,bounty_madera,31/08/2024 0:00,03/08/2024 0:00,1,2,5,4.089059025,265.584,265.584
03/08/2024 2:00,bounty_madera,31/08/2024 0:00,03/08/2024 0:00,2,3,5,4.082707158,261.391,261.391
03/08/2024 3:00,bounty_madera,31/08/2024 0:00,03/08/2024 0:00,3,4,5,3.756632442,253.52,253.52
03/08/2024 4:00,bounty_madera,31/08/2024 0:00,03/08/2024 0:00,4,5,5,3.709999075,265.122,265.122
03/08/2024 5:00,bounty_madera,31/08/2024 0:00,03/08/2024 0:00,5,6,5,3.38995945,295.038,295.038
03/08/2024 6:00,bounty_madera,31/08/2024 0:00,03/08/2024 0:00,6,7,5,3.086129567,296.96,296.96
03/08/2024 7:00,bounty_madera,31/08/2024 0:00,03/08/2024 0:00,7,8,5,2.88794555,342.106,342.106
03/08/2024 8:00,bounty_madera,31/08/2024 0:00,03/08/2024 0:00,8,9,5,2.919688533,13.087,13.087
03/08/2024 9:00,bounty_madera,31/08/2024 0:00,03/08/2024 0:00,9,10,5,3.019787808,0,0
03/08/2024 10:00,bounty_madera,31/08/2024 0:00,03/08/2024 0:00,10,11,5,4.730780683,0,0
03/08/2024 11:00,bounty_madera,31/08/2024 0:00,03/08/2024 0:00,11,12,5,3.879080342,0,0
03/08/2024 12:00,bounty_madera,31/08/2024 0:00,03/08/2024 0:00,12,13,5,4.221382458,0,0
03/08/2024 13:00,bounty_madera,31/08/2024 0:00,03/08/2024 0:00,13,14,5,6.7746479,0,0
03/08/2024 14:00,bounty_madera,31/08/2024 0:00,03/08/2024 0:00,14,15,5,5.547108125,0,0
03/08/2024 15:00,bounty_madera,31/08/2024 0:00,03/08/2024 0:00,15,16,5,4.821954883,0,0
03/08/2024 16:00,bounty_madera,31/08/2024 0:00,03/08/2024 0:00,16,17,5,5.7036316,0,0
03/08/2024 17:00,bounty_madera,31/08/2024 0:00,03/08/2024 0:00,17,18,5,3.2542043,0,0
03/08/2024 18:00,bounty_madera,31/08/2024 0:00,03/08/2024 0:00,18,19,5,4.724990817,0,0
03/08/2024 19:00,bounty_madera,31/08/2024 0:00,03/08/2024 0:00,19,20,5,5.2017272,187.874,187.874
03/08/2024 20:00,bounty_madera,31/08/2024 0:00,03/08/2024 0:00,20,21,5,5.668758933,306.294,306.294
03/08/2024 21:00,bounty_madera,31/08/2024 0:00,03/08/2024 0:00,21,22,5,8.186450525,307.514,307.514
03/08/2024 22:00,bounty_madera,31/08/2024 0:00,03/08/2024 0:00,22,23,5,6.530422075,298.792,298.792
03/08/2024 23:00,bounty_madera,31/08/2024 0:00,03/08/2024 0:00,23,24,5,6.310939583,331.345,331.345
04/08/2024 0:00,bounty_madera,31/08/2024 0:00,04/08/2024 0:00,0,1,6,5.116457958,307.764,307.764
04/08/2024 1:00,bounty_madera,31/08/2024 0:00,04/08/2024 0:00,1,2,6,4.205263317,277.552,277.552
04/08/2024 2:00,bounty_madera,31/08/2024 0:00,04/08/2024 0:00,2,3,6,4.006277375,267.522,267.522
04/08/2024 3:00,bounty_madera,31/08/2024 0:00,04/08/2024 0:00,3,4,6,3.545022742,268.606,268.606
04/08/2024 4:00,bounty_madera,31/08/2024 0:00,04/08/2024 0:00,4,5,6,3.27437075,275.832,275.832
04/08/2024 5:00,bounty_madera,31/08/2024 0:00,04/08/2024 0:00,5,6,6,4.303113467,306.286,306.286
04/08/2024 6:00,bounty_madera,31/08/2024 0:00,04/08/2024 0:00,6,7,6,3.19347445,313.463,313.463
04/08/2024 7:00,bounty_madera,31/08/2024 0:00,04/08/2024 0:00,7,8,6,3.375076625,367.517,367.517
04/08/2024 8:00,bounty_madera,31/08/2024 0:00,04/08/2024 0:00,8,9,6,2.624970908,453.515,453.515
04/08/2024 9:00,bounty_madera,31/08/2024 0:00,04/08/2024 0:00,9,10,6,3.556247167,521.938,521.938
04/08/2024 10:00,bounty_madera,31/08/2024 0:00,04/08/2024 0:00,10,11,6,4.304617208,547.02,547.02
04/08/2024 11:00,bounty_madera,31/08/2024 0:00,04/08/2024 0:00,11,12,6,3.940355875,534.122,534.122
04/08/2024 12:00,bounty_madera,31/08/2024 0:00,04/08/2024 0:00,12,13,6,3.217473225,558.546,558.546
04/08/2024 13:00,bounty_madera,31/08/2024 0:00,04/08/2024 0:00,13,14,6,4.046580475,581.26,581.26
04/08/2024 14:00,bounty_madera,31/08/2024 0:00,04/08/2024 0:00,14,15,6,3.888893192,440.445,440.445
04/08/2024 15:00,bounty_madera,31/08/2024 0:00,04/08/2024 0:00,15,16,6,5.354143267,399.959,399.959
04/08/2024 16:00,bounty_madera,31/08/2024 0:00,04/08/2024 0:00,16,17,6,4.98603725,426.133,426.133
04/08/2024 17:00,bounty_madera,31/08/2024 0:00,04/08/2024 0:00,17,18,6,5.478976417,465.826,465.826
04/08/2024 18:00,bounty_madera,31/08/2024 0:00,04/08/2024 0:00,18,19,6,5.120298108,442.107,442.107
04/08/2024 19:00,bounty_madera,31/08/2024 0:00,04/08/2024 0:00,19,20,6,6.111211008,426.556,426.556
04/08/2024 20:00,bounty_madera,31/08/2024 0:00,04/08/2024 0:00,20,21,6,8.065718975,406.515,406.515
04/08/2024 21:00,bounty_madera,31/08/2024 0:00,04/08/2024 0:00,21,22,6,6.155147617,410.163,410.163
04/08/2024 22:00,bounty_madera,31/08/2024 0:00,04/08/2024 0:00,22,23,6,5.047884058,408.757,408.757
04/08/2024 23:00,bounty_madera,31/08/2024 0:00,04/08/2024 0:00,23,24,6,4.350835108,399.768,399.768
05/08/2024 0:00,bounty_madera,31/08/2024 0:00,05/08/2024 0:00,0,1,0,4.590618867,385.38,385.38
05/08/2024 1:00,bounty_madera,31/08/2024 0:00,05/08/2024 0:00,1,2,0,4.247638683,351.269,351.269
05/08/2024 2:00,bounty_madera,31/08/2024 0:00,05/08/2024 0:00,2,3,0,4.406019342,336.974,336.974
05/08/2024 3:00,bounty_madera,31/08/2024 0:00,05/08/2024 0:00,3,4,0,4.316086917,308.717,308.717
05/08/2024 4:00,bounty_madera,31/08/2024 0:00,05/08/2024 0:00,4,5,0,4.771551708,308.151,308.151
05/08/2024 5:00,bounty_madera,31/08/2024 0:00,05/08/2024 0:00,5,6,0,5.03529265,337.009,337.009
05/08/2024 6:00,bounty_madera,31/08/2024 0:00,05/08/2024 0:00,6,7,0,3.617904842,354.548,354.548
05/08/2024 7:00,bounty_madera,31/08/2024 0:00,05/08/2024 0:00,7,8,0,4.627571942,404.737,404.737
05/08/2024 8:00,bounty_madera,31/08/2024 0:00,05/08/2024 0:00,8,9,0,6.877697267,499.937,499.937
05/08/2024 9:00,bounty_madera,31/08/2024 0:00,05/08/2024 0:00,9,10,0,10.11972315,518.487,518.487
05/08/2024 10:00,bounty_madera,31/08/2024 0:00,05/08/2024 0:00,10,11,0,12.49125976,553.844,553.844
05/08/2024 11:00,bounty_madera,31/08/2024 0:00,05/08/2024 0:00,11,12,0,6.114097158,552.489,552.489
05/08/2024 12:00,bounty_madera,31/08/2024 0:00,05/08/2024 0:00,12,13,0,8.123747742,534.918,534.918
05/08/2024 13:00,bounty_madera,31/08/2024 0:00,05/08/2024 0:00,13,14,0,16.50284897,459.156,459.156
05/08/2024 14:00,bounty_madera,31/08/2024 0:00,05/08/2024 0:00,14,15,0,10.11668446,424.318,424.318
05/08/2024 15:00,bounty_madera,31/08/2024 0:00,05/08/2024 0:00,15,16,0,9.100968892,456.995,456.995
05/08/2024 16:00,bounty_madera,31/08/2024 0:00,05/08/2024 0:00,16,17,0,6.372657717,475.226,475.226
05/08/2024 17:00,bounty_madera,31/08/2024 0:00,05/08/2024 0:00,17,18,0,6.21476975,497.188,497.188
05/08/2024 18:00,bounty_madera,31/08/2024 0:00,05/08/2024 0:00,18,19,0,19.43029059,468.131,468.131
05/08/2024 19:00,bounty_madera,31/08/2024 0:00,05/08/2024 0:00,19,20,0,15.47562601,447.405,447.405
05/08/2024 20:00,bounty_madera,31/08/2024 0:00,05/08/2024 0:00,20,21,0,14.50373944,437.145,437.145
05/08/2024 21:00,bounty_madera,31/08/2024 0:00,05/08/2024 0:00,21,22,0,18.46674738,446.037,446.037
05/08/2024 22:00,bounty_madera,31/08/2024 0:00,05/08/2024 0:00,22,23,0,10.1910341,456.696,456.696
05/08/2024 23:00,bounty_madera,31/08/2024 0:00,05/08/2024 0:00,23,24,0,6.7564694,452.815,452.815
06/08/2024 0:00,bounty_madera,31/08/2024 0:00,06/08/2024 0:00,0,1,1,4.845844,432.927,432.927
06/08/2024 1:00,bounty_madera,31/08/2024 0:00,06/08/2024 0:00,1,2,1,4.871636342,406.347,406.347
06/08/2024 2:00,bounty_madera,31/08/2024 0:00,06/08/2024 0:00,2,3,1,4.435854433,383.749,383.749
06/08/2024 3:00,bounty_madera,31/08/2024 0:00,06/08/2024 0:00,3,4,1,4.26681725,367.327,367.327
06/08/2024 4:00,bounty_madera,31/08/2024 0:00,06/08/2024 0:00,4,5,1,4.23082895,365.115,365.115
06/08/2024 5:00,bounty_madera,31/08/2024 0:00,06/08/2024 0:00,5,6,1,4.173184217,394.322,394.322
06/08/2024 6:00,bounty_madera,31/08/2024 0:00,06/08/2024 0:00,6,7,1,3.388910333,424.824,424.824
06/08/2024 7:00,bounty_madera,31/08/2024 0:00,06/08/2024 0:00,7,8,1,3.542027942,475.987,475.987
06/08/2024 8:00,bounty_madera,31/08/2024 0:00,06/08/2024 0:00,8,9,1,4.689926525,504.665,504.665
06/08/2024 9:00,bounty_madera,31/08/2024 0:00,06/08/2024 0:00,9,10,1,5.911026733,515.437,515.437
06/08/2024 10:00,bounty_madera,31/08/2024 0:00,06/08/2024 0:00,10,11,1,12.81570183,519.921,519.921
06/08/2024 11:00,bounty_madera,31/08/2024 0:00,06/08/2024 0:00,11,12,1,9.642889533,426.703,426.703
06/08/2024 12:00,bounty_madera,31/08/2024 0:00,06/08/2024 0:00,12,13,1,5.482768558,454.856,454.856
06/08/2024 13:00,bounty_madera,31/08/2024 0:00,06/08/2024 0:00,13,14,1,7.399218925,513.114,513.114
06/08/2024 14:00,bounty_madera,31/08/2024 0:00,06/08/2024 0:00,14,15,1,8.761549408,534.055,534.055
06/08/2024 15:00,bounty_madera,31/08/2024 0:00,06/08/2024 0:00,15,16,1,9.380019933,540.569,540.569
06/08/2024 16:00,bounty_madera,31/08/2024 0:00,06/08/2024 0:00,16,17,1,18.08168883,531.681,531.681
06/08/2024 17:00,bounty_madera,31/08/2024 0:00,06/08/2024 0:00,17,18,1,8.395134408,487.629,487.629
06/08/2024 18:00,bounty_madera,31/08/2024 0:00,06/08/2024 0:00,18,19,1,12.89115349,435.506,435.506
06/08/2024 19:00,bounty_madera,31/08/2024 0:00,06/08/2024 0:00,19,20,1,13.47880973,400.461,400.461
06/08/2024 20:00,bounty_madera,31/08/2024 0:00,06/08/2024 0:00,20,21,1,32.02254245,376.761,376.761
06/08/2024 21:00,bounty_madera,31/08/2024 0:00,06/08/2024 0:00,21,22,1,24.86435653,367.979,367.979
06/08/2024 22:00,bounty_madera,31/08/2024 0:00,06/08/2024 0:00,22,23,1,9.217240558,349.503,349.503
06/08/2024 23:00,bounty_madera,31/08/2024 0:00,06/08/2024 0:00,23,24,1,5.428275833,368.482,368.482
07/08/2024 0:00,bounty_madera,31/08/2024 0:00,07/08/2024 0:00,0,1,2,7.177447967,337.112,337.112
07/08/2024 1:00,bounty_madera,31/08/2024 0:00,07/08/2024 0:00,1,2,2,5.290163058,295.38,295.38
07/08/2024 2:00,bounty_madera,31/08/2024 0:00,07/08/2024 0:00,2,3,2,4.230701125,308.292,308.292
07/08/2024 3:00,bounty_madera,31/08/2024 0:00,07/08/2024 0:00,3,4,2,5.02338905,302.471,302.471
07/08/2024 4:00,bounty_madera,31/08/2024 0:00,07/08/2024 0:00,4,5,2,5.174899892,307.978,307.978
07/08/2024 5:00,bounty_madera,31/08/2024 0:00,07/08/2024 0:00,5,6,2,4.831217425,315.256,315.256
07/08/2024 6:00,bounty_madera,31/08/2024 0:00,07/08/2024 0:00,6,7,2,3.624858375,358.815,358.815
07/08/2024 7:00,bounty_madera,31/08/2024 0:00,07/08/2024 0:00,7,8,2,4.598463933,434.22,434.22
07/08/2024 8:00,bounty_madera,31/08/2024 0:00,07/08/2024 0:00,8,9,2,6.403849617,502.756,502.756
07/08/2024 9:00,bounty_madera,31/08/2024 0:00,07/08/2024 0:00,9,10,2,6.368104758,537.969,537.969
07/08/2024 10:00,bounty_madera,31/08/2024 0:00,07/08/2024 0:00,10,11,2,9.6249745,541.621,541.621
07/08/2024 11:00,bounty_madera,31/08/2024 0:00,07/08/2024 0:00,11,12,2,5.945749883,546.838,546.838
07/08/2024 12:00,bounty_madera,31/08/2024 0:00,07/08/2024 0:00,12,13,2,5.503238175,557.437,557.437
07/08/2024 13:00,bounty_madera,31/08/2024 0:00,07/08/2024 0:00,13,14,2,15.0659836,583.563,583.563
07/08/2024 14:00,bounty_madera,31/08/2024 0:00,07/08/2024 0:00,14,15,2,17.11846277,596.972,596.972
07/08/2024 15:00,bounty_madera,31/08/2024 0:00,07/08/2024 0:00,15,16,2,7.415800483,574.551,574.551
07/08/2024 16:00,bounty_madera,31/08/2024 0:00,07/08/2024 0:00,16,17,2,6.621262842,561.306,561.306
07/08/2024 17:00,bounty_madera,31/08/2024 0:00,07/08/2024 0:00,17,18,2,5.399515992,563.849,563.849
07/08/2024 18:00,bounty_madera,31/08/2024 0:00,07/08/2024 0:00,18,19,2,5.709226142,515.955,515.955
07/08/2024 19:00,bounty_madera,31/08/2024 0:00,07/08/2024 0:00,19,20,2,7.587278683,440.311,440.311
07/08/2024 20:00,bounty_madera,31/08/2024 0:00,07/08/2024 0:00,20,21,2,8.357419375,410.693,410.693
07/08/2024 21:00,bounty_madera,31/08/2024 0:00,07/08/2024 0:00,21,22,2,9.469256142,397.761,397.761
07/08/2024 22:00,bounty_madera,31/08/2024 0:00,07/08/2024 0:00,22,23,2,7.387798892,379.957,379.957
07/08/2024 23:00,bounty_madera,31/08/2024 0:00,07/08/2024 0:00,23,24,2,5.061903633,392.855,392.855
08/08/2024 0:00,bounty_madera,31/08/2024 0:00,08/08/2024 0:00,0,1,3,4.233876133,370.87,370.87
08/08/2024 1:00,bounty_madera,31/08/2024 0:00,08/08/2024 0:00,1,2,3,4.222473158,338.261,338.261
08/08/2024 2:00,bounty_madera,31/08/2024 0:00,08/08/2024 0:00,2,3,3,4.905629775,333.077,333.077
08/08/2024 3:00,bounty_madera,31/08/2024 0:00,08/08/2024 0:00,3,4,3,4.285608992,329.897,329.897
08/08/2024 4:00,bounty_madera,31/08/2024 0:00,08/08/2024 0:00,4,5,3,4.941726375,342.623,342.623
08/08/2024 5:00,bounty_madera,31/08/2024 0:00,08/08/2024 0:00,5,6,3,3.964180242,368.746,368.746
08/08/2024 6:00,bounty_madera,31/08/2024 0:00,08/08/2024 0:00,6,7,3,3.063304925,292.614,292.614
08/08/2024 7:00,bounty_madera,31/08/2024 0:00,08/08/2024 0:00,7,8,3,3.418786542,413.544,413.544
08/08/2024 8:00,bounty_madera,31/08/2024 0:00,08/08/2024 0:00,8,9,3,4.684389525,533.542,533.542
08/08/2024 9:00,bounty_madera,31/08/2024 0:00,08/08/2024 0:00,9,10,3,5.2202567,546.487,546.487
08/08/2024 10:00,bounty_madera,31/08/2024 0:00,08/08/2024 0:00,10,11,3,7.89212915,534.686,534.686
08/08/2024 11:00,bounty_madera,31/08/2024 0:00,08/08/2024 0:00,11,12,3,5.184955758,548.469,548.469
08/08/2024 12:00,bounty_madera,31/08/2024 0:00,08/08/2024 0:00,12,13,3,5.669173383,519.28,519.28
08/08/2024 13:00,bounty_madera,31/08/2024 0:00,08/08/2024 0:00,13,14,3,13.59810601,508.623,508.623
08/08/2024 14:00,bounty_madera,31/08/2024 0:00,08/08/2024 0:00,14,15,3,5.426087492,535.58,535.58
08/08/2024 15:00,bounty_madera,31/08/2024 0:00,08/08/2024 0:00,15,16,3,8.996054083,561.389,561.389
08/08/2024 16:00,bounty_madera,31/08/2024 0:00,08/08/2024 0:00,16,17,3,5.245653333,549.254,549.254
08/08/2024 17:00,bounty_madera,31/08/2024 0:00,08/08/2024 0:00,17,18,3,5.291952958,522.335,522.335
08/08/2024 18:00,bounty_madera,31/08/2024 0:00,08/08/2024 0:00,18,19,3,9.733286908,490.212,490.212
08/08/2024 19:00,bounty_madera,31/08/2024 0:00,08/08/2024 0:00,19,20,3,9.136401275,406.909,406.909
08/08/2024 20:00,bounty_madera,31/08/2024 0:00,08/08/2024 0:00,20,21,3,8.299588983,391.637,391.637
08/08/2024 21:00,bounty_madera,31/08/2024 0:00,08/08/2024 0:00,21,22,3,10.65538061,382.895,382.895
08/08/2024 22:00,bounty_madera,31/08/2024 0:00,08/08/2024 0:00,22,23,3,7.141199525,372.175,372.175
08/08/2024 23:00,bounty_madera,31/08/2024 0:00,08/08/2024 0:00,23,24,3,4.630674792,366.084,366.084
09/08/2024 0:00,bounty_madera,31/08/2024 0:00,09/08/2024 0:00,0,1,4,4.041258108,352.911,352.911
09/08/2024 1:00,bounty_madera,31/08/2024 0:00,09/08/2024 0:00,1,2,4,4.063311075,326.828,326.828
09/08/2024 2:00,bounty_madera,31/08/2024 0:00,09/08/2024 0:00,2,3,4,4.397740125,316.97,316.97
09/08/2024 3:00,bounty_madera,31/08/2024 0:00,09/08/2024 0:00,3,4,4,3.82864105,324.643,324.643
09/08/2024 4:00,bounty_madera,31/08/2024 0:00,09/08/2024 0:00,4,5,4,4.506586567,338.252,338.252
09/08/2024 5:00,bounty_madera,31/08/2024 0:00,09/08/2024 0:00,5,6,4,4.692881442,371.615,371.615
09/08/2024 6:00,bounty_madera,31/08/2024 0:00,09/08/2024 0:00,6,7,4,3.115092983,405.941,405.941
09/08/2024 7:00,bounty_madera,31/08/2024 0:00,09/08/2024 0:00,7,8,4,3.763909475,469.325,469.325
09/08/2024 8:00,bounty_madera,31/08/2024 0:00,09/08/2024 0:00,8,9,4,5.089975525,508.033,508.033
09/08/2024 9:00,bounty_madera,31/08/2024 0:00,09/08/2024 0:00,9,10,4,3.702118192,555.147,555.147
09/08/2024 10:00,bounty_madera,31/08/2024 0:00,09/08/2024 0:00,10,11,4,7.100132783,591.381,591.381
09/08/2024 11:00,bounty_madera,31/08/2024 0:00,09/08/2024 0:00,11,12,4,5.10049805,567.985,567.985
09/08/2024 12:00,bounty_madera,31/08/2024 0:00,09/08/2024 0:00,12,13,4,4.42992345,555.514,555.514
09/08/2024 13:00,bounty_madera,31/08/2024 0:00,09/08/2024 0:00,13,14,4,7.000937967,546.315,546.315
09/08/2024 14:00,bounty_madera,31/08/2024 0:00,09/08/2024 0:00,14,15,4,5.98269575,511.956,511.956
09/08/2024 15:00,bounty_madera,31/08/2024 0:00,09/08/2024 0:00,15,16,4,10.19411502,508.046,508.046
09/08/2024 16:00,bounty_madera,31/08/2024 0:00,09/08/2024 0:00,16,17,4,5.673282642,542.703,542.703
09/08/2024 17:00,bounty_madera,31/08/2024 0:00,09/08/2024 0:00,17,18,4,4.729364383,527.011,527.011
09/08/2024 18:00,bounty_madera,31/08/2024 0:00,09/08/2024 0:00,18,19,4,6.8953101,472.276,472.276
09/08/2024 19:00,bounty_madera,31/08/2024 0:00,09/08/2024 0:00,19,20,4,6.330573292,438.964,438.964
09/08/2024 20:00,bounty_madera,31/08/2024 0:00,09/08/2024 0:00,20,21,4,12.00578003,403.666,403.666
09/08/2024 21:00,bounty_madera,31/08/2024 0:00,09/08/2024 0:00,21,22,4,18.14573373,407.41,407.41
09/08/2024 22:00,bounty_madera,31/08/2024 0:00,09/08/2024 0:00,22,23,4,7.037229508,414.116,414.116
09/08/2024 23:00,bounty_madera,31/08/2024 0:00,09/08/2024 0:00,23,24,4,8.02882965,429.332,429.332
10/08/2024 0:00,bounty_madera,31/08/2024 0:00,10/08/2024 0:00,0,1,5,16.33174367,409.616,409.616
10/08/2024 1:00,bounty_madera,31/08/2024 0:00,10/08/2024 0:00,1,2,5,6.191207167,353.971,353.971
10/08/2024 2:00,bounty_madera,31/08/2024 0:00,10/08/2024 0:00,2,3,5,4.348359317,345.271,345.271
10/08/2024 3:00,bounty_madera,31/08/2024 0:00,10/08/2024 0:00,3,4,5,4.448785325,346.246,346.246
10/08/2024 4:00,bounty_madera,31/08/2024 0:00,10/08/2024 0:00,4,5,5,4.344560767,341.94,341.94
10/08/2024 5:00,bounty_madera,31/08/2024 0:00,10/08/2024 0:00,5,6,5,3.758933433,357.735,357.735
10/08/2024 6:00,bounty_madera,31/08/2024 0:00,10/08/2024 0:00,6,7,5,2.89590635,380.205,380.205
10/08/2024 7:00,bounty_madera,31/08/2024 0:00,10/08/2024 0:00,7,8,5,4.103472192,460.177,460.177
10/08/2024 8:00,bounty_madera,31/08/2024 0:00,10/08/2024 0:00,8,9,5,3.553726142,500.055,500.055
10/08/2024 9:00,bounty_madera,31/08/2024 0:00,10/08/2024 0:00,9,10,5,4.293232975,536.515,536.515
10/08/2024 10:00,bounty_madera,31/08/2024 0:00,10/08/2024 0:00,10,11,5,4.184518175,571.569,571.569
10/08/2024 11:00,bounty_madera,31/08/2024 0:00,10/08/2024 0:00,11,12,5,3.711371375,570.087,570.087
10/08/2024 12:00,bounty_madera,31/08/2024 0:00,10/08/2024 0:00,12,13,5,3.225518558,572.759,572.759
10/08/2024 13:00,bounty_madera,31/08/2024 0:00,10/08/2024 0:00,13,14,5,3.565555642,578.039,578.039
10/08/2024 14:00,bounty_madera,31/08/2024 0:00,10/08/2024 0:00,14,15,5,3.7366553,566.921,566.921
10/08/2024 15:00,bounty_madera,31/08/2024 0:00,10/08/2024 0:00,15,16,5,4.969016708,520.683,520.683
10/08/2024 16:00,bounty_madera,31/08/2024 0:00,10/08/2024 0:00,16,17,5,4.455718942,451.147,451.147
10/08/2024 17:00,bounty_madera,31/08/2024 0:00,10/08/2024 0:00,17,18,5,3.457524892,440.903,440.903
10/08/2024 18:00,bounty_madera,31/08/2024 0:00,10/08/2024 0:00,18,19,5,4.99486115,416.876,416.876
10/08/2024 19:00,bounty_madera,31/08/2024 0:00,10/08/2024 0:00,19,20,5,4.980008608,377.319,377.319
10/08/2024 20:00,bounty_madera,31/08/2024 0:00,10/08/2024 0:00,20,21,5,4.211712242,351.238,351.238
10/08/2024 21:00,bounty_madera,31/08/2024 0:00,10/08/2024 0:00,21,22,5,5.634725467,354.543,354.543
10/08/2024 22:00,bounty_madera,31/08/2024 0:00,10/08/2024 0:00,22,23,5,4.707808592,380.813,380.813
10/08/2024 23:00,bounty_madera,31/08/2024 0:00,10/08/2024 0:00,23,24,5,4.671857283,382.876,382.876
11/08/2024 0:00,bounty_madera,31/08/2024 0:00,11/08/2024 0:00,0,1,6,3.682259967,341.797,341.797
11/08/2024 1:00,bounty_madera,31/08/2024 0:00,11/08/2024 0:00,1,2,6,3.63822485,305.621,305.621
11/08/2024 2:00,bounty_madera,31/08/2024 0:00,11/08/2024 0:00,2,3,6,3.773177258,297.771,297.771
11/08/2024 3:00,bounty_madera,31/08/2024 0:00,11/08/2024 0:00,3,4,6,3.5277051,302.204,302.204
11/08/2024 4:00,bounty_madera,31/08/2024 0:00,11/08/2024 0:00,4,5,6,3.078086267,313.429,313.429
11/08/2024 5:00,bounty_madera,31/08/2024 0:00,11/08/2024 0:00,5,6,6,3.026178883,348.511,348.511
11/08/2024 6:00,bounty_madera,31/08/2024 0:00,11/08/2024 0:00,6,7,6,2.5057571,376.075,376.075
11/08/2024 7:00,bounty_madera,31/08/2024 0:00,11/08/2024 0:00,7,8,6,2.365115417,430.094,430.094
11/08/2024 8:00,bounty_madera,31/08/2024 0:00,11/08/2024 0:00,8,9,6,1.272815908,506.453,506.453
11/08/2024 9:00,bounty_madera,31/08/2024 0:00,11/08/2024 0:00,9,10,6,1.9694234,542.413,542.413
11/08/2024 10:00,bounty_madera,31/08/2024 0:00,11/08/2024 0:00,10,11,6,3.000730542,578.203,578.203
11/08/2024 11:00,bounty_madera,31/08/2024 0:00,11/08/2024 0:00,11,12,6,3.068317108,568.206,568.206
11/08/2024 12:00,bounty_madera,31/08/2024 0:00,11/08/2024 0:00,12,13,6,3.050408317,469.202,469.202
11/08/2024 13:00,bounty_madera,31/08/2024 0:00,11/08/2024 0:00,13,14,6,3.534112317,449.062,449.062
11/08/2024 14:00,bounty_madera,31/08/2024 0:00,11/08/2024 0:00,14,15,6,2.979568533,447.766,447.766
11/08/2024 15:00,bounty_madera,31/08/2024 0:00,11/08/2024 0:00,15,16,6,3.371245292,433.056,433.056
11/08/2024 16:00,bounty_madera,31/08/2024 0:00,11/08/2024 0:00,16,17,6,3.194154333,444.654,444.654
11/08/2024 17:00,bounty_madera,31/08/2024 0:00,11/08/2024 0:00,17,18,6,3.75877335,454.15,454.15
11/08/2024 18:00,bounty_madera,31/08/2024 0:00,11/08/2024 0:00,18,19,6,8.163217767,426.724,426.724
11/08/2024 19:00,bounty_madera,31/08/2024 0:00,11/08/2024 0:00,19,20,6,5.6337564,375.613,375.613
11/08/2024 20:00,bounty_madera,31/08/2024 0:00,11/08/2024 0:00,20,21,6,6.2380637,372.862,372.862
11/08/2024 21:00,bounty_madera,31/08/2024 0:00,11/08/2024 0:00,21,22,6,9.479356775,381.061,381.061
11/08/2024 22:00,bounty_madera,31/08/2024 0:00,11/08/2024 0:00,22,23,6,5.233703,385.022,385.022
11/08/2024 23:00,bounty_madera,31/08/2024 0:00,11/08/2024 0:00,23,24,6,5.039926175,385.232,385.232
12/08/2024 0:00,bounty_madera,31/08/2024 0:00,12/08/2024 0:00,0,1,0,3.951211692,371.329,371.329
12/08/2024 1:00,bounty_madera,31/08/2024 0:00,12/08/2024 0:00,1,2,0,4.08167345,327.113,327.113
12/08/2024 2:00,bounty_madera,31/08/2024 0:00,12/08/2024 0:00,2,3,0,3.368271542,325.063,325.063
12/08/2024 3:00,bounty_madera,31/08/2024 0:00,12/08/2024 0:00,3,4,0,3.477539575,318.975,318.975
12/08/2024 4:00,bounty_madera,31/08/2024 0:00,12/08/2024 0:00,4,5,0,3.531094167,335.139,335.139
12/08/2024 5:00,bounty_madera,31/08/2024 0:00,12/08/2024 0:00,5,6,0,3.503686083,371.365,371.365
12/08/2024 6:00,bounty_madera,31/08/2024 0:00,12/08/2024 0:00,6,7,0,2.758161267,388.149,388.149
12/08/2024 7:00,bounty_madera,31/08/2024 0:00,12/08/2024 0:00,7,8,0,3.26512065,433.439,433.439
12/08/2024 8:00,bounty_madera,31/08/2024 0:00,12/08/2024 0:00,8,9,0,7.353213133,494.19,494.19
12/08/2024 9:00,bounty_madera,31/08/2024 0:00,12/08/2024 0:00,9,10,0,8.3015041,556.3,556.3
12/08/2024 10:00,bounty_madera,31/08/2024 0:00,12/08/2024 0:00,10,11,0,9.633259283,571.064,571.064
12/08/2024 11:00,bounty_madera,31/08/2024 0:00,12/08/2024 0:00,11,12,0,7.012465058,532.944,532.944
12/08/2024 12:00,bounty_madera,31/08/2024 0:00,12/08/2024 0:00,12,13,0,4.211266567,564.023,564.023
12/08/2024 13:00,bounty_madera,31/08/2024 0:00,12/08/2024 0:00,13,14,0,9.4736086,577.16,577.16
12/08/2024 14:00,bounty_madera,31/08/2024 0:00,12/08/2024 0:00,14,15,0,7.831901908,501.536,501.536
12/08/2024 15:00,bounty_madera,31/08/2024 0:00,12/08/2024 0:00,15,16,0,16.77102903,532.64,532.64
12/08/2024 16:00,bounty_madera,31/08/2024 0:00,12/08/2024 0:00,16,17,0,7.197361117,542.677,542.677
12/08/2024 17:00,bounty_madera,31/08/2024 0:00,12/08/2024 0:00,17,18,0,5.826275725,521.61,521.61
12/08/2024 18:00,bounty_madera,31/08/2024 0:00,12/08/2024 0:00,18,19,0,15.93614822,484.295,484.295
12/08/2024 19:00,bounty_madera,31/08/2024 0:00,12/08/2024 0:00,19,20,0,13.86955501,404.85,404.85
12/08/2024 20:00,bounty_madera,31/08/2024 0:00,12/08/2024 0:00,20,21,0,31.30234984,414.544,414.544
12/08/2024 21:00,bounty_madera,31/08/2024 0:00,12/08/2024 0:00,21,22,0,33.9257428,436.43,436.43
12/08/2024 22:00,bounty_madera,31/08/2024 0:00,12/08/2024 0:00,22,23,0,43.12041897,430.614,430.614
12/08/2024 23:00,bounty_madera,31/08/2024 0:00,12/08/2024 0:00,23,24,0,16.13247258,428.447,428.447
13/08/2024 0:00,bounty_madera,31/08/2024 0:00,13/08/2024 0:00,0,1,1,6.262155642,418.682,418.682
13/08/2024 1:00,bounty_madera,31/08/2024 0:00,13/08/2024 0:00,1,2,1,4.271621467,386.651,386.651
13/08/2024 2:00,bounty_madera,31/08/2024 0:00,13/08/2024 0:00,2,3,1,3.455376125,371.298,371.298
13/08/2024 3:00,bounty_madera,31/08/2024 0:00,13/08/2024 0:00,3,4,1,3.544542367,349.189,349.189
13/08/2024 4:00,bounty_madera,31/08/2024 0:00,13/08/2024 0:00,4,5,1,4.960221917,360.419,360.419
13/08/2024 5:00,bounty_madera,31/08/2024 0:00,13/08/2024 0:00,5,6,1,4.217487967,373.967,373.967
13/08/2024 6:00,bounty_madera,31/08/2024 0:00,13/08/2024 0:00,6,7,1,2.853165658,409.03,409.03
13/08/2024 7:00,bounty_madera,31/08/2024 0:00,13/08/2024 0:00,7,8,1,3.368655583,456.766,456.766
13/08/2024 8:00,bounty_madera,31/08/2024 0:00,13/08/2024 0:00,8,9,1,5.049930617,500.577,500.577
13/08/2024 9:00,bounty_madera,31/08/2024 0:00,13/08/2024 0:00,9,10,1,4.182751875,547.193,547.193
13/08/2024 10:00,bounty_madera,31/08/2024 0:00,13/08/2024 0:00,10,11,1,7.624436075,577.706,577.706
13/08/2024 11:00,bounty_madera,31/08/2024 0:00,13/08/2024 0:00,11,12,1,3.775039792,564.795,564.795
13/08/2024 12:00,bounty_madera,31/08/2024 0:00,13/08/2024 0:00,12,13,1,6.147448333,585.342,585.342
13/08/2024 13:00,bounty_madera,31/08/2024 0:00,13/08/2024 0:00,13,14,1,9.0218594,596.425,596.425
13/08/2024 14:00,bounty_madera,31/08/2024 0:00,13/08/2024 0:00,14,15,1,5.810727392,582.692,582.692
13/08/2024 15:00,bounty_madera,31/08/2024 0:00,13/08/2024 0:00,15,16,1,21.67768301,586.397,586.397
13/08/2024 16:00,bounty_madera,31/08/2024 0:00,13/08/2024 0:00,16,17,1,7.6999785,584.485,584.485
13/08/2024 17:00,bounty_madera,31/08/2024 0:00,13/08/2024 0:00,17,18,1,7.452295875,561.952,561.952
13/08/2024 18:00,bounty_madera,31/08/2024 0:00,13/08/2024 0:00,18,19,1,21.93878738,532.84,532.84
13/08/2024 19:00,bounty_madera,31/08/2024 0:00,13/08/2024 0:00,19,20,1,27.00584522,482.761,482.761
13/08/2024 20:00,bounty_madera,31/08/2024 0:00,13/08/2024 0:00,20,21,1,59.32809048,455.982,455.982
13/08/2024 21:00,bounty_madera,31/08/2024 0:00,13/08/2024 0:00,21,22,1,53.35419419,446.822,446.822
13/08/2024 22:00,bounty_madera,31/08/2024 0:00,13/08/2024 0:00,22,23,1,15.15759854,438.175,438.175
13/08/2024 23:00,bounty_madera,31/08/2024 0:00,13/08/2024 0:00,23,24,1,8.190908292,458.012,458.012
14/08/2024 0:00,bounty_madera,31/08/2024 0:00,14/08/2024 0:00,0,1,2,5.729950083,445.998,445.998
14/08/2024 1:00,bounty_madera,31/08/2024 0:00,14/08/2024 0:00,1,2,2,4.642590583,375.02,375.02
14/08/2024 2:00,bounty_madera,31/08/2024 0:00,14/08/2024 0:00,2,3,2,4.184156,353.447,353.447
14/08/2024 3:00,bounty_madera,31/08/2024 0:00,14/08/2024 0:00,3,4,2,3.725515283,342.997,342.997
14/08/2024 4:00,bounty_madera,31/08/2024 0:00,14/08/2024 0:00,4,5,2,3.8766702,356.838,356.838
14/08/2024 5:00,bounty_madera,31/08/2024 0:00,14/08/2024 0:00,5,6,2,3.940250333,400.283,400.283
14/08/2024 6:00,bounty_madera,31/08/2024 0:00,14/08/2024 0:00,6,7,2,2.804961508,428.112,428.112
14/08/2024 7:00,bounty_madera,31/08/2024 0:00,14/08/2024 0:00,7,8,2,3.017505783,486.973,486.973
14/08/2024 8:00,bounty_madera,31/08/2024 0:00,14/08/2024 0:00,8,9,2,3.451614525,536.059,536.059
14/08/2024 9:00,bounty_madera,31/08/2024 0:00,14/08/2024 0:00,9,10,2,3.566952033,582.99,582.99
14/08/2024 10:00,bounty_madera,31/08/2024 0:00,14/08/2024 0:00,10,11,2,4.796945117,591.129,591.129
14/08/2024 11:00,bounty_madera,31/08/2024 0:00,14/08/2024 0:00,11,12,2,4.575734708,566.077,566.077
14/08/2024 12:00,bounty_madera,31/08/2024 0:00,14/08/2024 0:00,12,13,2,5.793132825,576.589,576.589
14/08/2024 13:00,bounty_madera,31/08/2024 0:00,14/08/2024 0:00,13,14,2,11.23465226,505.399,505.399
14/08/2024 14:00,bounty_madera,31/08/2024 0:00,14/08/2024 0:00,14,15,2,8.93698185,514.461,514.461
14/08/2024 15:00,bounty_madera,31/08/2024 0:00,14/08/2024 0:00,15,16,2,6.1641215,523.184,523.184
14/08/2024 16:00,bounty_madera,31/08/2024 0:00,14/08/2024 0:00,16,17,2,5.285510183,471.988,471.988
14/08/2024 17:00,bounty_madera,31/08/2024 0:00,14/08/2024 0:00,17,18,2,5.332583358,463.504,463.504
14/08/2024 18:00,bounty_madera,31/08/2024 0:00,14/08/2024 0:00,18,19,2,6.021499258,455.221,455.221
14/08/2024 19:00,bounty_madera,31/08/2024 0:00,14/08/2024 0:00,19,20,2,5.653613125,432.523,432.523
14/08/2024 20:00,bounty_madera,31/08/2024 0:00,14/08/2024 0:00,20,21,2,6.129190308,434.81,434.81
14/08/2024 21:00,bounty_madera,31/08/2024 0:00,14/08/2024 0:00,21,22,2,5.761282942,427.887,427.887
14/08/2024 22:00,bounty_madera,31/08/2024 0:00,14/08/2024 0:00,22,23,2,5.071058967,417.509,417.509
14/08/2024 23:00,bounty_madera,31/08/2024 0:00,14/08/2024 0:00,23,24,2,4.823212358,423.239,423.239
15/08/2024 0:00,bounty_madera,31/08/2024 0:00,15/08/2024 0:00,0,1,3,4.3161359,410.188,410.188
15/08/2024 1:00,bounty_madera,31/08/2024 0:00,15/08/2024 0:00,1,2,3,3.904886942,361.208,361.208
15/08/2024 2:00,bounty_madera,31/08/2024 0:00,15/08/2024 0:00,2,3,3,3.605086,340.461,340.461
15/08/2024 3:00,bounty_madera,31/08/2024 0:00,15/08/2024 0:00,3,4,3,3.230308,331.573,331.573
15/08/2024 4:00,bounty_madera,31/08/2024 0:00,15/08/2024 0:00,4,5,3,3.3757095,346.487,346.487
15/08/2024 5:00,bounty_madera,31/08/2024 0:00,15/08/2024 0:00,5,6,3,3.3037207,381.258,381.258
15/08/2024 6:00,bounty_madera,31/08/2024 0:00,15/08/2024 0:00,6,7,3,2.6777388,401.135,401.135
15/08/2024 7:00,bounty_madera,31/08/2024 0:00,15/08/2024 0:00,7,8,3,3.039615508,474.495,474.495
15/08/2024 8:00,bounty_madera,31/08/2024 0:00,15/08/2024 0:00,8,9,3,3.214775275,554.954,554.954
15/08/2024 9:00,bounty_madera,31/08/2024 0:00,15/08/2024 0:00,9,10,3,3.306223208,569.62,569.62
15/08/2024 10:00,bounty_madera,31/08/2024 0:00,15/08/2024 0:00,10,11,3,4.2947724,581.498,581.498
15/08/2024 11:00,bounty_madera,31/08/2024 0:00,15/08/2024 0:00,11,12,3,3.787189892,582.028,582.028
15/08/2024 12:00,bounty_madera,31/08/2024 0:00,15/08/2024 0:00,12,13,3,3.497455925,596.874,596.874
15/08/2024 13:00,bounty_madera,31/08/2024 0:00,15/08/2024 0:00,13,14,3,8.119014208,618.404,618.404
15/08/2024 14:00,bounty_madera,31/08/2024 0:00,15/08/2024 0:00,14,15,3,6.690443717,614.012,614.012
15/08/2024 15:00,bounty_madera,31/08/2024 0:00,15/08/2024 0:00,15,16,3,8.5997112,545.241,545.241
15/08/2024 16:00,bounty_madera,31/08/2024 0:00,15/08/2024 0:00,16,17,3,5.727675233,524.479,524.479
15/08/2024 17:00,bounty_madera,31/08/2024 0:00,15/08/2024 0:00,17,18,3,4.994023033,500.99,500.99
15/08/2024 18:00,bounty_madera,31/08/2024 0:00,15/08/2024 0:00,18,19,3,9.347042967,466.46,466.46
15/08/2024 19:00,bounty_madera,31/08/2024 0:00,15/08/2024 0:00,19,20,3,5.937902367,443.242,443.242
15/08/2024 20:00,bounty_madera,31/08/2024 0:00,15/08/2024 0:00,20,21,3,8.802606992,463.466,463.466
15/08/2024 21:00,bounty_madera,31/08/2024 0:00,15/08/2024 0:00,21,22,3,8.624907042,466.642,466.642
15/08/2024 22:00,bounty_madera,31/08/2024 0:00,15/08/2024 0:00,22,23,3,10.500118,432.69,432.69
15/08/2024 23:00,bounty_madera,31/08/2024 0:00,15/08/2024 0:00,23,24,3,4.900581367,406.997,406.997
16/08/2024 0:00,bounty_madera,31/08/2024 0:00,16/08/2024 0:00,0,1,4,4.917238683,396.406,396.406
16/08/2024 1:00,bounty_madera,31/08/2024 0:00,16/08/2024 0:00,1,2,4,4.42223755,364.023,364.023
16/08/2024 2:00,bounty_madera,31/08/2024 0:00,16/08/2024 0:00,2,3,4,4.051812008,352.503,352.503
16/08/2024 3:00,bounty_madera,31/08/2024 0:00,16/08/2024 0:00,3,4,4,4.254881358,347.471,347.471
16/08/2024 4:00,bounty_madera,31/08/2024 0:00,16/08/2024 0:00,4,5,4,4.913660808,350.146,350.146
16/08/2024 5:00,bounty_madera,31/08/2024 0:00,16/08/2024 0:00,5,6,4,4.174235192,364.518,364.518
16/08/2024 6:00,bounty_madera,31/08/2024 0:00,16/08/2024 0:00,6,7,4,3.207248875,394.556,394.556
16/08/2024 7:00,bounty_madera,31/08/2024 0:00,16/08/2024 0:00,7,8,4,3.460267475,470.817,470.817
16/08/2024 8:00,bounty_madera,31/08/2024 0:00,16/08/2024 0:00,8,9,4,3.628514775,539.822,539.822
16/08/2024 9:00,bounty_madera,31/08/2024 0:00,16/08/2024 0:00,9,10,4,3.07345795,583.1,583.1
16/08/2024 10:00,bounty_madera,31/08/2024 0:00,16/08/2024 0:00,10,11,4,5.113549633,611.596,611.596
16/08/2024 11:00,bounty_madera,31/08/2024 0:00,16/08/2024 0:00,11,12,4,4.003771883,579.059,579.059
16/08/2024 12:00,bounty_madera,31/08/2024 0:00,16/08/2024 0:00,12,13,4,4.144866817,602.363,602.363
16/08/2024 13:00,bounty_madera,31/08/2024 0:00,16/08/2024 0:00,13,14,4,9.568900658,619.823,619.823
16/08/2024 14:00,bounty_madera,31/08/2024 0:00,16/08/2024 0:00,14,15,4,6.206730583,572.812,572.812
16/08/2024 15:00,bounty_madera,31/08/2024 0:00,16/08/2024 0:00,15,16,4,10.02588355,502.934,502.934
16/08/2024 16:00,bounty_madera,31/08/2024 0:00,16/08/2024 0:00,16,17,4,5.847721883,423.583,423.583
16/08/2024 17:00,bounty_madera,31/08/2024 0:00,16/08/2024 0:00,17,18,4,6.074687808,382.526,382.526
16/08/2024 18:00,bounty_madera,31/08/2024 0:00,16/08/2024 0:00,18,19,4,6.39436675,388.404,388.404
16/08/2024 19:00,bounty_madera,31/08/2024 0:00,16/08/2024 0:00,19,20,4,5.6911513,372.852,372.852
16/08/2024 20:00,bounty_madera,31/08/2024 0:00,16/08/2024 0:00,20,21,4,12.72846442,367.466,367.466
16/08/2024 21:00,bounty_madera,31/08/2024 0:00,16/08/2024 0:00,21,22,4,13.74322582,356.118,356.118
16/08/2024 22:00,bounty_madera,31/08/2024 0:00,16/08/2024 0:00,22,23,4,6.381734033,342.385,342.385
16/08/2024 23:00,bounty_madera,31/08/2024 0:00,16/08/2024 0:00,23,24,4,6.742224667,349.162,349.162
17/08/2024 0:00,bounty_madera,31/08/2024 0:00,17/08/2024 0:00,0,1,5,4.610205075,344.018,344.018
17/08/2024 1:00,bounty_madera,31/08/2024 0:00,17/08/2024 0:00,1,2,5,4.52429365,315.827,315.827
17/08/2024 2:00,bounty_madera,31/08/2024 0:00,17/08/2024 0:00,2,3,5,4.30001065,303.754,303.754
17/08/2024 3:00,bounty_madera,31/08/2024 0:00,17/08/2024 0:00,3,4,5,4.039386267,300.351,300.351
17/08/2024 4:00,bounty_madera,31/08/2024 0:00,17/08/2024 0:00,4,5,5,3.995501267,313.681,313.681
17/08/2024 5:00,bounty_madera,31/08/2024 0:00,17/08/2024 0:00,5,6,5,3.762516483,333.203,333.203
17/08/2024 6:00,bounty_madera,31/08/2024 0:00,17/08/2024 0:00,6,7,5,1.74885175,365.711,365.711
17/08/2024 7:00,bounty_madera,31/08/2024 0:00,17/08/2024 0:00,7,8,5,2.180119708,442.692,442.692
17/08/2024 8:00,bounty_madera,31/08/2024 0:00,17/08/2024 0:00,8,9,5,3.0811746,530.275,530.275
17/08/2024 9:00,bounty_madera,31/08/2024 0:00,17/08/2024 0:00,9,10,5,2.496380192,577.041,577.041
17/08/2024 10:00,bounty_madera,31/08/2024 0:00,17/08/2024 0:00,10,11,5,3.730060425,592.872,592.872
17/08/2024 11:00,bounty_madera,31/08/2024 0:00,17/08/2024 0:00,11,12,5,4.002359717,594.249,594.249
17/08/2024 12:00,bounty_madera,31/08/2024 0:00,17/08/2024 0:00,12,13,5,3.377859317,593.619,593.619
17/08/2024 13:00,bounty_madera,31/08/2024 0:00,17/08/2024 0:00,13,14,5,5.607012475,609.059,609.059
17/08/2024 14:00,bounty_madera,31/08/2024 0:00,17/08/2024 0:00,14,15,5,6.176288842,602.501,602.501
17/08/2024 15:00,bounty_madera,31/08/2024 0:00,17/08/2024 0:00,15,16,5,4.724220075,542.775,542.775
17/08/2024 16:00,bounty_madera,31/08/2024 0:00,17/08/2024 0:00,16,17,5,6.46908865,405.233,405.233
17/08/2024 17:00,bounty_madera,31/08/2024 0:00,17/08/2024 0:00,17,18,5,4.680839967,409.29,409.29
17/08/2024 18:00,bounty_madera,31/08/2024 0:00,17/08/2024 0:00,18,19,5,5.77825865,421.927,421.927
17/08/2024 19:00,bounty_madera,31/08/2024 0:00,17/08/2024 0:00,19,20,5,6.361289075,405.578,405.578
17/08/2024 20:00,bounty_madera,31/08/2024 0:00,17/08/2024 0:00,20,21,5,10.29628133,404.432,404.432
17/08/2024 21:00,bounty_madera,31/08/2024 0:00,17/08/2024 0:00,21,22,5,18.36843463,420.898,420.898
17/08/2024 22:00,bounty_madera,31/08/2024 0:00,17/08/2024 0:00,22,23,5,5.912734858,412.127,412.127
17/08/2024 23:00,bounty_madera,31/08/2024 0:00,17/08/2024 0:00,23,24,5,5.919802358,430.799,430.799
18/08/2024 0:00,bounty_madera,31/08/2024 0:00,18/08/2024 0:00,0,1,6,5.293148617,409.702,409.702
18/08/2024 1:00,bounty_madera,31/08/2024 0:00,18/08/2024 0:00,1,2,6,5.324623642,365.127,365.127
18/08/2024 2:00,bounty_madera,31/08/2024 0:00,18/08/2024 0:00,2,3,6,4.521112742,335.34,335.34
18/08/2024 3:00,bounty_madera,31/08/2024 0:00,18/08/2024 0:00,3,4,6,4.391738225,328.137,328.137
18/08/2024 4:00,bounty_madera,31/08/2024 0:00,18/08/2024 0:00,4,5,6,4.284215575,337.038,337.038
18/08/2024 5:00,bounty_madera,31/08/2024 0:00,18/08/2024 0:00,5,6,6,4.267730958,393.955,393.955
18/08/2024 6:00,bounty_madera,31/08/2024 0:00,18/08/2024 0:00,6,7,6,3.548077742,409.483,409.483
18/08/2024 7:00,bounty_madera,31/08/2024 0:00,18/08/2024 0:00,7,8,6,3.333884708,486.024,486.024
18/08/2024 8:00,bounty_madera,31/08/2024 0:00,18/08/2024 0:00,8,9,6,2.660657092,542.954,542.954
18/08/2024 9:00,bounty_madera,31/08/2024 0:00,18/08/2024 0:00,9,10,6,1.662540983,580.399,580.399
18/08/2024 10:00,bounty_madera,31/08/2024 0:00,18/08/2024 0:00,10,11,6,2.5819137,589.265,589.265
18/08/2024 11:00,bounty_madera,31/08/2024 0:00,18/08/2024 0:00,11,12,6,2.924223367,580.643,580.643
18/08/2024 12:00,bounty_madera,31/08/2024 0:00,18/08/2024 0:00,12,13,6,3.7160925,595.151,595.151
18/08/2024 13:00,bounty_madera,31/08/2024 0:00,18/08/2024 0:00,13,14,6,4.203857008,624.31,624.31
18/08/2024 14:00,bounty_madera,31/08/2024 0:00,18/08/2024 0:00,14,15,6,5.148907892,614.333,614.333
18/08/2024 15:00,bounty_madera,31/08/2024 0:00,18/08/2024 0:00,15,16,6,4.600603408,606.396,606.396
18/08/2024 16:00,bounty_madera,31/08/2024 0:00,18/08/2024 0:00,16,17,6,4.664928883,587.312,587.312
18/08/2024 17:00,bounty_madera,31/08/2024 0:00,18/08/2024 0:00,17,18,6,4.597384408,561.371,561.371
18/08/2024 18:00,bounty_madera,31/08/2024 0:00,18/08/2024 0:00,18,19,6,11.29585416,515.521,515.521
18/08/2024 19:00,bounty_madera,31/08/2024 0:00,18/08/2024 0:00,19,20,6,5.571007392,453.043,453.043
18/08/2024 20:00,bounty_madera,31/08/2024 0:00,18/08/2024 0:00,20,21,6,22.31135722,461.93,461.93
18/08/2024 21:00,bounty_madera,31/08/2024 0:00,18/08/2024 0:00,21,22,6,16.60562329,455.216,455.216
18/08/2024 22:00,bounty_madera,31/08/2024 0:00,18/08/2024 0:00,22,23,6,6.387780092,453.852,453.852
18/08/2024 23:00,bounty_madera,31/08/2024 0:00,18/08/2024 0:00,23,24,6,5.118545108,464.756,464.756
19/08/2024 0:00,bounty_madera,31/08/2024 0:00,19/08/2024 0:00,0,1,0,4.050310058,457.183,457.183
19/08/2024 1:00,bounty_madera,31/08/2024 0:00,19/08/2024 0:00,1,2,0,4.178729908,401.399,401.399
19/08/2024 2:00,bounty_madera,31/08/2024 0:00,19/08/2024 0:00,2,3,0,4.159649442,401.791,401.791
19/08/2024 3:00,bounty_madera,31/08/2024 0:00,19/08/2024 0:00,3,4,0,4.093315908,404.51,404.51
19/08/2024 4:00,bounty_madera,31/08/2024 0:00,19/08/2024 0:00,4,5,0,4.155964933,412.439,412.439
19/08/2024 5:00,bounty_madera,31/08/2024 0:00,19/08/2024 0:00,5,6,0,3.951485083,426.53,426.53
19/08/2024 6:00,bounty_madera,31/08/2024 0:00,19/08/2024 0:00,6,7,0,2.968222,449.106,449.106
19/08/2024 7:00,bounty_madera,31/08/2024 0:00,19/08/2024 0:00,7,8,0,3.671630192,486.663,486.663
19/08/2024 8:00,bounty_madera,31/08/2024 0:00,19/08/2024 0:00,8,9,0,5.194501375,538.641,538.641
19/08/2024 9:00,bounty_madera,31/08/2024 0:00,19/08/2024 0:00,9,10,0,6.514200308,573.145,573.145
19/08/2024 10:00,bounty_madera,31/08/2024 0:00,19/08/2024 0:00,10,11,0,7.471219275,595.757,595.757
19/08/2024 11:00,bounty_madera,31/08/2024 0:00,19/08/2024 0:00,11,12,0,5.242384842,590.802,590.802
19/08/2024 12:00,bounty_madera,31/08/2024 0:00,19/08/2024 0:00,12,13,0,5.446261725,607.854,607.854
19/08/2024 13:00,bounty_madera,31/08/2024 0:00,19/08/2024 0:00,13,14,0,15.74189718,629.282,629.282
19/08/2024 14:00,bounty_madera,31/08/2024 0:00,19/08/2024 0:00,14,15,0,25.95182298,618.89,618.89
19/08/2024 15:00,bounty_madera,31/08/2024 0:00,19/08/2024 0:00,15,16,0,24.94245686,609.386,609.386
19/08/2024 16:00,bounty_madera,31/08/2024 0:00,19/08/2024 0:00,16,17,0,5.368192908,230.004,230.004
19/08/2024 17:00,bounty_madera,31/08/2024 0:00,19/08/2024 0:00,17,18,0,3.940306367,6.632,6.632
19/08/2024 18:00,bounty_madera,31/08/2024 0:00,19/08/2024 0:00,18,19,0,5.00649595,340.634,340.634
19/08/2024 19:00,bounty_madera,31/08/2024 0:00,19/08/2024 0:00,19,20,0,5.333730958,315.567,315.567
19/08/2024 20:00,bounty_madera,31/08/2024 0:00,19/08/2024 0:00,20,21,0,5.836611867,318.616,318.616
19/08/2024 21:00,bounty_madera,31/08/2024 0:00,19/08/2024 0:00,21,22,0,10.41368047,325.588,325.588
19/08/2024 22:00,bounty_madera,31/08/2024 0:00,19/08/2024 0:00,22,23,0,5.006512983,325.861,325.861
19/08/2024 23:00,bounty_madera,31/08/2024 0:00,19/08/2024 0:00,23,24,0,4.199508917,346.11,346.11
20/08/2024 0:00,bounty_madera,31/08/2024 0:00,20/08/2024 0:00,0,1,1,4.1529231,337.576,337.576
20/08/2024 1:00,bounty_madera,31/08/2024 0:00,20/08/2024 0:00,1,2,1,4.123011792,312.299,312.299
20/08/2024 2:00,bounty_madera,31/08/2024 0:00,20/08/2024 0:00,2,3,1,3.829136442,310.482,310.482
20/08/2024 3:00,bounty_madera,31/08/2024 0:00,20/08/2024 0:00,3,4,1,4.084690558,317.379,317.379
20/08/2024 4:00,bounty_madera,31/08/2024 0:00,20/08/2024 0:00,4,5,1,4.389400775,312.195,312.195
20/08/2024 5:00,bounty_madera,31/08/2024 0:00,20/08/2024 0:00,5,6,1,4.095830483,348.103,348.103
20/08/2024 6:00,bounty_madera,31/08/2024 0:00,20/08/2024 0:00,6,7,1,3.271595367,383.75,383.75
20/08/2024 7:00,bounty_madera,31/08/2024 0:00,20/08/2024 0:00,7,8,1,3.937638483,405.824,405.824
20/08/2024 8:00,bounty_madera,31/08/2024 0:00,20/08/2024 0:00,8,9,1,3.689978975,477.655,477.655
20/08/2024 9:00,bounty_madera,31/08/2024 0:00,20/08/2024 0:00,9,10,1,4.257215842,542.901,542.901
20/08/2024 10:00,bounty_madera,31/08/2024 0:00,20/08/2024 0:00,10,11,1,6.9743718,575.466,575.466
20/08/2024 11:00,bounty_madera,31/08/2024 0:00,20/08/2024 0:00,11,12,1,5.205705508,557.164,557.164
20/08/2024 12:00,bounty_madera,31/08/2024 0:00,20/08/2024 0:00,12,13,1,6.096699042,595.064,595.064
20/08/2024 13:00,bounty_madera,31/08/2024 0:00,20/08/2024 0:00,13,14,1,12.86593202,620.34,620.34
20/08/2024 14:00,bounty_madera,31/08/2024 0:00,20/08/2024 0:00,14,15,1,21.4539552,616.395,616.395
20/08/2024 15:00,bounty_madera,31/08/2024 0:00,20/08/2024 0:00,15,16,1,11.52412801,580.75,580.75
20/08/2024 16:00,bounty_madera,31/08/2024 0:00,20/08/2024 0:00,16,17,1,5.6196235,528.121,528.121
20/08/2024 17:00,bounty_madera,31/08/2024 0:00,20/08/2024 0:00,17,18,1,5.443261158,490.114,490.114
20/08/2024 18:00,bounty_madera,31/08/2024 0:00,20/08/2024 0:00,18,19,1,5.900405142,481.98,481.98
20/08/2024 19:00,bounty_madera,31/08/2024 0:00,20/08/2024 0:00,19,20,1,6.251069283,444.88,444.88
20/08/2024 20:00,bounty_madera,31/08/2024 0:00,20/08/2024 0:00,20,21,1,7.404704592,382.606,382.606
20/08/2024 21:00,bounty_madera,31/08/2024 0:00,20/08/2024 0:00,21,22,1,16.01923023,377.811,377.811
20/08/2024 22:00,bounty_madera,31/08/2024 0:00,20/08/2024 0:00,22,23,1,7.515176292,363.023,363.023
20/08/2024 23:00,bounty_madera,31/08/2024 0:00,20/08/2024 0:00,23,24,1,7.8087511,371.771,371.771
21/08/2024 0:00,bounty_madera,31/08/2024 0:00,21/08/2024 0:00,0,1,2,4.159281058,358.671,358.671
21/08/2024 1:00,bounty_madera,31/08/2024 0:00,21/08/2024 0:00,1,2,2,4.13376385,326.336,326.336
21/08/2024 2:00,bounty_madera,31/08/2024 0:00,21/08/2024 0:00,2,3,2,3.8961953,311.956,311.956
21/08/2024 3:00,bounty_madera,31/08/2024 0:00,21/08/2024 0:00,3,4,2,3.738195975,294.878,294.878
21/08/2024 4:00,bounty_madera,31/08/2024 0:00,21/08/2024 0:00,4,5,2,3.926817692,315.856,315.856
21/08/2024 5:00,bounty_madera,31/08/2024 0:00,21/08/2024 0:00,5,6,2,4.087349317,362.38,362.38
21/08/2024 6:00,bounty_madera,31/08/2024 0:00,21/08/2024 0:00,6,7,2,2.638205208,378.156,378.156
21/08/2024 7:00,bounty_madera,31/08/2024 0:00,21/08/2024 0:00,7,8,2,3.548313658,456.742,456.742
21/08/2024 8:00,bounty_madera,31/08/2024 0:00,21/08/2024 0:00,8,9,2,3.724067025,539,539
21/08/2024 9:00,bounty_madera,31/08/2024 0:00,21/08/2024 0:00,9,10,2,3.920000117,601.957,601.957
21/08/2024 10:00,bounty_madera,31/08/2024 0:00,21/08/2024 0:00,10,11,2,4.904234417,599.252,599.252
21/08/2024 11:00,bounty_madera,31/08/2024 0:00,21/08/2024 0:00,11,12,2,5.46171515,594.861,594.861
21/08/2024 12:00,bounty_madera,31/08/2024 0:00,21/08/2024 0:00,12,13,2,4.5290485,609.377,609.377
21/08/2024 13:00,bounty_madera,31/08/2024 0:00,21/08/2024 0:00,13,14,2,12.84105043,637.953,637.953
21/08/2024 14:00,bounty_madera,31/08/2024 0:00,21/08/2024 0:00,14,15,2,13.15270798,623.369,623.369
21/08/2024 15:00,bounty_madera,31/08/2024 0:00,21/08/2024 0:00,15,16,2,17.08415388,620.546,620.546
21/08/2024 16:00,bounty_madera,31/08/2024 0:00,21/08/2024 0:00,16,17,2,25.86367435,622.653,622.653
21/08/2024 17:00,bounty_madera,31/08/2024 0:00,21/08/2024 0:00,17,18,2,5.806896758,590.657,590.657
21/08/2024 18:00,bounty_madera,31/08/2024 0:00,21/08/2024 0:00,18,19,2,7.762564375,514.973,514.973
21/08/2024 19:00,bounty_madera,31/08/2024 0:00,21/08/2024 0:00,19,20,2,9.683387567,368.983,368.983
21/08/2024 20:00,bounty_madera,31/08/2024 0:00,21/08/2024 0:00,20,21,2,10.17797672,403.661,403.661
21/08/2024 21:00,bounty_madera,31/08/2024 0:00,21/08/2024 0:00,21,22,2,11.3712662,406.876,406.876
21/08/2024 22:00,bounty_madera,31/08/2024 0:00,21/08/2024 0:00,22,23,2,6.843596825,392.133,392.133
21/08/2024 23:00,bounty_madera,31/08/2024 0:00,21/08/2024 0:00,23,24,2,7.435656058,423.658,423.658
22/08/2024 0:00,bounty_madera,31/08/2024 0:00,22/08/2024 0:00,0,1,3,5.516501508,406.766,406.766
22/08/2024 1:00,bounty_madera,31/08/2024 0:00,22/08/2024 0:00,1,2,3,4.251241058,375.651,375.651
22/08/2024 2:00,bounty_madera,31/08/2024 0:00,22/08/2024 0:00,2,3,3,4.307606675,365.653,365.653
22/08/2024 3:00,bounty_madera,31/08/2024 0:00,22/08/2024 0:00,3,4,3,4.114117,362.111,362.111
22/08/2024 4:00,bounty_madera,31/08/2024 0:00,22/08/2024 0:00,4,5,3,4.954690508,367.108,367.108
22/08/2024 5:00,bounty_madera,31/08/2024 0:00,22/08/2024 0:00,5,6,3,4.351138908,410.995,410.995
22/08/2024 6:00,bounty_madera,31/08/2024 0:00,22/08/2024 0:00,6,7,3,2.713931208,417.494,417.494
22/08/2024 7:00,bounty_madera,31/08/2024 0:00,22/08/2024 0:00,7,8,3,3.368972017,482.6,482.6
22/08/2024 8:00,bounty_madera,31/08/2024 0:00,22/08/2024 0:00,8,9,3,4.297381042,550.758,550.758
22/08/2024 9:00,bounty_madera,31/08/2024 0:00,22/08/2024 0:00,9,10,3,4.262416792,587.734,587.734
22/08/2024 10:00,bounty_madera,31/08/2024 0:00,22/08/2024 0:00,10,11,3,5.029806142,602.584,602.584
22/08/2024 11:00,bounty_madera,31/08/2024 0:00,22/08/2024 0:00,11,12,3,4.813510608,592.551,592.551
22/08/2024 12:00,bounty_madera,31/08/2024 0:00,22/08/2024 0:00,12,13,3,5.970166417,613.108,613.108
22/08/2024 13:00,bounty_madera,31/08/2024 0:00,22/08/2024 0:00,13,14,3,8.174579425,642.685,642.685
22/08/2024 14:00,bounty_madera,31/08/2024 0:00,22/08/2024 0:00,14,15,3,5.953102225,635.942,635.942
22/08/2024 15:00,bounty_madera,31/08/2024 0:00,22/08/2024 0:00,15,16,3,7.301376625,619.447,619.447
22/08/2024 16:00,bounty_madera,31/08/2024 0:00,22/08/2024 0:00,16,17,3,6.606148,624.343,624.343
22/08/2024 17:00,bounty_madera,31/08/2024 0:00,22/08/2024 0:00,17,18,3,5.289943542,611.387,611.387
22/08/2024 18:00,bounty_madera,31/08/2024 0:00,22/08/2024 0:00,18,19,3,9.075713617,546.936,546.936
22/08/2024 19:00,bounty_madera,31/08/2024 0:00,22/08/2024 0:00,19,20,3,5.954558167,465.22,465.22
22/08/2024 20:00,bounty_madera,31/08/2024 0:00,22/08/2024 0:00,20,21,3,9.640795458,430.748,430.748
22/08/2024 21:00,bounty_madera,31/08/2024 0:00,22/08/2024 0:00,21,22,3,10.33567943,436.98,436.98
22/08/2024 22:00,bounty_madera,31/08/2024 0:00,22/08/2024 0:00,22,23,3,7.576544183,446.119,446.119
22/08/2024 23:00,bounty_madera,31/08/2024 0:00,22/08/2024 0:00,23,24,3,8.00809535,453.557,453.557
23/08/2024 0:00,bounty_madera,31/08/2024 0:00,23/08/2024 0:00,0,1,4,5.745735683,429.276,429.276
23/08/2024 1:00,bounty_madera,31/08/2024 0:00,23/08/2024 0:00,1,2,4,5.093832683,401.683,401.683
23/08/2024 2:00,bounty_madera,31/08/2024 0:00,23/08/2024 0:00,2,3,4,4.689320825,399.873,399.873
23/08/2024 3:00,bounty_madera,31/08/2024 0:00,23/08/2024 0:00,3,4,4,4.603980867,393.994,393.994
23/08/2024 4:00,bounty_madera,31/08/2024 0:00,23/08/2024 0:00,4,5,4,4.323434717,401.96,401.96
23/08/2024 5:00,bounty_madera,31/08/2024 0:00,23/08/2024 0:00,5,6,4,3.427274925,425.743,425.743
23/08/2024 6:00,bounty_madera,31/08/2024 0:00,23/08/2024 0:00,6,7,4,2.445610508,451.126,451.126
23/08/2024 7:00,bounty_madera,31/08/2024 0:00,23/08/2024 0:00,7,8,4,2.998636508,508.901,508.901
23/08/2024 8:00,bounty_madera,31/08/2024 0:00,23/08/2024 0:00,8,9,4,3.282279275,580.931,580.931
23/08/2024 9:00,bounty_madera,31/08/2024 0:00,23/08/2024 0:00,9,10,4,3.404225883,593.243,593.243
23/08/2024 10:00,bounty_madera,31/08/2024 0:00,23/08/2024 0:00,10,11,4,4.315215942,622.034,622.034
23/08/2024 11:00,bounty_madera,31/08/2024 0:00,23/08/2024 0:00,11,12,4,4.719470375,596.4,596.4
23/08/2024 12:00,bounty_madera,31/08/2024 0:00,23/08/2024 0:00,12,13,4,4.09391495,618.674,618.674
23/08/2024 13:00,bounty_madera,31/08/2024 0:00,23/08/2024 0:00,13,14,4,5.568022508,636.413,636.413
23/08/2024 14:00,bounty_madera,31/08/2024 0:00,23/08/2024 0:00,14,15,4,5.772496233,636.871,636.871
23/08/2024 15:00,bounty_madera,31/08/2024 0:00,23/08/2024 0:00,15,16,4,5.422802075,619.231,619.231
23/08/2024 16:00,bounty_madera,31/08/2024 0:00,23/08/2024 0:00,16,17,4,5.454074867,596.685,596.685
23/08/2024 17:00,bounty_madera,31/08/2024 0:00,23/08/2024 0:00,17,18,4,7.754725117,595.375,595.375
23/08/2024 18:00,bounty_madera,31/08/2024 0:00,23/08/2024 0:00,18,19,4,13.46637062,536.967,536.967
23/08/2024 19:00,bounty_madera,31/08/2024 0:00,23/08/2024 0:00,19,20,4,5.7289727,425.849,425.849
23/08/2024 20:00,bounty_madera,31/08/2024 0:00,23/08/2024 0:00,20,21,4,5.715511083,409.366,409.366
23/08/2024 21:00,bounty_madera,31/08/2024 0:00,23/08/2024 0:00,21,22,4,5.8073751,410.915,410.915
23/08/2024 22:00,bounty_madera,31/08/2024 0:00,23/08/2024 0:00,22,23,4,4.820264625,421.845,421.845
23/08/2024 23:00,bounty_madera,31/08/2024 0:00,23/08/2024 0:00,23,24,4,4.4341239,424.767,424.767
24/08/2024 0:00,bounty_madera,31/08/2024 0:00,24/08/2024 0:00,0,1,5,4.304411167,427.232,427.232
24/08/2024 1:00,bounty_madera,31/08/2024 0:00,24/08/2024 0:00,1,2,5,3.812814967,398.68,398.68
24/08/2024 2:00,bounty_madera,31/08/2024 0:00,24/08/2024 0:00,2,3,5,4.542127683,381.125,381.125
24/08/2024 3:00,bounty_madera,31/08/2024 0:00,24/08/2024 0:00,3,4,5,4.103808933,369.603,369.603
24/08/2024 4:00,bounty_madera,31/08/2024 0:00,24/08/2024 0:00,4,5,5,3.989068958,387.148,387.148
24/08/2024 5:00,bounty_madera,31/08/2024 0:00,24/08/2024 0:00,5,6,5,3.428512358,430.045,430.045
24/08/2024 6:00,bounty_madera,31/08/2024 0:00,24/08/2024 0:00,6,7,5,2.825932833,462.968,462.968
24/08/2024 7:00,bounty_madera,31/08/2024 0:00,24/08/2024 0:00,7,8,5,3.077699617,480.21,480.21
24/08/2024 8:00,bounty_madera,31/08/2024 0:00,24/08/2024 0:00,8,9,5,3.397305992,538.305,538.305
24/08/2024 9:00,bounty_madera,31/08/2024 0:00,24/08/2024 0:00,9,10,5,3.752488542,562.247,562.247
24/08/2024 10:00,bounty_madera,31/08/2024 0:00,24/08/2024 0:00,10,11,5,3.840282125,569.849,569.849
24/08/2024 11:00,bounty_madera,31/08/2024 0:00,24/08/2024 0:00,11,12,5,3.614627658,553.468,553.468
24/08/2024 12:00,bounty_madera,31/08/2024 0:00,24/08/2024 0:00,12,13,5,3.323133242,538.68,538.68
24/08/2024 13:00,bounty_madera,31/08/2024 0:00,24/08/2024 0:00,13,14,5,6.963226467,572.173,572.173
24/08/2024 14:00,bounty_madera,31/08/2024 0:00,24/08/2024 0:00,14,15,5,5.696473942,559.998,559.998
24/08/2024 15:00,bounty_madera,31/08/2024 0:00,24/08/2024 0:00,15,16,5,5.036374875,571.005,571.005
24/08/2024 16:00,bounty_madera,31/08/2024 0:00,24/08/2024 0:00,16,17,5,6.528941133,540.771,540.771
24/08/2024 17:00,bounty_madera,31/08/2024 0:00,24/08/2024 0:00,17,18,5,4.772322083,530.74,530.74
24/08/2024 18:00,bounty_madera,31/08/2024 0:00,24/08/2024 0:00,18,19,5,5.8058736,494.105,494.105
24/08/2024 19:00,bounty_madera,31/08/2024 0:00,24/08/2024 0:00,19,20,5,5.350383358,438.094,438.094
24/08/2024 20:00,bounty_madera,31/08/2024 0:00,24/08/2024 0:00,20,21,5,6.086670667,438.441,438.441
24/08/2024 21:00,bounty_madera,31/08/2024 0:00,24/08/2024 0:00,21,22,5,7.007426833,433.154,433.154
24/08/2024 22:00,bounty_madera,31/08/2024 0:00,24/08/2024 0:00,22,23,5,5.589445892,424.235,424.235
24/08/2024 23:00,bounty_madera,31/08/2024 0:00,24/08/2024 0:00,23,24,5,5.074134558,413.183,413.183
25/08/2024 0:00,bounty_madera,31/08/2024 0:00,25/08/2024 0:00,0,1,6,3.962269258,376.614,376.614
25/08/2024 1:00,bounty_madera,31/08/2024 0:00,25/08/2024 0:00,1,2,6,3.93801165,327.616,327.616
25/08/2024 2:00,bounty_madera,31/08/2024 0:00,25/08/2024 0:00,2,3,6,4.035586858,324.298,324.298
25/08/2024 3:00,bounty_madera,31/08/2024 0:00,25/08/2024 0:00,3,4,6,4.071822558,335.379,335.379
25/08/2024 4:00,bounty_madera,31/08/2024 0:00,25/08/2024 0:00,4,5,6,4.018533475,354.626,354.626
25/08/2024 5:00,bounty_madera,31/08/2024 0:00,25/08/2024 0:00,5,6,6,4.30191425,392.554,392.554
25/08/2024 6:00,bounty_madera,31/08/2024 0:00,25/08/2024 0:00,6,7,6,3.301026083,401.255,401.255
25/08/2024 7:00,bounty_madera,31/08/2024 0:00,25/08/2024 0:00,7,8,6,1.487430367,449.334,449.334
25/08/2024 8:00,bounty_madera,31/08/2024 0:00,25/08/2024 0:00,8,9,6,3.0733935,509.875,509.875
25/08/2024 9:00,bounty_madera,31/08/2024 0:00,25/08/2024 0:00,9,10,6,2.594540958,567.521,567.521
25/08/2024 10:00,bounty_madera,31/08/2024 0:00,25/08/2024 0:00,10,11,6,3.09853255,579.513,579.513
25/08/2024 11:00,bounty_madera,31/08/2024 0:00,25/08/2024 0:00,11,12,6,2.909398967,577.004,577.004
25/08/2024 12:00,bounty_madera,31/08/2024 0:00,25/08/2024 0:00,12,13,6,3.435641442,597.589,597.589
25/08/2024 13:00,bounty_madera,31/08/2024 0:00,25/08/2024 0:00,13,14,6,3.552463367,614.603,614.603
25/08/2024 14:00,bounty_madera,31/08/2024 0:00,25/08/2024 0:00,14,15,6,3.59515935,494.453,494.453
25/08/2024 15:00,bounty_madera,31/08/2024 0:00,25/08/2024 0:00,15,16,6,4.845449692,1.013,1.013
25/08/2024 16:00,bounty_madera,31/08/2024 0:00,25/08/2024 0:00,16,17,6,4.834137408,0.067,0.067
25/08/2024 17:00,bounty_madera,31/08/2024 0:00,25/08/2024 0:00,17,18,6,5.950302575,0,0
25/08/2024 18:00,bounty_madera,31/08/2024 0:00,25/08/2024 0:00,18,19,6,5.890504883,319.628,319.628
25/08/2024 19:00,bounty_madera,31/08/2024 0:00,25/08/2024 0:00,19,20,6,5.295672892,366.862,366.862
25/08/2024 20:00,bounty_madera,31/08/2024 0:00,25/08/2024 0:00,20,21,6,5.136468083,354.778,354.778
25/08/2024 21:00,bounty_madera,31/08/2024 0:00,25/08/2024 0:00,21,22,6,5.345129542,356.408,356.408
25/08/2024 22:00,bounty_madera,31/08/2024 0:00,25/08/2024 0:00,22,23,6,4.222532175,351.785,351.785
25/08/2024 23:00,bounty_madera,31/08/2024 0:00,25/08/2024 0:00,23,24,6,4.154914808,370.309,370.309
26/08/2024 0:00,bounty_madera,30/09/2024 0:00,26/08/2024 0:00,0,1,0,3.703598258,358.843,358.843
26/08/2024 1:00,bounty_madera,30/09/2024 0:00,26/08/2024 0:00,1,2,0,3.714080608,334.439,334.439
26/08/2024 2:00,bounty_madera,30/09/2024 0:00,26/08/2024 0:00,2,3,0,3.305896075,320.695,320.695
26/08/2024 3:00,bounty_madera,30/09/2024 0:00,26/08/2024 0:00,3,4,0,2.67703245,305.421,305.421
26/08/2024 4:00,bounty_madera,30/09/2024 0:00,26/08/2024 0:00,4,5,0,2.708177825,321.334,321.334
26/08/2024 5:00,bounty_madera,30/09/2024 0:00,26/08/2024 0:00,5,6,0,1.775135217,328.281,328.281
26/08/2024 6:00,bounty_madera,30/09/2024 0:00,26/08/2024 0:00,6,7,0,0.193676083,339.599,339.599
26/08/2024 7:00,bounty_madera,30/09/2024 0:00,26/08/2024 0:00,7,8,0,0.34901505,390.759,390.759
26/08/2024 8:00,bounty_madera,30/09/2024 0:00,26/08/2024 0:00,8,9,0,2.109751092,486.292,486.292
26/08/2024 9:00,bounty_madera,30/09/2024 0:00,26/08/2024 0:00,9,10,0,2.111634842,542.686,542.686
26/08/2024 10:00,bounty_madera,30/09/2024 0:00,26/08/2024 0:00,10,11,0,3.043423225,554.412,554.412
26/08/2024 11:00,bounty_madera,30/09/2024 0:00,26/08/2024 0:00,11,12,0,3.024949925,549.633,549.633
26/08/2024 12:00,bounty_madera,30/09/2024 0:00,26/08/2024 0:00,12,13,0,3.120554533,579.201,579.201
26/08/2024 13:00,bounty_madera,30/09/2024 0:00,26/08/2024 0:00,13,14,0,3.618635708,590.045,590.045
26/08/2024 14:00,bounty_madera,30/09/2024 0:00,26/08/2024 0:00,14,15,0,3.431965475,532.232,532.232
26/08/2024 15:00,bounty_madera,30/09/2024 0:00,26/08/2024 0:00,15,16,0,3.362943433,474.269,474.269
26/08/2024 16:00,bounty_madera,30/09/2024 0:00,26/08/2024 0:00,16,17,0,3.12501435,472.434,472.434
26/08/2024 17:00,bounty_madera,30/09/2024 0:00,26/08/2024 0:00,17,18,0,3.825674508,468.478,468.478
26/08/2024 18:00,bounty_madera,30/09/2024 0:00,26/08/2024 0:00,18,19,0,5.780025658,461.677,461.677
26/08/2024 19:00,bounty_madera,30/09/2024 0:00,26/08/2024 0:00,19,20,0,5.904903008,419.51,419.51
26/08/2024 20:00,bounty_madera,30/09/2024 0:00,26/08/2024 0:00,20,21,0,5.310589883,418.48,418.48
26/08/2024 21:00,bounty_madera,30/09/2024 0:00,26/08/2024 0:00,21,22,0,5.96494905,393.569,393.569
26/08/2024 22:00,bounty_madera,30/09/2024 0:00,26/08/2024 0:00,22,23,0,5.059548675,390.827,390.827
26/08/2024 23:00,bounty_madera,30/09/2024 0:00,26/08/2024 0:00,23,24,0,4.013432567,435.77,435.77
27/08/2024 0:00,bounty_madera,30/09/2024 0:00,27/08/2024 0:00,0,1,1,4.841069675,403.479,403.479
27/08/2024 1:00,bounty_madera,30/09/2024 0:00,27/08/2024 0:00,1,2,1,3.734732967,358.47,358.47
27/08/2024 2:00,bounty_madera,30/09/2024 0:00,27/08/2024 0:00,2,3,1,3.128649275,343.868,343.868
27/08/2024 3:00,bounty_madera,30/09/2024 0:00,27/08/2024 0:00,3,4,1,2.871593642,336.617,336.617
27/08/2024 4:00,bounty_madera,30/09/2024 0:00,27/08/2024 0:00,4,5,1,3.130537083,348.722,348.722
27/08/2024 5:00,bounty_madera,30/09/2024 0:00,27/08/2024 0:00,5,6,1,2.952516267,386.84,386.84
27/08/2024 6:00,bounty_madera,30/09/2024 0:00,27/08/2024 0:00,6,7,1,2.459659233,407.118,407.118
27/08/2024 7:00,bounty_madera,30/09/2024 0:00,27/08/2024 0:00,7,8,1,2.82195325,481.584,481.584
27/08/2024 8:00,bounty_madera,30/09/2024 0:00,27/08/2024 0:00,8,9,1,3.460039683,521.427,521.427
27/08/2024 9:00,bounty_madera,30/09/2024 0:00,27/08/2024 0:00,9,10,1,3.238422667,572.792,572.792
27/08/2024 10:00,bounty_madera,30/09/2024 0:00,27/08/2024 0:00,10,11,1,3.416937158,558.94,558.94
27/08/2024 11:00,bounty_madera,30/09/2024 0:00,27/08/2024 0:00,11,12,1,3.64174815,556.954,556.954
27/08/2024 12:00,bounty_madera,30/09/2024 0:00,27/08/2024 0:00,12,13,1,3.333202792,595.3,595.3
27/08/2024 13:00,bounty_madera,30/09/2024 0:00,27/08/2024 0:00,13,14,1,4.146299567,607.527,607.527
27/08/2024 14:00,bounty_madera,30/09/2024 0:00,27/08/2024 0:00,14,15,1,5.743767942,581.76,581.76
27/08/2024 15:00,bounty_madera,30/09/2024 0:00,27/08/2024 0:00,15,16,1,4.4571924,553.3,553.3
27/08/2024 16:00,bounty_madera,30/09/2024 0:00,27/08/2024 0:00,16,17,1,4.431210308,571.766,571.766
27/08/2024 17:00,bounty_madera,30/09/2024 0:00,27/08/2024 0:00,17,18,1,4.211129117,546.945,546.945
27/08/2024 18:00,bounty_madera,30/09/2024 0:00,27/08/2024 0:00,18,19,1,8.976098508,506.434,506.434
27/08/2024 19:00,bounty_madera,30/09/2024 0:00,27/08/2024 0:00,19,20,1,5.7637268,473.002,473.002
27/08/2024 20:00,bounty_madera,30/09/2024 0:00,27/08/2024 0:00,20,21,1,6.660752075,452.069,452.069
27/08/2024 21:00,bounty_madera,30/09/2024 0:00,27/08/2024 0:00,21,22,1,7.256624733,430.845,430.845
27/08/2024 22:00,bounty_madera,30/09/2024 0:00,27/08/2024 0:00,22,23,1,3.924293642,423.474,423.474
27/08/2024 23:00,bounty_madera,30/09/2024 0:00,27/08/2024 0:00,23,24,1,3.305968658,446.36,446.36
28/08/2024 0:00,bounty_madera,30/09/2024 0:00,28/08/2024 0:00,0,1,2,3.796980733,445.234,445.234
28/08/2024 1:00,bounty_madera,30/09/2024 0:00,28/08/2024 0:00,1,2,2,3.802443408,410.399,410.399
28/08/2024 2:00,bounty_madera,30/09/2024 0:00,28/08/2024 0:00,2,3,2,3.52235555,398.556,398.556
28/08/2024 3:00,bounty_madera,30/09/2024 0:00,28/08/2024 0:00,3,4,2,3.216400183,380.045,380.045
28/08/2024 4:00,bounty_madera,30/09/2024 0:00,28/08/2024 0:00,4,5,2,3.43887175,407.396,407.396
28/08/2024 5:00,bounty_madera,30/09/2024 0:00,28/08/2024 0:00,5,6,2,3.237648967,426.858,426.858
28/08/2024 6:00,bounty_madera,30/09/2024 0:00,28/08/2024 0:00,6,7,2,2.567650683,437.026,437.026
28/08/2024 7:00,bounty_madera,30/09/2024 0:00,28/08/2024 0:00,7,8,2,2.979142,429.382,429.382
28/08/2024 8:00,bounty_madera,30/09/2024 0:00,28/08/2024 0:00,8,9,2,3.266699267,480.55,480.55
28/08/2024 9:00,bounty_madera,30/09/2024 0:00,28/08/2024 0:00,9,10,2,3.540503167,530.358,530.358
28/08/2024 10:00,bounty_madera,30/09/2024 0:00,28/08/2024 0:00,10,11,2,3.695339083,528.137,528.137
28/08/2024 11:00,bounty_madera,30/09/2024 0:00,28/08/2024 0:00,11,12,2,3.514159942,544.506,544.506
28/08/2024 12:00,bounty_madera,30/09/2024 0:00,28/08/2024 0:00,12,13,2,2.852546517,563.074,563.074
28/08/2024 13:00,bounty_madera,30/09/2024 0:00,28/08/2024 0:00,13,14,2,3.292657492,599.336,599.336
28/08/2024 14:00,bounty_madera,30/09/2024 0:00,28/08/2024 0:00,14,15,2,3.011301092,585.236,585.236
28/08/2024 15:00,bounty_madera,30/09/2024 0:00,28/08/2024 0:00,15,16,2,2.919075192,588.446,588.446
28/08/2024 16:00,bounty_madera,30/09/2024 0:00,28/08/2024 0:00,16,17,2,3.16663295,529.982,529.982
28/08/2024 17:00,bounty_madera,30/09/2024 0:00,28/08/2024 0:00,17,18,2,2.994078358,492.769,492.769
28/08/2024 18:00,bounty_madera,30/09/2024 0:00,28/08/2024 0:00,18,19,2,4.318830383,447.9,447.9
28/08/2024 19:00,bounty_madera,30/09/2024 0:00,28/08/2024 0:00,19,20,2,3.8179844,379.621,379.621
28/08/2024 20:00,bounty_madera,30/09/2024 0:00,28/08/2024 0:00,20,21,2,4.166771242,368.285,368.285
28/08/2024 21:00,bounty_madera,30/09/2024 0:00,28/08/2024 0:00,21,22,2,3.957376883,369.498,369.498
28/08/2024 22:00,bounty_madera,30/09/2024 0:00,28/08/2024 0:00,22,23,2,3.38659615,369.126,369.126
28/08/2024 23:00,bounty_madera,30/09/2024 0:00,28/08/2024 0:00,23,24,2,3.027092958,402.881,402.881
29/08/2024 0:00,bounty_madera,30/09/2024 0:00,29/08/2024 0:00,0,1,3,3.242047475,385.436,385.436
29/08/2024 1:00,bounty_madera,30/09/2024 0:00,29/08/2024 0:00,1,2,3,3.081344367,353.244,353.244
29/08/2024 2:00,bounty_madera,30/09/2024 0:00,29/08/2024 0:00,2,3,3,3.093098017,340.225,340.225
29/08/2024 3:00,bounty_madera,30/09/2024 0:00,29/08/2024 0:00,3,4,3,2.986222775,345.471,345.471
29/08/2024 4:00,bounty_madera,30/09/2024 0:00,29/08/2024 0:00,4,5,3,3.188370883,379.33,379.33
29/08/2024 5:00,bounty_madera,30/09/2024 0:00,29/08/2024 0:00,5,6,3,3.231809542,384.945,384.945
29/08/2024 6:00,bounty_madera,30/09/2024 0:00,29/08/2024 0:00,6,7,3,2.968462658,398.143,398.143
29/08/2024 7:00,bounty_madera,30/09/2024 0:00,29/08/2024 0:00,7,8,3,3.07968495,419.048,419.048
29/08/2024 8:00,bounty_madera,30/09/2024 0:00,29/08/2024 0:00,8,9,3,3.369226792,488.073,488.073
29/08/2024 9:00,bounty_madera,30/09/2024 0:00,29/08/2024 0:00,9,10,3,3.366438042,557.029,557.029
29/08/2024 10:00,bounty_madera,30/09/2024 0:00,29/08/2024 0:00,10,11,3,3.314453692,589.562,589.562
29/08/2024 11:00,bounty_madera,30/09/2024 0:00,29/08/2024 0:00,11,12,3,3.816460392,554.391,554.391
29/08/2024 12:00,bounty_madera,30/09/2024 0:00,29/08/2024 0:00,12,13,3,3.45870575,574.346,574.346
29/08/2024 13:00,bounty_madera,30/09/2024 0:00,29/08/2024 0:00,13,14,3,7.314558567,622.136,622.136
29/08/2024 14:00,bounty_madera,30/09/2024 0:00,29/08/2024 0:00,14,15,3,5.849736058,616.026,616.026
29/08/2024 15:00,bounty_madera,30/09/2024 0:00,29/08/2024 0:00,15,16,3,5.171253342,606.434,606.434
29/08/2024 16:00,bounty_madera,30/09/2024 0:00,29/08/2024 0:00,16,17,3,5.341568183,587.761,587.761
29/08/2024 17:00,bounty_madera,30/09/2024 0:00,29/08/2024 0:00,17,18,3,4.55703015,566.386,566.386
29/08/2024 18:00,bounty_madera,30/09/2024 0:00,29/08/2024 0:00,18,19,3,6.653553542,540.858,540.858
29/08/2024 19:00,bounty_madera,30/09/2024 0:00,29/08/2024 0:00,19,20,3,5.483501975,494.714,494.714
29/08/2024 20:00,bounty_madera,30/09/2024 0:00,29/08/2024 0:00,20,21,3,9.083108258,466.331,466.331
29/08/2024 21:00,bounty_madera,30/09/2024 0:00,29/08/2024 0:00,21,22,3,6.34361065,459.568,459.568
29/08/2024 22:00,bounty_madera,30/09/2024 0:00,29/08/2024 0:00,22,23,3,6.302966733,459.008,459.008
29/08/2024 23:00,bounty_madera,30/09/2024 0:00,29/08/2024 0:00,23,24,3,3.618447492,462.852,462.852
30/08/2024 0:00,bounty_madera,30/09/2024 0:00,30/08/2024 0:00,0,1,4,6.066109275,448.418,448.418
30/08/2024 1:00,bounty_madera,30/09/2024 0:00,30/08/2024 0:00,1,2,4,4.140568008,400.534,400.534
30/08/2024 2:00,bounty_madera,30/09/2024 0:00,30/08/2024 0:00,2,3,4,3.716080583,389.974,389.974
30/08/2024 3:00,bounty_madera,30/09/2024 0:00,30/08/2024 0:00,3,4,4,3.508332825,378.684,378.684
30/08/2024 4:00,bounty_madera,30/09/2024 0:00,30/08/2024 0:00,4,5,4,3.499725808,394.602,394.602
30/08/2024 5:00,bounty_madera,30/09/2024 0:00,30/08/2024 0:00,5,6,4,3.354365275,421.217,421.217
30/08/2024 6:00,bounty_madera,30/09/2024 0:00,30/08/2024 0:00,6,7,4,3.006473617,454.726,454.726
30/08/2024 7:00,bounty_madera,30/09/2024 0:00,30/08/2024 0:00,7,8,4,2.974531808,493.588,493.588
30/08/2024 8:00,bounty_madera,30/09/2024 0:00,30/08/2024 0:00,8,9,4,3.155320167,552.843,552.843
30/08/2024 9:00,bounty_madera,30/09/2024 0:00,30/08/2024 0:00,9,10,4,3.830493567,601.376,601.376
30/08/2024 10:00,bounty_madera,30/09/2024 0:00,30/08/2024 0:00,10,11,4,4.7063631,604.14,604.14
30/08/2024 11:00,bounty_madera,30/09/2024 0:00,30/08/2024 0:00,11,12,4,3.466059767,582.414,582.414
30/08/2024 12:00,bounty_madera,30/09/2024 0:00,30/08/2024 0:00,12,13,4,3.219120108,614.771,614.771
30/08/2024 13:00,bounty_madera,30/09/2024 0:00,30/08/2024 0:00,13,14,4,4.941443508,638.096,638.096
30/08/2024 14:00,bounty_madera,30/09/2024 0:00,30/08/2024 0:00,14,15,4,10.46566457,643.793,643.793
30/08/2024 15:00,bounty_madera,30/09/2024 0:00,30/08/2024 0:00,15,16,4,6.687622225,612.452,612.452
30/08/2024 16:00,bounty_madera,30/09/2024 0:00,30/08/2024 0:00,16,17,4,5.592732683,595.976,595.976
30/08/2024 17:00,bounty_madera,30/09/2024 0:00,30/08/2024 0:00,17,18,4,4.917887792,596.634,596.634
30/08/2024 18:00,bounty_madera,30/09/2024 0:00,30/08/2024 0:00,18,19,4,7.411500925,561.087,561.087
30/08/2024 19:00,bounty_madera,30/09/2024 0:00,30/08/2024 0:00,19,20,4,5.124519017,505.495,505.495
30/08/2024 20:00,bounty_madera,30/09/2024 0:00,30/08/2024 0:00,20,21,4,9.436103575,470.237,470.237
30/08/2024 21:00,bounty_madera,30/09/2024 0:00,30/08/2024 0:00,21,22,4,10.71693337,460.274,460.274
30/08/2024 22:00,bounty_madera,30/09/2024 0:00,30/08/2024 0:00,22,23,4,5.528083883,460.446,460.446
30/08/2024 23:00,bounty_madera,30/09/2024 0:00,30/08/2024 0:00,23,24,4,4.7194671,470.615,470.615
31/08/2024 0:00,bounty_madera,30/09/2024 0:00,31/08/2024 0:00,0,1,5,7.691138558,461.673,461.673
31/08/2024 1:00,bounty_madera,30/09/2024 0:00,31/08/2024 0:00,1,2,5,4.512963892,429.864,429.864
31/08/2024 2:00,bounty_madera,30/09/2024 0:00,31/08/2024 0:00,2,3,5,4.291896425,412.23,412.23
31/08/2024 3:00,bounty_madera,30/09/2024 0:00,31/08/2024 0:00,3,4,5,4.142690192,409.07,409.07
31/08/2024 4:00,bounty_madera,30/09/2024 0:00,31/08/2024 0:00,4,5,5,3.595149883,407.106,407.106
31/08/2024 5:00,bounty_madera,30/09/2024 0:00,31/08/2024 0:00,5,6,5,3.02632915,433.209,433.209
31/08/2024 6:00,bounty_madera,30/09/2024 0:00,31/08/2024 0:00,6,7,5,2.572592575,451.189,451.189
31/08/2024 7:00,bounty_madera,30/09/2024 0:00,31/08/2024 0:00,7,8,5,2.553507983,491.212,491.212
31/08/2024 8:00,bounty_madera,30/09/2024 0:00,31/08/2024 0:00,8,9,5,2.818030025,521.908,521.908
31/08/2024 9:00,bounty_madera,30/09/2024 0:00,31/08/2024 0:00,9,10,5,3.034315017,569.648,569.648
31/08/2024 10:00,bounty_madera,30/09/2024 0:00,31/08/2024 0:00,10,11,5,3.18214455,591.448,591.448
31/08/2024 11:00,bounty_madera,30/09/2024 0:00,31/08/2024 0:00,11,12,5,3.184182225,591.715,591.715
31/08/2024 12:00,bounty_madera,30/09/2024 0:00,31/08/2024 0:00,12,13,5,3.289082033,602.969,602.969
31/08/2024 13:00,bounty_madera,30/09/2024 0:00,31/08/2024 0:00,13,14,5,4.299052667,643.33,643.33
31/08/2024 14:00,bounty_madera,30/09/2024 0:00,31/08/2024 0:00,14,15,5,5.50344015,614.291,614.291
31/08/2024 15:00,bounty_madera,30/09/2024 0:00,31/08/2024 0:00,15,16,5,5.72512395,615.528,615.528
31/08/2024 16:00,bounty_madera,30/09/2024 0:00,31/08/2024 0:00,16,17,5,6.972504567,610.794,610.794
31/08/2024 17:00,bounty_madera,30/09/2024 0:00,31/08/2024 0:00,17,18,5,6.186993325,603.318,603.318
31/08/2024 18:00,bounty_madera,30/09/2024 0:00,31/08/2024 0:00,18,19,5,15.45365056,563.539,563.539
31/08/2024 19:00,bounty_madera,30/09/2024 0:00,31/08/2024 0:00,19,20,5,9.347091292,501.892,501.892
31/08/2024 20:00,bounty_madera,30/09/2024 0:00,31/08/2024 0:00,20,21,5,21.12969629,492.242,492.242
31/08/2024 21:00,bounty_madera,30/09/2024 0:00,31/08/2024 0:00,21,22,5,24.34688763,490.349,490.349
31/08/2024 22:00,bounty_madera,30/09/2024 0:00,31/08/2024 0:00,22,23,5,12.69571051,482.639,482.639
31/08/2024 23:00,bounty_madera,30/09/2024 0:00,31/08/2024 0:00,23,24,5,13.11069071,501.043,501.043
01/09/2024 0:00,bounty_madera,30/09/2024 0:00,01/09/2024 0:00,0,1,6,5.637277967,472.592,472.592
01/09/2024 1:00,bounty_madera,30/09/2024 0:00,01/09/2024 0:00,1,2,6,5.7491856,425.574,425.574
01/09/2024 2:00,bounty_madera,30/09/2024 0:00,01/09/2024 0:00,2,3,6,4.825715092,426.338,426.338
01/09/2024 3:00,bounty_madera,30/09/2024 0:00,01/09/2024 0:00,3,4,6,3.915432408,432.647,432.647
01/09/2024 4:00,bounty_madera,30/09/2024 0:00,01/09/2024 0:00,4,5,6,4.077835167,429.449,429.449
01/09/2024 5:00,bounty_madera,30/09/2024 0:00,01/09/2024 0:00,5,6,6,4.6615937,452.639,452.639
01/09/2024 6:00,bounty_madera,30/09/2024 0:00,01/09/2024 0:00,6,7,6,3.2336143,488.501,488.501
01/09/2024 7:00,bounty_madera,30/09/2024 0:00,01/09/2024 0:00,7,8,6,2.470228142,515.319,515.319
01/09/2024 8:00,bounty_madera,30/09/2024 0:00,01/09/2024 0:00,8,9,6,2.758634633,577.286,577.286
01/09/2024 9:00,bounty_madera,30/09/2024 0:00,01/09/2024 0:00,9,10,6,2.765086658,605.78,605.78
01/09/2024 10:00,bounty_madera,30/09/2024 0:00,01/09/2024 0:00,10,11,6,3.5612907,606.506,606.506
01/09/2024 11:00,bounty_madera,30/09/2024 0:00,01/09/2024 0:00,11,12,6,4.365016325,591.529,591.529
01/09/2024 12:00,bounty_madera,30/09/2024 0:00,01/09/2024 0:00,12,13,6,3.378099033,625.776,625.776
01/09/2024 13:00,bounty_madera,30/09/2024 0:00,01/09/2024 0:00,13,14,6,3.450249167,633.916,633.916
01/09/2024 14:00,bounty_madera,30/09/2024 0:00,01/09/2024 0:00,14,15,6,3.227210708,622.722,622.722
01/09/2024 15:00,bounty_madera,30/09/2024 0:00,01/09/2024 0:00,15,16,6,3.37481235,620.156,620.156
01/09/2024 16:00,bounty_madera,30/09/2024 0:00,01/09/2024 0:00,16,17,6,3.374771875,326.08,326.08
01/09/2024 17:00,bounty_madera,30/09/2024 0:00,01/09/2024 0:00,17,18,6,4.095635608,270.03,270.03
01/09/2024 18:00,bounty_madera,30/09/2024 0:00,01/09/2024 0:00,18,19,6,4.797032475,506.634,506.634
01/09/2024 19:00,bounty_madera,30/09/2024 0:00,01/09/2024 0:00,19,20,6,4.563702567,435.783,435.783
01/09/2024 20:00,bounty_madera,30/09/2024 0:00,01/09/2024 0:00,20,21,6,4.551443642,426.506,426.506
01/09/2024 21:00,bounty_madera,30/09/2024 0:00,01/09/2024 0:00,21,22,6,4.360586492,428.001,428.001
01/09/2024 22:00,bounty_madera,30/09/2024 0:00,01/09/2024 0:00,22,23,6,3.87230485,432.546,432.546
01/09/2024 23:00,bounty_madera,30/09/2024 0:00,01/09/2024 0:00,23,24,6,2.932884258,446.389,446.389
02/09/2024 0:00,bounty_madera,30/09/2024 0:00,02/09/2024 0:00,0,1,0,2.472715192,432.818,432.818
02/09/2024 1:00,bounty_madera,30/09/2024 0:00,02/09/2024 0:00,1,2,0,2.454572992,402.053,402.053
02/09/2024 2:00,bounty_madera,30/09/2024 0:00,02/09/2024 0:00,2,3,0,2.52454595,377.569,377.569
02/09/2024 3:00,bounty_madera,30/09/2024 0:00,02/09/2024 0:00,3,4,0,2.184028083,369.653,369.653
02/09/2024 4:00,bounty_madera,30/09/2024 0:00,02/09/2024 0:00,4,5,0,2.113165808,376.247,376.247
02/09/2024 5:00,bounty_madera,30/09/2024 0:00,02/09/2024 0:00,5,6,0,2.380276883,397.428,397.428
02/09/2024 6:00,bounty_madera,30/09/2024 0:00,02/09/2024 0:00,6,7,0,2.483078608,417.064,417.064
02/09/2024 7:00,bounty_madera,30/09/2024 0:00,02/09/2024 0:00,7,8,0,2.818295375,435.088,435.088
02/09/2024 8:00,bounty_madera,30/09/2024 0:00,02/09/2024 0:00,8,9,0,2.438887017,488.517,488.517
02/09/2024 9:00,bounty_madera,30/09/2024 0:00,02/09/2024 0:00,9,10,0,2.602892767,511.152,511.152
02/09/2024 10:00,bounty_madera,30/09/2024 0:00,02/09/2024 0:00,10,11,0,2.015587342,493.283,493.283
02/09/2024 11:00,bounty_madera,30/09/2024 0:00,02/09/2024 0:00,11,12,0,3.011863017,453.801,453.801
02/09/2024 12:00,bounty_madera,30/09/2024 0:00,02/09/2024 0:00,12,13,0,2.402200967,466.438,466.438
02/09/2024 13:00,bounty_madera,30/09/2024 0:00,02/09/2024 0:00,13,14,0,1.638151267,494.651,494.651
02/09/2024 14:00,bounty_madera,30/09/2024 0:00,02/09/2024 0:00,14,15,0,1.445932792,474.087,474.087
02/09/2024 15:00,bounty_madera,30/09/2024 0:00,02/09/2024 0:00,15,16,0,0.106316867,444.969,444.969
02/09/2024 16:00,bounty_madera,30/09/2024 0:00,02/09/2024 0:00,16,17,0,2.093912883,455.229,455.229
02/09/2024 17:00,bounty_madera,30/09/2024 0:00,02/09/2024 0:00,17,18,0,2.480411158,453.965,453.965
02/09/2024 18:00,bounty_madera,30/09/2024 0:00,02/09/2024 0:00,18,19,0,4.080806117,439.996,439.996
02/09/2024 19:00,bounty_madera,30/09/2024 0:00,02/09/2024 0:00,19,20,0,2.968103167,404.99,404.99
02/09/2024 20:00,bounty_madera,30/09/2024 0:00,02/09/2024 0:00,20,21,0,2.800819042,376.561,376.561
02/09/2024 21:00,bounty_madera,30/09/2024 0:00,02/09/2024 0:00,21,22,0,2.74547095,363.853,363.853
02/09/2024 22:00,bounty_madera,30/09/2024 0:00,02/09/2024 0:00,22,23,0,2.570439,365.56,365.56
02/09/2024 23:00,bounty_madera,30/09/2024 0:00,02/09/2024 0:00,23,24,0,2.349466767,376.883,376.883
03/09/2024 0:00,bounty_madera,30/09/2024 0:00,03/09/2024 0:00,0,1,1,2.7488618,380.003,380.003
03/09/2024 1:00,bounty_madera,30/09/2024 0:00,03/09/2024 0:00,1,2,1,2.643940042,345.189,345.189
03/09/2024 2:00,bounty_madera,30/09/2024 0:00,03/09/2024 0:00,2,3,1,2.359864367,335.937,335.937
03/09/2024 3:00,bounty_madera,30/09/2024 0:00,03/09/2024 0:00,3,4,1,2.570349425,325.165,325.165
03/09/2024 4:00,bounty_madera,30/09/2024 0:00,03/09/2024 0:00,4,5,1,2.754166975,337.501,337.501
03/09/2024 5:00,bounty_madera,30/09/2024 0:00,03/09/2024 0:00,5,6,1,2.555319175,373.01,373.01
03/09/2024 6:00,bounty_madera,30/09/2024 0:00,03/09/2024 0:00,6,7,1,2.204669525,408.064,408.064
03/09/2024 7:00,bounty_madera,30/09/2024 0:00,03/09/2024 0:00,7,8,1,1.992769058,437.969,437.969
03/09/2024 8:00,bounty_madera,30/09/2024 0:00,03/09/2024 0:00,8,9,1,2.813212258,461.757,461.757
03/09/2024 9:00,bounty_madera,30/09/2024 0:00,03/09/2024 0:00,9,10,1,2.035927533,460.295,460.295
03/09/2024 10:00,bounty_madera,30/09/2024 0:00,03/09/2024 0:00,10,11,1,2.931706367,497.301,497.301
03/09/2024 11:00,bounty_madera,30/09/2024 0:00,03/09/2024 0:00,11,12,1,3.642768167,477.956,477.956
03/09/2024 12:00,bounty_madera,30/09/2024 0:00,03/09/2024 0:00,12,13,1,2.736043342,479.849,479.849
03/09/2024 13:00,bounty_madera,30/09/2024 0:00,03/09/2024 0:00,13,14,1,2.266601542,516.483,516.483
03/09/2024 14:00,bounty_madera,30/09/2024 0:00,03/09/2024 0:00,14,15,1,2.924577017,498.222,498.222
03/09/2024 15:00,bounty_madera,30/09/2024 0:00,03/09/2024 0:00,15,16,1,4.17241285,510.471,510.471
03/09/2024 16:00,bounty_madera,30/09/2024 0:00,03/09/2024 0:00,16,17,1,3.380632542,514.507,514.507
03/09/2024 17:00,bounty_madera,30/09/2024 0:00,03/09/2024 0:00,17,18,1,2.933434525,519.215,519.215
03/09/2024 18:00,bounty_madera,30/09/2024 0:00,03/09/2024 0:00,18,19,1,6.935055267,491.353,491.353
03/09/2024 19:00,bounty_madera,30/09/2024 0:00,03/09/2024 0:00,19,20,1,3.468060667,422.23,422.23
03/09/2024 20:00,bounty_madera,30/09/2024 0:00,03/09/2024 0:00,20,21,1,3.451758442,414.25,414.25
03/09/2024 21:00,bounty_madera,30/09/2024 0:00,03/09/2024 0:00,21,22,1,3.510085117,400.382,400.382
03/09/2024 22:00,bounty_madera,30/09/2024 0:00,03/09/2024 0:00,22,23,1,3.040065608,404.85,404.85
03/09/2024 23:00,bounty_madera,30/09/2024 0:00,03/09/2024 0:00,23,24,1,2.505943475,419.55,419.55
04/09/2024 0:00,bounty_madera,30/09/2024 0:00,04/09/2024 0:00,0,1,2,2.649057383,409.887,409.887
04/09/2024 1:00,bounty_madera,30/09/2024 0:00,04/09/2024 0:00,1,2,2,2.429151117,371.54,371.54
04/09/2024 2:00,bounty_madera,30/09/2024 0:00,04/09/2024 0:00,2,3,2,2.324182167,356.576,356.576
04/09/2024 3:00,bounty_madera,30/09/2024 0:00,04/09/2024 0:00,3,4,2,2.259414775,345.314,345.314
04/09/2024 4:00,bounty_madera,30/09/2024 0:00,04/09/2024 0:00,4,5,2,2.454583383,346.706,346.706
04/09/2024 5:00,bounty_madera,30/09/2024 0:00,04/09/2024 0:00,5,6,2,2.3000353,377.94,377.94
04/09/2024 6:00,bounty_madera,30/09/2024 0:00,04/09/2024 0:00,6,7,2,2.362779875,395.585,395.585
04/09/2024 7:00,bounty_madera,30/09/2024 0:00,04/09/2024 0:00,7,8,2,4.756177733,426.543,426.543
04/09/2024 8:00,bounty_madera,30/09/2024 0:00,04/09/2024 0:00,8,9,2,4.285221367,466.326,466.326
04/09/2024 9:00,bounty_madera,30/09/2024 0:00,04/09/2024 0:00,9,10,2,4.589497967,483.79,483.79
04/09/2024 10:00,bounty_madera,30/09/2024 0:00,04/09/2024 0:00,10,11,2,4.629591492,491.134,491.134
04/09/2024 11:00,bounty_madera,30/09/2024 0:00,04/09/2024 0:00,11,12,2,3.469241333,461.08,461.08
04/09/2024 12:00,bounty_madera,30/09/2024 0:00,04/09/2024 0:00,12,13,2,1.530904675,467.49,467.49
04/09/2024 13:00,bounty_madera,30/09/2024 0:00,04/09/2024 0:00,13,14,2,2.805205483,494.399,494.399
04/09/2024 14:00,bounty_madera,30/09/2024 0:00,04/09/2024 0:00,14,15,2,3.541185983,475.755,475.755
04/09/2024 15:00,bounty_madera,30/09/2024 0:00,04/09/2024 0:00,15,16,2,3.531709175,451.676,451.676
04/09/2024 16:00,bounty_madera,30/09/2024 0:00,04/09/2024 0:00,16,17,2,3.591481667,430.451,430.451
04/09/2024 17:00,bounty_madera,30/09/2024 0:00,04/09/2024 0:00,17,18,2,4.085089825,415.544,415.544
04/09/2024 18:00,bounty_madera,30/09/2024 0:00,04/09/2024 0:00,18,19,2,3.969575475,393.516,393.516
04/09/2024 19:00,bounty_madera,30/09/2024 0:00,04/09/2024 0:00,19,20,2,1.992535483,356.786,356.786
04/09/2024 20:00,bounty_madera,30/09/2024 0:00,04/09/2024 0:00,20,21,2,2.979431208,362.779,362.779
04/09/2024 21:00,bounty_madera,30/09/2024 0:00,04/09/2024 0:00,21,22,2,3.032926208,345.583,345.583
04/09/2024 22:00,bounty_madera,30/09/2024 0:00,04/09/2024 0:00,22,23,2,2.462300975,339.523,339.523
04/09/2024 23:00,bounty_madera,30/09/2024 0:00,04/09/2024 0:00,23,24,2,2.0292034,373.237,373.237
05/09/2024 0:00,bounty_madera,30/09/2024 0:00,05/09/2024 0:00,0,1,3,2.461344883,377.708,377.708
05/09/2024 1:00,bounty_madera,30/09/2024 0:00,05/09/2024 0:00,1,2,3,2.381587825,351.452,351.452
05/09/2024 2:00,bounty_madera,30/09/2024 0:00,05/09/2024 0:00,2,3,3,2.311810842,340.583,340.583
05/09/2024 3:00,bounty_madera,30/09/2024 0:00,05/09/2024 0:00,3,4,3,2.195335825,345.995,345.995
05/09/2024 4:00,bounty_madera,30/09/2024 0:00,05/09/2024 0:00,4,5,3,2.413811583,347.214,347.214
05/09/2024 5:00,bounty_madera,30/09/2024 0:00,05/09/2024 0:00,5,6,3,2.259244725,378.806,378.806
05/09/2024 6:00,bounty_madera,30/09/2024 0:00,05/09/2024 0:00,6,7,3,2.194011492,394.292,394.292
05/09/2024 7:00,bounty_madera,30/09/2024 0:00,05/09/2024 0:00,7,8,3,2.149722558,416.89,416.89
05/09/2024 8:00,bounty_madera,30/09/2024 0:00,05/09/2024 0:00,8,9,3,2.9164055,434.856,434.856
05/09/2024 9:00,bounty_madera,30/09/2024 0:00,05/09/2024 0:00,9,10,3,2.966044417,448.656,448.656
05/09/2024 10:00,bounty_madera,30/09/2024 0:00,05/09/2024 0:00,10,11,3,3.876151842,476.214,476.214
05/09/2024 11:00,bounty_madera,30/09/2024 0:00,05/09/2024 0:00,11,12,3,4.352747125,452.537,452.537
05/09/2024 12:00,bounty_madera,30/09/2024 0:00,05/09/2024 0:00,12,13,3,3.293332708,468.724,468.724
05/09/2024 13:00,bounty_madera,30/09/2024 0:00,05/09/2024 0:00,13,14,3,4.551708717,482.843,482.843
05/09/2024 14:00,bounty_madera,30/09/2024 0:00,05/09/2024 0:00,14,15,3,3.589834217,463.626,463.626
05/09/2024 15:00,bounty_madera,30/09/2024 0:00,05/09/2024 0:00,15,16,3,3.52523105,450.777,450.777
05/09/2024 16:00,bounty_madera,30/09/2024 0:00,05/09/2024 0:00,16,17,3,3.555607942,465.629,465.629
05/09/2024 17:00,bounty_madera,30/09/2024 0:00,05/09/2024 0:00,17,18,3,3.950273833,473.496,473.496
05/09/2024 18:00,bounty_madera,30/09/2024 0:00,05/09/2024 0:00,18,19,3,4.441999983,452.193,452.193
05/09/2024 19:00,bounty_madera,30/09/2024 0:00,05/09/2024 0:00,19,20,3,3.407926975,403.971,403.971
05/09/2024 20:00,bounty_madera,30/09/2024 0:00,05/09/2024 0:00,20,21,3,5.9139655,407.279,407.279
05/09/2024 21:00,bounty_madera,30/09/2024 0:00,05/09/2024 0:00,21,22,3,3.474118192,412.39,412.39
05/09/2024 22:00,bounty_madera,30/09/2024 0:00,05/09/2024 0:00,22,23,3,3.110097467,404.32,404.32
05/09/2024 23:00,bounty_madera,30/09/2024 0:00,05/09/2024 0:00,23,24,3,2.883226017,405.028,405.028
06/09/2024 0:00,bounty_madera,30/09/2024 0:00,06/09/2024 0:00,0,1,4,2.501528408,402.208,402.208
06/09/2024 1:00,bounty_madera,30/09/2024 0:00,06/09/2024 0:00,1,2,4,2.446864633,308.834,308.834
06/09/2024 2:00,bounty_madera,30/09/2024 0:00,06/09/2024 0:00,2,3,4,2.394372217,318.561,318.561
06/09/2024 3:00,bounty_madera,30/09/2024 0:00,06/09/2024 0:00,3,4,4,2.521147975,312.363,312.363
06/09/2024 4:00,bounty_madera,30/09/2024 0:00,06/09/2024 0:00,4,5,4,2.696619333,331.286,331.286
06/09/2024 5:00,bounty_madera,30/09/2024 0:00,06/09/2024 0:00,5,6,4,2.881833433,382.335,382.335
06/09/2024 6:00,bounty_madera,30/09/2024 0:00,06/09/2024 0:00,6,7,4,2.511218242,408.988,408.988
06/09/2024 7:00,bounty_madera,30/09/2024 0:00,06/09/2024 0:00,7,8,4,2.802999317,425.255,425.255
06/09/2024 8:00,bounty_madera,30/09/2024 0:00,06/09/2024 0:00,8,9,4,3.156679933,444.527,444.527
06/09/2024 9:00,bounty_madera,30/09/2024 0:00,06/09/2024 0:00,9,10,4,3.885068192,462.326,462.326
06/09/2024 10:00,bounty_madera,30/09/2024 0:00,06/09/2024 0:00,10,11,4,3.950222858,492.873,492.873
06/09/2024 11:00,bounty_madera,30/09/2024 0:00,06/09/2024 0:00,11,12,4,3.5110479,476.128,476.128
06/09/2024 12:00,bounty_madera,30/09/2024 0:00,06/09/2024 0:00,12,13,4,2.502569117,470.191,470.191
06/09/2024 13:00,bounty_madera,30/09/2024 0:00,06/09/2024 0:00,13,14,4,3.656507983,507.176,507.176
06/09/2024 14:00,bounty_madera,30/09/2024 0:00,06/09/2024 0:00,14,15,4,3.579472917,499.305,499.305
06/09/2024 15:00,bounty_madera,30/09/2024 0:00,06/09/2024 0:00,15,16,4,3.779984175,504.874,504.874
06/09/2024 16:00,bounty_madera,30/09/2024 0:00,06/09/2024 0:00,16,17,4,3.870641108,506.062,506.062
06/09/2024 17:00,bounty_madera,30/09/2024 0:00,06/09/2024 0:00,17,18,4,3.734834708,471.282,471.282
06/09/2024 18:00,bounty_madera,30/09/2024 0:00,06/09/2024 0:00,18,19,4,5.035607317,441.84,441.84
06/09/2024 19:00,bounty_madera,30/09/2024 0:00,06/09/2024 0:00,19,20,4,5.228059717,416.22,416.22
06/09/2024 20:00,bounty_madera,30/09/2024 0:00,06/09/2024 0:00,20,21,4,7.5410885,399.774,399.774
06/09/2024 21:00,bounty_madera,30/09/2024 0:00,06/09/2024 0:00,21,22,4,4.808107917,392.414,392.414
06/09/2024 22:00,bounty_madera,30/09/2024 0:00,06/09/2024 0:00,22,23,4,3.547687433,381.768,381.768
06/09/2024 23:00,bounty_madera,30/09/2024 0:00,06/09/2024 0:00,23,24,4,3.299280725,407.956,407.956
07/09/2024 0:00,bounty_madera,30/09/2024 0:00,07/09/2024 0:00,0,1,5,3.444273825,391.772,391.772
07/09/2024 1:00,bounty_madera,30/09/2024 0:00,07/09/2024 0:00,1,2,5,3.07805285,347.819,347.819
07/09/2024 2:00,bounty_madera,30/09/2024 0:00,07/09/2024 0:00,2,3,5,2.914165792,317.175,317.175
07/09/2024 3:00,bounty_madera,30/09/2024 0:00,07/09/2024 0:00,3,4,5,2.847145783,311.961,311.961
07/09/2024 4:00,bounty_madera,30/09/2024 0:00,07/09/2024 0:00,4,5,5,2.667311308,330.305,330.305
07/09/2024 5:00,bounty_madera,30/09/2024 0:00,07/09/2024 0:00,5,6,5,2.400605108,367.642,367.642
07/09/2024 6:00,bounty_madera,30/09/2024 0:00,07/09/2024 0:00,6,7,5,2.025399733,389.114,389.114
07/09/2024 7:00,bounty_madera,30/09/2024 0:00,07/09/2024 0:00,7,8,5,1.37114005,425.348,425.348
07/09/2024 8:00,bounty_madera,30/09/2024 0:00,07/09/2024 0:00,8,9,5,1.343797058,520.178,520.178
07/09/2024 9:00,bounty_madera,30/09/2024 0:00,07/09/2024 0:00,9,10,5,2.436048542,530.498,530.498
07/09/2024 10:00,bounty_madera,30/09/2024 0:00,07/09/2024 0:00,10,11,5,4.009951683,564.774,564.774
07/09/2024 11:00,bounty_madera,30/09/2024 0:00,07/09/2024 0:00,11,12,5,3.575410492,563.583,563.583
07/09/2024 12:00,bounty_madera,30/09/2024 0:00,07/09/2024 0:00,12,13,5,2.845158017,562.418,562.418
07/09/2024 13:00,bounty_madera,30/09/2024 0:00,07/09/2024 0:00,13,14,5,3.839041242,586.572,586.572
07/09/2024 14:00,bounty_madera,30/09/2024 0:00,07/09/2024 0:00,14,15,5,3.4708103,590.288,590.288
07/09/2024 15:00,bounty_madera,30/09/2024 0:00,07/09/2024 0:00,15,16,5,3.563600375,582.04,582.04
07/09/2024 16:00,bounty_madera,30/09/2024 0:00,07/09/2024 0:00,16,17,5,3.019028875,565.963,565.963
07/09/2024 17:00,bounty_madera,30/09/2024 0:00,07/09/2024 0:00,17,18,5,2.850562342,569.805,569.805
07/09/2024 18:00,bounty_madera,30/09/2024 0:00,07/09/2024 0:00,18,19,5,8.222557292,560.38,560.38
07/09/2024 19:00,bounty_madera,30/09/2024 0:00,07/09/2024 0:00,19,20,5,3.517641442,532.383,532.383
07/09/2024 20:00,bounty_madera,30/09/2024 0:00,07/09/2024 0:00,20,21,5,6.055091125,523.4,523.4
07/09/2024 21:00,bounty_madera,30/09/2024 0:00,07/09/2024 0:00,21,22,5,3.746963642,501.507,501.507
07/09/2024 22:00,bounty_madera,30/09/2024 0:00,07/09/2024 0:00,22,23,5,3.605224675,467.595,467.595
07/09/2024 23:00,bounty_madera,30/09/2024 0:00,07/09/2024 0:00,23,24,5,5.381247917,464.449,464.449
08/09/2024 0:00,bounty_madera,30/09/2024 0:00,08/09/2024 0:00,0,1,6,3.101096933,439.342,439.342
08/09/2024 1:00,bounty_madera,30/09/2024 0:00,08/09/2024 0:00,1,2,6,2.98889715,363.69,363.69
08/09/2024 2:00,bounty_madera,30/09/2024 0:00,08/09/2024 0:00,2,3,6,2.819153517,323.307,323.307
08/09/2024 3:00,bounty_madera,30/09/2024 0:00,08/09/2024 0:00,3,4,6,2.508342458,312.374,312.374
08/09/2024 4:00,bounty_madera,30/09/2024 0:00,08/09/2024 0:00,4,5,6,2.455002758,320.64,320.64
08/09/2024 5:00,bounty_madera,30/09/2024 0:00,08/09/2024 0:00,5,6,6,2.390207733,358.215,358.215
08/09/2024 6:00,bounty_madera,30/09/2024 0:00,08/09/2024 0:00,6,7,6,1.140341467,367.695,367.695
08/09/2024 7:00,bounty_madera,30/09/2024 0:00,08/09/2024 0:00,7,8,6,0.393667642,430.144,430.144
08/09/2024 8:00,bounty_madera,30/09/2024 0:00,08/09/2024 0:00,8,9,6,-0.5362841,548.644,548.644
08/09/2024 9:00,bounty_madera,30/09/2024 0:00,08/09/2024 0:00,9,10,6,0.928535775,594.069,594.069
08/09/2024 10:00,bounty_madera,30/09/2024 0:00,08/09/2024 0:00,10,11,6,2.821428575,603.242,603.242
08/09/2024 11:00,bounty_madera,30/09/2024 0:00,08/09/2024 0:00,11,12,6,2.158808033,588.912,588.912
08/09/2024 12:00,bounty_madera,30/09/2024 0:00,08/09/2024 0:00,12,13,6,1.343501117,608.682,608.682
08/09/2024 13:00,bounty_madera,30/09/2024 0:00,08/09/2024 0:00,13,14,6,1.968579625,636.677,636.677
08/09/2024 14:00,bounty_madera,30/09/2024 0:00,08/09/2024 0:00,14,15,6,2.550228942,627.923,627.923
08/09/2024 15:00,bounty_madera,30/09/2024 0:00,08/09/2024 0:00,15,16,6,2.870912792,613.531,613.531
08/09/2024 16:00,bounty_madera,30/09/2024 0:00,08/09/2024 0:00,16,17,6,2.899470133,586.47,586.47
08/09/2024 17:00,bounty_madera,30/09/2024 0:00,08/09/2024 0:00,17,18,6,3.622633458,600.157,600.157
08/09/2024 18:00,bounty_madera,30/09/2024 0:00,08/09/2024 0:00,18,19,6,10.35345614,568.163,568.163
08/09/2024 19:00,bounty_madera,30/09/2024 0:00,08/09/2024 0:00,19,20,6,4.333322325,502.601,502.601
08/09/2024 20:00,bounty_madera,30/09/2024 0:00,08/09/2024 0:00,20,21,6,5.195620958,507.444,507.444
08/09/2024 21:00,bounty_madera,30/09/2024 0:00,08/09/2024 0:00,21,22,6,5.20958145,501.736,501.736
08/09/2024 22:00,bounty_madera,30/09/2024 0:00,08/09/2024 0:00,22,23,6,3.674258967,477.529,477.529
08/09/2024 23:00,bounty_madera,30/09/2024 0:00,08/09/2024 0:00,23,24,6,3.36759445,501.979,501.979
09/09/2024 0:00,bounty_madera,30/09/2024 0:00,09/09/2024 0:00,0,1,0,3.401578775,489.426,489.426
09/09/2024 1:00,bounty_madera,30/09/2024 0:00,09/09/2024 0:00,1,2,0,3.249150842,444.503,444.503
09/09/2024 2:00,bounty_madera,30/09/2024 0:00,09/09/2024 0:00,2,3,0,2.975862642,424.167,424.167
09/09/2024 3:00,bounty_madera,30/09/2024 0:00,09/09/2024 0:00,3,4,0,2.763195242,415.746,415.746
09/09/2024 4:00,bounty_madera,30/09/2024 0:00,09/09/2024 0:00,4,5,0,2.96698875,440.354,440.354
09/09/2024 5:00,bounty_madera,30/09/2024 0:00,09/09/2024 0:00,5,6,0,3.119497775,471.165,471.165
09/09/2024 6:00,bounty_madera,30/09/2024 0:00,09/09/2024 0:00,6,7,0,2.63818575,454.142,454.142
09/09/2024 7:00,bounty_madera,30/09/2024 0:00,09/09/2024 0:00,7,8,0,3.213658025,483.542,483.542
09/09/2024 8:00,bounty_madera,30/09/2024 0:00,09/09/2024 0:00,8,9,0,3.72563955,472.05,472.05
09/09/2024 9:00,bounty_madera,30/09/2024 0:00,09/09/2024 0:00,9,10,0,3.470974475,460.19,460.19
09/09/2024 10:00,bounty_madera,30/09/2024 0:00,09/09/2024 0:00,10,11,0,3.715860908,452.071,452.071
09/09/2024 11:00,bounty_madera,30/09/2024 0:00,09/09/2024 0:00,11,12,0,3.6127666,492.845,492.845
09/09/2024 12:00,bounty_madera,30/09/2024 0:00,09/09/2024 0:00,12,13,0,3.436477817,542.553,542.553
09/09/2024 13:00,bounty_madera,30/09/2024 0:00,09/09/2024 0:00,13,14,0,5.617650058,532.497,532.497
09/09/2024 14:00,bounty_madera,30/09/2024 0:00,09/09/2024 0:00,14,15,0,4.595153708,492.617,492.617
09/09/2024 15:00,bounty_madera,30/09/2024 0:00,09/09/2024 0:00,15,16,0,5.401437833,499.238,499.238
09/09/2024 16:00,bounty_madera,30/09/2024 0:00,09/09/2024 0:00,16,17,0,4.893519633,492.213,492.213
09/09/2024 17:00,bounty_madera,30/09/2024 0:00,09/09/2024 0:00,17,18,0,3.504522817,496.483,496.483
09/09/2024 18:00,bounty_madera,30/09/2024 0:00,09/09/2024 0:00,18,19,0,5.800602758,477.817,477.817
09/09/2024 19:00,bounty_madera,30/09/2024 0:00,09/09/2024 0:00,19,20,0,5.153281108,408.829,408.829
09/09/2024 20:00,bounty_madera,30/09/2024 0:00,09/09/2024 0:00,20,21,0,4.625819217,373.323,373.323
09/09/2024 21:00,bounty_madera,30/09/2024 0:00,09/09/2024 0:00,21,22,0,3.514339108,366.29,366.29
09/09/2024 22:00,bounty_madera,30/09/2024 0:00,09/09/2024 0:00,22,23,0,4.985094933,361.546,361.546
09/09/2024 23:00,bounty_madera,30/09/2024 0:00,09/09/2024 0:00,23,24,0,3.594650558,380.532,380.532
10/09/2024 0:00,bounty_madera,30/09/2024 0:00,10/09/2024 0:00,0,1,1,3.389119317,374.304,374.304
10/09/2024 1:00,bounty_madera,30/09/2024 0:00,10/09/2024 0:00,1,2,1,3.054041783,342.846,342.846
10/09/2024 2:00,bounty_madera,30/09/2024 0:00,10/09/2024 0:00,2,3,1,2.751074583,317.533,317.533
10/09/2024 3:00,bounty_madera,30/09/2024 0:00,10/09/2024 0:00,3,4,1,2.443584458,295.771,295.771
10/09/2024 4:00,bounty_madera,30/09/2024 0:00,10/09/2024 0:00,4,5,1,2.777706058,316.398,316.398
10/09/2024 5:00,bounty_madera,30/09/2024 0:00,10/09/2024 0:00,5,6,1,2.895323992,350.462,350.462
10/09/2024 6:00,bounty_madera,30/09/2024 0:00,10/09/2024 0:00,6,7,1,2.38641405,385.769,385.769
10/09/2024 7:00,bounty_madera,30/09/2024 0:00,10/09/2024 0:00,7,8,1,2.463733342,482.606,482.606
10/09/2024 8:00,bounty_madera,30/09/2024 0:00,10/09/2024 0:00,8,9,1,2.52857945,525.864,525.864
10/09/2024 9:00,bounty_madera,30/09/2024 0:00,10/09/2024 0:00,9,10,1,2.245724083,572.426,572.426
10/09/2024 10:00,bounty_madera,30/09/2024 0:00,10/09/2024 0:00,10,11,1,2.666629333,584.484,584.484
10/09/2024 11:00,bounty_madera,30/09/2024 0:00,10/09/2024 0:00,11,12,1,2.668471917,579.518,579.518
10/09/2024 12:00,bounty_madera,30/09/2024 0:00,10/09/2024 0:00,12,13,1,2.261821558,605.947,605.947
10/09/2024 13:00,bounty_madera,30/09/2024 0:00,10/09/2024 0:00,13,14,1,5.003160842,627.61,627.61
10/09/2024 14:00,bounty_madera,30/09/2024 0:00,10/09/2024 0:00,14,15,1,4.173349517,610.92,610.92
10/09/2024 15:00,bounty_madera,30/09/2024 0:00,10/09/2024 0:00,15,16,1,4.4695363,571.69,571.69
10/09/2024 16:00,bounty_madera,30/09/2024 0:00,10/09/2024 0:00,16,17,1,4.235322858,556.802,556.802
10/09/2024 17:00,bounty_madera,30/09/2024 0:00,10/09/2024 0:00,17,18,1,3.619566425,525.537,525.537
10/09/2024 18:00,bounty_madera,30/09/2024 0:00,10/09/2024 0:00,18,19,1,4.4741142,497.881,497.881
10/09/2024 19:00,bounty_madera,30/09/2024 0:00,10/09/2024 0:00,19,20,1,5.06276195,428.363,428.363
10/09/2024 20:00,bounty_madera,30/09/2024 0:00,10/09/2024 0:00,20,21,1,5.361215375,415.296,415.296
10/09/2024 21:00,bounty_madera,30/09/2024 0:00,10/09/2024 0:00,21,22,1,4.573671358,398.418,398.418
10/09/2024 22:00,bounty_madera,30/09/2024 0:00,10/09/2024 0:00,22,23,1,5.118667183,396.519,396.519
10/09/2024 23:00,bounty_madera,30/09/2024 0:00,10/09/2024 0:00,23,24,1,5.197208792,414.536,414.536
11/09/2024 0:00,bounty_madera,30/09/2024 0:00,11/09/2024 0:00,0,1,2,3.493233275,408.097,408.097
11/09/2024 1:00,bounty_madera,30/09/2024 0:00,11/09/2024 0:00,1,2,2,3.4817918,359.869,359.869
11/09/2024 2:00,bounty_madera,30/09/2024 0:00,11/09/2024 0:00,2,3,2,3.022438267,325.524,325.524
11/09/2024 3:00,bounty_madera,30/09/2024 0:00,11/09/2024 0:00,3,4,2,2.794489908,318.226,318.226
11/09/2024 4:00,bounty_madera,30/09/2024 0:00,11/09/2024 0:00,4,5,2,2.855575983,340.662,340.662
11/09/2024 5:00,bounty_madera,30/09/2024 0:00,11/09/2024 0:00,5,6,2,3.063817242,374.707,374.707
11/09/2024 6:00,bounty_madera,30/09/2024 0:00,11/09/2024 0:00,6,7,2,2.308864167,411.583,411.583
11/09/2024 7:00,bounty_madera,30/09/2024 0:00,11/09/2024 0:00,7,8,2,2.460901767,499.517,499.517
11/09/2024 8:00,bounty_madera,30/09/2024 0:00,11/09/2024 0:00,8,9,2,2.391949558,558.628,558.628
11/09/2024 9:00,bounty_madera,30/09/2024 0:00,11/09/2024 0:00,9,10,2,2.532989142,593.297,593.297
11/09/2024 10:00,bounty_madera,30/09/2024 0:00,11/09/2024 0:00,10,11,2,3.5919095,618.177,618.177
11/09/2024 11:00,bounty_madera,30/09/2024 0:00,11/09/2024 0:00,11,12,2,3.483309342,595.236,595.236
11/09/2024 12:00,bounty_madera,30/09/2024 0:00,11/09/2024 0:00,12,13,2,3.232057533,625.023,625.023
11/09/2024 13:00,bounty_madera,30/09/2024 0:00,11/09/2024 0:00,13,14,2,5.520035275,635.011,635.011
11/09/2024 14:00,bounty_madera,30/09/2024 0:00,11/09/2024 0:00,14,15,2,4.482461792,576.883,576.883
11/09/2024 15:00,bounty_madera,30/09/2024 0:00,11/09/2024 0:00,15,16,2,5.560848067,516.362,516.362
11/09/2024 16:00,bounty_madera,30/09/2024 0:00,11/09/2024 0:00,16,17,2,4.205987667,537.19,537.19
11/09/2024 17:00,bounty_madera,30/09/2024 0:00,11/09/2024 0:00,17,18,2,3.880045083,567.206,567.206
11/09/2024 18:00,bounty_madera,30/09/2024 0:00,11/09/2024 0:00,18,19,2,5.569172842,548.247,548.247
11/09/2024 19:00,bounty_madera,30/09/2024 0:00,11/09/2024 0:00,19,20,2,4.843058633,488.476,488.476
11/09/2024 20:00,bounty_madera,30/09/2024 0:00,11/09/2024 0:00,20,21,2,5.843221192,475.132,475.132
11/09/2024 21:00,bounty_madera,30/09/2024 0:00,11/09/2024 0:00,21,22,2,10.15246216,463.294,463.294
11/09/2024 22:00,bounty_madera,30/09/2024 0:00,11/09/2024 0:00,22,23,2,5.002072717,427.127,427.127
11/09/2024 23:00,bounty_madera,30/09/2024 0:00,11/09/2024 0:00,23,24,2,3.581988417,456.372,456.372
12/09/2024 0:00,bounty_madera,30/09/2024 0:00,12/09/2024 0:00,0,1,3,3.344173075,441.13,441.13
12/09/2024 1:00,bounty_madera,30/09/2024 0:00,12/09/2024 0:00,1,2,3,3.05881225,405.143,405.143
12/09/2024 2:00,bounty_madera,30/09/2024 0:00,12/09/2024 0:00,2,3,3,2.829852517,383.785,383.785
12/09/2024 3:00,bounty_madera,30/09/2024 0:00,12/09/2024 0:00,3,4,3,2.699810717,378.609,378.609
12/09/2024 4:00,bounty_madera,30/09/2024 0:00,12/09/2024 0:00,4,5,3,2.9723166,387.961,387.961
12/09/2024 5:00,bounty_madera,30/09/2024 0:00,12/09/2024 0:00,5,6,3,2.95381735,417.771,417.771
12/09/2024 6:00,bounty_madera,30/09/2024 0:00,12/09/2024 0:00,6,7,3,2.267909083,444.732,444.732
12/09/2024 7:00,bounty_madera,30/09/2024 0:00,12/09/2024 0:00,7,8,3,2.679965767,500.901,500.901
12/09/2024 8:00,bounty_madera,30/09/2024 0:00,12/09/2024 0:00,8,9,3,3.0126682,568.348,568.348
12/09/2024 9:00,bounty_madera,30/09/2024 0:00,12/09/2024 0:00,9,10,3,3.362870933,611.39,611.39
12/09/2024 10:00,bounty_madera,30/09/2024 0:00,12/09/2024 0:00,10,11,3,3.3113107,627.428,627.428
12/09/2024 11:00,bounty_madera,30/09/2024 0:00,12/09/2024 0:00,11,12,3,3.164227242,587.673,587.673
12/09/2024 12:00,bounty_madera,30/09/2024 0:00,12/09/2024 0:00,12,13,3,3.137331658,603.087,603.087
12/09/2024 13:00,bounty_madera,30/09/2024 0:00,12/09/2024 0:00,13,14,3,4.229046117,625.385,625.385
12/09/2024 14:00,bounty_madera,30/09/2024 0:00,12/09/2024 0:00,14,15,3,4.232833808,604.989,604.989
12/09/2024 15:00,bounty_madera,30/09/2024 0:00,12/09/2024 0:00,15,16,3,4.022731117,526.928,526.928
12/09/2024 16:00,bounty_madera,30/09/2024 0:00,12/09/2024 0:00,16,17,3,3.787401767,499.485,499.485
12/09/2024 17:00,bounty_madera,30/09/2024 0:00,12/09/2024 0:00,17,18,3,3.096802167,526.709,526.709
12/09/2024 18:00,bounty_madera,30/09/2024 0:00,12/09/2024 0:00,18,19,3,4.592809683,514.681,514.681
12/09/2024 19:00,bounty_madera,30/09/2024 0:00,12/09/2024 0:00,19,20,3,3.680293175,474.195,474.195
12/09/2024 20:00,bounty_madera,30/09/2024 0:00,12/09/2024 0:00,20,21,3,3.828715992,461.575,461.575
12/09/2024 21:00,bounty_madera,30/09/2024 0:00,12/09/2024 0:00,21,22,3,3.413682042,451.485,451.485
12/09/2024 22:00,bounty_madera,30/09/2024 0:00,12/09/2024 0:00,22,23,3,5.056662167,422.614,422.614
12/09/2024 23:00,bounty_madera,30/09/2024 0:00,12/09/2024 0:00,23,24,3,2.658356892,432.2,432.2
13/09/2024 0:00,bounty_madera,30/09/2024 0:00,13/09/2024 0:00,0,1,4,3.078029542,435.884,435.884
13/09/2024 1:00,bounty_madera,30/09/2024 0:00,13/09/2024 0:00,1,2,4,3.049777208,382.787,382.787
13/09/2024 2:00,bounty_madera,30/09/2024 0:00,13/09/2024 0:00,2,3,4,2.2311919,372.791,372.791
13/09/2024 3:00,bounty_madera,30/09/2024 0:00,13/09/2024 0:00,3,4,4,2.473155017,368.075,368.075
13/09/2024 4:00,bounty_madera,30/09/2024 0:00,13/09/2024 0:00,4,5,4,4.420482542,384.045,384.045
13/09/2024 5:00,bounty_madera,30/09/2024 0:00,13/09/2024 0:00,5,6,4,3.297079125,415.57,415.57
13/09/2024 6:00,bounty_madera,30/09/2024 0:00,13/09/2024 0:00,6,7,4,1.996881158,472.16,472.16
13/09/2024 7:00,bounty_madera,30/09/2024 0:00,13/09/2024 0:00,7,8,4,2.850798583,527.81,527.81
13/09/2024 8:00,bounty_madera,30/09/2024 0:00,13/09/2024 0:00,8,9,4,2.864729258,560.015,560.015
13/09/2024 9:00,bounty_madera,30/09/2024 0:00,13/09/2024 0:00,9,10,4,3.60645295,580.864,580.864
13/09/2024 10:00,bounty_madera,30/09/2024 0:00,13/09/2024 0:00,10,11,4,3.567227875,601.058,601.058
13/09/2024 11:00,bounty_madera,30/09/2024 0:00,13/09/2024 0:00,11,12,4,2.775218942,581.725,581.725
13/09/2024 12:00,bounty_madera,30/09/2024 0:00,13/09/2024 0:00,12,13,4,2.7180981,596.776,596.776
13/09/2024 13:00,bounty_madera,30/09/2024 0:00,13/09/2024 0:00,13,14,4,3.537328425,599.281,599.281
13/09/2024 14:00,bounty_madera,30/09/2024 0:00,13/09/2024 0:00,14,15,4,3.852014075,559.579,559.579
13/09/2024 15:00,bounty_madera,30/09/2024 0:00,13/09/2024 0:00,15,16,4,3.583247317,496.582,496.582
13/09/2024 16:00,bounty_madera,30/09/2024 0:00,13/09/2024 0:00,16,17,4,3.308231867,505.251,505.251
13/09/2024 17:00,bounty_madera,30/09/2024 0:00,13/09/2024 0:00,17,18,4,2.733384242,491.029,491.029
13/09/2024 18:00,bounty_madera,30/09/2024 0:00,13/09/2024 0:00,18,19,4,4.007915867,469.073,469.073
13/09/2024 19:00,bounty_madera,30/09/2024 0:00,13/09/2024 0:00,19,20,4,3.235025383,427.136,427.136
13/09/2024 20:00,bounty_madera,30/09/2024 0:00,13/09/2024 0:00,20,21,4,5.946512958,411.717,411.717
13/09/2024 21:00,bounty_madera,30/09/2024 0:00,13/09/2024 0:00,21,22,4,24.67855433,403.923,403.923
13/09/2024 22:00,bounty_madera,30/09/2024 0:00,13/09/2024 0:00,22,23,4,3.154873067,383.498,383.498
13/09/2024 23:00,bounty_madera,30/09/2024 0:00,13/09/2024 0:00,23,24,4,3.37046205,398.365,398.365
14/09/2024 0:00,bounty_madera,30/09/2024 0:00,14/09/2024 0:00,0,1,5,4.4374139,380.365,380.365
14/09/2024 1:00,bounty_madera,30/09/2024 0:00,14/09/2024 0:00,1,2,5,3.592363892,335.427,335.427
14/09/2024 2:00,bounty_madera,30/09/2024 0:00,14/09/2024 0:00,2,3,5,3.519492533,317.932,317.932
14/09/2024 3:00,bounty_madera,30/09/2024 0:00,14/09/2024 0:00,3,4,5,3.180740392,295.588,295.588
14/09/2024 4:00,bounty_madera,30/09/2024 0:00,14/09/2024 0:00,4,5,5,2.700428617,306.423,306.423
14/09/2024 5:00,bounty_madera,30/09/2024 0:00,14/09/2024 0:00,5,6,5,2.064729825,344.575,344.575
14/09/2024 6:00,bounty_madera,30/09/2024 0:00,14/09/2024 0:00,6,7,5,2.287437617,361.378,361.378
14/09/2024 7:00,bounty_madera,30/09/2024 0:00,14/09/2024 0:00,7,8,5,2.370308425,477.503,477.503
14/09/2024 8:00,bounty_madera,30/09/2024 0:00,14/09/2024 0:00,8,9,5,2.244713075,564.526,564.526
14/09/2024 9:00,bounty_madera,30/09/2024 0:00,14/09/2024 0:00,9,10,5,1.887516158,582.044,582.044
14/09/2024 10:00,bounty_madera,30/09/2024 0:00,14/09/2024 0:00,10,11,5,1.981429983,606.102,606.102
14/09/2024 11:00,bounty_madera,30/09/2024 0:00,14/09/2024 0:00,11,12,5,2.224211417,592.452,592.452
14/09/2024 12:00,bounty_madera,30/09/2024 0:00,14/09/2024 0:00,12,13,5,2.466803725,612.54,612.54
14/09/2024 13:00,bounty_madera,30/09/2024 0:00,14/09/2024 0:00,13,14,5,2.854177367,627.039,627.039
14/09/2024 14:00,bounty_madera,30/09/2024 0:00,14/09/2024 0:00,14,15,5,2.934599358,614.786,614.786
14/09/2024 15:00,bounty_madera,30/09/2024 0:00,14/09/2024 0:00,15,16,5,2.634318958,565.252,565.252
14/09/2024 16:00,bounty_madera,30/09/2024 0:00,14/09/2024 0:00,16,17,5,2.565862692,552.033,552.033
14/09/2024 17:00,bounty_madera,30/09/2024 0:00,14/09/2024 0:00,17,18,5,2.482020008,513.715,513.715
14/09/2024 18:00,bounty_madera,30/09/2024 0:00,14/09/2024 0:00,18,19,5,3.400874058,505.713,505.713
14/09/2024 19:00,bounty_madera,30/09/2024 0:00,14/09/2024 0:00,19,20,5,2.943579108,468.867,468.867
14/09/2024 20:00,bounty_madera,30/09/2024 0:00,14/09/2024 0:00,20,21,5,4.40179285,455.332,455.332
14/09/2024 21:00,bounty_madera,30/09/2024 0:00,14/09/2024 0:00,21,22,5,3.721573292,429.618,429.618
14/09/2024 22:00,bounty_madera,30/09/2024 0:00,14/09/2024 0:00,22,23,5,3.681388183,410.265,410.265
14/09/2024 23:00,bounty_madera,30/09/2024 0:00,14/09/2024 0:00,23,24,5,2.809094733,424.945,424.945
15/09/2024 0:00,bounty_madera,30/09/2024 0:00,15/09/2024 0:00,0,1,6,3.108459675,415.401,415.401
15/09/2024 1:00,bounty_madera,30/09/2024 0:00,15/09/2024 0:00,1,2,6,3.347187467,361.342,361.342
15/09/2024 2:00,bounty_madera,30/09/2024 0:00,15/09/2024 0:00,2,3,6,3.627715842,357.113,357.113
15/09/2024 3:00,bounty_madera,30/09/2024 0:00,15/09/2024 0:00,3,4,6,2.899657717,351.292,351.292
15/09/2024 4:00,bounty_madera,30/09/2024 0:00,15/09/2024 0:00,4,5,6,2.814347992,368.335,368.335
15/09/2024 5:00,bounty_madera,30/09/2024 0:00,15/09/2024 0:00,5,6,6,2.087179575,399.038,399.038
15/09/2024 6:00,bounty_madera,30/09/2024 0:00,15/09/2024 0:00,6,7,6,0.9874599,435.927,435.927
15/09/2024 7:00,bounty_madera,30/09/2024 0:00,15/09/2024 0:00,7,8,6,0.966056192,497.343,497.343
15/09/2024 8:00,bounty_madera,30/09/2024 0:00,15/09/2024 0:00,8,9,6,0.788906425,565.649,565.649
15/09/2024 9:00,bounty_madera,30/09/2024 0:00,15/09/2024 0:00,9,10,6,1.722043875,590.615,590.615
15/09/2024 10:00,bounty_madera,30/09/2024 0:00,15/09/2024 0:00,10,11,6,1.874189642,612.242,612.242
15/09/2024 11:00,bounty_madera,30/09/2024 0:00,15/09/2024 0:00,11,12,6,1.699101675,593.116,593.116
15/09/2024 12:00,bounty_madera,30/09/2024 0:00,15/09/2024 0:00,12,13,6,2.024367542,608.81,608.81
15/09/2024 13:00,bounty_madera,30/09/2024 0:00,15/09/2024 0:00,13,14,6,2.336900858,632.885,632.885
15/09/2024 14:00,bounty_madera,30/09/2024 0:00,15/09/2024 0:00,14,15,6,2.895644308,618.022,618.022
15/09/2024 15:00,bounty_madera,30/09/2024 0:00,15/09/2024 0:00,15,16,6,3.389227108,604.205,604.205
15/09/2024 16:00,bounty_madera,30/09/2024 0:00,15/09/2024 0:00,16,17,6,3.024935142,548.948,548.948
15/09/2024 17:00,bounty_madera,30/09/2024 0:00,15/09/2024 0:00,17,18,6,3.332438175,543.858,543.858
15/09/2024 18:00,bounty_madera,30/09/2024 0:00,15/09/2024 0:00,18,19,6,10.70687847,535.78,535.78
15/09/2024 19:00,bounty_madera,30/09/2024 0:00,15/09/2024 0:00,19,20,6,4.064579067,504.844,504.844
15/09/2024 20:00,bounty_madera,30/09/2024 0:00,15/09/2024 0:00,20,21,6,3.8697552,515.663,515.663
15/09/2024 21:00,bounty_madera,30/09/2024 0:00,15/09/2024 0:00,21,22,6,3.589577692,498.709,498.709
15/09/2024 22:00,bounty_madera,30/09/2024 0:00,15/09/2024 0:00,22,23,6,3.60015655,490.081,490.081
15/09/2024 23:00,bounty_madera,30/09/2024 0:00,15/09/2024 0:00,23,24,6,2.695996892,486.356,486.356
16/09/2024 0:00,bounty_madera,30/09/2024 0:00,16/09/2024 0:00,0,1,0,3.131740608,455.837,455.837
16/09/2024 1:00,bounty_madera,30/09/2024 0:00,16/09/2024 0:00,1,2,0,3.383087083,419.766,419.766
16/09/2024 2:00,bounty_madera,30/09/2024 0:00,16/09/2024 0:00,2,3,0,3.2953235,404.968,404.968
16/09/2024 3:00,bounty_madera,30/09/2024 0:00,16/09/2024 0:00,3,4,0,2.438697208,391.772,391.772
16/09/2024 4:00,bounty_madera,30/09/2024 0:00,16/09/2024 0:00,4,5,0,2.706386367,400.765,400.765
16/09/2024 5:00,bounty_madera,30/09/2024 0:00,16/09/2024 0:00,5,6,0,2.825110833,408.751,408.751
16/09/2024 6:00,bounty_madera,30/09/2024 0:00,16/09/2024 0:00,6,7,0,2.3574915,417.811,417.811
16/09/2024 7:00,bounty_madera,30/09/2024 0:00,16/09/2024 0:00,7,8,0,2.86243755,518.716,518.716
16/09/2024 8:00,bounty_madera,30/09/2024 0:00,16/09/2024 0:00,8,9,0,3.484454225,588.142,588.142
16/09/2024 9:00,bounty_madera,30/09/2024 0:00,16/09/2024 0:00,9,10,0,3.995442875,618.21,618.21
16/09/2024 10:00,bounty_madera,30/09/2024 0:00,16/09/2024 0:00,10,11,0,4.194323433,612.113,612.113
16/09/2024 11:00,bounty_madera,30/09/2024 0:00,16/09/2024 0:00,11,12,0,3.600420808,588.774,588.774
16/09/2024 12:00,bounty_madera,30/09/2024 0:00,16/09/2024 0:00,12,13,0,3.794072225,612.168,612.168
16/09/2024 13:00,bounty_madera,30/09/2024 0:00,16/09/2024 0:00,13,14,0,5.461471667,627.24,627.24
16/09/2024 14:00,bounty_madera,30/09/2024 0:00,16/09/2024 0:00,14,15,0,5.003012808,581.548,581.548
16/09/2024 15:00,bounty_madera,30/09/2024 0:00,16/09/2024 0:00,15,16,0,3.970960192,554.584,554.584
16/09/2024 16:00,bounty_madera,30/09/2024 0:00,16/09/2024 0:00,16,17,0,3.895828917,582.104,582.104
16/09/2024 17:00,bounty_madera,30/09/2024 0:00,16/09/2024 0:00,17,18,0,4.281224675,556.063,556.063
16/09/2024 18:00,bounty_madera,30/09/2024 0:00,16/09/2024 0:00,18,19,0,10.35941614,516.646,516.646
16/09/2024 19:00,bounty_madera,30/09/2024 0:00,16/09/2024 0:00,19,20,0,5.2391007,482.077,482.077
16/09/2024 20:00,bounty_madera,30/09/2024 0:00,16/09/2024 0:00,20,21,0,4.717109258,463.218,463.218
16/09/2024 21:00,bounty_madera,30/09/2024 0:00,16/09/2024 0:00,21,22,0,6.697335525,456.009,456.009
16/09/2024 22:00,bounty_madera,30/09/2024 0:00,16/09/2024 0:00,22,23,0,5.012987267,441.652,441.652
16/09/2024 23:00,bounty_madera,30/09/2024 0:00,16/09/2024 0:00,23,24,0,4.3278571,466.338,466.338
17/09/2024 0:00,bounty_madera,30/09/2024 0:00,17/09/2024 0:00,0,1,1,3.715018217,448.06,448.06
17/09/2024 1:00,bounty_madera,30/09/2024 0:00,17/09/2024 0:00,1,2,1,3.667664467,399.101,399.101
17/09/2024 2:00,bounty_madera,30/09/2024 0:00,17/09/2024 0:00,2,3,1,3.529113467,379.567,379.567
17/09/2024 3:00,bounty_madera,30/09/2024 0:00,17/09/2024 0:00,3,4,1,3.554615258,379.6,379.6
17/09/2024 4:00,bounty_madera,30/09/2024 0:00,17/09/2024 0:00,4,5,1,3.78528825,392.498,392.498
17/09/2024 5:00,bounty_madera,30/09/2024 0:00,17/09/2024 0:00,5,6,1,3.374424158,420.548,420.548
17/09/2024 6:00,bounty_madera,30/09/2024 0:00,17/09/2024 0:00,6,7,1,2.802334075,432.692,432.692
17/09/2024 7:00,bounty_madera,30/09/2024 0:00,17/09/2024 0:00,7,8,1,3.695403375,468.518,468.518
17/09/2024 8:00,bounty_madera,30/09/2024 0:00,17/09/2024 0:00,8,9,1,4.838338492,502.063,502.063
17/09/2024 9:00,bounty_madera,30/09/2024 0:00,17/09/2024 0:00,9,10,1,10.31155282,562.993,562.993
17/09/2024 10:00,bounty_madera,30/09/2024 0:00,17/09/2024 0:00,10,11,1,3.824255867,578.131,578.131
17/09/2024 11:00,bounty_madera,30/09/2024 0:00,17/09/2024 0:00,11,12,1,3.294864733,565.61,565.61
17/09/2024 12:00,bounty_madera,30/09/2024 0:00,17/09/2024 0:00,12,13,1,3.455872508,588.243,588.243
17/09/2024 13:00,bounty_madera,30/09/2024 0:00,17/09/2024 0:00,13,14,1,4.126208583,568.23,568.23
17/09/2024 14:00,bounty_madera,30/09/2024 0:00,17/09/2024 0:00,14,15,1,4.353879633,427.174,427.174
17/09/2024 15:00,bounty_madera,30/09/2024 0:00,17/09/2024 0:00,15,16,1,4.839120575,494.428,494.428
17/09/2024 16:00,bounty_madera,30/09/2024 0:00,17/09/2024 0:00,16,17,1,3.900139083,521.964,521.964
17/09/2024 17:00,bounty_madera,30/09/2024 0:00,17/09/2024 0:00,17,18,1,4.095911025,406.967,406.967
17/09/2024 18:00,bounty_madera,30/09/2024 0:00,17/09/2024 0:00,18,19,1,6.251124592,508.09,508.09
17/09/2024 19:00,bounty_madera,30/09/2024 0:00,17/09/2024 0:00,19,20,1,4.293600483,453.908,453.908
17/09/2024 20:00,bounty_madera,30/09/2024 0:00,17/09/2024 0:00,20,21,1,6.6771232,398.862,398.862
17/09/2024 21:00,bounty_madera,30/09/2024 0:00,17/09/2024 0:00,21,22,1,4.434540492,374.278,374.278
17/09/2024 22:00,bounty_madera,30/09/2024 0:00,17/09/2024 0:00,22,23,1,4.174342667,379.045,379.045
17/09/2024 23:00,bounty_madera,30/09/2024 0:00,17/09/2024 0:00,23,24,1,4.120693783,398.264,398.264
18/09/2024 0:00,bounty_madera,30/09/2024 0:00,18/09/2024 0:00,0,1,2,6.94965905,394.826,394.826
18/09/2024 1:00,bounty_madera,30/09/2024 0:00,18/09/2024 0:00,1,2,2,3.71193995,383.22,383.22
18/09/2024 2:00,bounty_madera,30/09/2024 0:00,18/09/2024 0:00,2,3,2,3.41871645,368.786,368.786
18/09/2024 3:00,bounty_madera,30/09/2024 0:00,18/09/2024 0:00,3,4,2,3.32608525,366.547,366.547
18/09/2024 4:00,bounty_madera,30/09/2024 0:00,18/09/2024 0:00,4,5,2,4.061146217,389.332,389.332
18/09/2024 5:00,bounty_madera,30/09/2024 0:00,18/09/2024 0:00,5,6,2,3.820926567,419.57,419.57
18/09/2024 6:00,bounty_madera,30/09/2024 0:00,18/09/2024 0:00,6,7,2,3.257331025,440.608,440.608
18/09/2024 7:00,bounty_madera,30/09/2024 0:00,18/09/2024 0:00,7,8,2,3.227926033,464.062,464.062
18/09/2024 8:00,bounty_madera,30/09/2024 0:00,18/09/2024 0:00,8,9,2,4.104734133,517.209,517.209
18/09/2024 9:00,bounty_madera,30/09/2024 0:00,18/09/2024 0:00,9,10,2,5.949127108,575.405,575.405
18/09/2024 10:00,bounty_madera,30/09/2024 0:00,18/09/2024 0:00,10,11,2,5.133677992,573.379,573.379
18/09/2024 11:00,bounty_madera,30/09/2024 0:00,18/09/2024 0:00,11,12,2,3.57508125,552.581,552.581
18/09/2024 12:00,bounty_madera,30/09/2024 0:00,18/09/2024 0:00,12,13,2,2.861113325,590.855,590.855
18/09/2024 13:00,bounty_madera,30/09/2024 0:00,18/09/2024 0:00,13,14,2,3.060607433,563.2,563.2
18/09/2024 14:00,bounty_madera,30/09/2024 0:00,18/09/2024 0:00,14,15,2,2.8830322,531.211,531.211
18/09/2024 15:00,bounty_madera,30/09/2024 0:00,18/09/2024 0:00,15,16,2,3.301040242,529.15,529.15
18/09/2024 16:00,bounty_madera,30/09/2024 0:00,18/09/2024 0:00,16,17,2,3.586149025,507.374,507.374
18/09/2024 17:00,bounty_madera,30/09/2024 0:00,18/09/2024 0:00,17,18,2,3.812947042,501.148,501.148
18/09/2024 18:00,bounty_madera,30/09/2024 0:00,18/09/2024 0:00,18,19,2,4.7899351,479.767,479.767
18/09/2024 19:00,bounty_madera,30/09/2024 0:00,18/09/2024 0:00,19,20,2,3.664097683,425.683,425.683
18/09/2024 20:00,bounty_madera,30/09/2024 0:00,18/09/2024 0:00,20,21,2,3.9621545,430.268,430.268
18/09/2024 21:00,bounty_madera,30/09/2024 0:00,18/09/2024 0:00,21,22,2,3.3784307,432.952,432.952
18/09/2024 22:00,bounty_madera,30/09/2024 0:00,18/09/2024 0:00,22,23,2,2.999255658,422.294,422.294
18/09/2024 23:00,bounty_madera,30/09/2024 0:00,18/09/2024 0:00,23,24,2,2.655263492,440.131,440.131
19/09/2024 0:00,bounty_madera,30/09/2024 0:00,19/09/2024 0:00,0,1,3,3.042672308,417.88,417.88
19/09/2024 1:00,bounty_madera,30/09/2024 0:00,19/09/2024 0:00,1,2,3,3.596021025,377.668,377.668
19/09/2024 2:00,bounty_madera,30/09/2024 0:00,19/09/2024 0:00,2,3,3,4.628121667,362.724,362.724
19/09/2024 3:00,bounty_madera,30/09/2024 0:00,19/09/2024 0:00,3,4,3,3.214077658,359.725,359.725
19/09/2024 4:00,bounty_madera,30/09/2024 0:00,19/09/2024 0:00,4,5,3,3.628083417,372.957,372.957
19/09/2024 5:00,bounty_madera,30/09/2024 0:00,19/09/2024 0:00,5,6,3,3.618205167,410.124,410.124
19/09/2024 6:00,bounty_madera,30/09/2024 0:00,19/09/2024 0:00,6,7,3,2.464189608,434.616,434.616
19/09/2024 7:00,bounty_madera,30/09/2024 0:00,19/09/2024 0:00,7,8,3,3.4733753,443.138,443.138
19/09/2024 8:00,bounty_madera,30/09/2024 0:00,19/09/2024 0:00,8,9,3,3.554791092,557.485,557.485
19/09/2024 9:00,bounty_madera,30/09/2024 0:00,19/09/2024 0:00,9,10,3,4.516153442,603.43,603.43
19/09/2024 10:00,bounty_madera,30/09/2024 0:00,19/09/2024 0:00,10,11,3,5.574518083,595.96,595.96
19/09/2024 11:00,bounty_madera,30/09/2024 0:00,19/09/2024 0:00,11,12,3,3.535789758,520.161,520.161
19/09/2024 12:00,bounty_madera,30/09/2024 0:00,19/09/2024 0:00,12,13,3,2.78432105,528.263,528.263
19/09/2024 13:00,bounty_madera,30/09/2024 0:00,19/09/2024 0:00,13,14,3,4.223042333,575.164,575.164
19/09/2024 14:00,bounty_madera,30/09/2024 0:00,19/09/2024 0:00,14,15,3,4.876269842,579.433,579.433
19/09/2024 15:00,bounty_madera,30/09/2024 0:00,19/09/2024 0:00,15,16,3,5.119745408,496.718,496.718
19/09/2024 16:00,bounty_madera,30/09/2024 0:00,19/09/2024 0:00,16,17,3,4.512601342,486.471,486.471
19/09/2024 17:00,bounty_madera,30/09/2024 0:00,19/09/2024 0:00,17,18,3,4.022127117,483.142,483.142
19/09/2024 18:00,bounty_madera,30/09/2024 0:00,19/09/2024 0:00,18,19,3,12.58339338,464.911,464.911
19/09/2024 19:00,bounty_madera,30/09/2024 0:00,19/09/2024 0:00,19,20,3,7.454562592,411.373,411.373
19/09/2024 20:00,bounty_madera,30/09/2024 0:00,19/09/2024 0:00,20,21,3,5.556090017,424.493,424.493
19/09/2024 21:00,bounty_madera,30/09/2024 0:00,19/09/2024 0:00,21,22,3,3.76267845,429.687,429.687
19/09/2024 22:00,bounty_madera,30/09/2024 0:00,19/09/2024 0:00,22,23,3,3.592119608,427.418,427.418
19/09/2024 23:00,bounty_madera,30/09/2024 0:00,19/09/2024 0:00,23,24,3,3.400483833,441.312,441.312
20/09/2024 0:00,bounty_madera,30/09/2024 0:00,20/09/2024 0:00,0,1,4,3.782890767,441.247,441.247
20/09/2024 1:00,bounty_madera,30/09/2024 0:00,20/09/2024 0:00,1,2,4,3.321919442,398.923,398.923
20/09/2024 2:00,bounty_madera,30/09/2024 0:00,20/09/2024 0:00,2,3,4,2.608683792,365.159,365.159
20/09/2024 3:00,bounty_madera,30/09/2024 0:00,20/09/2024 0:00,3,4,4,2.598161867,353.594,353.594
20/09/2024 4:00,bounty_madera,30/09/2024 0:00,20/09/2024 0:00,4,5,4,3.031523783,366.925,366.925
20/09/2024 5:00,bounty_madera,30/09/2024 0:00,20/09/2024 0:00,5,6,4,2.799125983,399.302,399.302
20/09/2024 6:00,bounty_madera,30/09/2024 0:00,20/09/2024 0:00,6,7,4,2.36890205,412.592,412.592
20/09/2024 7:00,bounty_madera,30/09/2024 0:00,20/09/2024 0:00,7,8,4,2.852964592,460.106,460.106
20/09/2024 8:00,bounty_madera,30/09/2024 0:00,20/09/2024 0:00,8,9,4,3.316661367,498.191,498.191
20/09/2024 9:00,bounty_madera,30/09/2024 0:00,20/09/2024 0:00,9,10,4,3.8078926,558.093,558.093
20/09/2024 10:00,bounty_madera,30/09/2024 0:00,20/09/2024 0:00,10,11,4,3.100581958,582.817,582.817
20/09/2024 11:00,bounty_madera,30/09/2024 0:00,20/09/2024 0:00,11,12,4,3.1917169,519.947,519.947
20/09/2024 12:00,bounty_madera,30/09/2024 0:00,20/09/2024 0:00,12,13,4,3.188435533,506.003,506.003
20/09/2024 13:00,bounty_madera,30/09/2024 0:00,20/09/2024 0:00,13,14,4,4.349736342,538.352,538.352
20/09/2024 14:00,bounty_madera,30/09/2024 0:00,20/09/2024 0:00,14,15,4,4.586171517,557.264,557.264
20/09/2024 15:00,bounty_madera,30/09/2024 0:00,20/09/2024 0:00,15,16,4,4.012971708,519.017,519.017
20/09/2024 16:00,bounty_madera,30/09/2024 0:00,20/09/2024 0:00,16,17,4,3.773879742,467.052,467.052
20/09/2024 17:00,bounty_madera,30/09/2024 0:00,20/09/2024 0:00,17,18,4,3.310484875,426.12,426.12
20/09/2024 18:00,bounty_madera,30/09/2024 0:00,20/09/2024 0:00,18,19,4,4.510177958,418.742,418.742
20/09/2024 19:00,bounty_madera,30/09/2024 0:00,20/09/2024 0:00,19,20,4,3.751376133,380.176,380.176
20/09/2024 20:00,bounty_madera,30/09/2024 0:00,20/09/2024 0:00,20,21,4,4.261679542,352.841,352.841
20/09/2024 21:00,bounty_madera,30/09/2024 0:00,20/09/2024 0:00,21,22,4,4.431462442,372.442,372.442
20/09/2024 22:00,bounty_madera,30/09/2024 0:00,20/09/2024 0:00,22,23,4,3.6823085,370.654,370.654
20/09/2024 23:00,bounty_madera,30/09/2024 0:00,20/09/2024 0:00,23,24,4,3.397698483,396.049,396.049
21/09/2024 0:00,bounty_madera,30/09/2024 0:00,21/09/2024 0:00,0,1,5,3.222489058,385.275,385.275
21/09/2024 1:00,bounty_madera,30/09/2024 0:00,21/09/2024 0:00,1,2,5,3.018730467,343.75,343.75
21/09/2024 2:00,bounty_madera,30/09/2024 0:00,21/09/2024 0:00,2,3,5,2.973017742,341.489,341.489
21/09/2024 3:00,bounty_madera,30/09/2024 0:00,21/09/2024 0:00,3,4,5,2.890762642,330.821,330.821
21/09/2024 4:00,bounty_madera,30/09/2024 0:00,21/09/2024 0:00,4,5,5,2.911279508,348.707,348.707
21/09/2024 5:00,bounty_madera,30/09/2024 0:00,21/09/2024 0:00,5,6,5,2.78277965,377.068,377.068
21/09/2024 6:00,bounty_madera,30/09/2024 0:00,21/09/2024 0:00,6,7,5,2.594010167,392.116,392.116
21/09/2024 7:00,bounty_madera,30/09/2024 0:00,21/09/2024 0:00,7,8,5,2.467743367,421.683,421.683
21/09/2024 8:00,bounty_madera,30/09/2024 0:00,21/09/2024 0:00,8,9,5,2.718902742,457.997,457.997
21/09/2024 9:00,bounty_madera,30/09/2024 0:00,21/09/2024 0:00,9,10,5,3.070899508,482.014,482.014
21/09/2024 10:00,bounty_madera,30/09/2024 0:00,21/09/2024 0:00,10,11,5,3.142797833,528.73,528.73
21/09/2024 11:00,bounty_madera,30/09/2024 0:00,21/09/2024 0:00,11,12,5,3.117646258,544.711,544.711
21/09/2024 12:00,bounty_madera,30/09/2024 0:00,21/09/2024 0:00,12,13,5,2.928350175,568.871,568.871
21/09/2024 13:00,bounty_madera,30/09/2024 0:00,21/09/2024 0:00,13,14,5,3.321350967,588.245,588.245
21/09/2024 14:00,bounty_madera,30/09/2024 0:00,21/09/2024 0:00,14,15,5,3.202634083,433.411,433.411
21/09/2024 15:00,bounty_madera,30/09/2024 0:00,21/09/2024 0:00,15,16,5,2.81608795,422.974,422.974
21/09/2024 16:00,bounty_madera,30/09/2024 0:00,21/09/2024 0:00,16,17,5,2.608805567,434.957,434.957
21/09/2024 17:00,bounty_madera,30/09/2024 0:00,21/09/2024 0:00,17,18,5,3.05117395,445.575,445.575
21/09/2024 18:00,bounty_madera,30/09/2024 0:00,21/09/2024 0:00,18,19,5,3.861080567,443.24,443.24
21/09/2024 19:00,bounty_madera,30/09/2024 0:00,21/09/2024 0:00,19,20,5,3.175963958,397.963,397.963
21/09/2024 20:00,bounty_madera,30/09/2024 0:00,21/09/2024 0:00,20,21,5,3.336297758,378.847,378.847
21/09/2024 21:00,bounty_madera,30/09/2024 0:00,21/09/2024 0:00,21,22,5,3.630984767,379.605,379.605
21/09/2024 22:00,bounty_madera,30/09/2024 0:00,21/09/2024 0:00,22,23,5,-16.53156803,380.242,380.242
21/09/2024 23:00,bounty_madera,30/09/2024 0:00,21/09/2024 0:00,23,24,5,1.4042283,395.039,395.039
22/09/2024 0:00,bounty_madera,30/09/2024 0:00,22/09/2024 0:00,0,1,6,3.657865783,382.633,382.633
22/09/2024 1:00,bounty_madera,30/09/2024 0:00,22/09/2024 0:00,1,2,6,0.6756198,345.009,345.009
22/09/2024 2:00,bounty_madera,30/09/2024 0:00,22/09/2024 0:00,2,3,6,-4.669197958,339.202,339.202
22/09/2024 3:00,bounty_madera,30/09/2024 0:00,22/09/2024 0:00,3,4,6,-6.754723192,334.933,334.933
22/09/2024 4:00,bounty_madera,30/09/2024 0:00,22/09/2024 0:00,4,5,6,-6.700206717,348.888,348.888
22/09/2024 5:00,bounty_madera,30/09/2024 0:00,22/09/2024 0:00,5,6,6,-8.056422867,380.084,380.084
22/09/2024 6:00,bounty_madera,30/09/2024 0:00,22/09/2024 0:00,6,7,6,-5.1633585,413.031,413.031
22/09/2024 7:00,bounty_madera,30/09/2024 0:00,22/09/2024 0:00,7,8,6,-4.630372367,437.846,437.846
22/09/2024 8:00,bounty_madera,30/09/2024 0:00,22/09/2024 0:00,8,9,6,-17.79944699,503.384,503.384
22/09/2024 9:00,bounty_madera,30/09/2024 0:00,22/09/2024 0:00,9,10,6,-9.324138808,562.127,562.127
22/09/2024 10:00,bounty_madera,30/09/2024 0:00,22/09/2024 0:00,10,11,6,-9.032826633,580.424,580.424
22/09/2024 11:00,bounty_madera,30/09/2024 0:00,22/09/2024 0:00,11,12,6,-26.70168031,563.745,563.745
22/09/2024 12:00,bounty_madera,30/09/2024 0:00,22/09/2024 0:00,12,13,6,-40.37945696,592.381,592.381
22/09/2024 13:00,bounty_madera,30/09/2024 0:00,22/09/2024 0:00,13,14,6,-16.41308112,615.993,615.993
22/09/2024 14:00,bounty_madera,30/09/2024 0:00,22/09/2024 0:00,14,15,6,-4.386891617,598.64,598.64
22/09/2024 15:00,bounty_madera,30/09/2024 0:00,22/09/2024 0:00,15,16,6,-5.754209233,596.63,596.63
22/09/2024 16:00,bounty_madera,30/09/2024 0:00,22/09/2024 0:00,16,17,6,-4.429146558,582.201,582.201
22/09/2024 17:00,bounty_madera,30/09/2024 0:00,22/09/2024 0:00,17,18,6,0.326892817,317.81,317.81
22/09/2024 18:00,bounty_madera,30/09/2024 0:00,22/09/2024 0:00,18,19,6,13.16784717,215.784,215.784
22/09/2024 19:00,bounty_madera,30/09/2024 0:00,22/09/2024 0:00,19,20,6,9.46537665,346.516,346.516
22/09/2024 20:00,bounty_madera,30/09/2024 0:00,22/09/2024 0:00,20,21,6,6.59112025,330.452,330.452
22/09/2024 21:00,bounty_madera,30/09/2024 0:00,22/09/2024 0:00,21,22,6,-9.489008233,329.847,329.847
22/09/2024 22:00,bounty_madera,30/09/2024 0:00,22/09/2024 0:00,22,23,6,2.626300142,326.735,326.735
22/09/2024 23:00,bounty_madera,30/09/2024 0:00,22/09/2024 0:00,23,24,6,2.9965705,355.502,355.502
23/09/2024 0:00,bounty_madera,30/09/2024 0:00,23/09/2024 0:00,0,1,0,2.970764433,351.441,351.441
23/09/2024 1:00,bounty_madera,30/09/2024 0:00,23/09/2024 0:00,1,2,0,3.352390317,310.963,310.963
23/09/2024 2:00,bounty_madera,30/09/2024 0:00,23/09/2024 0:00,2,3,0,3.010411133,293.95,293.95
23/09/2024 3:00,bounty_madera,30/09/2024 0:00,23/09/2024 0:00,3,4,0,2.8494017,282.331,282.331
23/09/2024 4:00,bounty_madera,30/09/2024 0:00,23/09/2024 0:00,4,5,0,3.303100425,303.795,303.795
23/09/2024 5:00,bounty_madera,30/09/2024 0:00,23/09/2024 0:00,5,6,0,3.666632975,311.317,311.317
23/09/2024 6:00,bounty_madera,30/09/2024 0:00,23/09/2024 0:00,6,7,0,2.744057242,337.671,337.671
23/09/2024 7:00,bounty_madera,30/09/2024 0:00,23/09/2024 0:00,7,8,0,2.84009405,419.498,419.498
23/09/2024 8:00,bounty_madera,30/09/2024 0:00,23/09/2024 0:00,8,9,0,3.626119775,525.877,525.877
23/09/2024 9:00,bounty_madera,30/09/2024 0:00,23/09/2024 0:00,9,10,0,4.258857067,602.833,602.833
23/09/2024 10:00,bounty_madera,30/09/2024 0:00,23/09/2024 0:00,10,11,0,3.6755993,615.333,615.333
23/09/2024 11:00,bounty_madera,30/09/2024 0:00,23/09/2024 0:00,11,12,0,3.827609292,601.166,601.166
23/09/2024 12:00,bounty_madera,30/09/2024 0:00,23/09/2024 0:00,12,13,0,3.7150228,620.797,620.797
23/09/2024 13:00,bounty_madera,30/09/2024 0:00,23/09/2024 0:00,13,14,0,8.256058867,654.839,654.839
23/09/2024 14:00,bounty_madera,30/09/2024 0:00,23/09/2024 0:00,14,15,0,7.394124842,638.443,638.443
23/09/2024 15:00,bounty_madera,30/09/2024 0:00,23/09/2024 0:00,15,16,0,6.048122775,640.915,640.915
23/09/2024 16:00,bounty_madera,30/09/2024 0:00,23/09/2024 0:00,16,17,0,8.418154183,643.553,643.553
23/09/2024 17:00,bounty_madera,30/09/2024 0:00,23/09/2024 0:00,17,18,0,6.346612917,613.103,613.103
23/09/2024 18:00,bounty_madera,30/09/2024 0:00,23/09/2024 0:00,18,19,0,8.465806767,604.901,604.901
23/09/2024 19:00,bounty_madera,30/09/2024 0:00,23/09/2024 0:00,19,20,0,7.111957592,544.147,544.147
23/09/2024 20:00,bounty_madera,30/09/2024 0:00,23/09/2024 0:00,20,21,0,8.373215692,527.506,527.506
23/09/2024 21:00,bounty_madera,30/09/2024 0:00,23/09/2024 0:00,21,22,0,8.886115742,505.063,505.063
23/09/2024 22:00,bounty_madera,30/09/2024 0:00,23/09/2024 0:00,22,23,0,6.577606892,487.701,487.701
23/09/2024 23:00,bounty_madera,30/09/2024 0:00,23/09/2024 0:00,23,24,0,4.392448783,492.734,492.734
24/09/2024 0:00,bounty_madera,30/09/2024 0:00,24/09/2024 0:00,0,1,1,4.166025125,500.084,500.084
24/09/2024 1:00,bounty_madera,30/09/2024 0:00,24/09/2024 0:00,1,2,1,3.98047455,461.807,461.807
24/09/2024 2:00,bounty_madera,30/09/2024 0:00,24/09/2024 0:00,2,3,1,3.6396391,433.735,433.735
24/09/2024 3:00,bounty_madera,30/09/2024 0:00,24/09/2024 0:00,3,4,1,3.503681883,410.702,410.702
24/09/2024 4:00,bounty_madera,30/09/2024 0:00,24/09/2024 0:00,4,5,1,5.5319482,414.376,414.376
24/09/2024 5:00,bounty_madera,30/09/2024 0:00,24/09/2024 0:00,5,6,1,4.034555917,428.811,428.811
24/09/2024 6:00,bounty_madera,30/09/2024 0:00,24/09/2024 0:00,6,7,1,2.6995129,446.557,446.557
24/09/2024 7:00,bounty_madera,30/09/2024 0:00,24/09/2024 0:00,7,8,1,3.030510283,518.422,518.422
24/09/2024 8:00,bounty_madera,30/09/2024 0:00,24/09/2024 0:00,8,9,1,5.139156775,605.204,605.204
24/09/2024 9:00,bounty_madera,30/09/2024 0:00,24/09/2024 0:00,9,10,1,5.549083683,633.063,633.063
24/09/2024 10:00,bounty_madera,30/09/2024 0:00,24/09/2024 0:00,10,11,1,5.579634458,639.556,639.556
24/09/2024 11:00,bounty_madera,30/09/2024 0:00,24/09/2024 0:00,11,12,1,5.210773525,616.813,616.813
24/09/2024 12:00,bounty_madera,30/09/2024 0:00,24/09/2024 0:00,12,13,1,6.078941533,631.961,631.961
24/09/2024 13:00,bounty_madera,30/09/2024 0:00,24/09/2024 0:00,13,14,1,7.688477575,652.382,652.382
24/09/2024 14:00,bounty_madera,30/09/2024 0:00,24/09/2024 0:00,14,15,1,5.992623008,638.695,638.695
24/09/2024 15:00,bounty_madera,30/09/2024 0:00,24/09/2024 0:00,15,16,1,5.827358275,633.469,633.469
24/09/2024 16:00,bounty_madera,30/09/2024 0:00,24/09/2024 0:00,16,17,1,5.444407908,641.062,641.062
24/09/2024 17:00,bounty_madera,30/09/2024 0:00,24/09/2024 0:00,17,18,1,5.246336317,579.901,579.901
24/09/2024 18:00,bounty_madera,30/09/2024 0:00,24/09/2024 0:00,18,19,1,5.767598758,525.358,525.358
24/09/2024 19:00,bounty_madera,30/09/2024 0:00,24/09/2024 0:00,19,20,1,5.723695475,435.712,435.712
24/09/2024 20:00,bounty_madera,30/09/2024 0:00,24/09/2024 0:00,20,21,1,5.677191042,444.187,444.187
24/09/2024 21:00,bounty_madera,30/09/2024 0:00,24/09/2024 0:00,21,22,1,5.139121358,472.84,472.84
24/09/2024 22:00,bounty_madera,30/09/2024 0:00,24/09/2024 0:00,22,23,1,4.663134733,477.582,477.582
24/09/2024 23:00,bounty_madera,30/09/2024 0:00,24/09/2024 0:00,23,24,1,4.368646733,467.292,467.292
25/09/2024 0:00,bounty_madera,30/09/2024 0:00,25/09/2024 0:00,0,1,2,4.036312992,485.952,485.952
25/09/2024 1:00,bounty_madera,30/09/2024 0:00,25/09/2024 0:00,1,2,2,3.774485525,450.688,450.688
25/09/2024 2:00,bounty_madera,30/09/2024 0:00,25/09/2024 0:00,2,3,2,3.567811117,413.557,413.557
25/09/2024 3:00,bounty_madera,30/09/2024 0:00,25/09/2024 0:00,3,4,2,3.5412985,397.782,397.782
25/09/2024 4:00,bounty_madera,30/09/2024 0:00,25/09/2024 0:00,4,5,2,3.641161117,400.637,400.637
25/09/2024 5:00,bounty_madera,30/09/2024 0:00,25/09/2024 0:00,5,6,2,3.503897225,432.874,432.874
25/09/2024 6:00,bounty_madera,30/09/2024 0:00,25/09/2024 0:00,6,7,2,2.674721908,454.147,454.147
25/09/2024 7:00,bounty_madera,30/09/2024 0:00,25/09/2024 0:00,7,8,2,2.865995867,561.909,561.909
25/09/2024 8:00,bounty_madera,30/09/2024 0:00,25/09/2024 0:00,8,9,2,3.289335683,608.449,608.449
25/09/2024 9:00,bounty_madera,30/09/2024 0:00,25/09/2024 0:00,9,10,2,3.725620517,639.312,639.312
25/09/2024 10:00,bounty_madera,30/09/2024 0:00,25/09/2024 0:00,10,11,2,4.104489333,633.066,633.066
25/09/2024 11:00,bounty_madera,30/09/2024 0:00,25/09/2024 0:00,11,12,2,3.717031992,611.945,611.945
25/09/2024 12:00,bounty_madera,30/09/2024 0:00,25/09/2024 0:00,12,13,2,3.45362075,629.139,629.139
25/09/2024 13:00,bounty_madera,30/09/2024 0:00,25/09/2024 0:00,13,14,2,5.491716025,650.159,650.159
25/09/2024 14:00,bounty_madera,30/09/2024 0:00,25/09/2024 0:00,14,15,2,5.552698225,646.254,646.254
25/09/2024 15:00,bounty_madera,30/09/2024 0:00,25/09/2024 0:00,15,16,2,5.806275667,636.208,636.208
25/09/2024 16:00,bounty_madera,30/09/2024 0:00,25/09/2024 0:00,16,17,2,11.32711233,628.002,628.002
25/09/2024 17:00,bounty_madera,30/09/2024 0:00,25/09/2024 0:00,17,18,2,6.910963633,621.201,621.201
25/09/2024 18:00,bounty_madera,30/09/2024 0:00,25/09/2024 0:00,18,19,2,9.470647833,612.036,612.036
25/09/2024 19:00,bounty_madera,30/09/2024 0:00,25/09/2024 0:00,19,20,2,6.144655667,550.646,550.646
25/09/2024 20:00,bounty_madera,30/09/2024 0:00,25/09/2024 0:00,20,21,2,8.418050825,542.412,542.412
25/09/2024 21:00,bounty_madera,30/09/2024 0:00,25/09/2024 0:00,21,22,2,6.674138525,525.861,525.861
25/09/2024 22:00,bounty_madera,30/09/2024 0:00,25/09/2024 0:00,22,23,2,5.819909067,529.344,529.344
25/09/2024 23:00,bounty_madera,30/09/2024 0:00,25/09/2024 0:00,23,24,2,5.3560046,539.821,539.821
