client_name,supply_period,datetime,date,correct_hour,hour,weekday,wesm,kwh
bounty_madera,30/09/2023,26/08/2023 0:00,26/08/2023,0,1,5,5.337096167,433.182
bounty_madera,30/09/2023,26/08/2023 1:00,26/08/2023,1,2,5,4.969945071,416.093
bounty_madera,30/09/2023,26/08/2023 2:00,26/08/2023,2,3,5,4.489094715,414.557
bounty_madera,30/09/2023,26/08/2023 3:00,26/08/2023,3,4,5,4.37630194,405.076
bounty_madera,30/09/2023,26/08/2023 4:00,26/08/2023,4,5,5,4.275621902,439.397
bounty_madera,30/09/2023,26/08/2023 5:00,26/08/2023,5,6,5,3.913183496,472.98
bounty_madera,30/09/2023,26/08/2023 6:00,26/08/2023,6,7,5,2.626528507,470.929
bounty_madera,30/09/2023,26/08/2023 7:00,26/08/2023,7,8,5,2.553887739,512.617
bounty_madera,30/09/2023,26/08/2023 8:00,26/08/2023,8,9,5,3.075561672,544.483
bounty_madera,30/09/2023,26/08/2023 9:00,26/08/2023,9,10,5,3.438739974,562.825
bounty_madera,30/09/2023,26/08/2023 10:00,26/08/2023,10,11,5,3.712006807,577.854
bounty_madera,30/09/2023,26/08/2023 11:00,26/08/2023,11,12,5,3.291405252,548.225
bounty_madera,30/09/2023,26/08/2023 12:00,26/08/2023,12,13,5,2.753100232,566.979
bounty_madera,30/09/2023,26/08/2023 13:00,26/08/2023,13,14,5,3.706243969,504.117
bounty_madera,30/09/2023,26/08/2023 14:00,26/08/2023,14,15,5,2.958452708,516.114
bounty_madera,30/09/2023,26/08/2023 15:00,26/08/2023,15,16,5,2.600780597,64.621
bounty_madera,30/09/2023,26/08/2023 16:00,26/08/2023,16,17,5,2.623550978,0
bounty_madera,30/09/2023,26/08/2023 17:00,26/08/2023,17,18,5,2.667880455,23.142
bounty_madera,30/09/2023,26/08/2023 18:00,26/08/2023,18,19,5,2.719098526,113.904
bounty_madera,30/09/2023,26/08/2023 19:00,26/08/2023,19,20,5,3.006945629,476.723
bounty_madera,30/09/2023,26/08/2023 20:00,26/08/2023,20,21,5,3.917005708,407.958
bounty_madera,30/09/2023,26/08/2023 21:00,26/08/2023,21,22,5,3.96727888,456.305
bounty_madera,30/09/2023,26/08/2023 22:00,26/08/2023,22,23,5,3.560595192,447.653
bounty_madera,30/09/2023,26/08/2023 23:00,26/08/2023,23,24,5,3.319833987,455.45
bounty_madera,30/09/2023,27/08/2023 0:00,27/08/2023,0,1,6,3.624337689,431.947
bounty_madera,30/09/2023,27/08/2023 1:00,27/08/2023,1,2,6,3.372141493,397.597
bounty_madera,30/09/2023,27/08/2023 2:00,27/08/2023,2,3,6,3.771710686,357.958
bounty_madera,30/09/2023,27/08/2023 3:00,27/08/2023,3,4,6,3.636956459,345.006
bounty_madera,30/09/2023,27/08/2023 4:00,27/08/2023,4,5,6,3.492902321,386.748
bounty_madera,30/09/2023,27/08/2023 5:00,27/08/2023,5,6,6,3.188085656,452.23
bounty_madera,30/09/2023,27/08/2023 6:00,27/08/2023,6,7,6,3.006702119,490.581
bounty_madera,30/09/2023,27/08/2023 7:00,27/08/2023,7,8,6,3.262907837,503.551
bounty_madera,30/09/2023,27/08/2023 8:00,27/08/2023,8,9,6,3.362967247,541.67
bounty_madera,30/09/2023,27/08/2023 9:00,27/08/2023,9,10,6,3.495635231,565.669
bounty_madera,30/09/2023,27/08/2023 10:00,27/08/2023,10,11,6,3.134276101,579.948
bounty_madera,30/09/2023,27/08/2023 11:00,27/08/2023,11,12,6,3.250846855,536.327
bounty_madera,30/09/2023,27/08/2023 12:00,27/08/2023,12,13,6,2.951353716,566.938
bounty_madera,30/09/2023,27/08/2023 13:00,27/08/2023,13,14,6,2.995985062,558.421
bounty_madera,30/09/2023,27/08/2023 14:00,27/08/2023,14,15,6,3.106112523,546.022
bounty_madera,30/09/2023,27/08/2023 15:00,27/08/2023,15,16,6,2.966817895,513.748
bounty_madera,30/09/2023,27/08/2023 16:00,27/08/2023,16,17,6,2.882709271,504.622
bounty_madera,30/09/2023,27/08/2023 17:00,27/08/2023,17,18,6,2.931680289,476.611
bounty_madera,30/09/2023,27/08/2023 18:00,27/08/2023,18,19,6,3.980839251,454.142
bounty_madera,30/09/2023,27/08/2023 19:00,27/08/2023,19,20,6,4.002889624,412.617
bounty_madera,30/09/2023,27/08/2023 20:00,27/08/2023,20,21,6,3.604739816,375.512
bounty_madera,30/09/2023,27/08/2023 21:00,27/08/2023,21,22,6,3.057520273,335.202
bounty_madera,30/09/2023,27/08/2023 22:00,27/08/2023,22,23,6,2.722268598,333.446
bounty_madera,30/09/2023,27/08/2023 23:00,27/08/2023,23,24,6,2.61033433,362.367
bounty_madera,30/09/2023,28/08/2023 0:00,28/08/2023,0,1,0,3.539662572,344.157
bounty_madera,30/09/2023,28/08/2023 1:00,28/08/2023,1,2,0,3.087234939,307.253
bounty_madera,30/09/2023,28/08/2023 2:00,28/08/2023,2,3,0,2.808439922,296.895
bounty_madera,30/09/2023,28/08/2023 3:00,28/08/2023,3,4,0,2.608567958,293.386
bounty_madera,30/09/2023,28/08/2023 4:00,28/08/2023,4,5,0,2.674839827,304.953
bounty_madera,30/09/2023,28/08/2023 5:00,28/08/2023,5,6,0,2.753010455,320.498
bounty_madera,30/09/2023,28/08/2023 6:00,28/08/2023,6,7,0,2.622149627,344.045
bounty_madera,30/09/2023,28/08/2023 7:00,28/08/2023,7,8,0,2.868600112,501.346
bounty_madera,30/09/2023,28/08/2023 8:00,28/08/2023,8,9,0,2.068431343,549.372
bounty_madera,30/09/2023,28/08/2023 9:00,28/08/2023,9,10,0,3.077210432,597.282
bounty_madera,30/09/2023,28/08/2023 10:00,28/08/2023,10,11,0,3.687183288,588.363
bounty_madera,30/09/2023,28/08/2023 11:00,28/08/2023,11,12,0,3.499770683,558.812
bounty_madera,30/09/2023,28/08/2023 12:00,28/08/2023,12,13,0,3.126737786,551.12
bounty_madera,30/09/2023,28/08/2023 13:00,28/08/2023,13,14,0,3.611155302,572.482
bounty_madera,30/09/2023,28/08/2023 14:00,28/08/2023,14,15,0,3.675557989,574.56
bounty_madera,30/09/2023,28/08/2023 15:00,28/08/2023,15,16,0,3.640404321,558.298
bounty_madera,30/09/2023,28/08/2023 16:00,28/08/2023,16,17,0,3.625832987,567.48
bounty_madera,30/09/2023,28/08/2023 17:00,28/08/2023,17,18,0,3.62302967,487.997
bounty_madera,30/09/2023,28/08/2023 18:00,28/08/2023,18,19,0,4.360332708,482.068
bounty_madera,30/09/2023,28/08/2023 19:00,28/08/2023,19,20,0,4.806573156,412.982
bounty_madera,30/09/2023,28/08/2023 20:00,28/08/2023,20,21,0,4.982154761,386.992
bounty_madera,30/09/2023,28/08/2023 21:00,28/08/2023,21,22,0,5.175163187,379.482
bounty_madera,30/09/2023,28/08/2023 22:00,28/08/2023,22,23,0,4.346972803,388.517
bounty_madera,30/09/2023,28/08/2023 23:00,28/08/2023,23,24,0,4.209935254,389.13
bounty_madera,30/09/2023,29/08/2023 0:00,29/08/2023,0,1,1,4.136180853,345.168
bounty_madera,30/09/2023,29/08/2023 1:00,29/08/2023,1,2,1,3.493759835,316.437
bounty_madera,30/09/2023,29/08/2023 2:00,29/08/2023,2,3,1,2.961595468,305.428
bounty_madera,30/09/2023,29/08/2023 3:00,29/08/2023,3,4,1,2.880892507,297.187
bounty_madera,30/09/2023,29/08/2023 4:00,29/08/2023,4,5,1,3.521891442,306.381
bounty_madera,30/09/2023,29/08/2023 5:00,29/08/2023,5,6,1,3.595248281,337.578
bounty_madera,30/09/2023,29/08/2023 6:00,29/08/2023,6,7,1,3.361300339,348.348
bounty_madera,30/09/2023,29/08/2023 7:00,29/08/2023,7,8,1,4.170086425,464.096
bounty_madera,30/09/2023,29/08/2023 8:00,29/08/2023,8,9,1,4.597873976,549.906
bounty_madera,30/09/2023,29/08/2023 9:00,29/08/2023,9,10,1,5.498421999,597.5
bounty_madera,30/09/2023,29/08/2023 10:00,29/08/2023,10,11,1,5.59033837,601.755
bounty_madera,30/09/2023,29/08/2023 11:00,29/08/2023,11,12,1,4.68482962,570.389
bounty_madera,30/09/2023,29/08/2023 12:00,29/08/2023,12,13,1,4.032654375,594.944
bounty_madera,30/09/2023,29/08/2023 13:00,29/08/2023,13,14,1,5.261608563,600.834
bounty_madera,30/09/2023,29/08/2023 14:00,29/08/2023,14,15,1,5.435554823,593.547
bounty_madera,30/09/2023,29/08/2023 15:00,29/08/2023,15,16,1,4.671346812,564.729
bounty_madera,30/09/2023,29/08/2023 16:00,29/08/2023,16,17,1,4.086405925,577.39
bounty_madera,30/09/2023,29/08/2023 17:00,29/08/2023,17,18,1,3.754126683,554.837
bounty_madera,30/09/2023,29/08/2023 18:00,29/08/2023,18,19,1,4.221294298,537.05
bounty_madera,30/09/2023,29/08/2023 19:00,29/08/2023,19,20,1,4.010739213,503.185
bounty_madera,30/09/2023,29/08/2023 20:00,29/08/2023,20,21,1,5.093578625,454.458
bounty_madera,30/09/2023,29/08/2023 21:00,29/08/2023,21,22,1,4.833301386,409.089
bounty_madera,30/09/2023,29/08/2023 22:00,29/08/2023,22,23,1,4.394438499,419.818
bounty_madera,30/09/2023,29/08/2023 23:00,29/08/2023,23,24,1,3.507051217,432.282
bounty_madera,30/09/2023,30/08/2023 0:00,30/08/2023,0,1,2,3.63587522,417.131
bounty_madera,30/09/2023,30/08/2023 1:00,30/08/2023,1,2,2,3.421772959,396.645
bounty_madera,30/09/2023,30/08/2023 2:00,30/08/2023,2,3,2,3.292621538,393.875
bounty_madera,30/09/2023,30/08/2023 3:00,30/08/2023,3,4,2,3.121521411,347.339
bounty_madera,30/09/2023,30/08/2023 4:00,30/08/2023,4,5,2,3.547963011,344.672
bounty_madera,30/09/2023,30/08/2023 5:00,30/08/2023,5,6,2,3.84844398,379.945
bounty_madera,30/09/2023,30/08/2023 6:00,30/08/2023,6,7,2,3.191337168,395.555
bounty_madera,30/09/2023,30/08/2023 7:00,30/08/2023,7,8,2,4.023491605,440.655
bounty_madera,30/09/2023,30/08/2023 8:00,30/08/2023,8,9,2,4.784005695,530.133
bounty_madera,30/09/2023,30/08/2023 9:00,30/08/2023,9,10,2,4.73940939,586.904
bounty_madera,30/09/2023,30/08/2023 10:00,30/08/2023,10,11,2,5.290290474,604.094
bounty_madera,30/09/2023,30/08/2023 11:00,30/08/2023,11,12,2,4.371019309,545.291
bounty_madera,30/09/2023,30/08/2023 12:00,30/08/2023,12,13,2,3.766636382,184.232
bounty_madera,30/09/2023,30/08/2023 13:00,30/08/2023,13,14,2,5.022014764,409.197
bounty_madera,30/09/2023,30/08/2023 14:00,30/08/2023,14,15,2,4.75574764,467.849
bounty_madera,30/09/2023,30/08/2023 15:00,30/08/2023,15,16,2,4.357432883,427.727
bounty_madera,30/09/2023,30/08/2023 16:00,30/08/2023,16,17,2,4.564870854,466.41
bounty_madera,30/09/2023,30/08/2023 17:00,30/08/2023,17,18,2,2.964134421,472.823
bounty_madera,30/09/2023,30/08/2023 18:00,30/08/2023,18,19,2,4.069275384,454.452
bounty_madera,30/09/2023,30/08/2023 19:00,30/08/2023,19,20,2,3.150026198,378.306
bounty_madera,30/09/2023,30/08/2023 20:00,30/08/2023,20,21,2,4.158074156,387.875
bounty_madera,30/09/2023,30/08/2023 21:00,30/08/2023,21,22,2,4.447638693,393.871
bounty_madera,30/09/2023,30/08/2023 22:00,30/08/2023,22,23,2,3.86186982,375.886
bounty_madera,30/09/2023,30/08/2023 23:00,30/08/2023,23,24,2,3.688412747,367.373
bounty_madera,30/09/2023,31/08/2023 0:00,31/08/2023,0,1,3,4.20307261,358.231
bounty_madera,30/09/2023,31/08/2023 1:00,31/08/2023,1,2,3,4.174606616,318.872
bounty_madera,30/09/2023,31/08/2023 2:00,31/08/2023,2,3,3,3.946490367,305.167
bounty_madera,30/09/2023,31/08/2023 3:00,31/08/2023,3,4,3,3.485536858,303.643
bounty_madera,30/09/2023,31/08/2023 4:00,31/08/2023,4,5,3,3.676088789,324.865
bounty_madera,30/09/2023,31/08/2023 5:00,31/08/2023,5,6,3,3.905883564,339.695
bounty_madera,30/09/2023,31/08/2023 6:00,31/08/2023,6,7,3,2.776836849,377.055
bounty_madera,30/09/2023,31/08/2023 7:00,31/08/2023,7,8,3,3.28744813,371.607
bounty_madera,30/09/2023,31/08/2023 8:00,31/08/2023,8,9,3,3.593686186,383.66
bounty_madera,30/09/2023,31/08/2023 9:00,31/08/2023,9,10,3,3.183949911,442.008
bounty_madera,30/09/2023,31/08/2023 10:00,31/08/2023,10,11,3,3.86922145,494.793
bounty_madera,30/09/2023,31/08/2023 11:00,31/08/2023,11,12,3,3.515438238,503.858
bounty_madera,30/09/2023,31/08/2023 12:00,31/08/2023,12,13,3,3.287739789,554.523
bounty_madera,30/09/2023,31/08/2023 13:00,31/08/2023,13,14,3,3.207753953,538.177
bounty_madera,30/09/2023,31/08/2023 14:00,31/08/2023,14,15,3,3.287549249,569.079
bounty_madera,30/09/2023,31/08/2023 15:00,31/08/2023,15,16,3,2.731669147,552.325
bounty_madera,30/09/2023,31/08/2023 16:00,31/08/2023,16,17,3,2.958038022,558.31
bounty_madera,30/09/2023,31/08/2023 17:00,31/08/2023,17,18,3,2.652244307,541.893
bounty_madera,30/09/2023,31/08/2023 18:00,31/08/2023,18,19,3,4.153687304,535.768
bounty_madera,30/09/2023,31/08/2023 19:00,31/08/2023,19,20,3,3.379998061,499.865
bounty_madera,30/09/2023,31/08/2023 20:00,31/08/2023,20,21,3,4.34032918,483.508
bounty_madera,30/09/2023,31/08/2023 21:00,31/08/2023,21,22,3,3.781548064,472.592
bounty_madera,30/09/2023,31/08/2023 22:00,31/08/2023,22,23,3,3.176417892,461.115
bounty_madera,30/09/2023,31/08/2023 23:00,31/08/2023,23,24,3,2.955574181,449.01
bounty_madera,30/09/2023,01/09/2023 0:00,01/09/2023,0,1,4,3.626917505,434.106
bounty_madera,30/09/2023,01/09/2023 1:00,01/09/2023,1,2,4,3.204543221,415.372
bounty_madera,30/09/2023,01/09/2023 2:00,01/09/2023,2,3,4,3.052264055,403.331
bounty_madera,30/09/2023,01/09/2023 3:00,01/09/2023,3,4,4,2.822247947,380.053
bounty_madera,30/09/2023,01/09/2023 4:00,01/09/2023,4,5,4,3.409906437,384.556
bounty_madera,30/09/2023,01/09/2023 5:00,01/09/2023,5,6,4,3.42747233,404.902
bounty_madera,30/09/2023,01/09/2023 6:00,01/09/2023,6,7,4,2.656180934,446.805
bounty_madera,30/09/2023,01/09/2023 7:00,01/09/2023,7,8,4,3.346886668,489.249
bounty_madera,30/09/2023,01/09/2023 8:00,01/09/2023,8,9,4,3.083384505,443.016
bounty_madera,30/09/2023,01/09/2023 9:00,01/09/2023,9,10,4,4.11593036,0
bounty_madera,30/09/2023,01/09/2023 10:00,01/09/2023,10,11,4,4.622127435,0
bounty_madera,30/09/2023,01/09/2023 11:00,01/09/2023,11,12,4,4.466955683,0
bounty_madera,30/09/2023,01/09/2023 12:00,01/09/2023,12,13,4,4.331478558,0
bounty_madera,30/09/2023,01/09/2023 13:00,01/09/2023,13,14,4,5.202114011,0
bounty_madera,30/09/2023,01/09/2023 14:00,01/09/2023,14,15,4,4.734725544,0
bounty_madera,30/09/2023,01/09/2023 15:00,01/09/2023,15,16,4,4.640122758,235.325
bounty_madera,30/09/2023,01/09/2023 16:00,01/09/2023,16,17,4,4.722264615,547.941
bounty_madera,30/09/2023,01/09/2023 17:00,01/09/2023,17,18,4,5.097770689,513.135
bounty_madera,30/09/2023,01/09/2023 18:00,01/09/2023,18,19,4,4.981635356,469.812
bounty_madera,30/09/2023,01/09/2023 19:00,01/09/2023,19,20,4,4.669461563,386.821
bounty_madera,30/09/2023,01/09/2023 20:00,01/09/2023,20,21,4,4.856775023,395.412
bounty_madera,30/09/2023,01/09/2023 21:00,01/09/2023,21,22,4,4.813898088,414.855
bounty_madera,30/09/2023,01/09/2023 22:00,01/09/2023,22,23,4,4.443134444,423.742
bounty_madera,30/09/2023,01/09/2023 23:00,01/09/2023,23,24,4,4.287705886,373.813
bounty_madera,30/09/2023,02/09/2023 0:00,02/09/2023,0,1,5,3.873518253,166.839
bounty_madera,30/09/2023,02/09/2023 1:00,02/09/2023,1,2,5,3.673947748,316.217
bounty_madera,30/09/2023,02/09/2023 2:00,02/09/2023,2,3,5,3.558378859,314.123
bounty_madera,30/09/2023,02/09/2023 3:00,02/09/2023,3,4,5,2.808585373,320.598
bounty_madera,30/09/2023,02/09/2023 4:00,02/09/2023,4,5,5,2.186058148,347.227
bounty_madera,30/09/2023,02/09/2023 5:00,02/09/2023,5,6,5,2.754565518,378.963
bounty_madera,30/09/2023,02/09/2023 6:00,02/09/2023,6,7,5,2.682521203,401.574
bounty_madera,30/09/2023,02/09/2023 7:00,02/09/2023,7,8,5,2.724542395,427.65
bounty_madera,30/09/2023,02/09/2023 8:00,02/09/2023,8,9,5,3.361846872,446.595
bounty_madera,30/09/2023,02/09/2023 9:00,02/09/2023,9,10,5,3.732690541,509.095
bounty_madera,30/09/2023,02/09/2023 10:00,02/09/2023,10,11,5,4.077366312,546.651
bounty_madera,30/09/2023,02/09/2023 11:00,02/09/2023,11,12,5,4.164531456,520.589
bounty_madera,30/09/2023,02/09/2023 12:00,02/09/2023,12,13,5,4.095812604,531.879
bounty_madera,30/09/2023,02/09/2023 13:00,02/09/2023,13,14,5,4.256703141,544.599
bounty_madera,30/09/2023,02/09/2023 14:00,02/09/2023,14,15,5,4.312622298,536.391
bounty_madera,30/09/2023,02/09/2023 15:00,02/09/2023,15,16,5,4.067917529,539.805
bounty_madera,30/09/2023,02/09/2023 16:00,02/09/2023,16,17,5,3.819126728,526.76
bounty_madera,30/09/2023,02/09/2023 17:00,02/09/2023,17,18,5,4.059433197,506.432
bounty_madera,30/09/2023,02/09/2023 18:00,02/09/2023,18,19,5,4.797570731,497.33
bounty_madera,30/09/2023,02/09/2023 19:00,02/09/2023,19,20,5,4.568944658,471.559
bounty_madera,30/09/2023,02/09/2023 20:00,02/09/2023,20,21,5,4.620335749,460.081
bounty_madera,30/09/2023,02/09/2023 21:00,02/09/2023,21,22,5,4.416798328,461.64
bounty_madera,30/09/2023,02/09/2023 22:00,02/09/2023,22,23,5,4.149219599,447.921
bounty_madera,30/09/2023,02/09/2023 23:00,02/09/2023,23,24,5,3.938444272,430.835
bounty_madera,30/09/2023,03/09/2023 0:00,03/09/2023,0,1,6,3.6692008,408.997
bounty_madera,30/09/2023,03/09/2023 1:00,03/09/2023,1,2,6,3.498459225,397.429
bounty_madera,30/09/2023,03/09/2023 2:00,03/09/2023,2,3,6,3.450998604,397.446
bounty_madera,30/09/2023,03/09/2023 3:00,03/09/2023,3,4,6,3.060643056,390.304
bounty_madera,30/09/2023,03/09/2023 4:00,03/09/2023,4,5,6,2.916907456,390.019
bounty_madera,30/09/2023,03/09/2023 5:00,03/09/2023,5,6,6,2.075875844,412.847
bounty_madera,30/09/2023,03/09/2023 6:00,03/09/2023,6,7,6,2.054501679,455.453
bounty_madera,30/09/2023,03/09/2023 7:00,03/09/2023,7,8,6,1.716264613,479.236
bounty_madera,30/09/2023,03/09/2023 8:00,03/09/2023,8,9,6,2.784728942,514.454
bounty_madera,30/09/2023,03/09/2023 9:00,03/09/2023,9,10,6,3.310514005,567.2
bounty_madera,30/09/2023,03/09/2023 10:00,03/09/2023,10,11,6,3.43567152,575.228
bounty_madera,30/09/2023,03/09/2023 11:00,03/09/2023,11,12,6,3.237858558,544.916
bounty_madera,30/09/2023,03/09/2023 12:00,03/09/2023,12,13,6,3.345978163,550.419
bounty_madera,30/09/2023,03/09/2023 13:00,03/09/2023,13,14,6,3.339674911,536.449
bounty_madera,30/09/2023,03/09/2023 14:00,03/09/2023,14,15,6,3.662830395,543.583
bounty_madera,30/09/2023,03/09/2023 15:00,03/09/2023,15,16,6,3.556697143,520.262
bounty_madera,30/09/2023,03/09/2023 16:00,03/09/2023,16,17,6,3.95800181,545.757
bounty_madera,30/09/2023,03/09/2023 17:00,03/09/2023,17,18,6,4.159301539,532.669
bounty_madera,30/09/2023,03/09/2023 18:00,03/09/2023,18,19,6,4.478950023,527.6
bounty_madera,30/09/2023,03/09/2023 19:00,03/09/2023,19,20,6,4.430568856,482.647
bounty_madera,30/09/2023,03/09/2023 20:00,03/09/2023,20,21,6,4.56294071,455.902
bounty_madera,30/09/2023,03/09/2023 21:00,03/09/2023,21,22,6,4.657223309,456.025
bounty_madera,30/09/2023,03/09/2023 22:00,03/09/2023,22,23,6,4.183132691,446.405
bounty_madera,30/09/2023,03/09/2023 23:00,03/09/2023,23,24,6,3.399704166,438.727
bounty_madera,30/09/2023,04/09/2023 0:00,04/09/2023,0,1,0,2.808912862,424.126
bounty_madera,30/09/2023,04/09/2023 1:00,04/09/2023,1,2,0,2.993152953,397.387
bounty_madera,30/09/2023,04/09/2023 2:00,04/09/2023,2,3,0,1.899035823,378.408
bounty_madera,30/09/2023,04/09/2023 3:00,04/09/2023,3,4,0,2.575275767,382.919
bounty_madera,30/09/2023,04/09/2023 4:00,04/09/2023,4,5,0,2.609092412,399.089
bounty_madera,30/09/2023,04/09/2023 5:00,04/09/2023,5,6,0,2.770928253,388.457
bounty_madera,30/09/2023,04/09/2023 6:00,04/09/2023,6,7,0,2.550131933,406.523
bounty_madera,30/09/2023,04/09/2023 7:00,04/09/2023,7,8,0,2.606867263,410.022
bounty_madera,30/09/2023,04/09/2023 8:00,04/09/2023,8,9,0,3.026725282,423.729
bounty_madera,30/09/2023,04/09/2023 9:00,04/09/2023,9,10,0,3.408167022,438.639
bounty_madera,30/09/2023,04/09/2023 10:00,04/09/2023,10,11,0,3.297194148,478.972
bounty_madera,30/09/2023,04/09/2023 11:00,04/09/2023,11,12,0,3.774004969,500.475
bounty_madera,30/09/2023,04/09/2023 12:00,04/09/2023,12,13,0,2.439783277,533.766
bounty_madera,30/09/2023,04/09/2023 13:00,04/09/2023,13,14,0,3.997303172,544.951
bounty_madera,30/09/2023,04/09/2023 14:00,04/09/2023,14,15,0,4.191488793,562.295
bounty_madera,30/09/2023,04/09/2023 15:00,04/09/2023,15,16,0,4.247409483,511.472
bounty_madera,30/09/2023,04/09/2023 16:00,04/09/2023,16,17,0,4.637732007,474.856
bounty_madera,30/09/2023,04/09/2023 17:00,04/09/2023,17,18,0,4.316275959,461.592
bounty_madera,30/09/2023,04/09/2023 18:00,04/09/2023,18,19,0,4.512494958,437.116
bounty_madera,30/09/2023,04/09/2023 19:00,04/09/2023,19,20,0,4.306435994,398.034
bounty_madera,30/09/2023,04/09/2023 20:00,04/09/2023,20,21,0,4.733941614,414.566
bounty_madera,30/09/2023,04/09/2023 21:00,04/09/2023,21,22,0,4.749614674,406.002
bounty_madera,30/09/2023,04/09/2023 22:00,04/09/2023,22,23,0,4.520249593,401.792
bounty_madera,30/09/2023,04/09/2023 23:00,04/09/2023,23,24,0,4.105497492,402.037
bounty_madera,30/09/2023,05/09/2023 0:00,05/09/2023,0,1,1,3.4380434,392.519
bounty_madera,30/09/2023,05/09/2023 1:00,05/09/2023,1,2,1,3.010104539,384.125
bounty_madera,30/09/2023,05/09/2023 2:00,05/09/2023,2,3,1,2.867818447,369.957
bounty_madera,30/09/2023,05/09/2023 3:00,05/09/2023,3,4,1,2.730887279,363.972
bounty_madera,30/09/2023,05/09/2023 4:00,05/09/2023,4,5,1,3.048626318,386.944
bounty_madera,30/09/2023,05/09/2023 5:00,05/09/2023,5,6,1,2.955212166,420.92
bounty_madera,30/09/2023,05/09/2023 6:00,05/09/2023,6,7,1,2.212486696,448.387
bounty_madera,30/09/2023,05/09/2023 7:00,05/09/2023,7,8,1,2.953931496,493.39
bounty_madera,30/09/2023,05/09/2023 8:00,05/09/2023,8,9,1,4.111199402,533.757
bounty_madera,30/09/2023,05/09/2023 9:00,05/09/2023,9,10,1,4.141254835,559.897
bounty_madera,30/09/2023,05/09/2023 10:00,05/09/2023,10,11,1,4.834976943,565.316
bounty_madera,30/09/2023,05/09/2023 11:00,05/09/2023,11,12,1,4.289505376,533.002
bounty_madera,30/09/2023,05/09/2023 12:00,05/09/2023,12,13,1,3.805445967,541.186
bounty_madera,30/09/2023,05/09/2023 13:00,05/09/2023,13,14,1,4.737390886,532.117
bounty_madera,30/09/2023,05/09/2023 14:00,05/09/2023,14,15,1,5.02149827,535.906
bounty_madera,30/09/2023,05/09/2023 15:00,05/09/2023,15,16,1,3.917849729,538.714
bounty_madera,30/09/2023,05/09/2023 16:00,05/09/2023,16,17,1,3.932544369,541.271
bounty_madera,30/09/2023,05/09/2023 17:00,05/09/2023,17,18,1,3.375275969,524.746
bounty_madera,30/09/2023,05/09/2023 18:00,05/09/2023,18,19,1,5.248215218,504.231
bounty_madera,30/09/2023,05/09/2023 19:00,05/09/2023,19,20,1,4.724412823,485.004
bounty_madera,30/09/2023,05/09/2023 20:00,05/09/2023,20,21,1,5.228982085,462.21
bounty_madera,30/09/2023,05/09/2023 21:00,05/09/2023,21,22,1,4.910383259,441.698
bounty_madera,30/09/2023,05/09/2023 22:00,05/09/2023,22,23,1,4.635231314,416.152
bounty_madera,30/09/2023,05/09/2023 23:00,05/09/2023,23,24,1,4.057765553,421.945
bounty_madera,30/09/2023,06/09/2023 0:00,06/09/2023,0,1,2,4.184382923,416.422
bounty_madera,30/09/2023,06/09/2023 1:00,06/09/2023,1,2,2,4.262972993,392.711
bounty_madera,30/09/2023,06/09/2023 2:00,06/09/2023,2,3,2,3.831460751,342.284
bounty_madera,30/09/2023,06/09/2023 3:00,06/09/2023,3,4,2,3.566339719,345.429
bounty_madera,30/09/2023,06/09/2023 4:00,06/09/2023,4,5,2,4.184865289,346.974
bounty_madera,30/09/2023,06/09/2023 5:00,06/09/2023,5,6,2,4.294237259,362.594
bounty_madera,30/09/2023,06/09/2023 6:00,06/09/2023,6,7,2,2.960716713,402.143
bounty_madera,30/09/2023,06/09/2023 7:00,06/09/2023,7,8,2,3.012182298,479.499
bounty_madera,30/09/2023,06/09/2023 8:00,06/09/2023,8,9,2,4.087740584,556.345
bounty_madera,30/09/2023,06/09/2023 9:00,06/09/2023,9,10,2,4.44988777,537.487
bounty_madera,30/09/2023,06/09/2023 10:00,06/09/2023,10,11,2,5.143712588,6.489
bounty_madera,30/09/2023,06/09/2023 11:00,06/09/2023,11,12,2,5.165680065,71.505
bounty_madera,30/09/2023,06/09/2023 12:00,06/09/2023,12,13,2,4.666581377,38.305
bounty_madera,30/09/2023,06/09/2023 13:00,06/09/2023,13,14,2,6.183989516,539.292
bounty_madera,30/09/2023,06/09/2023 14:00,06/09/2023,14,15,2,7.212450552,500.79
bounty_madera,30/09/2023,06/09/2023 15:00,06/09/2023,15,16,2,6.724940929,485.478
bounty_madera,30/09/2023,06/09/2023 16:00,06/09/2023,16,17,2,5.855695786,488.673
bounty_madera,30/09/2023,06/09/2023 17:00,06/09/2023,17,18,2,4.666206657,482.247
bounty_madera,30/09/2023,06/09/2023 18:00,06/09/2023,18,19,2,6.602540174,454.387
bounty_madera,30/09/2023,06/09/2023 19:00,06/09/2023,19,20,2,5.716561405,410.588
bounty_madera,30/09/2023,06/09/2023 20:00,06/09/2023,20,21,2,5.574273481,411.957
bounty_madera,30/09/2023,06/09/2023 21:00,06/09/2023,21,22,2,5.553350291,417.749
bounty_madera,30/09/2023,06/09/2023 22:00,06/09/2023,22,23,2,5.004529754,398.954
bounty_madera,30/09/2023,06/09/2023 23:00,06/09/2023,23,24,2,4.772038925,399.9
bounty_madera,30/09/2023,07/09/2023 0:00,07/09/2023,0,1,3,4.46673919,403.986
bounty_madera,30/09/2023,07/09/2023 1:00,07/09/2023,1,2,3,3.997343099,366.778
bounty_madera,30/09/2023,07/09/2023 2:00,07/09/2023,2,3,3,3.090122405,354.922
bounty_madera,30/09/2023,07/09/2023 3:00,07/09/2023,3,4,3,3.064777583,358.818
bounty_madera,30/09/2023,07/09/2023 4:00,07/09/2023,4,5,3,3.546491881,367.865
bounty_madera,30/09/2023,07/09/2023 5:00,07/09/2023,5,6,3,3.91851213,389.672
bounty_madera,30/09/2023,07/09/2023 6:00,07/09/2023,6,7,3,2.24918364,421.845
bounty_madera,30/09/2023,07/09/2023 7:00,07/09/2023,7,8,3,2.547404273,496.002
bounty_madera,30/09/2023,07/09/2023 8:00,07/09/2023,8,9,3,4.261327086,554.925
bounty_madera,30/09/2023,07/09/2023 9:00,07/09/2023,9,10,3,5.093936074,559.721
bounty_madera,30/09/2023,07/09/2023 10:00,07/09/2023,10,11,3,4.918930595,589.949
bounty_madera,30/09/2023,07/09/2023 11:00,07/09/2023,11,12,3,5.261115891,551.934
bounty_madera,30/09/2023,07/09/2023 12:00,07/09/2023,12,13,3,4.811315696,590.809
bounty_madera,30/09/2023,07/09/2023 13:00,07/09/2023,13,14,3,7.879092325,613.081
bounty_madera,30/09/2023,07/09/2023 14:00,07/09/2023,14,15,3,6.499594771,617.756
bounty_madera,30/09/2023,07/09/2023 15:00,07/09/2023,15,16,3,6.109409605,595.161
bounty_madera,30/09/2023,07/09/2023 16:00,07/09/2023,16,17,3,6.088580615,597.172
bounty_madera,30/09/2023,07/09/2023 17:00,07/09/2023,17,18,3,5.289331884,577.327
bounty_madera,30/09/2023,07/09/2023 18:00,07/09/2023,18,19,3,6.993713528,560.787
bounty_madera,30/09/2023,07/09/2023 19:00,07/09/2023,19,20,3,6.890907352,505.807
bounty_madera,30/09/2023,07/09/2023 20:00,07/09/2023,20,21,3,9.37209028,510.452
bounty_madera,30/09/2023,07/09/2023 21:00,07/09/2023,21,22,3,7.687026531,503.341
bounty_madera,30/09/2023,07/09/2023 22:00,07/09/2023,22,23,3,6.178820451,483.151
bounty_madera,30/09/2023,07/09/2023 23:00,07/09/2023,23,24,3,5.137566643,461.756
bounty_madera,30/09/2023,08/09/2023 0:00,08/09/2023,0,1,4,5.091029944,455.024
bounty_madera,30/09/2023,08/09/2023 1:00,08/09/2023,1,2,4,4.708007525,417.942
bounty_madera,30/09/2023,08/09/2023 2:00,08/09/2023,2,3,4,4.35406464,395.127
bounty_madera,30/09/2023,08/09/2023 3:00,08/09/2023,3,4,4,3.984802359,366.882
bounty_madera,30/09/2023,08/09/2023 4:00,08/09/2023,4,5,4,4.329872742,357.055
bounty_madera,30/09/2023,08/09/2023 5:00,08/09/2023,5,6,4,4.335053303,382.49
bounty_madera,30/09/2023,08/09/2023 6:00,08/09/2023,6,7,4,3.134301793,433.537
bounty_madera,30/09/2023,08/09/2023 7:00,08/09/2023,7,8,4,3.574662146,552.165
bounty_madera,30/09/2023,08/09/2023 8:00,08/09/2023,8,9,4,4.198170913,589.738
bounty_madera,30/09/2023,08/09/2023 9:00,08/09/2023,9,10,4,4.942603582,604.683
bounty_madera,30/09/2023,08/09/2023 10:00,08/09/2023,10,11,4,5.269028811,612.835
bounty_madera,30/09/2023,08/09/2023 11:00,08/09/2023,11,12,4,4.378628964,579.313
bounty_madera,30/09/2023,08/09/2023 12:00,08/09/2023,12,13,4,4.658409134,596.39
bounty_madera,30/09/2023,08/09/2023 13:00,08/09/2023,13,14,4,6.088906561,628.828
bounty_madera,30/09/2023,08/09/2023 14:00,08/09/2023,14,15,4,6.394684443,613.553
bounty_madera,30/09/2023,08/09/2023 15:00,08/09/2023,15,16,4,8.60645649,516.861
bounty_madera,30/09/2023,08/09/2023 16:00,08/09/2023,16,17,4,5.222300536,350.128
bounty_madera,30/09/2023,08/09/2023 17:00,08/09/2023,17,18,4,4.025925636,435.308
bounty_madera,30/09/2023,08/09/2023 18:00,08/09/2023,18,19,4,9.588970324,447.916
bounty_madera,30/09/2023,08/09/2023 19:00,08/09/2023,19,20,4,5.073004301,428.047
bounty_madera,30/09/2023,08/09/2023 20:00,08/09/2023,20,21,4,5.268063047,437.207
bounty_madera,30/09/2023,08/09/2023 21:00,08/09/2023,21,22,4,6.380314273,431.685
bounty_madera,30/09/2023,08/09/2023 22:00,08/09/2023,22,23,4,4.692146282,423.416
bounty_madera,30/09/2023,08/09/2023 23:00,08/09/2023,23,24,4,4.720989382,424.681
bounty_madera,30/09/2023,09/09/2023 0:00,09/09/2023,0,1,5,5.296422333,380.76
bounty_madera,30/09/2023,09/09/2023 1:00,09/09/2023,1,2,5,4.679322973,339.14
bounty_madera,30/09/2023,09/09/2023 2:00,09/09/2023,2,3,5,4.456279462,311.327
bounty_madera,30/09/2023,09/09/2023 3:00,09/09/2023,3,4,5,4.356015838,309.292
bounty_madera,30/09/2023,09/09/2023 4:00,09/09/2023,4,5,5,3.167319724,307.285
bounty_madera,30/09/2023,09/09/2023 5:00,09/09/2023,5,6,5,2.682064892,332.964
bounty_madera,30/09/2023,09/09/2023 6:00,09/09/2023,6,7,5,2.062350929,364.815
bounty_madera,30/09/2023,09/09/2023 7:00,09/09/2023,7,8,5,3.312867971,510.804
bounty_madera,30/09/2023,09/09/2023 8:00,09/09/2023,8,9,5,2.644567867,571.877
bounty_madera,30/09/2023,09/09/2023 9:00,09/09/2023,9,10,5,2.362362164,582.07
bounty_madera,30/09/2023,09/09/2023 10:00,09/09/2023,10,11,5,3.970767357,593.741
bounty_madera,30/09/2023,09/09/2023 11:00,09/09/2023,11,12,5,3.681501407,575.876
bounty_madera,30/09/2023,09/09/2023 12:00,09/09/2023,12,13,5,2.574601367,590.666
bounty_madera,30/09/2023,09/09/2023 13:00,09/09/2023,13,14,5,4.496665062,617.912
bounty_madera,30/09/2023,09/09/2023 14:00,09/09/2023,14,15,5,5.025452187,605.674
bounty_madera,30/09/2023,09/09/2023 15:00,09/09/2023,15,16,5,4.924066403,599.515
bounty_madera,30/09/2023,09/09/2023 16:00,09/09/2023,16,17,5,5.277130717,590.491
bounty_madera,30/09/2023,09/09/2023 17:00,09/09/2023,17,18,5,5.186482308,509.263
bounty_madera,30/09/2023,09/09/2023 18:00,09/09/2023,18,19,5,5.593410795,478.223
bounty_madera,30/09/2023,09/09/2023 19:00,09/09/2023,19,20,5,5.262572702,452.2
bounty_madera,30/09/2023,09/09/2023 20:00,09/09/2023,20,21,5,5.503151127,441.945
bounty_madera,30/09/2023,09/09/2023 21:00,09/09/2023,21,22,5,5.602708884,453.546
bounty_madera,30/09/2023,09/09/2023 22:00,09/09/2023,22,23,5,6.312544264,450.717
bounty_madera,30/09/2023,09/09/2023 23:00,09/09/2023,23,24,5,5.011206331,451.502
bounty_madera,30/09/2023,10/09/2023 0:00,10/09/2023,0,1,6,6.704207948,434.913
bounty_madera,30/09/2023,10/09/2023 1:00,10/09/2023,1,2,6,5.178271379,389.436
bounty_madera,30/09/2023,10/09/2023 2:00,10/09/2023,2,3,6,4.878580874,370.784
bounty_madera,30/09/2023,10/09/2023 3:00,10/09/2023,3,4,6,3.963991368,354.497
bounty_madera,30/09/2023,10/09/2023 4:00,10/09/2023,4,5,6,3.333649636,375.883
bounty_madera,30/09/2023,10/09/2023 5:00,10/09/2023,5,6,6,2.75582436,384.703
bounty_madera,30/09/2023,10/09/2023 6:00,10/09/2023,6,7,6,1.7558585,423.238
bounty_madera,30/09/2023,10/09/2023 7:00,10/09/2023,7,8,6,1.8077845,504.471
bounty_madera,30/09/2023,10/09/2023 8:00,10/09/2023,8,9,6,2.412147725,583.809
bounty_madera,30/09/2023,10/09/2023 9:00,10/09/2023,9,10,6,3.173314595,597.849
bounty_madera,30/09/2023,10/09/2023 10:00,10/09/2023,10,11,6,4.182190486,614.573
bounty_madera,30/09/2023,10/09/2023 11:00,10/09/2023,11,12,6,3.735500082,581.2
bounty_madera,30/09/2023,10/09/2023 12:00,10/09/2023,12,13,6,3.902253493,618.265
bounty_madera,30/09/2023,10/09/2023 13:00,10/09/2023,13,14,6,4.367016523,629.008
bounty_madera,30/09/2023,10/09/2023 14:00,10/09/2023,14,15,6,5.100024747,616.628
bounty_madera,30/09/2023,10/09/2023 15:00,10/09/2023,15,16,6,4.504977909,563.98
bounty_madera,30/09/2023,10/09/2023 16:00,10/09/2023,16,17,6,4.508678255,440.111
bounty_madera,30/09/2023,10/09/2023 17:00,10/09/2023,17,18,6,4.647975732,395.867
bounty_madera,30/09/2023,10/09/2023 18:00,10/09/2023,18,19,6,9.969693941,377.424
bounty_madera,30/09/2023,10/09/2023 19:00,10/09/2023,19,20,6,5.553133877,380.18
bounty_madera,30/09/2023,10/09/2023 20:00,10/09/2023,20,21,6,5.500880725,376.05
bounty_madera,30/09/2023,10/09/2023 21:00,10/09/2023,21,22,6,5.5559346,366.408
bounty_madera,30/09/2023,10/09/2023 22:00,10/09/2023,22,23,6,5.229519707,360.561
bounty_madera,30/09/2023,10/09/2023 23:00,10/09/2023,23,24,6,4.735189983,369.638
bounty_madera,30/09/2023,11/09/2023 0:00,11/09/2023,0,1,0,3.0616187,341.78
bounty_madera,30/09/2023,11/09/2023 1:00,11/09/2023,1,2,0,3.0137855,304.819
bounty_madera,30/09/2023,11/09/2023 2:00,11/09/2023,2,3,0,11.53387606,293.022
bounty_madera,30/09/2023,11/09/2023 3:00,11/09/2023,3,4,0,2.054105481,281.749
bounty_madera,30/09/2023,11/09/2023 4:00,11/09/2023,4,5,0,3.173822809,294.587
bounty_madera,30/09/2023,11/09/2023 5:00,11/09/2023,5,6,0,2.90066167,304.655
bounty_madera,30/09/2023,11/09/2023 6:00,11/09/2023,6,7,0,1.788782753,326.927
bounty_madera,30/09/2023,11/09/2023 7:00,11/09/2023,7,8,0,2.866462292,431.282
bounty_madera,30/09/2023,11/09/2023 8:00,11/09/2023,8,9,0,4.011330936,544.555
bounty_madera,30/09/2023,11/09/2023 9:00,11/09/2023,9,10,0,4.510082011,591.524
bounty_madera,30/09/2023,11/09/2023 10:00,11/09/2023,10,11,0,4.523206412,619.723
bounty_madera,30/09/2023,11/09/2023 11:00,11/09/2023,11,12,0,5.201637802,594.216
bounty_madera,30/09/2023,11/09/2023 12:00,11/09/2023,12,13,0,4.876361085,608.995
bounty_madera,30/09/2023,11/09/2023 13:00,11/09/2023,13,14,0,5.348649211,622.44
bounty_madera,30/09/2023,11/09/2023 14:00,11/09/2023,14,15,0,5.353428731,601.347
bounty_madera,30/09/2023,11/09/2023 15:00,11/09/2023,15,16,0,5.281651914,551.638
bounty_madera,30/09/2023,11/09/2023 16:00,11/09/2023,16,17,0,5.130094285,540.893
bounty_madera,30/09/2023,11/09/2023 17:00,11/09/2023,17,18,0,4.296584181,500.804
bounty_madera,30/09/2023,11/09/2023 18:00,11/09/2023,18,19,0,5.252828592,452.828
bounty_madera,30/09/2023,11/09/2023 19:00,11/09/2023,19,20,0,5.059102455,432.398
bounty_madera,30/09/2023,11/09/2023 20:00,11/09/2023,20,21,0,5.07927122,460.673
bounty_madera,30/09/2023,11/09/2023 21:00,11/09/2023,21,22,0,4.914153079,462.311
bounty_madera,30/09/2023,11/09/2023 22:00,11/09/2023,22,23,0,4.614744796,464.378
bounty_madera,30/09/2023,11/09/2023 23:00,11/09/2023,23,24,0,4.697921671,455.58
bounty_madera,30/09/2023,12/09/2023 0:00,12/09/2023,0,1,1,4.555685717,446.813
bounty_madera,30/09/2023,12/09/2023 1:00,12/09/2023,1,2,1,4.636354278,404.289
bounty_madera,30/09/2023,12/09/2023 2:00,12/09/2023,2,3,1,4.483175937,375.246
bounty_madera,30/09/2023,12/09/2023 3:00,12/09/2023,3,4,1,4.630292477,351.9
bounty_madera,30/09/2023,12/09/2023 4:00,12/09/2023,4,5,1,4.662797056,341.519
bounty_madera,30/09/2023,12/09/2023 5:00,12/09/2023,5,6,1,4.652462149,386.087
bounty_madera,30/09/2023,12/09/2023 6:00,12/09/2023,6,7,1,4.017683339,413.08
bounty_madera,30/09/2023,12/09/2023 7:00,12/09/2023,7,8,1,4.626875104,494.391
bounty_madera,30/09/2023,12/09/2023 8:00,12/09/2023,8,9,1,4.152790048,562.148
bounty_madera,30/09/2023,12/09/2023 9:00,12/09/2023,9,10,1,4.532805463,575.513
bounty_madera,30/09/2023,12/09/2023 10:00,12/09/2023,10,11,1,5.31158068,583.506
bounty_madera,30/09/2023,12/09/2023 11:00,12/09/2023,11,12,1,4.858469166,558.961
bounty_madera,30/09/2023,12/09/2023 12:00,12/09/2023,12,13,1,4.788469048,554.085
bounty_madera,30/09/2023,12/09/2023 13:00,12/09/2023,13,14,1,4.375791836,510.758
bounty_madera,30/09/2023,12/09/2023 14:00,12/09/2023,14,15,1,4.414135207,564.558
bounty_madera,30/09/2023,12/09/2023 15:00,12/09/2023,15,16,1,3.739854686,568.231
bounty_madera,30/09/2023,12/09/2023 16:00,12/09/2023,16,17,1,4.266205823,583.652
bounty_madera,30/09/2023,12/09/2023 17:00,12/09/2023,17,18,1,4.631086582,561.951
bounty_madera,30/09/2023,12/09/2023 18:00,12/09/2023,18,19,1,5.296531495,529.886
bounty_madera,30/09/2023,12/09/2023 19:00,12/09/2023,19,20,1,13.35476623,496.203
bounty_madera,30/09/2023,12/09/2023 20:00,12/09/2023,20,21,1,8.264903749,470.956
bounty_madera,30/09/2023,12/09/2023 21:00,12/09/2023,21,22,1,4.82375313,459.204
bounty_madera,30/09/2023,12/09/2023 22:00,12/09/2023,22,23,1,3.984879507,450.887
bounty_madera,30/09/2023,12/09/2023 23:00,12/09/2023,23,24,1,3.527930418,439.305
bounty_madera,30/09/2023,13/09/2023 0:00,13/09/2023,0,1,2,4.398600089,430.646
bounty_madera,30/09/2023,13/09/2023 1:00,13/09/2023,1,2,2,4.677618808,381.428
bounty_madera,30/09/2023,13/09/2023 2:00,13/09/2023,2,3,2,4.626169709,358.786
bounty_madera,30/09/2023,13/09/2023 3:00,13/09/2023,3,4,2,4.297090773,362.56
bounty_madera,30/09/2023,13/09/2023 4:00,13/09/2023,4,5,2,4.672072624,350.146
bounty_madera,30/09/2023,13/09/2023 5:00,13/09/2023,5,6,2,4.519902235,381.809
bounty_madera,30/09/2023,13/09/2023 6:00,13/09/2023,6,7,2,3.342393745,414.701
bounty_madera,30/09/2023,13/09/2023 7:00,13/09/2023,7,8,2,3.912683093,536.771
bounty_madera,30/09/2023,13/09/2023 8:00,13/09/2023,8,9,2,3.75587946,588.55
bounty_madera,30/09/2023,13/09/2023 9:00,13/09/2023,9,10,2,4.398179063,592.418
bounty_madera,30/09/2023,13/09/2023 10:00,13/09/2023,10,11,2,4.594894075,613.476
bounty_madera,30/09/2023,13/09/2023 11:00,13/09/2023,11,12,2,4.315438188,567.536
bounty_madera,30/09/2023,13/09/2023 12:00,13/09/2023,12,13,2,4.024463685,584.179
bounty_madera,30/09/2023,13/09/2023 13:00,13/09/2023,13,14,2,4.442306316,585.335
bounty_madera,30/09/2023,13/09/2023 14:00,13/09/2023,14,15,2,4.539270022,560.344
bounty_madera,30/09/2023,13/09/2023 15:00,13/09/2023,15,16,2,4.470161715,559.551
bounty_madera,30/09/2023,13/09/2023 16:00,13/09/2023,16,17,2,4.256014262,569.995
bounty_madera,30/09/2023,13/09/2023 17:00,13/09/2023,17,18,2,3.859037962,572.812
bounty_madera,30/09/2023,13/09/2023 18:00,13/09/2023,18,19,2,4.498498983,544.442
bounty_madera,30/09/2023,13/09/2023 19:00,13/09/2023,19,20,2,4.499043407,482.606
bounty_madera,30/09/2023,13/09/2023 20:00,13/09/2023,20,21,2,9.332531116,486.951
bounty_madera,30/09/2023,13/09/2023 21:00,13/09/2023,21,22,2,7.04472807,476.765
bounty_madera,30/09/2023,13/09/2023 22:00,13/09/2023,22,23,2,6.298708313,463.704
bounty_madera,30/09/2023,13/09/2023 23:00,13/09/2023,23,24,2,4.791033267,442.27
bounty_madera,30/09/2023,14/09/2023 0:00,14/09/2023,0,1,3,5.21530425,391.021
bounty_madera,30/09/2023,14/09/2023 1:00,14/09/2023,1,2,3,4.327159517,339.893
bounty_madera,30/09/2023,14/09/2023 2:00,14/09/2023,2,3,3,4.049107105,326.295
bounty_madera,30/09/2023,14/09/2023 3:00,14/09/2023,3,4,3,3.250125059,308.671
bounty_madera,30/09/2023,14/09/2023 4:00,14/09/2023,4,5,3,4.073694962,305.704
bounty_madera,30/09/2023,14/09/2023 5:00,14/09/2023,5,6,3,4.174184761,325.429
bounty_madera,30/09/2023,14/09/2023 6:00,14/09/2023,6,7,3,3.167221887,363.175
bounty_madera,30/09/2023,14/09/2023 7:00,14/09/2023,7,8,3,4.233873285,529.603
bounty_madera,30/09/2023,14/09/2023 8:00,14/09/2023,8,9,3,3.021702846,598.479
bounty_madera,30/09/2023,14/09/2023 9:00,14/09/2023,9,10,3,4.310846497,616.237
bounty_madera,30/09/2023,14/09/2023 10:00,14/09/2023,10,11,3,4.406876541,613.914
bounty_madera,30/09/2023,14/09/2023 11:00,14/09/2023,11,12,3,4.344809874,586.006
bounty_madera,30/09/2023,14/09/2023 12:00,14/09/2023,12,13,3,4.278076037,608.37
bounty_madera,30/09/2023,14/09/2023 13:00,14/09/2023,13,14,3,5.774659644,629.846
bounty_madera,30/09/2023,14/09/2023 14:00,14/09/2023,14,15,3,5.226934944,621.307
bounty_madera,30/09/2023,14/09/2023 15:00,14/09/2023,15,16,3,5.240164409,612.793
bounty_madera,30/09/2023,14/09/2023 16:00,14/09/2023,16,17,3,4.83881511,611.403
bounty_madera,30/09/2023,14/09/2023 17:00,14/09/2023,17,18,3,4.400290358,593.665
bounty_madera,30/09/2023,14/09/2023 18:00,14/09/2023,18,19,3,6.40234609,566.199
bounty_madera,30/09/2023,14/09/2023 19:00,14/09/2023,19,20,3,4.673213436,528.287
bounty_madera,30/09/2023,14/09/2023 20:00,14/09/2023,20,21,3,4.917484187,511.122
bounty_madera,30/09/2023,14/09/2023 21:00,14/09/2023,21,22,3,4.960339111,507.691
bounty_madera,30/09/2023,14/09/2023 22:00,14/09/2023,22,23,3,4.954404164,486.201
bounty_madera,30/09/2023,14/09/2023 23:00,14/09/2023,23,24,3,5.939356806,474.139
bounty_madera,30/09/2023,15/09/2023 0:00,15/09/2023,0,1,4,4.840397842,457.347
bounty_madera,30/09/2023,15/09/2023 1:00,15/09/2023,1,2,4,4.647239811,441.286
bounty_madera,30/09/2023,15/09/2023 2:00,15/09/2023,2,3,4,4.52233187,410.822
bounty_madera,30/09/2023,15/09/2023 3:00,15/09/2023,3,4,4,4.344640631,396.657
bounty_madera,30/09/2023,15/09/2023 4:00,15/09/2023,4,5,4,4.430403725,371.222
bounty_madera,30/09/2023,15/09/2023 5:00,15/09/2023,5,6,4,4.473931886,400.822
bounty_madera,30/09/2023,15/09/2023 6:00,15/09/2023,6,7,4,3.37794154,441.136
bounty_madera,30/09/2023,15/09/2023 7:00,15/09/2023,7,8,4,3.905118623,547.192
bounty_madera,30/09/2023,15/09/2023 8:00,15/09/2023,8,9,4,4.313727872,574.018
bounty_madera,30/09/2023,15/09/2023 9:00,15/09/2023,9,10,4,4.113236396,594.632
bounty_madera,30/09/2023,15/09/2023 10:00,15/09/2023,10,11,4,4.950753964,600.095
bounty_madera,30/09/2023,15/09/2023 11:00,15/09/2023,11,12,4,5.518673637,581.689
bounty_madera,30/09/2023,15/09/2023 12:00,15/09/2023,12,13,4,4.922185181,606.815
bounty_madera,30/09/2023,15/09/2023 13:00,15/09/2023,13,14,4,8.861168658,609.588
bounty_madera,30/09/2023,15/09/2023 14:00,15/09/2023,14,15,4,7.255563682,583.969
bounty_madera,30/09/2023,15/09/2023 15:00,15/09/2023,15,16,4,4.9444107,549.285
bounty_madera,30/09/2023,15/09/2023 16:00,15/09/2023,16,17,4,4.892431166,565.315
bounty_madera,30/09/2023,15/09/2023 17:00,15/09/2023,17,18,4,4.690488302,562.174
bounty_madera,30/09/2023,15/09/2023 18:00,15/09/2023,18,19,4,5.658291864,532.975
bounty_madera,30/09/2023,15/09/2023 19:00,15/09/2023,19,20,4,5.601231306,522.346
bounty_madera,30/09/2023,15/09/2023 20:00,15/09/2023,20,21,4,5.44117923,495.433
bounty_madera,30/09/2023,15/09/2023 21:00,15/09/2023,21,22,4,8.597447399,498.839
bounty_madera,30/09/2023,15/09/2023 22:00,15/09/2023,22,23,4,4.915818394,470.534
bounty_madera,30/09/2023,15/09/2023 23:00,15/09/2023,23,24,4,4.823985101,465.423
bounty_madera,30/09/2023,16/09/2023 0:00,16/09/2023,0,1,5,4.8848364,431.512
bounty_madera,30/09/2023,16/09/2023 1:00,16/09/2023,1,2,5,4.939696423,401.533
bounty_madera,30/09/2023,16/09/2023 2:00,16/09/2023,2,3,5,4.864991837,363.046
bounty_madera,30/09/2023,16/09/2023 3:00,16/09/2023,3,4,5,4.832473743,343.412
bounty_madera,30/09/2023,16/09/2023 4:00,16/09/2023,4,5,5,4.708361833,359.296
bounty_madera,30/09/2023,16/09/2023 5:00,16/09/2023,5,6,5,4.363201423,394.044
bounty_madera,30/09/2023,16/09/2023 6:00,16/09/2023,6,7,5,3.490445256,420.82
bounty_madera,30/09/2023,16/09/2023 7:00,16/09/2023,7,8,5,3.250072625,502.983
bounty_madera,30/09/2023,16/09/2023 8:00,16/09/2023,8,9,5,3.849933023,553.918
bounty_madera,30/09/2023,16/09/2023 9:00,16/09/2023,9,10,5,4.200496334,588.614
bounty_madera,30/09/2023,16/09/2023 10:00,16/09/2023,10,11,5,4.543601601,598.542
bounty_madera,30/09/2023,16/09/2023 11:00,16/09/2023,11,12,5,4.584350786,566.487
bounty_madera,30/09/2023,16/09/2023 12:00,16/09/2023,12,13,5,4.475269434,582.273
bounty_madera,30/09/2023,16/09/2023 13:00,16/09/2023,13,14,5,4.931091203,611.642
bounty_madera,30/09/2023,16/09/2023 14:00,16/09/2023,14,15,5,4.958538237,603.443
bounty_madera,30/09/2023,16/09/2023 15:00,16/09/2023,15,16,5,4.679460544,594.119
bounty_madera,30/09/2023,16/09/2023 16:00,16/09/2023,16,17,5,4.336493694,599.773
bounty_madera,30/09/2023,16/09/2023 17:00,16/09/2023,17,18,5,4.451214921,591.426
bounty_madera,30/09/2023,16/09/2023 18:00,16/09/2023,18,19,5,4.737540073,572.397
bounty_madera,30/09/2023,16/09/2023 19:00,16/09/2023,19,20,5,4.630271015,531.25
bounty_madera,30/09/2023,16/09/2023 20:00,16/09/2023,20,21,5,4.704648901,487.237
bounty_madera,30/09/2023,16/09/2023 21:00,16/09/2023,21,22,5,4.794501219,502.901
bounty_madera,30/09/2023,16/09/2023 22:00,16/09/2023,22,23,5,4.929716103,483.071
bounty_madera,30/09/2023,16/09/2023 23:00,16/09/2023,23,24,5,4.670431272,480.14
bounty_madera,30/09/2023,17/09/2023 0:00,17/09/2023,0,1,6,4.770765771,461.277
bounty_madera,30/09/2023,17/09/2023 1:00,17/09/2023,1,2,6,4.620455407,433.49
bounty_madera,30/09/2023,17/09/2023 2:00,17/09/2023,2,3,6,4.360803565,427.055
bounty_madera,30/09/2023,17/09/2023 3:00,17/09/2023,3,4,6,4.301553662,425.192
bounty_madera,30/09/2023,17/09/2023 4:00,17/09/2023,4,5,6,4.285544132,414.448
bounty_madera,30/09/2023,17/09/2023 5:00,17/09/2023,5,6,6,4.069979272,416.048
bounty_madera,30/09/2023,17/09/2023 6:00,17/09/2023,6,7,6,3.754938772,466.178
bounty_madera,30/09/2023,17/09/2023 7:00,17/09/2023,7,8,6,4.024980763,546.008
bounty_madera,30/09/2023,17/09/2023 8:00,17/09/2023,8,9,6,4.04482893,585.804
bounty_madera,30/09/2023,17/09/2023 9:00,17/09/2023,9,10,6,4.139469493,598.656
bounty_madera,30/09/2023,17/09/2023 10:00,17/09/2023,10,11,6,4.345499509,607.971
bounty_madera,30/09/2023,17/09/2023 11:00,17/09/2023,11,12,6,12.85774793,566.668
bounty_madera,30/09/2023,17/09/2023 12:00,17/09/2023,12,13,6,14.90673922,593.182
bounty_madera,30/09/2023,17/09/2023 13:00,17/09/2023,13,14,6,4.288578547,619.875
bounty_madera,30/09/2023,17/09/2023 14:00,17/09/2023,14,15,6,17.63104964,603.909
bounty_madera,30/09/2023,17/09/2023 15:00,17/09/2023,15,16,6,4.662479871,582.73
bounty_madera,30/09/2023,17/09/2023 16:00,17/09/2023,16,17,6,9.61006603,480.06
bounty_madera,30/09/2023,17/09/2023 17:00,17/09/2023,17,18,6,4.95886194,341.695
bounty_madera,30/09/2023,17/09/2023 18:00,17/09/2023,18,19,6,5.322493228,471.655
bounty_madera,30/09/2023,17/09/2023 19:00,17/09/2023,19,20,6,4.981129985,368.924
bounty_madera,30/09/2023,17/09/2023 20:00,17/09/2023,20,21,6,4.608696853,343.572
bounty_madera,30/09/2023,17/09/2023 21:00,17/09/2023,21,22,6,4.76826432,359.801
bounty_madera,30/09/2023,17/09/2023 22:00,17/09/2023,22,23,6,4.463290254,362.468
bounty_madera,30/09/2023,17/09/2023 23:00,17/09/2023,23,24,6,4.298651004,367.495
bounty_madera,30/09/2023,18/09/2023 0:00,18/09/2023,0,1,0,4.116925556,353.292
bounty_madera,30/09/2023,18/09/2023 1:00,18/09/2023,1,2,0,3.816770643,321.977
bounty_madera,30/09/2023,18/09/2023 2:00,18/09/2023,2,3,0,2.860718531,314.002
bounty_madera,30/09/2023,18/09/2023 3:00,18/09/2023,3,4,0,2.539333493,313.921
bounty_madera,30/09/2023,18/09/2023 4:00,18/09/2023,4,5,0,2.996650562,310.346
bounty_madera,30/09/2023,18/09/2023 5:00,18/09/2023,5,6,0,3.144044335,345.367
bounty_madera,30/09/2023,18/09/2023 6:00,18/09/2023,6,7,0,2.615834701,374.495
bounty_madera,30/09/2023,18/09/2023 7:00,18/09/2023,7,8,0,3.431332777,469.401
bounty_madera,30/09/2023,18/09/2023 8:00,18/09/2023,8,9,0,4.459694514,540.464
bounty_madera,30/09/2023,18/09/2023 9:00,18/09/2023,9,10,0,4.356600182,582.389
bounty_madera,30/09/2023,18/09/2023 10:00,18/09/2023,10,11,0,4.574837742,571.679
bounty_madera,30/09/2023,18/09/2023 11:00,18/09/2023,11,12,0,4.56262608,571.898
bounty_madera,30/09/2023,18/09/2023 12:00,18/09/2023,12,13,0,6.927176856,600.721
bounty_madera,30/09/2023,18/09/2023 13:00,18/09/2023,13,14,0,9.331692521,618.152
bounty_madera,30/09/2023,18/09/2023 14:00,18/09/2023,14,15,0,5.315871181,618.604
bounty_madera,30/09/2023,18/09/2023 15:00,18/09/2023,15,16,0,5.11370253,598.853
bounty_madera,30/09/2023,18/09/2023 16:00,18/09/2023,16,17,0,5.109049618,612.919
bounty_madera,30/09/2023,18/09/2023 17:00,18/09/2023,17,18,0,4.603876251,601.5
bounty_madera,30/09/2023,18/09/2023 18:00,18/09/2023,18,19,0,4.728606543,572.328
bounty_madera,30/09/2023,18/09/2023 19:00,18/09/2023,19,20,0,4.843812692,501.208
bounty_madera,30/09/2023,18/09/2023 20:00,18/09/2023,20,21,0,5.238776875,428.597
bounty_madera,30/09/2023,18/09/2023 21:00,18/09/2023,21,22,0,10.32789225,391.899
bounty_madera,30/09/2023,18/09/2023 22:00,18/09/2023,22,23,0,6.023326894,381.776
bounty_madera,30/09/2023,18/09/2023 23:00,18/09/2023,23,24,0,5.225937264,385.539
bounty_madera,30/09/2023,19/09/2023 0:00,19/09/2023,0,1,1,6.539335025,389.781
bounty_madera,30/09/2023,19/09/2023 1:00,19/09/2023,1,2,1,5.728965828,370.843
bounty_madera,30/09/2023,19/09/2023 2:00,19/09/2023,2,3,1,4.795560721,360.965
bounty_madera,30/09/2023,19/09/2023 3:00,19/09/2023,3,4,1,4.219181168,359.329
bounty_madera,30/09/2023,19/09/2023 4:00,19/09/2023,4,5,1,4.571274014,367.005
bounty_madera,30/09/2023,19/09/2023 5:00,19/09/2023,5,6,1,4.523934131,387.962
bounty_madera,30/09/2023,19/09/2023 6:00,19/09/2023,6,7,1,3.190839265,416.627
bounty_madera,30/09/2023,19/09/2023 7:00,19/09/2023,7,8,1,3.855301903,532.249
bounty_madera,30/09/2023,19/09/2023 8:00,19/09/2023,8,9,1,5.749734194,576.791
bounty_madera,30/09/2023,19/09/2023 9:00,19/09/2023,9,10,1,7.077265699,580.334
bounty_madera,30/09/2023,19/09/2023 10:00,19/09/2023,10,11,1,8.362517564,615.237
bounty_madera,30/09/2023,19/09/2023 11:00,19/09/2023,11,12,1,6.601290323,579.868
bounty_madera,30/09/2023,19/09/2023 12:00,19/09/2023,12,13,1,6.481677559,602.241
bounty_madera,30/09/2023,19/09/2023 13:00,19/09/2023,13,14,1,9.569106125,546.756
bounty_madera,30/09/2023,19/09/2023 14:00,19/09/2023,14,15,1,9.260192716,0.536
bounty_madera,30/09/2023,19/09/2023 15:00,19/09/2023,15,16,1,8.102561172,0.452
bounty_madera,30/09/2023,19/09/2023 16:00,19/09/2023,16,17,1,7.676933406,0.456
bounty_madera,30/09/2023,19/09/2023 17:00,19/09/2023,17,18,1,5.043037865,233.948
bounty_madera,30/09/2023,19/09/2023 18:00,19/09/2023,18,19,1,7.41843736,496.048
bounty_madera,30/09/2023,19/09/2023 19:00,19/09/2023,19,20,1,8.179939438,361.236
bounty_madera,30/09/2023,19/09/2023 20:00,19/09/2023,20,21,1,9.991126588,365.867
bounty_madera,30/09/2023,19/09/2023 21:00,19/09/2023,21,22,1,8.312003716,384.248
bounty_madera,30/09/2023,19/09/2023 22:00,19/09/2023,22,23,1,7.673596237,343.992
bounty_madera,30/09/2023,19/09/2023 23:00,19/09/2023,23,24,1,6.838336297,322.876
bounty_madera,30/09/2023,20/09/2023 0:00,20/09/2023,0,1,2,4.875224888,333.891
bounty_madera,30/09/2023,20/09/2023 1:00,20/09/2023,1,2,2,4.363513617,325.126
bounty_madera,30/09/2023,20/09/2023 2:00,20/09/2023,2,3,2,3.764546918,320.497
bounty_madera,30/09/2023,20/09/2023 3:00,20/09/2023,3,4,2,3.389908651,324.424
bounty_madera,30/09/2023,20/09/2023 4:00,20/09/2023,4,5,2,3.854562515,339.079
bounty_madera,30/09/2023,20/09/2023 5:00,20/09/2023,5,6,2,4.362503547,360.948
bounty_madera,30/09/2023,20/09/2023 6:00,20/09/2023,6,7,2,2.675763107,377.642
bounty_madera,30/09/2023,20/09/2023 7:00,20/09/2023,7,8,2,2.874581296,456.412
bounty_madera,30/09/2023,20/09/2023 8:00,20/09/2023,8,9,2,5.347131752,535.618
bounty_madera,30/09/2023,20/09/2023 9:00,20/09/2023,9,10,2,5.189050313,582.736
bounty_madera,30/09/2023,20/09/2023 10:00,20/09/2023,10,11,2,6.451654746,608.28
bounty_madera,30/09/2023,20/09/2023 11:00,20/09/2023,11,12,2,7.648499536,567.981
bounty_madera,30/09/2023,20/09/2023 12:00,20/09/2023,12,13,2,7.680929572,589.336
bounty_madera,30/09/2023,20/09/2023 13:00,20/09/2023,13,14,2,9.722061007,617.59
bounty_madera,30/09/2023,20/09/2023 14:00,20/09/2023,14,15,2,9.629043072,607.312
bounty_madera,30/09/2023,20/09/2023 15:00,20/09/2023,15,16,2,9.521051841,606.124
bounty_madera,30/09/2023,20/09/2023 16:00,20/09/2023,16,17,2,14.17087336,159.222
bounty_madera,30/09/2023,20/09/2023 17:00,20/09/2023,17,18,2,13.1361606,598.247
bounty_madera,30/09/2023,20/09/2023 18:00,20/09/2023,18,19,2,17.54520548,573.158
bounty_madera,30/09/2023,20/09/2023 19:00,20/09/2023,19,20,2,12.06916957,523.61
bounty_madera,30/09/2023,20/09/2023 20:00,20/09/2023,20,21,2,12.37931091,515.453
bounty_madera,30/09/2023,20/09/2023 21:00,20/09/2023,21,22,2,15.16114262,528.407
bounty_madera,30/09/2023,20/09/2023 22:00,20/09/2023,22,23,2,10.97130342,520.003
bounty_madera,30/09/2023,20/09/2023 23:00,20/09/2023,23,24,2,10.13346359,492.115
bounty_madera,30/09/2023,21/09/2023 0:00,21/09/2023,0,1,3,8.381049536,487.053
bounty_madera,30/09/2023,21/09/2023 1:00,21/09/2023,1,2,3,5.68578136,462.677
bounty_madera,30/09/2023,21/09/2023 2:00,21/09/2023,2,3,3,5.882376123,455.894
bounty_madera,30/09/2023,21/09/2023 3:00,21/09/2023,3,4,3,6.039100857,444.706
bounty_madera,30/09/2023,21/09/2023 4:00,21/09/2023,4,5,3,7.426999021,439.48
bounty_madera,30/09/2023,21/09/2023 5:00,21/09/2023,5,6,3,7.607437709,443.193
bounty_madera,30/09/2023,21/09/2023 6:00,21/09/2023,6,7,3,3.756090397,466.272
bounty_madera,30/09/2023,21/09/2023 7:00,21/09/2023,7,8,3,5.750153369,544.081
bounty_madera,30/09/2023,21/09/2023 8:00,21/09/2023,8,9,3,9.64824878,581.149
bounty_madera,30/09/2023,21/09/2023 9:00,21/09/2023,9,10,3,10.28399801,601.805
bounty_madera,30/09/2023,21/09/2023 10:00,21/09/2023,10,11,3,10.47637334,612.428
bounty_madera,30/09/2023,21/09/2023 11:00,21/09/2023,11,12,3,10.97625256,579.334
bounty_madera,30/09/2023,21/09/2023 12:00,21/09/2023,12,13,3,9.375252012,602.532
bounty_madera,30/09/2023,21/09/2023 13:00,21/09/2023,13,14,3,13.17600754,626.7
bounty_madera,30/09/2023,21/09/2023 14:00,21/09/2023,14,15,3,16.71339393,624.537
bounty_madera,30/09/2023,21/09/2023 15:00,21/09/2023,15,16,3,9.592557886,598.037
bounty_madera,30/09/2023,21/09/2023 16:00,21/09/2023,16,17,3,8.477792436,597.583
bounty_madera,30/09/2023,21/09/2023 17:00,21/09/2023,17,18,3,6.684400396,573.031
bounty_madera,30/09/2023,21/09/2023 18:00,21/09/2023,18,19,3,11.38297852,527.444
bounty_madera,30/09/2023,21/09/2023 19:00,21/09/2023,19,20,3,8.94011325,412.063
bounty_madera,30/09/2023,21/09/2023 20:00,21/09/2023,20,21,3,8.941521727,445.931
bounty_madera,30/09/2023,21/09/2023 21:00,21/09/2023,21,22,3,11.23838296,450.758
bounty_madera,30/09/2023,21/09/2023 22:00,21/09/2023,22,23,3,8.549851303,439.085
bounty_madera,30/09/2023,21/09/2023 23:00,21/09/2023,23,24,3,7.05126141,429.798
bounty_madera,30/09/2023,22/09/2023 0:00,22/09/2023,0,1,4,7.010467306,439.539
bounty_madera,30/09/2023,22/09/2023 1:00,22/09/2023,1,2,4,6.661866772,396.452
bounty_madera,30/09/2023,22/09/2023 2:00,22/09/2023,2,3,4,5.903002567,370.577
bounty_madera,30/09/2023,22/09/2023 3:00,22/09/2023,3,4,4,4.318014169,376.399
bounty_madera,30/09/2023,22/09/2023 4:00,22/09/2023,4,5,4,5.906148029,378.025
bounty_madera,30/09/2023,22/09/2023 5:00,22/09/2023,5,6,4,4.938587262,398.621
bounty_madera,30/09/2023,22/09/2023 6:00,22/09/2023,6,7,4,3.818193104,430.911
bounty_madera,30/09/2023,22/09/2023 7:00,22/09/2023,7,8,4,4.868041157,533.588
bounty_madera,30/09/2023,22/09/2023 8:00,22/09/2023,8,9,4,7.627457268,578.462
bounty_madera,30/09/2023,22/09/2023 9:00,22/09/2023,9,10,4,6.294857201,598.685
bounty_madera,30/09/2023,22/09/2023 10:00,22/09/2023,10,11,4,7.749426429,621.469
bounty_madera,30/09/2023,22/09/2023 11:00,22/09/2023,11,12,4,7.250838292,582.918
bounty_madera,30/09/2023,22/09/2023 12:00,22/09/2023,12,13,4,9.472317896,588.193
bounty_madera,30/09/2023,22/09/2023 13:00,22/09/2023,13,14,4,8.208854365,596.958
bounty_madera,30/09/2023,22/09/2023 14:00,22/09/2023,14,15,4,8.057104614,582.968
bounty_madera,30/09/2023,22/09/2023 15:00,22/09/2023,15,16,4,4.491653127,559.096
bounty_madera,30/09/2023,22/09/2023 16:00,22/09/2023,16,17,4,5.915880409,582.654
bounty_madera,30/09/2023,22/09/2023 17:00,22/09/2023,17,18,4,4.803003487,569.307
bounty_madera,30/09/2023,22/09/2023 18:00,22/09/2023,18,19,4,7.604084521,552.178
bounty_madera,30/09/2023,22/09/2023 19:00,22/09/2023,19,20,4,6.340016743,521.3
bounty_madera,30/09/2023,22/09/2023 20:00,22/09/2023,20,21,4,7.794524067,505.927
bounty_madera,30/09/2023,22/09/2023 21:00,22/09/2023,21,22,4,7.643186131,517.801
bounty_madera,30/09/2023,22/09/2023 22:00,22/09/2023,22,23,4,7.822703211,503.896
bounty_madera,30/09/2023,22/09/2023 23:00,22/09/2023,23,24,4,6.735808937,484.701
bounty_madera,30/09/2023,23/09/2023 0:00,23/09/2023,0,1,5,9.585804835,483.74
bounty_madera,30/09/2023,23/09/2023 1:00,23/09/2023,1,2,5,5.549995724,458.337
bounty_madera,30/09/2023,23/09/2023 2:00,23/09/2023,2,3,5,4.795170539,438.316
bounty_madera,30/09/2023,23/09/2023 3:00,23/09/2023,3,4,5,5.209917975,427.436
bounty_madera,30/09/2023,23/09/2023 4:00,23/09/2023,4,5,5,4.975702542,441.942
bounty_madera,30/09/2023,23/09/2023 5:00,23/09/2023,5,6,5,3.233472836,475.39
bounty_madera,30/09/2023,23/09/2023 6:00,23/09/2023,6,7,5,3.116426649,487.41
bounty_madera,30/09/2023,23/09/2023 7:00,23/09/2023,7,8,5,2.761470204,540.301
bounty_madera,30/09/2023,23/09/2023 8:00,23/09/2023,8,9,5,4.365285368,572.308
bounty_madera,30/09/2023,23/09/2023 9:00,23/09/2023,9,10,5,4.558758766,584.166
bounty_madera,30/09/2023,23/09/2023 10:00,23/09/2023,10,11,5,4.886039307,611.436
bounty_madera,30/09/2023,23/09/2023 11:00,23/09/2023,11,12,5,5.153889028,587.448
bounty_madera,30/09/2023,23/09/2023 12:00,23/09/2023,12,13,5,3.57888566,592.683
bounty_madera,30/09/2023,23/09/2023 13:00,23/09/2023,13,14,5,3.918690529,591.993
bounty_madera,30/09/2023,23/09/2023 14:00,23/09/2023,14,15,5,4.083789482,577.828
bounty_madera,30/09/2023,23/09/2023 15:00,23/09/2023,15,16,5,4.082673433,578.253
bounty_madera,30/09/2023,23/09/2023 16:00,23/09/2023,16,17,5,5.388991747,562.624
bounty_madera,30/09/2023,23/09/2023 17:00,23/09/2023,17,18,5,7.292697183,562.485
bounty_madera,30/09/2023,23/09/2023 18:00,23/09/2023,18,19,5,7.007994811,556.697
bounty_madera,30/09/2023,23/09/2023 19:00,23/09/2023,19,20,5,5.527527527,517.369
bounty_madera,30/09/2023,23/09/2023 20:00,23/09/2023,20,21,5,6.206909286,518.964
bounty_madera,30/09/2023,23/09/2023 21:00,23/09/2023,21,22,5,7.943559744,518.478
bounty_madera,30/09/2023,23/09/2023 22:00,23/09/2023,22,23,5,7.889429509,491.504
bounty_madera,30/09/2023,23/09/2023 23:00,23/09/2023,23,24,5,5.261327441,492.782
bounty_madera,30/09/2023,24/09/2023 0:00,24/09/2023,0,1,6,7.538879378,468.314
bounty_madera,30/09/2023,24/09/2023 1:00,24/09/2023,1,2,6,5.395010958,429.008
bounty_madera,30/09/2023,24/09/2023 2:00,24/09/2023,2,3,6,4.936983078,405.988
bounty_madera,30/09/2023,24/09/2023 3:00,24/09/2023,3,4,6,4.547226353,401.78
bounty_madera,30/09/2023,24/09/2023 4:00,24/09/2023,4,5,6,4.329312494,410.467
bounty_madera,30/09/2023,24/09/2023 5:00,24/09/2023,5,6,6,3.443481864,428.353
bounty_madera,30/09/2023,24/09/2023 6:00,24/09/2023,6,7,6,2.54858203,452.931
bounty_madera,30/09/2023,24/09/2023 7:00,24/09/2023,7,8,6,2.614445026,539.55
bounty_madera,30/09/2023,24/09/2023 8:00,24/09/2023,8,9,6,2.903614367,570.478
bounty_madera,30/09/2023,24/09/2023 9:00,24/09/2023,9,10,6,3.308406488,601.899
bounty_madera,30/09/2023,24/09/2023 10:00,24/09/2023,10,11,6,4.752427402,616.161
bounty_madera,30/09/2023,24/09/2023 11:00,24/09/2023,11,12,6,5.121225179,580.066
bounty_madera,30/09/2023,24/09/2023 12:00,24/09/2023,12,13,6,4.661667359,607.992
bounty_madera,30/09/2023,24/09/2023 13:00,24/09/2023,13,14,6,4.858358802,620.786
bounty_madera,30/09/2023,24/09/2023 14:00,24/09/2023,14,15,6,5.380204097,590.82
bounty_madera,30/09/2023,24/09/2023 15:00,24/09/2023,15,16,6,5.630660063,593.086
bounty_madera,30/09/2023,24/09/2023 16:00,24/09/2023,16,17,6,5.724794489,610.226
bounty_madera,30/09/2023,24/09/2023 17:00,24/09/2023,17,18,6,11.87514856,601.314
bounty_madera,30/09/2023,24/09/2023 18:00,24/09/2023,18,19,6,11.68178681,587.546
bounty_madera,30/09/2023,24/09/2023 19:00,24/09/2023,19,20,6,5.761819548,531.561
bounty_madera,30/09/2023,24/09/2023 20:00,24/09/2023,20,21,6,6.348806734,513.275
bounty_madera,30/09/2023,24/09/2023 21:00,24/09/2023,21,22,6,6.700572169,506.9
bounty_madera,30/09/2023,24/09/2023 22:00,24/09/2023,22,23,6,5.662909004,501.296
bounty_madera,30/09/2023,24/09/2023 23:00,24/09/2023,23,24,6,5.031462542,478.216
bounty_madera,30/09/2023,25/09/2023 0:00,25/09/2023,0,1,0,5.107188472,469.513
bounty_madera,30/09/2023,25/09/2023 1:00,25/09/2023,1,2,0,4.940513014,444.536
bounty_madera,30/09/2023,25/09/2023 2:00,25/09/2023,2,3,0,4.632147337,445.2
bounty_madera,30/09/2023,25/09/2023 3:00,25/09/2023,3,4,0,4.577040693,455.086
bounty_madera,30/09/2023,25/09/2023 4:00,25/09/2023,4,5,0,4.868251917,453.891
bounty_madera,30/09/2023,25/09/2023 5:00,25/09/2023,5,6,0,4.595140407,473.235
bounty_madera,30/09/2023,25/09/2023 6:00,25/09/2023,6,7,0,4.36178484,509.725
bounty_madera,30/09/2023,25/09/2023 7:00,25/09/2023,7,8,0,4.868877415,551.514
bounty_madera,30/09/2023,25/09/2023 8:00,25/09/2023,8,9,0,6.413421421,556.264
bounty_madera,30/09/2023,25/09/2023 9:00,25/09/2023,9,10,0,5.463959785,582.602
bounty_madera,30/09/2023,25/09/2023 10:00,25/09/2023,10,11,0,5.778411165,589.942
bounty_madera,30/09/2023,25/09/2023 11:00,25/09/2023,11,12,0,5.255888581,553.626
bounty_madera,30/09/2023,25/09/2023 12:00,25/09/2023,12,13,0,4.732098204,589.32
bounty_madera,30/09/2023,25/09/2023 13:00,25/09/2023,13,14,0,5.252512852,598.231
bounty_madera,30/09/2023,25/09/2023 14:00,25/09/2023,14,15,0,5.912142647,584.48
bounty_madera,30/09/2023,25/09/2023 15:00,25/09/2023,15,16,0,5.19508676,559.046
bounty_madera,30/09/2023,25/09/2023 16:00,25/09/2023,16,17,0,4.772533163,588.949
bounty_madera,30/09/2023,25/09/2023 17:00,25/09/2023,17,18,0,5.055788512,536.763
bounty_madera,30/09/2023,25/09/2023 18:00,25/09/2023,18,19,0,7.477642432,562.241
bounty_madera,30/09/2023,25/09/2023 19:00,25/09/2023,19,20,0,5.308008235,518.406
bounty_madera,30/09/2023,25/09/2023 20:00,25/09/2023,20,21,0,6.545396293,512.915
bounty_madera,30/09/2023,25/09/2023 21:00,25/09/2023,21,22,0,5.434595931,507.515
bounty_madera,30/09/2023,25/09/2023 22:00,25/09/2023,22,23,0,7.843860699,459.593
bounty_madera,30/09/2023,25/09/2023 23:00,25/09/2023,23,24,0,5.097169897,417.026
bounty_madera,31/10/2023,26/09/2023 0:00,26/09/2023,0,1,1,4.920950564,414.385
bounty_madera,31/10/2023,26/09/2023 1:00,26/09/2023,1,2,1,4.686366948,377.581
bounty_madera,31/10/2023,26/09/2023 2:00,26/09/2023,2,3,1,4.695910978,369.148
bounty_madera,31/10/2023,26/09/2023 3:00,26/09/2023,3,4,1,4.514576147,353.476
bounty_madera,31/10/2023,26/09/2023 4:00,26/09/2023,4,5,1,4.641844872,368.656
bounty_madera,31/10/2023,26/09/2023 5:00,26/09/2023,5,6,1,4.736320843,385.845
bounty_madera,31/10/2023,26/09/2023 6:00,26/09/2023,6,7,1,4.423534783,426.61
bounty_madera,31/10/2023,26/09/2023 7:00,26/09/2023,7,8,1,4.829524378,507.86
bounty_madera,31/10/2023,26/09/2023 8:00,26/09/2023,8,9,1,5.27499017,549.805
bounty_madera,31/10/2023,26/09/2023 9:00,26/09/2023,9,10,1,5.154536671,559.979
bounty_madera,31/10/2023,26/09/2023 10:00,26/09/2023,10,11,1,5.510676296,594.917
bounty_madera,31/10/2023,26/09/2023 11:00,26/09/2023,11,12,1,5.373603457,578.667
bounty_madera,31/10/2023,26/09/2023 12:00,26/09/2023,12,13,1,5.206893635,602.959
bounty_madera,31/10/2023,26/09/2023 13:00,26/09/2023,13,14,1,16.40229664,622.273
bounty_madera,31/10/2023,26/09/2023 14:00,26/09/2023,14,15,1,8.086092538,612.869
bounty_madera,31/10/2023,26/09/2023 15:00,26/09/2023,15,16,1,6.491366185,594.149
bounty_madera,31/10/2023,26/09/2023 16:00,26/09/2023,16,17,1,6.298065094,592.532
bounty_madera,31/10/2023,26/09/2023 17:00,26/09/2023,17,18,1,5.454275912,484.311
bounty_madera,31/10/2023,26/09/2023 18:00,26/09/2023,18,19,1,6.221652422,400.377
bounty_madera,31/10/2023,26/09/2023 19:00,26/09/2023,19,20,1,5.436324044,381.318
bounty_madera,31/10/2023,26/09/2023 20:00,26/09/2023,20,21,1,5.833730972,387.916
bounty_madera,31/10/2023,26/09/2023 21:00,26/09/2023,21,22,1,8.091873322,395.996
bounty_madera,31/10/2023,26/09/2023 22:00,26/09/2023,22,23,1,5.263066065,375.018
bounty_madera,31/10/2023,26/09/2023 23:00,26/09/2023,23,24,1,4.959792061,374.728
bounty_madera,31/10/2023,27/09/2023 0:00,27/09/2023,0,1,2,4.660484698,350.888
bounty_madera,31/10/2023,27/09/2023 1:00,27/09/2023,1,2,2,4.896523755,334.82
bounty_madera,31/10/2023,27/09/2023 2:00,27/09/2023,2,3,2,4.702618768,340.978
bounty_madera,31/10/2023,27/09/2023 3:00,27/09/2023,3,4,2,4.660099667,349.811
bounty_madera,31/10/2023,27/09/2023 4:00,27/09/2023,4,5,2,4.639445052,371.007
bounty_madera,31/10/2023,27/09/2023 5:00,27/09/2023,5,6,2,4.733497262,398.534
bounty_madera,31/10/2023,27/09/2023 6:00,27/09/2023,6,7,2,4.282234381,415.72
bounty_madera,31/10/2023,27/09/2023 7:00,27/09/2023,7,8,2,4.831378721,482.827
bounty_madera,31/10/2023,27/09/2023 8:00,27/09/2023,8,9,2,5.184342794,512.039
bounty_madera,31/10/2023,27/09/2023 9:00,27/09/2023,9,10,2,5.170630927,571.753
bounty_madera,31/10/2023,27/09/2023 10:00,27/09/2023,10,11,2,16.57477851,609.377
bounty_madera,31/10/2023,27/09/2023 11:00,27/09/2023,11,12,2,6.035980322,560.459
bounty_madera,31/10/2023,27/09/2023 12:00,27/09/2023,12,13,2,6.965789241,586.306
bounty_madera,31/10/2023,27/09/2023 13:00,27/09/2023,13,14,2,9.115229995,558.206
bounty_madera,31/10/2023,27/09/2023 14:00,27/09/2023,14,15,2,7.189908386,519.045
bounty_madera,31/10/2023,27/09/2023 15:00,27/09/2023,15,16,2,8.754923956,541.679
bounty_madera,31/10/2023,27/09/2023 16:00,27/09/2023,16,17,2,7.434969348,583.409
bounty_madera,31/10/2023,27/09/2023 17:00,27/09/2023,17,18,2,6.320952193,586.157
bounty_madera,31/10/2023,27/09/2023 18:00,27/09/2023,18,19,2,7.616288506,528.973
bounty_madera,31/10/2023,27/09/2023 19:00,27/09/2023,19,20,2,6.488238831,503.457
bounty_madera,31/10/2023,27/09/2023 20:00,27/09/2023,20,21,2,8.520893005,473.172
bounty_madera,31/10/2023,27/09/2023 21:00,27/09/2023,21,22,2,8.782646554,450.732
bounty_madera,31/10/2023,27/09/2023 22:00,27/09/2023,22,23,2,5.715916687,439.157
bounty_madera,31/10/2023,27/09/2023 23:00,27/09/2023,23,24,2,5.504444245,443.847
bounty_madera,31/10/2023,28/09/2023 0:00,28/09/2023,0,1,3,5.276233399,428.279
bounty_madera,31/10/2023,28/09/2023 1:00,28/09/2023,1,2,3,4.812570485,405.648
bounty_madera,31/10/2023,28/09/2023 2:00,28/09/2023,2,3,3,4.49984764,403.078
bounty_madera,31/10/2023,28/09/2023 3:00,28/09/2023,3,4,3,4.49249271,389.257
bounty_madera,31/10/2023,28/09/2023 4:00,28/09/2023,4,5,3,4.685528793,395.698
bounty_madera,31/10/2023,28/09/2023 5:00,28/09/2023,5,6,3,4.533936535,428.758
bounty_madera,31/10/2023,28/09/2023 6:00,28/09/2023,6,7,3,4.47046623,453.449
bounty_madera,31/10/2023,28/09/2023 7:00,28/09/2023,7,8,3,4.646242612,511.375
bounty_madera,31/10/2023,28/09/2023 8:00,28/09/2023,8,9,3,4.621773452,322.724
bounty_madera,31/10/2023,28/09/2023 9:00,28/09/2023,9,10,3,5.002702007,0
bounty_madera,31/10/2023,28/09/2023 10:00,28/09/2023,10,11,3,6.835254681,0
bounty_madera,31/10/2023,28/09/2023 11:00,28/09/2023,11,12,3,8.679506543,0
bounty_madera,31/10/2023,28/09/2023 12:00,28/09/2023,12,13,3,5.94800289,0
bounty_madera,31/10/2023,28/09/2023 13:00,28/09/2023,13,14,3,11.67867728,0
bounty_madera,31/10/2023,28/09/2023 14:00,28/09/2023,14,15,3,7.636036207,0
bounty_madera,31/10/2023,28/09/2023 15:00,28/09/2023,15,16,3,7.175462634,0
bounty_madera,31/10/2023,28/09/2023 16:00,28/09/2023,16,17,3,5.014936843,450.285
bounty_madera,31/10/2023,28/09/2023 17:00,28/09/2023,17,18,3,6.5588115,549.789
bounty_madera,31/10/2023,28/09/2023 18:00,28/09/2023,18,19,3,7.063965422,502.504
bounty_madera,31/10/2023,28/09/2023 19:00,28/09/2023,19,20,3,5.466857585,463.121
bounty_madera,31/10/2023,28/09/2023 20:00,28/09/2023,20,21,3,5.859023691,463.201
bounty_madera,31/10/2023,28/09/2023 21:00,28/09/2023,21,22,3,5.739460873,462.698
bounty_madera,31/10/2023,28/09/2023 22:00,28/09/2023,22,23,3,7.500589361,436.645
bounty_madera,31/10/2023,28/09/2023 23:00,28/09/2023,23,24,3,5.028818234,410.023
bounty_madera,31/10/2023,29/09/2023 0:00,29/09/2023,0,1,4,4.924024653,383.224
bounty_madera,31/10/2023,29/09/2023 1:00,29/09/2023,1,2,4,4.649136687,371.33
bounty_madera,31/10/2023,29/09/2023 2:00,29/09/2023,2,3,4,4.601305477,357.651
bounty_madera,31/10/2023,29/09/2023 3:00,29/09/2023,3,4,4,4.498201548,362.133
bounty_madera,31/10/2023,29/09/2023 4:00,29/09/2023,4,5,4,4.666194665,363.254
bounty_madera,31/10/2023,29/09/2023 5:00,29/09/2023,5,6,4,4.567398048,386.734
bounty_madera,31/10/2023,29/09/2023 6:00,29/09/2023,6,7,4,4.486332238,408.601
bounty_madera,31/10/2023,29/09/2023 7:00,29/09/2023,7,8,4,4.991505653,479.155
bounty_madera,31/10/2023,29/09/2023 8:00,29/09/2023,8,9,4,5.366956377,543.339
bounty_madera,31/10/2023,29/09/2023 9:00,29/09/2023,9,10,4,8.37581765,563.238
bounty_madera,31/10/2023,29/09/2023 10:00,29/09/2023,10,11,4,6.340593708,586.389
bounty_madera,31/10/2023,29/09/2023 11:00,29/09/2023,11,12,4,6.022150171,578.373
bounty_madera,31/10/2023,29/09/2023 12:00,29/09/2023,12,13,4,6.910492346,592.605
bounty_madera,31/10/2023,29/09/2023 13:00,29/09/2023,13,14,4,12.25749698,619.307
bounty_madera,31/10/2023,29/09/2023 14:00,29/09/2023,14,15,4,9.038422659,630.117
bounty_madera,31/10/2023,29/09/2023 15:00,29/09/2023,15,16,4,8.751260692,597.547
bounty_madera,31/10/2023,29/09/2023 16:00,29/09/2023,16,17,4,8.68768035,598.008
bounty_madera,31/10/2023,29/09/2023 17:00,29/09/2023,17,18,4,7.850996772,567.644
bounty_madera,31/10/2023,29/09/2023 18:00,29/09/2023,18,19,4,9.217185314,554.8
bounty_madera,31/10/2023,29/09/2023 19:00,29/09/2023,19,20,4,6.789050495,526.29
bounty_madera,31/10/2023,29/09/2023 20:00,29/09/2023,20,21,4,7.118237164,320.66
bounty_madera,31/10/2023,29/09/2023 21:00,29/09/2023,21,22,4,9.883858505,0
bounty_madera,31/10/2023,29/09/2023 22:00,29/09/2023,22,23,4,8.089967317,431.386
bounty_madera,31/10/2023,29/09/2023 23:00,29/09/2023,23,24,4,9.406220606,455.55
bounty_madera,31/10/2023,30/09/2023 0:00,30/09/2023,0,1,5,5.463932837,445.035
bounty_madera,31/10/2023,30/09/2023 1:00,30/09/2023,1,2,5,5.302072215,413.376
bounty_madera,31/10/2023,30/09/2023 2:00,30/09/2023,2,3,5,5.072182014,414.356
bounty_madera,31/10/2023,30/09/2023 3:00,30/09/2023,3,4,5,4.974404208,422.944
bounty_madera,31/10/2023,30/09/2023 4:00,30/09/2023,4,5,5,4.760279212,445.238
bounty_madera,31/10/2023,30/09/2023 5:00,30/09/2023,5,6,5,4.872782937,472.273
bounty_madera,31/10/2023,30/09/2023 6:00,30/09/2023,6,7,5,4.827503467,482.71
bounty_madera,31/10/2023,30/09/2023 7:00,30/09/2023,7,8,5,4.944419843,537.617
bounty_madera,31/10/2023,30/09/2023 8:00,30/09/2023,8,9,5,4.716511159,583.606
bounty_madera,31/10/2023,30/09/2023 9:00,30/09/2023,9,10,5,4.8809875,591.428
bounty_madera,31/10/2023,30/09/2023 10:00,30/09/2023,10,11,5,4.667079769,588.719
bounty_madera,31/10/2023,30/09/2023 11:00,30/09/2023,11,12,5,4.766907994,572.734
bounty_madera,31/10/2023,30/09/2023 12:00,30/09/2023,12,13,5,4.786863211,575.651
bounty_madera,31/10/2023,30/09/2023 13:00,30/09/2023,13,14,5,7.001714118,601.6
bounty_madera,31/10/2023,30/09/2023 14:00,30/09/2023,14,15,5,7.140002062,593.93
bounty_madera,31/10/2023,30/09/2023 15:00,30/09/2023,15,16,5,6.848502609,581.587
bounty_madera,31/10/2023,30/09/2023 16:00,30/09/2023,16,17,5,6.93951748,568.525
bounty_madera,31/10/2023,30/09/2023 17:00,30/09/2023,17,18,5,6.749829053,529.263
bounty_madera,31/10/2023,30/09/2023 18:00,30/09/2023,18,19,5,8.938368361,529.628
bounty_madera,31/10/2023,30/09/2023 19:00,30/09/2023,19,20,5,7.499434304,501.09
bounty_madera,31/10/2023,30/09/2023 20:00,30/09/2023,20,21,5,7.925872541,487.276
bounty_madera,31/10/2023,30/09/2023 21:00,30/09/2023,21,22,5,13.68058104,512.341
bounty_madera,31/10/2023,30/09/2023 22:00,30/09/2023,22,23,5,12.21875972,493.198
bounty_madera,31/10/2023,30/09/2023 23:00,30/09/2023,23,24,5,9.925664161,487.21
bounty_madera,31/10/2023,01/10/2023 0:00,01/10/2023,0,1,6,5.326429824,467.008
bounty_madera,31/10/2023,01/10/2023 1:00,01/10/2023,1,2,6,5.306791521,438.273
bounty_madera,31/10/2023,01/10/2023 2:00,01/10/2023,2,3,6,5.061927066,431.214
bounty_madera,31/10/2023,01/10/2023 3:00,01/10/2023,3,4,6,4.998754293,438.527
bounty_madera,31/10/2023,01/10/2023 4:00,01/10/2023,4,5,6,4.964334418,418.634
bounty_madera,31/10/2023,01/10/2023 5:00,01/10/2023,5,6,6,4.752421887,450.783
bounty_madera,31/10/2023,01/10/2023 6:00,01/10/2023,6,7,6,5.712618756,487.326
bounty_madera,31/10/2023,01/10/2023 7:00,01/10/2023,7,8,6,4.610275853,554.012
bounty_madera,31/10/2023,01/10/2023 8:00,01/10/2023,8,9,6,4.168282314,592.904
bounty_madera,31/10/2023,01/10/2023 9:00,01/10/2023,9,10,6,4.685017364,607.345
bounty_madera,31/10/2023,01/10/2023 10:00,01/10/2023,10,11,6,4.85304516,612.886
bounty_madera,31/10/2023,01/10/2023 11:00,01/10/2023,11,12,6,4.883583951,587.074
bounty_madera,31/10/2023,01/10/2023 12:00,01/10/2023,12,13,6,4.815379798,606.514
bounty_madera,31/10/2023,01/10/2023 13:00,01/10/2023,13,14,6,4.818315809,620.675
bounty_madera,31/10/2023,01/10/2023 14:00,01/10/2023,14,15,6,4.830839286,585.925
bounty_madera,31/10/2023,01/10/2023 15:00,01/10/2023,15,16,6,4.863453144,448.707
bounty_madera,31/10/2023,01/10/2023 16:00,01/10/2023,16,17,6,4.960429417,508.793
bounty_madera,31/10/2023,01/10/2023 17:00,01/10/2023,17,18,6,5.262772366,547.772
bounty_madera,31/10/2023,01/10/2023 18:00,01/10/2023,18,19,6,9.335701815,536.519
bounty_madera,31/10/2023,01/10/2023 19:00,01/10/2023,19,20,6,8.969112183,499.019
bounty_madera,31/10/2023,01/10/2023 20:00,01/10/2023,20,21,6,33.51849109,496.869
bounty_madera,31/10/2023,01/10/2023 21:00,01/10/2023,21,22,6,15.63408307,485.892
bounty_madera,31/10/2023,01/10/2023 22:00,01/10/2023,22,23,6,12.64211848,446.818
bounty_madera,31/10/2023,01/10/2023 23:00,01/10/2023,23,24,6,9.529789805,414.519
bounty_madera,31/10/2023,02/10/2023 0:00,02/10/2023,0,1,0,6.45068097,405.759
bounty_madera,31/10/2023,02/10/2023 1:00,02/10/2023,1,2,0,5.740680793,361.158
bounty_madera,31/10/2023,02/10/2023 2:00,02/10/2023,2,3,0,5.564770639,352.623
bounty_madera,31/10/2023,02/10/2023 3:00,02/10/2023,3,4,0,5.05746871,345.312
bounty_madera,31/10/2023,02/10/2023 4:00,02/10/2023,4,5,0,5.246425257,346.73
bounty_madera,31/10/2023,02/10/2023 5:00,02/10/2023,5,6,0,5.049172826,374.439
bounty_madera,31/10/2023,02/10/2023 6:00,02/10/2023,6,7,0,4.940925338,403.722
bounty_madera,31/10/2023,02/10/2023 7:00,02/10/2023,7,8,0,8.137139548,484.777
bounty_madera,31/10/2023,02/10/2023 8:00,02/10/2023,8,9,0,9.600617831,556.224
bounty_madera,31/10/2023,02/10/2023 9:00,02/10/2023,9,10,0,9.319866292,591.901
bounty_madera,31/10/2023,02/10/2023 10:00,02/10/2023,10,11,0,16.03381014,604.715
bounty_madera,31/10/2023,02/10/2023 11:00,02/10/2023,11,12,0,11.05703525,581.666
bounty_madera,31/10/2023,02/10/2023 12:00,02/10/2023,12,13,0,10.31332117,602.721
bounty_madera,31/10/2023,02/10/2023 13:00,02/10/2023,13,14,0,25.22901124,589.215
bounty_madera,31/10/2023,02/10/2023 14:00,02/10/2023,14,15,0,13.19600919,586.349
bounty_madera,31/10/2023,02/10/2023 15:00,02/10/2023,15,16,0,9.386229732,582.562
bounty_madera,31/10/2023,02/10/2023 16:00,02/10/2023,16,17,0,9.557184666,604.41
bounty_madera,31/10/2023,02/10/2023 17:00,02/10/2023,17,18,0,7.559369309,582.604
bounty_madera,31/10/2023,02/10/2023 18:00,02/10/2023,18,19,0,9.119861821,560.266
bounty_madera,31/10/2023,02/10/2023 19:00,02/10/2023,19,20,0,7.138515229,508.56
bounty_madera,31/10/2023,02/10/2023 20:00,02/10/2023,20,21,0,8.778961695,523.459
bounty_madera,31/10/2023,02/10/2023 21:00,02/10/2023,21,22,0,11.79844616,541.577
bounty_madera,31/10/2023,02/10/2023 22:00,02/10/2023,22,23,0,9.203570787,526.625
bounty_madera,31/10/2023,02/10/2023 23:00,02/10/2023,23,24,0,5.587123934,509.775
bounty_madera,31/10/2023,03/10/2023 0:00,03/10/2023,0,1,1,4.872920914,481.775
bounty_madera,31/10/2023,03/10/2023 1:00,03/10/2023,1,2,1,4.978223237,467.154
bounty_madera,31/10/2023,03/10/2023 2:00,03/10/2023,2,3,1,5.213219305,459.341
bounty_madera,31/10/2023,03/10/2023 3:00,03/10/2023,3,4,1,4.797657073,435.875
bounty_madera,31/10/2023,03/10/2023 4:00,03/10/2023,4,5,1,5.262037092,420.895
bounty_madera,31/10/2023,03/10/2023 5:00,03/10/2023,5,6,1,5.708145285,430.538
bounty_madera,31/10/2023,03/10/2023 6:00,03/10/2023,6,7,1,5.511305486,454.602
bounty_madera,31/10/2023,03/10/2023 7:00,03/10/2023,7,8,1,6.462865114,518.088
bounty_madera,31/10/2023,03/10/2023 8:00,03/10/2023,8,9,1,6.389355488,557.278
bounty_madera,31/10/2023,03/10/2023 9:00,03/10/2023,9,10,1,6.734587883,590.369
bounty_madera,31/10/2023,03/10/2023 10:00,03/10/2023,10,11,1,7.746084497,591.663
bounty_madera,31/10/2023,03/10/2023 11:00,03/10/2023,11,12,1,7.681532292,554.484
bounty_madera,31/10/2023,03/10/2023 12:00,03/10/2023,12,13,1,6.974308489,570.154
bounty_madera,31/10/2023,03/10/2023 13:00,03/10/2023,13,14,1,9.015091796,588.778
bounty_madera,31/10/2023,03/10/2023 14:00,03/10/2023,14,15,1,8.44456267,585.081
bounty_madera,31/10/2023,03/10/2023 15:00,03/10/2023,15,16,1,8.356233572,568.961
bounty_madera,31/10/2023,03/10/2023 16:00,03/10/2023,16,17,1,8.945171825,581.901
bounty_madera,31/10/2023,03/10/2023 17:00,03/10/2023,17,18,1,8.402405717,562.733
bounty_madera,31/10/2023,03/10/2023 18:00,03/10/2023,18,19,1,10.46337394,553.698
bounty_madera,31/10/2023,03/10/2023 19:00,03/10/2023,19,20,1,8.953009515,513.995
bounty_madera,31/10/2023,03/10/2023 20:00,03/10/2023,20,21,1,10.24956118,514.927
bounty_madera,31/10/2023,03/10/2023 21:00,03/10/2023,21,22,1,10.06297579,531.659
bounty_madera,31/10/2023,03/10/2023 22:00,03/10/2023,22,23,1,8.539345814,512.464
bounty_madera,31/10/2023,03/10/2023 23:00,03/10/2023,23,24,1,7.787279575,482.315
bounty_madera,31/10/2023,04/10/2023 0:00,04/10/2023,0,1,2,5.672432379,359.968
bounty_madera,31/10/2023,04/10/2023 1:00,04/10/2023,1,2,2,5.284549217,335.539
bounty_madera,31/10/2023,04/10/2023 2:00,04/10/2023,2,3,2,5.339085047,333.801
bounty_madera,31/10/2023,04/10/2023 3:00,04/10/2023,3,4,2,5.19860458,353.112
bounty_madera,31/10/2023,04/10/2023 4:00,04/10/2023,4,5,2,6.821004218,361.315
bounty_madera,31/10/2023,04/10/2023 5:00,04/10/2023,5,6,2,6.140972766,408.669
bounty_madera,31/10/2023,04/10/2023 6:00,04/10/2023,6,7,2,5.617996708,485.726
bounty_madera,31/10/2023,04/10/2023 7:00,04/10/2023,7,8,2,6.684091022,550.986
bounty_madera,31/10/2023,04/10/2023 8:00,04/10/2023,8,9,2,7.616177192,575.026
bounty_madera,31/10/2023,04/10/2023 9:00,04/10/2023,9,10,2,8.776128559,600.929
bounty_madera,31/10/2023,04/10/2023 10:00,04/10/2023,10,11,2,9.147570189,613.21
bounty_madera,31/10/2023,04/10/2023 11:00,04/10/2023,11,12,2,8.914593992,574.069
bounty_madera,31/10/2023,04/10/2023 12:00,04/10/2023,12,13,2,8.337385096,590.579
bounty_madera,31/10/2023,04/10/2023 13:00,04/10/2023,13,14,2,9.201738373,609.917
bounty_madera,31/10/2023,04/10/2023 14:00,04/10/2023,14,15,2,9.373003561,592.427
bounty_madera,31/10/2023,04/10/2023 15:00,04/10/2023,15,16,2,8.879138837,557.509
bounty_madera,31/10/2023,04/10/2023 16:00,04/10/2023,16,17,2,9.35144331,587.827
bounty_madera,31/10/2023,04/10/2023 17:00,04/10/2023,17,18,2,8.837937521,584.833
bounty_madera,31/10/2023,04/10/2023 18:00,04/10/2023,18,19,2,9.834840813,565.106
bounty_madera,31/10/2023,04/10/2023 19:00,04/10/2023,19,20,2,8.841468704,534.371
bounty_madera,31/10/2023,04/10/2023 20:00,04/10/2023,20,21,2,10.41717997,528.686
bounty_madera,31/10/2023,04/10/2023 21:00,04/10/2023,21,22,2,9.884413594,530.746
bounty_madera,31/10/2023,04/10/2023 22:00,04/10/2023,22,23,2,8.719222195,536.472
bounty_madera,31/10/2023,04/10/2023 23:00,04/10/2023,23,24,2,6.350100367,510.775
bounty_madera,31/10/2023,05/10/2023 0:00,05/10/2023,0,1,3,5.042001312,502.9
bounty_madera,31/10/2023,05/10/2023 1:00,05/10/2023,1,2,3,5.043674252,486.086
bounty_madera,31/10/2023,05/10/2023 2:00,05/10/2023,2,3,3,4.902475011,472.311
bounty_madera,31/10/2023,05/10/2023 3:00,05/10/2023,3,4,3,4.839545419,442.539
bounty_madera,31/10/2023,05/10/2023 4:00,05/10/2023,4,5,3,5.38290606,433.808
bounty_madera,31/10/2023,05/10/2023 5:00,05/10/2023,5,6,3,5.165695402,472.555
bounty_madera,31/10/2023,05/10/2023 6:00,05/10/2023,6,7,3,5.010561438,481.8
bounty_madera,31/10/2023,05/10/2023 7:00,05/10/2023,7,8,3,7.483737381,516.672
bounty_madera,31/10/2023,05/10/2023 8:00,05/10/2023,8,9,3,7.973685458,548.365
bounty_madera,31/10/2023,05/10/2023 9:00,05/10/2023,9,10,3,8.299603526,583.942
bounty_madera,31/10/2023,05/10/2023 10:00,05/10/2023,10,11,3,9.52360604,607.774
bounty_madera,31/10/2023,05/10/2023 11:00,05/10/2023,11,12,3,9.950592325,573.734
bounty_madera,31/10/2023,05/10/2023 12:00,05/10/2023,12,13,3,9.128706921,528.986
bounty_madera,31/10/2023,05/10/2023 13:00,05/10/2023,13,14,3,9.64529654,538.997
bounty_madera,31/10/2023,05/10/2023 14:00,05/10/2023,14,15,3,8.81415273,550.943
bounty_madera,31/10/2023,05/10/2023 15:00,05/10/2023,15,16,3,7.609756658,514.991
bounty_madera,31/10/2023,05/10/2023 16:00,05/10/2023,16,17,3,6.899696597,535.081
bounty_madera,31/10/2023,05/10/2023 17:00,05/10/2023,17,18,3,5.922943204,534.562
bounty_madera,31/10/2023,05/10/2023 18:00,05/10/2023,18,19,3,6.063277533,507.489
bounty_madera,31/10/2023,05/10/2023 19:00,05/10/2023,19,20,3,5.862366089,428.948
bounty_madera,31/10/2023,05/10/2023 20:00,05/10/2023,20,21,3,5.515475288,433.214
bounty_madera,31/10/2023,05/10/2023 21:00,05/10/2023,21,22,3,6.058182234,449.716
bounty_madera,31/10/2023,05/10/2023 22:00,05/10/2023,22,23,3,8.805933988,456.897
bounty_madera,31/10/2023,05/10/2023 23:00,05/10/2023,23,24,3,5.98908105,427.148
bounty_madera,31/10/2023,06/10/2023 0:00,06/10/2023,0,1,4,5.009704796,368.412
bounty_madera,31/10/2023,06/10/2023 1:00,06/10/2023,1,2,4,4.94552576,335.479
bounty_madera,31/10/2023,06/10/2023 2:00,06/10/2023,2,3,4,4.667989326,330.738
bounty_madera,31/10/2023,06/10/2023 3:00,06/10/2023,3,4,4,4.507470889,341.875
bounty_madera,31/10/2023,06/10/2023 4:00,06/10/2023,4,5,4,4.77387915,335.58
bounty_madera,31/10/2023,06/10/2023 5:00,06/10/2023,5,6,4,4.673170035,352.275
bounty_madera,31/10/2023,06/10/2023 6:00,06/10/2023,6,7,4,4.708823406,377.257
bounty_madera,31/10/2023,06/10/2023 7:00,06/10/2023,7,8,4,6.12542449,442.496
bounty_madera,31/10/2023,06/10/2023 8:00,06/10/2023,8,9,4,6.237375508,535.726
bounty_madera,31/10/2023,06/10/2023 9:00,06/10/2023,9,10,4,8.87416572,555.105
bounty_madera,31/10/2023,06/10/2023 10:00,06/10/2023,10,11,4,10.34034594,582.137
bounty_madera,31/10/2023,06/10/2023 11:00,06/10/2023,11,12,4,8.412259062,541.22
bounty_madera,31/10/2023,06/10/2023 12:00,06/10/2023,12,13,4,8.501287124,568.311
bounty_madera,31/10/2023,06/10/2023 13:00,06/10/2023,13,14,4,11.32839859,581.305
bounty_madera,31/10/2023,06/10/2023 14:00,06/10/2023,14,15,4,11.46813582,583.217
bounty_madera,31/10/2023,06/10/2023 15:00,06/10/2023,15,16,4,10.93580533,552.577
bounty_madera,31/10/2023,06/10/2023 16:00,06/10/2023,16,17,4,9.971618358,573.761
bounty_madera,31/10/2023,06/10/2023 17:00,06/10/2023,17,18,4,9.012380542,545.531
bounty_madera,31/10/2023,06/10/2023 18:00,06/10/2023,18,19,4,22.70601126,539.478
bounty_madera,31/10/2023,06/10/2023 19:00,06/10/2023,19,20,4,17.151193,494.258
bounty_madera,31/10/2023,06/10/2023 20:00,06/10/2023,20,21,4,19.46288608,508.405
bounty_madera,31/10/2023,06/10/2023 21:00,06/10/2023,21,22,4,28.39149177,520.7
bounty_madera,31/10/2023,06/10/2023 22:00,06/10/2023,22,23,4,34.21928587,474.234
bounty_madera,31/10/2023,06/10/2023 23:00,06/10/2023,23,24,4,11.56370545,413.993
bounty_madera,31/10/2023,07/10/2023 0:00,07/10/2023,0,1,5,7.634245291,390.936
bounty_madera,31/10/2023,07/10/2023 1:00,07/10/2023,1,2,5,6.830135397,333.096
bounty_madera,31/10/2023,07/10/2023 2:00,07/10/2023,2,3,5,4.852778062,309.012
bounty_madera,31/10/2023,07/10/2023 3:00,07/10/2023,3,4,5,4.788017461,296.145
bounty_madera,31/10/2023,07/10/2023 4:00,07/10/2023,4,5,5,4.667293823,301.721
bounty_madera,31/10/2023,07/10/2023 5:00,07/10/2023,5,6,5,4.535822517,317.674
bounty_madera,31/10/2023,07/10/2023 6:00,07/10/2023,6,7,5,4.791435722,351.388
bounty_madera,31/10/2023,07/10/2023 7:00,07/10/2023,7,8,5,4.709363833,500.31
bounty_madera,31/10/2023,07/10/2023 8:00,07/10/2023,8,9,5,4.363011292,562.948
bounty_madera,31/10/2023,07/10/2023 9:00,07/10/2023,9,10,5,5.081239896,566.543
bounty_madera,31/10/2023,07/10/2023 10:00,07/10/2023,10,11,5,6.442589113,578.034
bounty_madera,31/10/2023,07/10/2023 11:00,07/10/2023,11,12,5,6.316965026,552.824
bounty_madera,31/10/2023,07/10/2023 12:00,07/10/2023,12,13,5,5.274131838,540.843
bounty_madera,31/10/2023,07/10/2023 13:00,07/10/2023,13,14,5,8.526470483,559.918
bounty_madera,31/10/2023,07/10/2023 14:00,07/10/2023,14,15,5,8.523749014,564.77
bounty_madera,31/10/2023,07/10/2023 15:00,07/10/2023,15,16,5,9.540337892,549.65
bounty_madera,31/10/2023,07/10/2023 16:00,07/10/2023,16,17,5,8.834635113,527.275
bounty_madera,31/10/2023,07/10/2023 17:00,07/10/2023,17,18,5,9.502399439,519.952
bounty_madera,31/10/2023,07/10/2023 18:00,07/10/2023,18,19,5,29.77377057,510.845
bounty_madera,31/10/2023,07/10/2023 19:00,07/10/2023,19,20,5,31.88861747,484.495
bounty_madera,31/10/2023,07/10/2023 20:00,07/10/2023,20,21,5,17.58248785,474.07
bounty_madera,31/10/2023,07/10/2023 21:00,07/10/2023,21,22,5,20.50461895,468.79
bounty_madera,31/10/2023,07/10/2023 22:00,07/10/2023,22,23,5,6.244335067,396.209
bounty_madera,31/10/2023,07/10/2023 23:00,07/10/2023,23,24,5,6.24367428,366.221
bounty_madera,31/10/2023,08/10/2023 0:00,08/10/2023,0,1,6,6.241669825,342.242
bounty_madera,31/10/2023,08/10/2023 1:00,08/10/2023,1,2,6,5.398192556,310.508
bounty_madera,31/10/2023,08/10/2023 2:00,08/10/2023,2,3,6,4.956052903,295.949
bounty_madera,31/10/2023,08/10/2023 3:00,08/10/2023,3,4,6,5.729269333,296.299
bounty_madera,31/10/2023,08/10/2023 4:00,08/10/2023,4,5,6,5.373759127,295.343
bounty_madera,31/10/2023,08/10/2023 5:00,08/10/2023,5,6,6,4.774433973,325.886
bounty_madera,31/10/2023,08/10/2023 6:00,08/10/2023,6,7,6,4.684684407,372.204
bounty_madera,31/10/2023,08/10/2023 7:00,08/10/2023,7,8,6,4.726888642,514.117
bounty_madera,31/10/2023,08/10/2023 8:00,08/10/2023,8,9,6,5.020447852,553.447
bounty_madera,31/10/2023,08/10/2023 9:00,08/10/2023,9,10,6,5.842456755,583.313
bounty_madera,31/10/2023,08/10/2023 10:00,08/10/2023,10,11,6,8.034372137,586.895
bounty_madera,31/10/2023,08/10/2023 11:00,08/10/2023,11,12,6,8.214985768,560.796
bounty_madera,31/10/2023,08/10/2023 12:00,08/10/2023,12,13,6,6.869076861,570.706
bounty_madera,31/10/2023,08/10/2023 13:00,08/10/2023,13,14,6,8.903240082,581.314
bounty_madera,31/10/2023,08/10/2023 14:00,08/10/2023,14,15,6,11.88365183,589.323
bounty_madera,31/10/2023,08/10/2023 15:00,08/10/2023,15,16,6,11.04958703,581.225
bounty_madera,31/10/2023,08/10/2023 16:00,08/10/2023,16,17,6,8.544807401,586.635
bounty_madera,31/10/2023,08/10/2023 17:00,08/10/2023,17,18,6,6.7414117,584.547
bounty_madera,31/10/2023,08/10/2023 18:00,08/10/2023,18,19,6,10.80929445,562.065
bounty_madera,31/10/2023,08/10/2023 19:00,08/10/2023,19,20,6,6.251486367,512.568
bounty_madera,31/10/2023,08/10/2023 20:00,08/10/2023,20,21,6,6.253940525,529.632
bounty_madera,31/10/2023,08/10/2023 21:00,08/10/2023,21,22,6,6.250950595,530.33
bounty_madera,31/10/2023,08/10/2023 22:00,08/10/2023,22,23,6,6.248141509,520.81
bounty_madera,31/10/2023,08/10/2023 23:00,08/10/2023,23,24,6,5.955996359,486.969
bounty_madera,31/10/2023,09/10/2023 0:00,09/10/2023,0,1,0,4.883788048,473.129
bounty_madera,31/10/2023,09/10/2023 1:00,09/10/2023,1,2,0,5.055530189,435.943
bounty_madera,31/10/2023,09/10/2023 2:00,09/10/2023,2,3,0,4.882978727,415.946
bounty_madera,31/10/2023,09/10/2023 3:00,09/10/2023,3,4,0,4.779329253,394.162
bounty_madera,31/10/2023,09/10/2023 4:00,09/10/2023,4,5,0,5.544718455,386.362
bounty_madera,31/10/2023,09/10/2023 5:00,09/10/2023,5,6,0,5.809416772,397.411
bounty_madera,31/10/2023,09/10/2023 6:00,09/10/2023,6,7,0,5.265262626,435.703
bounty_madera,31/10/2023,09/10/2023 7:00,09/10/2023,7,8,0,5.649989582,539.62
bounty_madera,31/10/2023,09/10/2023 8:00,09/10/2023,8,9,0,6.123773696,578.581
bounty_madera,31/10/2023,09/10/2023 9:00,09/10/2023,9,10,0,6.242168317,594.967
bounty_madera,31/10/2023,09/10/2023 10:00,09/10/2023,10,11,0,10.6745063,608.564
bounty_madera,31/10/2023,09/10/2023 11:00,09/10/2023,11,12,0,6.253705078,566.442
bounty_madera,31/10/2023,09/10/2023 12:00,09/10/2023,12,13,0,10.73281687,595.756
bounty_madera,31/10/2023,09/10/2023 13:00,09/10/2023,13,14,0,10.82037237,614.065
bounty_madera,31/10/2023,09/10/2023 14:00,09/10/2023,14,15,0,10.81120379,608.445
bounty_madera,31/10/2023,09/10/2023 15:00,09/10/2023,15,16,0,10.73269005,599.087
bounty_madera,31/10/2023,09/10/2023 16:00,09/10/2023,16,17,0,10.80072729,614.003
bounty_madera,31/10/2023,09/10/2023 17:00,09/10/2023,17,18,0,6.251259955,601.958
bounty_madera,31/10/2023,09/10/2023 18:00,09/10/2023,18,19,0,24.63516754,570.121
bounty_madera,31/10/2023,09/10/2023 19:00,09/10/2023,19,20,0,17.56798845,534.1
bounty_madera,31/10/2023,09/10/2023 20:00,09/10/2023,20,21,0,19.95682984,550.763
bounty_madera,31/10/2023,09/10/2023 21:00,09/10/2023,21,22,0,24.44209699,545.659
bounty_madera,31/10/2023,09/10/2023 22:00,09/10/2023,22,23,0,30.35091424,526.121
bounty_madera,31/10/2023,09/10/2023 23:00,09/10/2023,23,24,0,19.19592618,506.163
bounty_madera,31/10/2023,10/10/2023 0:00,10/10/2023,0,1,1,5.840571459,502.005
bounty_madera,31/10/2023,10/10/2023 1:00,10/10/2023,1,2,1,7.923396072,467.186
bounty_madera,31/10/2023,10/10/2023 2:00,10/10/2023,2,3,1,5.714180911,443.743
bounty_madera,31/10/2023,10/10/2023 3:00,10/10/2023,3,4,1,5.613039985,428.304
bounty_madera,31/10/2023,10/10/2023 4:00,10/10/2023,4,5,1,6.058686533,426.614
bounty_madera,31/10/2023,10/10/2023 5:00,10/10/2023,5,6,1,5.789454773,403.419
bounty_madera,31/10/2023,10/10/2023 6:00,10/10/2023,6,7,1,4.692340428,441.287
bounty_madera,31/10/2023,10/10/2023 7:00,10/10/2023,7,8,1,5.449946226,545.618
bounty_madera,31/10/2023,10/10/2023 8:00,10/10/2023,8,9,1,6.251580838,574.034
bounty_madera,31/10/2023,10/10/2023 9:00,10/10/2023,9,10,1,6.137324314,582.416
bounty_madera,31/10/2023,10/10/2023 10:00,10/10/2023,10,11,1,6.260354812,587.193
bounty_madera,31/10/2023,10/10/2023 11:00,10/10/2023,11,12,1,6.24045125,561.541
bounty_madera,31/10/2023,10/10/2023 12:00,10/10/2023,12,13,1,5.530353302,596.572
bounty_madera,31/10/2023,10/10/2023 13:00,10/10/2023,13,14,1,6.260536624,600.004
bounty_madera,31/10/2023,10/10/2023 14:00,10/10/2023,14,15,1,6.257783852,605.09
bounty_madera,31/10/2023,10/10/2023 15:00,10/10/2023,15,16,1,6.256637664,591.912
bounty_madera,31/10/2023,10/10/2023 16:00,10/10/2023,16,17,1,10.55312233,609.369
bounty_madera,31/10/2023,10/10/2023 17:00,10/10/2023,17,18,1,6.255431998,588.868
bounty_madera,31/10/2023,10/10/2023 18:00,10/10/2023,18,19,1,28.28392201,569.377
bounty_madera,31/10/2023,10/10/2023 19:00,10/10/2023,19,20,1,14.70137268,510.86
bounty_madera,31/10/2023,10/10/2023 20:00,10/10/2023,20,21,1,19.97599745,505.485
bounty_madera,31/10/2023,10/10/2023 21:00,10/10/2023,21,22,1,16.48123617,523.961
bounty_madera,31/10/2023,10/10/2023 22:00,10/10/2023,22,23,1,12.68289238,506.444
bounty_madera,31/10/2023,10/10/2023 23:00,10/10/2023,23,24,1,8.859428745,494.987
bounty_madera,31/10/2023,11/10/2023 0:00,11/10/2023,0,1,2,7.648300633,475.02
bounty_madera,31/10/2023,11/10/2023 1:00,11/10/2023,1,2,2,5.42281001,458.057
bounty_madera,31/10/2023,11/10/2023 2:00,11/10/2023,2,3,2,5.202959973,454.208
bounty_madera,31/10/2023,11/10/2023 3:00,11/10/2023,3,4,2,5.123500055,440.992
bounty_madera,31/10/2023,11/10/2023 4:00,11/10/2023,4,5,2,6.473140173,416.047
bounty_madera,31/10/2023,11/10/2023 5:00,11/10/2023,5,6,2,4.924289572,421.902
bounty_madera,31/10/2023,11/10/2023 6:00,11/10/2023,6,7,2,4.870630548,466.981
bounty_madera,31/10/2023,11/10/2023 7:00,11/10/2023,7,8,2,7.004335568,535.058
bounty_madera,31/10/2023,11/10/2023 8:00,11/10/2023,8,9,2,8.630652554,554.865
bounty_madera,31/10/2023,11/10/2023 9:00,11/10/2023,9,10,2,8.102870517,555.513
bounty_madera,31/10/2023,11/10/2023 10:00,11/10/2023,10,11,2,8.601911373,580.378
bounty_madera,31/10/2023,11/10/2023 11:00,11/10/2023,11,12,2,7.832896075,557.806
bounty_madera,31/10/2023,11/10/2023 12:00,11/10/2023,12,13,2,5.570806846,580.876
bounty_madera,31/10/2023,11/10/2023 13:00,11/10/2023,13,14,2,8.126673697,599.222
bounty_madera,31/10/2023,11/10/2023 14:00,11/10/2023,14,15,2,8.729243499,600.805
bounty_madera,31/10/2023,11/10/2023 15:00,11/10/2023,15,16,2,8.742469175,584.456
bounty_madera,31/10/2023,11/10/2023 16:00,11/10/2023,16,17,2,9.711017356,584.455
bounty_madera,31/10/2023,11/10/2023 17:00,11/10/2023,17,18,2,7.205107929,569.364
bounty_madera,31/10/2023,11/10/2023 18:00,11/10/2023,18,19,2,9.169597339,558.349
bounty_madera,31/10/2023,11/10/2023 19:00,11/10/2023,19,20,2,7.487984974,530.658
bounty_madera,31/10/2023,11/10/2023 20:00,11/10/2023,20,21,2,7.565369389,531.696
bounty_madera,31/10/2023,11/10/2023 21:00,11/10/2023,21,22,2,6.783751801,535.587
bounty_madera,31/10/2023,11/10/2023 22:00,11/10/2023,22,23,2,5.130301427,515.651
bounty_madera,31/10/2023,11/10/2023 23:00,11/10/2023,23,24,2,4.969414185,483.057
bounty_madera,31/10/2023,12/10/2023 0:00,12/10/2023,0,1,3,4.988682818,474.91
bounty_madera,31/10/2023,12/10/2023 1:00,12/10/2023,1,2,3,4.852458172,413.225
bounty_madera,31/10/2023,12/10/2023 2:00,12/10/2023,2,3,3,4.662431124,381.633
bounty_madera,31/10/2023,12/10/2023 3:00,12/10/2023,3,4,3,4.635257961,388.215
bounty_madera,31/10/2023,12/10/2023 4:00,12/10/2023,4,5,3,4.726584707,393.614
bounty_madera,31/10/2023,12/10/2023 5:00,12/10/2023,5,6,3,4.730141988,396.919
bounty_madera,31/10/2023,12/10/2023 6:00,12/10/2023,6,7,3,3.976946673,433.062
bounty_madera,31/10/2023,12/10/2023 7:00,12/10/2023,7,8,3,4.94151515,539.682
bounty_madera,31/10/2023,12/10/2023 8:00,12/10/2023,8,9,3,5.018343386,569.163
bounty_madera,31/10/2023,12/10/2023 9:00,12/10/2023,9,10,3,5.43545351,600.064
bounty_madera,31/10/2023,12/10/2023 10:00,12/10/2023,10,11,3,6.269260951,613.729
bounty_madera,31/10/2023,12/10/2023 11:00,12/10/2023,11,12,3,5.045034871,590.226
bounty_madera,31/10/2023,12/10/2023 12:00,12/10/2023,12,13,3,4.9411496,604.808
bounty_madera,31/10/2023,12/10/2023 13:00,12/10/2023,13,14,3,6.548144514,618.071
bounty_madera,31/10/2023,12/10/2023 14:00,12/10/2023,14,15,3,6.352758263,621.315
bounty_madera,31/10/2023,12/10/2023 15:00,12/10/2023,15,16,3,5.909439466,608.754
bounty_madera,31/10/2023,12/10/2023 16:00,12/10/2023,16,17,3,5.935086809,623.654
bounty_madera,31/10/2023,12/10/2023 17:00,12/10/2023,17,18,3,5.945902591,611.506
bounty_madera,31/10/2023,12/10/2023 18:00,12/10/2023,18,19,3,6.487182264,567.276
bounty_madera,31/10/2023,12/10/2023 19:00,12/10/2023,19,20,3,5.908375773,541.502
bounty_madera,31/10/2023,12/10/2023 20:00,12/10/2023,20,21,3,5.968982685,541.575
bounty_madera,31/10/2023,12/10/2023 21:00,12/10/2023,21,22,3,6.476078757,536.217
bounty_madera,31/10/2023,12/10/2023 22:00,12/10/2023,22,23,3,5.839184639,493.751
bounty_madera,31/10/2023,12/10/2023 23:00,12/10/2023,23,24,3,5.64830319,481.776
bounty_madera,31/10/2023,13/10/2023 0:00,13/10/2023,0,1,4,5.116545775,457.791
bounty_madera,31/10/2023,13/10/2023 1:00,13/10/2023,1,2,4,4.736318111,429.809
bounty_madera,31/10/2023,13/10/2023 2:00,13/10/2023,2,3,4,4.592741342,405.657
bounty_madera,31/10/2023,13/10/2023 3:00,13/10/2023,3,4,4,4.568583593,396.691
bounty_madera,31/10/2023,13/10/2023 4:00,13/10/2023,4,5,4,4.683465814,396.033
bounty_madera,31/10/2023,13/10/2023 5:00,13/10/2023,5,6,4,4.545828707,411.354
bounty_madera,31/10/2023,13/10/2023 6:00,13/10/2023,6,7,4,3.826268864,438.506
bounty_madera,31/10/2023,13/10/2023 7:00,13/10/2023,7,8,4,4.605150242,552.082
bounty_madera,31/10/2023,13/10/2023 8:00,13/10/2023,8,9,4,4.893334189,571.789
bounty_madera,31/10/2023,13/10/2023 9:00,13/10/2023,9,10,4,4.820234711,615.594
bounty_madera,31/10/2023,13/10/2023 10:00,13/10/2023,10,11,4,5.607501406,624.345
bounty_madera,31/10/2023,13/10/2023 11:00,13/10/2023,11,12,4,5.290808821,591.852
bounty_madera,31/10/2023,13/10/2023 12:00,13/10/2023,12,13,4,5.383162272,604.196
bounty_madera,31/10/2023,13/10/2023 13:00,13/10/2023,13,14,4,6.590413987,624.771
bounty_madera,31/10/2023,13/10/2023 14:00,13/10/2023,14,15,4,6.476054443,630.885
bounty_madera,31/10/2023,13/10/2023 15:00,13/10/2023,15,16,4,6.478745266,611.245
bounty_madera,31/10/2023,13/10/2023 16:00,13/10/2023,16,17,4,6.403926431,624.012
bounty_madera,31/10/2023,13/10/2023 17:00,13/10/2023,17,18,4,5.931480987,603.045
bounty_madera,31/10/2023,13/10/2023 18:00,13/10/2023,18,19,4,6.412829167,574.877
bounty_madera,31/10/2023,13/10/2023 19:00,13/10/2023,19,20,4,6.03316824,535.395
bounty_madera,31/10/2023,13/10/2023 20:00,13/10/2023,20,21,4,5.918801079,524.568
bounty_madera,31/10/2023,13/10/2023 21:00,13/10/2023,21,22,4,6.193971355,517.265
bounty_madera,31/10/2023,13/10/2023 22:00,13/10/2023,22,23,4,5.884763042,509.623
bounty_madera,31/10/2023,13/10/2023 23:00,13/10/2023,23,24,4,6.04412155,508.265
bounty_madera,31/10/2023,14/10/2023 0:00,14/10/2023,0,1,5,6.21322375,485.696
bounty_madera,31/10/2023,14/10/2023 1:00,14/10/2023,1,2,5,5.044874354,463.912
bounty_madera,31/10/2023,14/10/2023 2:00,14/10/2023,2,3,5,4.71176768,448.841
bounty_madera,31/10/2023,14/10/2023 3:00,14/10/2023,3,4,5,4.498662671,435.329
bounty_madera,31/10/2023,14/10/2023 4:00,14/10/2023,4,5,5,4.410566833,424.797
bounty_madera,31/10/2023,14/10/2023 5:00,14/10/2023,5,6,5,3.747470731,421.343
bounty_madera,31/10/2023,14/10/2023 6:00,14/10/2023,6,7,5,2.873920216,447.613
bounty_madera,31/10/2023,14/10/2023 7:00,14/10/2023,7,8,5,3.717696489,547.159
bounty_madera,31/10/2023,14/10/2023 8:00,14/10/2023,8,9,5,3.645844875,587.249
bounty_madera,31/10/2023,14/10/2023 9:00,14/10/2023,9,10,5,4.654210817,594.752
bounty_madera,31/10/2023,14/10/2023 10:00,14/10/2023,10,11,5,6.626680926,626.778
bounty_madera,31/10/2023,14/10/2023 11:00,14/10/2023,11,12,5,5.175616026,587.278
bounty_madera,31/10/2023,14/10/2023 12:00,14/10/2023,12,13,5,4.828704975,601.003
bounty_madera,31/10/2023,14/10/2023 13:00,14/10/2023,13,14,5,7.605584135,605.45
bounty_madera,31/10/2023,14/10/2023 14:00,14/10/2023,14,15,5,7.963045153,606.316
bounty_madera,31/10/2023,14/10/2023 15:00,14/10/2023,15,16,5,7.93023142,591.667
bounty_madera,31/10/2023,14/10/2023 16:00,14/10/2023,16,17,5,8.276535066,605.454
bounty_madera,31/10/2023,14/10/2023 17:00,14/10/2023,17,18,5,8.311039752,585.107
bounty_madera,31/10/2023,14/10/2023 18:00,14/10/2023,18,19,5,19.45176594,551.455
bounty_madera,31/10/2023,14/10/2023 19:00,14/10/2023,19,20,5,14.39791273,507.767
bounty_madera,31/10/2023,14/10/2023 20:00,14/10/2023,20,21,5,18.44503079,496.528
bounty_madera,31/10/2023,14/10/2023 21:00,14/10/2023,21,22,5,20.30861579,487.099
bounty_madera,31/10/2023,14/10/2023 22:00,14/10/2023,22,23,5,14.1985586,505.663
bounty_madera,31/10/2023,14/10/2023 23:00,14/10/2023,23,24,5,8.549070284,487.498
bounty_madera,31/10/2023,15/10/2023 0:00,15/10/2023,0,1,6,6.974080399,452.269
bounty_madera,31/10/2023,15/10/2023 1:00,15/10/2023,1,2,6,6.200714266,376.541
bounty_madera,31/10/2023,15/10/2023 2:00,15/10/2023,2,3,6,5.337105893,355.497
bounty_madera,31/10/2023,15/10/2023 3:00,15/10/2023,3,4,6,5.013056384,343.892
bounty_madera,31/10/2023,15/10/2023 4:00,15/10/2023,4,5,6,4.656223638,363.267
bounty_madera,31/10/2023,15/10/2023 5:00,15/10/2023,5,6,6,4.491007384,368.336
bounty_madera,31/10/2023,15/10/2023 6:00,15/10/2023,6,7,6,3.388682175,415.649
bounty_madera,31/10/2023,15/10/2023 7:00,15/10/2023,7,8,6,3.194327835,545.395
bounty_madera,31/10/2023,15/10/2023 8:00,15/10/2023,8,9,6,3.586245635,571.347
bounty_madera,31/10/2023,15/10/2023 9:00,15/10/2023,9,10,6,4.349989821,590.516
bounty_madera,31/10/2023,15/10/2023 10:00,15/10/2023,10,11,6,6.058379259,618.852
bounty_madera,31/10/2023,15/10/2023 11:00,15/10/2023,11,12,6,5.150505328,579.949
bounty_madera,31/10/2023,15/10/2023 12:00,15/10/2023,12,13,6,3.779591553,603.494
bounty_madera,31/10/2023,15/10/2023 13:00,15/10/2023,13,14,6,4.862845691,605.485
bounty_madera,31/10/2023,15/10/2023 14:00,15/10/2023,14,15,6,5.325796267,605.69
bounty_madera,31/10/2023,15/10/2023 15:00,15/10/2023,15,16,6,5.389770543,573.706
bounty_madera,31/10/2023,15/10/2023 16:00,15/10/2023,16,17,6,4.919282814,568.991
bounty_madera,31/10/2023,15/10/2023 17:00,15/10/2023,17,18,6,6.434463855,557.835
bounty_madera,31/10/2023,15/10/2023 18:00,15/10/2023,18,19,6,9.134424204,552.938
bounty_madera,31/10/2023,15/10/2023 19:00,15/10/2023,19,20,6,8.597630453,524.997
bounty_madera,31/10/2023,15/10/2023 20:00,15/10/2023,20,21,6,8.67164365,529.024
bounty_madera,31/10/2023,15/10/2023 21:00,15/10/2023,21,22,6,7.940874113,523.229
bounty_madera,31/10/2023,15/10/2023 22:00,15/10/2023,22,23,6,4.984406866,524.429
bounty_madera,31/10/2023,15/10/2023 23:00,15/10/2023,23,24,6,4.684523701,502.394
bounty_madera,31/10/2023,16/10/2023 0:00,16/10/2023,0,1,0,4.756009459,490.263
bounty_madera,31/10/2023,16/10/2023 1:00,16/10/2023,1,2,0,4.814355501,454.822
bounty_madera,31/10/2023,16/10/2023 2:00,16/10/2023,2,3,0,4.577930932,409.227
bounty_madera,31/10/2023,16/10/2023 3:00,16/10/2023,3,4,0,4.48264842,388.114
bounty_madera,31/10/2023,16/10/2023 4:00,16/10/2023,4,5,0,4.608343783,384.33
bounty_madera,31/10/2023,16/10/2023 5:00,16/10/2023,5,6,0,4.626127808,401.621
bounty_madera,31/10/2023,16/10/2023 6:00,16/10/2023,6,7,0,3.925140076,427.816
bounty_madera,31/10/2023,16/10/2023 7:00,16/10/2023,7,8,0,4.787659372,507.578
bounty_madera,31/10/2023,16/10/2023 8:00,16/10/2023,8,9,0,5.331049443,542.644
bounty_madera,31/10/2023,16/10/2023 9:00,16/10/2023,9,10,0,4.957572758,569.727
bounty_madera,31/10/2023,16/10/2023 10:00,16/10/2023,10,11,0,6.189056544,581.751
bounty_madera,31/10/2023,16/10/2023 11:00,16/10/2023,11,12,0,5.786244893,561.771
bounty_madera,31/10/2023,16/10/2023 12:00,16/10/2023,12,13,0,5.233684293,592.64
bounty_madera,31/10/2023,16/10/2023 13:00,16/10/2023,13,14,0,6.05768013,604.107
bounty_madera,31/10/2023,16/10/2023 14:00,16/10/2023,14,15,0,6.237992965,590.82
bounty_madera,31/10/2023,16/10/2023 15:00,16/10/2023,15,16,0,6.261697686,573.003
bounty_madera,31/10/2023,16/10/2023 16:00,16/10/2023,16,17,0,6.351102585,601.377
bounty_madera,31/10/2023,16/10/2023 17:00,16/10/2023,17,18,0,6.155713587,585.802
bounty_madera,31/10/2023,16/10/2023 18:00,16/10/2023,18,19,0,8.210242116,576.03
bounty_madera,31/10/2023,16/10/2023 19:00,16/10/2023,19,20,0,6.052008042,513.16
bounty_madera,31/10/2023,16/10/2023 20:00,16/10/2023,20,21,0,6.12543004,515.147
bounty_madera,31/10/2023,16/10/2023 21:00,16/10/2023,21,22,0,5.906948289,518.345
bounty_madera,31/10/2023,16/10/2023 22:00,16/10/2023,22,23,0,5.816287718,474.533
bounty_madera,31/10/2023,16/10/2023 23:00,16/10/2023,23,24,0,5.113164281,411.033
bounty_madera,31/10/2023,17/10/2023 0:00,17/10/2023,0,1,1,4.764811982,378.688
bounty_madera,31/10/2023,17/10/2023 1:00,17/10/2023,1,2,1,4.70062049,336.898
bounty_madera,31/10/2023,17/10/2023 2:00,17/10/2023,2,3,1,4.591756371,316.836
bounty_madera,31/10/2023,17/10/2023 3:00,17/10/2023,3,4,1,4.629873346,308.427
bounty_madera,31/10/2023,17/10/2023 4:00,17/10/2023,4,5,1,4.75551594,316.855
bounty_madera,31/10/2023,17/10/2023 5:00,17/10/2023,5,6,1,4.894912851,334.239
bounty_madera,31/10/2023,17/10/2023 6:00,17/10/2023,6,7,1,4.10982948,351.518
bounty_madera,31/10/2023,17/10/2023 7:00,17/10/2023,7,8,1,4.411026972,485.381
bounty_madera,31/10/2023,17/10/2023 8:00,17/10/2023,8,9,1,4.844109557,571.839
bounty_madera,31/10/2023,17/10/2023 9:00,17/10/2023,9,10,1,5.029266999,588.021
bounty_madera,31/10/2023,17/10/2023 10:00,17/10/2023,10,11,1,5.93019158,609.702
bounty_madera,31/10/2023,17/10/2023 11:00,17/10/2023,11,12,1,5.835069507,593.733
bounty_madera,31/10/2023,17/10/2023 12:00,17/10/2023,12,13,1,5.402668546,611.133
bounty_madera,31/10/2023,17/10/2023 13:00,17/10/2023,13,14,1,7.289989216,627.208
bounty_madera,31/10/2023,17/10/2023 14:00,17/10/2023,14,15,1,6.894398204,624.278
bounty_madera,31/10/2023,17/10/2023 15:00,17/10/2023,15,16,1,6.319981038,604.674
bounty_madera,31/10/2023,17/10/2023 16:00,17/10/2023,16,17,1,6.528789193,624.695
bounty_madera,31/10/2023,17/10/2023 17:00,17/10/2023,17,18,1,6.3610413,597.073
bounty_madera,31/10/2023,17/10/2023 18:00,17/10/2023,18,19,1,11.19723382,586.554
bounty_madera,31/10/2023,17/10/2023 19:00,17/10/2023,19,20,1,10.15981498,531.448
bounty_madera,31/10/2023,17/10/2023 20:00,17/10/2023,20,21,1,9.954690185,528.452
bounty_madera,31/10/2023,17/10/2023 21:00,17/10/2023,21,22,1,7.681810671,503.81
bounty_madera,31/10/2023,17/10/2023 22:00,17/10/2023,22,23,1,9.520782503,507.95
bounty_madera,31/10/2023,17/10/2023 23:00,17/10/2023,23,24,1,5.183819321,496.44
bounty_madera,31/10/2023,18/10/2023 0:00,18/10/2023,0,1,2,4.888534751,459.068
bounty_madera,31/10/2023,18/10/2023 1:00,18/10/2023,1,2,2,4.889173309,403.875
bounty_madera,31/10/2023,18/10/2023 2:00,18/10/2023,2,3,2,4.947477688,403.335
bounty_madera,31/10/2023,18/10/2023 3:00,18/10/2023,3,4,2,4.672866202,381.252
bounty_madera,31/10/2023,18/10/2023 4:00,18/10/2023,4,5,2,5.134443709,373.591
bounty_madera,31/10/2023,18/10/2023 5:00,18/10/2023,5,6,2,5.600632106,374.678
bounty_madera,31/10/2023,18/10/2023 6:00,18/10/2023,6,7,2,4.518392046,413.862
bounty_madera,31/10/2023,18/10/2023 7:00,18/10/2023,7,8,2,5.054870445,536.766
bounty_madera,31/10/2023,18/10/2023 8:00,18/10/2023,8,9,2,5.897389761,560.956
bounty_madera,31/10/2023,18/10/2023 9:00,18/10/2023,9,10,2,5.992726929,572.666
bounty_madera,31/10/2023,18/10/2023 10:00,18/10/2023,10,11,2,6.520579063,590.054
bounty_madera,31/10/2023,18/10/2023 11:00,18/10/2023,11,12,2,6.225220259,575.9
bounty_madera,31/10/2023,18/10/2023 12:00,18/10/2023,12,13,2,5.781636199,610.472
bounty_madera,31/10/2023,18/10/2023 13:00,18/10/2023,13,14,2,6.205191379,607.862
bounty_madera,31/10/2023,18/10/2023 14:00,18/10/2023,14,15,2,6.186269136,608.636
bounty_madera,31/10/2023,18/10/2023 15:00,18/10/2023,15,16,2,5.962755726,590.028
bounty_madera,31/10/2023,18/10/2023 16:00,18/10/2023,16,17,2,5.743965281,607.275
bounty_madera,31/10/2023,18/10/2023 17:00,18/10/2023,17,18,2,5.651740142,608.807
bounty_madera,31/10/2023,18/10/2023 18:00,18/10/2023,18,19,2,7.417823167,569.726
bounty_madera,31/10/2023,18/10/2023 19:00,18/10/2023,19,20,2,5.508632491,516.731
bounty_madera,31/10/2023,18/10/2023 20:00,18/10/2023,20,21,2,5.359284025,521.501
bounty_madera,31/10/2023,18/10/2023 21:00,18/10/2023,21,22,2,5.295245135,521.126
bounty_madera,31/10/2023,18/10/2023 22:00,18/10/2023,22,23,2,5.056439699,517.742
bounty_madera,31/10/2023,18/10/2023 23:00,18/10/2023,23,24,2,4.992310577,466.683
bounty_madera,31/10/2023,19/10/2023 0:00,19/10/2023,0,1,3,4.644195685,428.484
bounty_madera,31/10/2023,19/10/2023 1:00,19/10/2023,1,2,3,4.887807664,379.848
bounty_madera,31/10/2023,19/10/2023 2:00,19/10/2023,2,3,3,4.952141753,375.057
bounty_madera,31/10/2023,19/10/2023 3:00,19/10/2023,3,4,3,4.649470811,363.336
bounty_madera,31/10/2023,19/10/2023 4:00,19/10/2023,4,5,3,4.614939968,370.822
bounty_madera,31/10/2023,19/10/2023 5:00,19/10/2023,5,6,3,4.853349981,398.245
bounty_madera,31/10/2023,19/10/2023 6:00,19/10/2023,6,7,3,3.2888897,439.081
bounty_madera,31/10/2023,19/10/2023 7:00,19/10/2023,7,8,3,3.561008491,524.373
bounty_madera,31/10/2023,19/10/2023 8:00,19/10/2023,8,9,3,5.203298134,543.735
bounty_madera,31/10/2023,19/10/2023 9:00,19/10/2023,9,10,3,4.252295322,547.79
bounty_madera,31/10/2023,19/10/2023 10:00,19/10/2023,10,11,3,4.456345953,590.663
bounty_madera,31/10/2023,19/10/2023 11:00,19/10/2023,11,12,3,4.328867056,540.637
bounty_madera,31/10/2023,19/10/2023 12:00,19/10/2023,12,13,3,4.092223931,530.514
bounty_madera,31/10/2023,19/10/2023 13:00,19/10/2023,13,14,3,4.455405681,556.79
bounty_madera,31/10/2023,19/10/2023 14:00,19/10/2023,14,15,3,4.36846646,570.386
bounty_madera,31/10/2023,19/10/2023 15:00,19/10/2023,15,16,3,4.19032409,562.145
bounty_madera,31/10/2023,19/10/2023 16:00,19/10/2023,16,17,3,4.217503155,563.648
bounty_madera,31/10/2023,19/10/2023 17:00,19/10/2023,17,18,3,4.352941858,553.068
bounty_madera,31/10/2023,19/10/2023 18:00,19/10/2023,18,19,3,4.556020567,540.194
bounty_madera,31/10/2023,19/10/2023 19:00,19/10/2023,19,20,3,6.786832879,490.027
bounty_madera,31/10/2023,19/10/2023 20:00,19/10/2023,20,21,3,4.700941664,463.244
bounty_madera,31/10/2023,19/10/2023 21:00,19/10/2023,21,22,3,4.843872684,457.563
bounty_madera,31/10/2023,19/10/2023 22:00,19/10/2023,22,23,3,4.877479611,435.848
bounty_madera,31/10/2023,19/10/2023 23:00,19/10/2023,23,24,3,4.591194053,403.674
bounty_madera,31/10/2023,20/10/2023 0:00,20/10/2023,0,1,4,4.957303681,373.005
bounty_madera,31/10/2023,20/10/2023 1:00,20/10/2023,1,2,4,4.365796843,319.417
bounty_madera,31/10/2023,20/10/2023 2:00,20/10/2023,2,3,4,4.010319061,306.503
bounty_madera,31/10/2023,20/10/2023 3:00,20/10/2023,3,4,4,3.506701691,297.579
bounty_madera,31/10/2023,20/10/2023 4:00,20/10/2023,4,5,4,4.046265897,299.737
bounty_madera,31/10/2023,20/10/2023 5:00,20/10/2023,5,6,4,3.788108529,324.143
bounty_madera,31/10/2023,20/10/2023 6:00,20/10/2023,6,7,4,3.340763236,367.004
bounty_madera,31/10/2023,20/10/2023 7:00,20/10/2023,7,8,4,4.343118648,489.774
bounty_madera,31/10/2023,20/10/2023 8:00,20/10/2023,8,9,4,5.294544941,567.164
bounty_madera,31/10/2023,20/10/2023 9:00,20/10/2023,9,10,4,5.254915258,587.073
bounty_madera,31/10/2023,20/10/2023 10:00,20/10/2023,10,11,4,5.641384895,601.209
bounty_madera,31/10/2023,20/10/2023 11:00,20/10/2023,11,12,4,5.580165455,577.786
bounty_madera,31/10/2023,20/10/2023 12:00,20/10/2023,12,13,4,5.379054056,605.248
bounty_madera,31/10/2023,20/10/2023 13:00,20/10/2023,13,14,4,13.50766926,612.099
bounty_madera,31/10/2023,20/10/2023 14:00,20/10/2023,14,15,4,8.020606941,617.672
bounty_madera,31/10/2023,20/10/2023 15:00,20/10/2023,15,16,4,6.085510071,590.641
bounty_madera,31/10/2023,20/10/2023 16:00,20/10/2023,16,17,4,5.910117876,601.901
bounty_madera,31/10/2023,20/10/2023 17:00,20/10/2023,17,18,4,5.769625383,608.82
bounty_madera,31/10/2023,20/10/2023 18:00,20/10/2023,18,19,4,5.908817466,540.832
bounty_madera,31/10/2023,20/10/2023 19:00,20/10/2023,19,20,4,5.445921701,377.79
bounty_madera,31/10/2023,20/10/2023 20:00,20/10/2023,20,21,4,5.367617354,401.436
bounty_madera,31/10/2023,20/10/2023 21:00,20/10/2023,21,22,4,5.092697781,432.778
bounty_madera,31/10/2023,20/10/2023 22:00,20/10/2023,22,23,4,5.148195028,418.122
bounty_madera,31/10/2023,20/10/2023 23:00,20/10/2023,23,24,4,4.989914323,414.388
bounty_madera,31/10/2023,21/10/2023 0:00,21/10/2023,0,1,5,5.08869312,397.643
bounty_madera,31/10/2023,21/10/2023 1:00,21/10/2023,1,2,5,5.038153568,375.528
bounty_madera,31/10/2023,21/10/2023 2:00,21/10/2023,2,3,5,5.029900246,369.432
bounty_madera,31/10/2023,21/10/2023 3:00,21/10/2023,3,4,5,4.983278532,379.858
bounty_madera,31/10/2023,21/10/2023 4:00,21/10/2023,4,5,5,4.347536522,391.376
bounty_madera,31/10/2023,21/10/2023 5:00,21/10/2023,5,6,5,3.970029536,423.428
bounty_madera,31/10/2023,21/10/2023 6:00,21/10/2023,6,7,5,2.740519743,440.626
bounty_madera,31/10/2023,21/10/2023 7:00,21/10/2023,7,8,5,3.873766132,441.385
bounty_madera,31/10/2023,21/10/2023 8:00,21/10/2023,8,9,5,3.589761953,474.383
bounty_madera,31/10/2023,21/10/2023 9:00,21/10/2023,9,10,5,4.059729175,514.747
bounty_madera,31/10/2023,21/10/2023 10:00,21/10/2023,10,11,5,4.158766351,551.568
bounty_madera,31/10/2023,21/10/2023 11:00,21/10/2023,11,12,5,3.627559874,549.933
bounty_madera,31/10/2023,21/10/2023 12:00,21/10/2023,12,13,5,2.773016806,540.544
bounty_madera,31/10/2023,21/10/2023 13:00,21/10/2023,13,14,5,3.559297336,549.978
bounty_madera,31/10/2023,21/10/2023 14:00,21/10/2023,14,15,5,3.147142638,544.449
bounty_madera,31/10/2023,21/10/2023 15:00,21/10/2023,15,16,5,2.730249769,545.971
bounty_madera,31/10/2023,21/10/2023 16:00,21/10/2023,16,17,5,3.420560951,546.238
bounty_madera,31/10/2023,21/10/2023 17:00,21/10/2023,17,18,5,3.97350239,536.784
bounty_madera,31/10/2023,21/10/2023 18:00,21/10/2023,18,19,5,4.567368768,524.236
bounty_madera,31/10/2023,21/10/2023 19:00,21/10/2023,19,20,5,4.282091317,481.421
bounty_madera,31/10/2023,21/10/2023 20:00,21/10/2023,20,21,5,4.124464036,460.132
bounty_madera,31/10/2023,21/10/2023 21:00,21/10/2023,21,22,5,3.960397978,460.358
bounty_madera,31/10/2023,21/10/2023 22:00,21/10/2023,22,23,5,3.560384191,436.251
bounty_madera,31/10/2023,21/10/2023 23:00,21/10/2023,23,24,5,3.500239888,397.792
bounty_madera,31/10/2023,22/10/2023 0:00,22/10/2023,0,1,6,3.656937646,368.764
bounty_madera,31/10/2023,22/10/2023 1:00,22/10/2023,1,2,6,3.543773217,317.334
bounty_madera,31/10/2023,22/10/2023 2:00,22/10/2023,2,3,6,3.271343501,302.59
bounty_madera,31/10/2023,22/10/2023 3:00,22/10/2023,3,4,6,3.375856259,293.441
bounty_madera,31/10/2023,22/10/2023 4:00,22/10/2023,4,5,6,3.087415496,298.62
bounty_madera,31/10/2023,22/10/2023 5:00,22/10/2023,5,6,6,2.812535335,315.751
bounty_madera,31/10/2023,22/10/2023 6:00,22/10/2023,6,7,6,0.668468167,343.266
bounty_madera,31/10/2023,22/10/2023 7:00,22/10/2023,7,8,6,3.243708513,497.092
bounty_madera,31/10/2023,22/10/2023 8:00,22/10/2023,8,9,6,3.77738876,537.819
bounty_madera,31/10/2023,22/10/2023 9:00,22/10/2023,9,10,6,3.943989299,578.314
bounty_madera,31/10/2023,22/10/2023 10:00,22/10/2023,10,11,6,4.195551963,595.699
bounty_madera,31/10/2023,22/10/2023 11:00,22/10/2023,11,12,6,4.130959969,554.977
bounty_madera,31/10/2023,22/10/2023 12:00,22/10/2023,12,13,6,3.799445042,590.033
bounty_madera,31/10/2023,22/10/2023 13:00,22/10/2023,13,14,6,4.311209702,607.342
bounty_madera,31/10/2023,22/10/2023 14:00,22/10/2023,14,15,6,4.065021462,596.727
bounty_madera,31/10/2023,22/10/2023 15:00,22/10/2023,15,16,6,3.67589783,583.039
bounty_madera,31/10/2023,22/10/2023 16:00,22/10/2023,16,17,6,3.315544386,547.284
bounty_madera,31/10/2023,22/10/2023 17:00,22/10/2023,17,18,6,4.251531397,482.829
bounty_madera,31/10/2023,22/10/2023 18:00,22/10/2023,18,19,6,4.452443002,449.695
bounty_madera,31/10/2023,22/10/2023 19:00,22/10/2023,19,20,6,4.277279801,401.63
bounty_madera,31/10/2023,22/10/2023 20:00,22/10/2023,20,21,6,4.378227822,386.328
bounty_madera,31/10/2023,22/10/2023 21:00,22/10/2023,21,22,6,4.429977826,385.615
bounty_madera,31/10/2023,22/10/2023 22:00,22/10/2023,22,23,6,3.781209264,389.261
bounty_madera,31/10/2023,22/10/2023 23:00,22/10/2023,23,24,6,3.669609121,392.487
bounty_madera,31/10/2023,23/10/2023 0:00,23/10/2023,0,1,0,3.378151855,357.982
bounty_madera,31/10/2023,23/10/2023 1:00,23/10/2023,1,2,0,2.997149901,310.606
bounty_madera,31/10/2023,23/10/2023 2:00,23/10/2023,2,3,0,2.274855246,304.632
bounty_madera,31/10/2023,23/10/2023 3:00,23/10/2023,3,4,0,2.727008933,303.708
bounty_madera,31/10/2023,23/10/2023 4:00,23/10/2023,4,5,0,2.84178482,299.039
bounty_madera,31/10/2023,23/10/2023 5:00,23/10/2023,5,6,0,2.536116274,316.386
bounty_madera,31/10/2023,23/10/2023 6:00,23/10/2023,6,7,0,1.665787807,354.191
bounty_madera,31/10/2023,23/10/2023 7:00,23/10/2023,7,8,0,2.851780328,387.064
bounty_madera,31/10/2023,23/10/2023 8:00,23/10/2023,8,9,0,3.144889196,465.679
bounty_madera,31/10/2023,23/10/2023 9:00,23/10/2023,9,10,0,3.076713294,544.653
bounty_madera,31/10/2023,23/10/2023 10:00,23/10/2023,10,11,0,3.723890332,570.553
bounty_madera,31/10/2023,23/10/2023 11:00,23/10/2023,11,12,0,3.948318901,532.779
bounty_madera,31/10/2023,23/10/2023 12:00,23/10/2023,12,13,0,3.528627494,555.084
bounty_madera,31/10/2023,23/10/2023 13:00,23/10/2023,13,14,0,4.069271108,570.43
bounty_madera,31/10/2023,23/10/2023 14:00,23/10/2023,14,15,0,3.945633425,555.739
bounty_madera,31/10/2023,23/10/2023 15:00,23/10/2023,15,16,0,3.812906432,555.76
bounty_madera,31/10/2023,23/10/2023 16:00,23/10/2023,16,17,0,3.803095474,570.432
bounty_madera,31/10/2023,23/10/2023 17:00,23/10/2023,17,18,0,4.263900481,554.764
bounty_madera,31/10/2023,23/10/2023 18:00,23/10/2023,18,19,0,4.436752532,538.351
bounty_madera,31/10/2023,23/10/2023 19:00,23/10/2023,19,20,0,4.277990365,492.393
bounty_madera,31/10/2023,23/10/2023 20:00,23/10/2023,20,21,0,4.216904533,439.065
bounty_madera,31/10/2023,23/10/2023 21:00,23/10/2023,21,22,0,4.264542027,423.511
bounty_madera,31/10/2023,23/10/2023 22:00,23/10/2023,22,23,0,4.004743635,413.51
bounty_madera,31/10/2023,23/10/2023 23:00,23/10/2023,23,24,0,3.727931906,380.785
bounty_madera,31/10/2023,24/10/2023 0:00,24/10/2023,0,1,1,3.747112127,359.273
bounty_madera,31/10/2023,24/10/2023 1:00,24/10/2023,1,2,1,3.870684544,325.315
bounty_madera,31/10/2023,24/10/2023 2:00,24/10/2023,2,3,1,3.302047806,303.345
bounty_madera,31/10/2023,24/10/2023 3:00,24/10/2023,3,4,1,3.242942289,294.919
bounty_madera,31/10/2023,24/10/2023 4:00,24/10/2023,4,5,1,3.64671749,301.341
bounty_madera,31/10/2023,24/10/2023 5:00,24/10/2023,5,6,1,3.708941378,304.68
bounty_madera,31/10/2023,24/10/2023 6:00,24/10/2023,6,7,1,2.721837546,336.139
bounty_madera,31/10/2023,24/10/2023 7:00,24/10/2023,7,8,1,3.121659162,478.927
bounty_madera,31/10/2023,24/10/2023 8:00,24/10/2023,8,9,1,3.771665209,555.059
bounty_madera,31/10/2023,24/10/2023 9:00,24/10/2023,9,10,1,3.875121899,578.567
bounty_madera,31/10/2023,24/10/2023 10:00,24/10/2023,10,11,1,4.015399785,594.631
bounty_madera,31/10/2023,24/10/2023 11:00,24/10/2023,11,12,1,3.985316761,576.022
bounty_madera,31/10/2023,24/10/2023 12:00,24/10/2023,12,13,1,3.630240378,587.412
bounty_madera,31/10/2023,24/10/2023 13:00,24/10/2023,13,14,1,4.099618056,593.187
bounty_madera,31/10/2023,24/10/2023 14:00,24/10/2023,14,15,1,5.621117269,603.701
bounty_madera,31/10/2023,24/10/2023 15:00,24/10/2023,15,16,1,3.833448014,580.175
bounty_madera,31/10/2023,24/10/2023 16:00,24/10/2023,16,17,1,3.798077241,582.299
bounty_madera,31/10/2023,24/10/2023 17:00,24/10/2023,17,18,1,3.751973475,562.2
bounty_madera,31/10/2023,24/10/2023 18:00,24/10/2023,18,19,1,4.041517829,522.323
bounty_madera,31/10/2023,24/10/2023 19:00,24/10/2023,19,20,1,3.873300259,494.534
bounty_madera,31/10/2023,24/10/2023 20:00,24/10/2023,20,21,1,3.92016067,474.021
bounty_madera,31/10/2023,24/10/2023 21:00,24/10/2023,21,22,1,4.018534617,473.136
bounty_madera,31/10/2023,24/10/2023 22:00,24/10/2023,22,23,1,3.774730888,472.265
bounty_madera,31/10/2023,24/10/2023 23:00,24/10/2023,23,24,1,3.504058823,451.67
bounty_madera,31/10/2023,25/10/2023 0:00,25/10/2023,0,1,2,3.695213343,439.567
bounty_madera,31/10/2023,25/10/2023 1:00,25/10/2023,1,2,2,3.509643335,388.996
bounty_madera,31/10/2023,25/10/2023 2:00,25/10/2023,2,3,2,3.349860399,364.93
bounty_madera,31/10/2023,25/10/2023 3:00,25/10/2023,3,4,2,3.228049434,370.055
bounty_madera,31/10/2023,25/10/2023 4:00,25/10/2023,4,5,2,3.438119167,396.867
bounty_madera,31/10/2023,25/10/2023 5:00,25/10/2023,5,6,2,3.448405243,444.52
bounty_madera,31/10/2023,25/10/2023 6:00,25/10/2023,6,7,2,2.791297053,496.281
bounty_madera,31/10/2023,25/10/2023 7:00,25/10/2023,7,8,2,3.193185445,533.483
bounty_madera,31/10/2023,25/10/2023 8:00,25/10/2023,8,9,2,3.794618323,566.526
bounty_madera,31/10/2023,25/10/2023 9:00,25/10/2023,9,10,2,4.180890925,580.818
bounty_madera,31/10/2023,25/10/2023 10:00,25/10/2023,10,11,2,4.194127572,604.759
bounty_madera,31/10/2023,25/10/2023 11:00,25/10/2023,11,12,2,4.239660128,570.621
bounty_madera,31/10/2023,25/10/2023 12:00,25/10/2023,12,13,2,3.951067167,597.005
bounty_madera,31/10/2023,25/10/2023 13:00,25/10/2023,13,14,2,4.490846196,610.089
bounty_madera,31/10/2023,25/10/2023 14:00,25/10/2023,14,15,2,4.430433301,615.115
bounty_madera,31/10/2023,25/10/2023 15:00,25/10/2023,15,16,2,4.434123096,603.403
bounty_madera,31/10/2023,25/10/2023 16:00,25/10/2023,16,17,2,4.448961394,611.726
bounty_madera,31/10/2023,25/10/2023 17:00,25/10/2023,17,18,2,4.436592307,594.28
bounty_madera,31/10/2023,25/10/2023 18:00,25/10/2023,18,19,2,4.495522581,558.919
bounty_madera,31/10/2023,25/10/2023 19:00,25/10/2023,19,20,2,4.372352422,505.78
bounty_madera,31/10/2023,25/10/2023 20:00,25/10/2023,20,21,2,4.339394255,513.942
bounty_madera,31/10/2023,25/10/2023 21:00,25/10/2023,21,22,2,4.304289841,505.085
bounty_madera,31/10/2023,25/10/2023 22:00,25/10/2023,22,23,2,4.189094029,501.555
bounty_madera,31/10/2023,25/10/2023 23:00,25/10/2023,23,24,2,3.656135709,448.431
bounty_madera,30/11/2023,26/10/2023 0:00,26/10/2023,0,1,3,4.014980381,378.344
bounty_madera,30/11/2023,26/10/2023 1:00,26/10/2023,1,2,3,3.317416504,323.351
bounty_madera,30/11/2023,26/10/2023 2:00,26/10/2023,2,3,3,3.243579563,308.782
bounty_madera,30/11/2023,26/10/2023 3:00,26/10/2023,3,4,3,2.836222484,310.019
bounty_madera,30/11/2023,26/10/2023 4:00,26/10/2023,4,5,3,3.327356891,317.017
bounty_madera,30/11/2023,26/10/2023 5:00,26/10/2023,5,6,3,3.410269444,325.933
bounty_madera,30/11/2023,26/10/2023 6:00,26/10/2023,6,7,3,2.053214014,362.367
bounty_madera,30/11/2023,26/10/2023 7:00,26/10/2023,7,8,3,2.965753258,487.873
bounty_madera,30/11/2023,26/10/2023 8:00,26/10/2023,8,9,3,3.193226439,568.546
bounty_madera,30/11/2023,26/10/2023 9:00,26/10/2023,9,10,3,3.80543409,607.963
bounty_madera,30/11/2023,26/10/2023 10:00,26/10/2023,10,11,3,4.187242474,610.575
bounty_madera,30/11/2023,26/10/2023 11:00,26/10/2023,11,12,3,4.265489554,580.26
bounty_madera,30/11/2023,26/10/2023 12:00,26/10/2023,12,13,3,3.371204954,612.663
bounty_madera,30/11/2023,26/10/2023 13:00,26/10/2023,13,14,3,4.851106772,623.718
bounty_madera,30/11/2023,26/10/2023 14:00,26/10/2023,14,15,3,4.486306751,617.699
bounty_madera,30/11/2023,26/10/2023 15:00,26/10/2023,15,16,3,4.426555597,599.198
bounty_madera,30/11/2023,26/10/2023 16:00,26/10/2023,16,17,3,4.605677437,617.488
bounty_madera,30/11/2023,26/10/2023 17:00,26/10/2023,17,18,3,5.094962925,609.038
bounty_madera,30/11/2023,26/10/2023 18:00,26/10/2023,18,19,3,4.803481072,588.043
bounty_madera,30/11/2023,26/10/2023 19:00,26/10/2023,19,20,3,4.474052936,531.085
bounty_madera,30/11/2023,26/10/2023 20:00,26/10/2023,20,21,3,4.450045711,526.184
bounty_madera,30/11/2023,26/10/2023 21:00,26/10/2023,21,22,3,7.405297838,535.155
bounty_madera,30/11/2023,26/10/2023 22:00,26/10/2023,22,23,3,4.512083611,539.449
bounty_madera,30/11/2023,26/10/2023 23:00,26/10/2023,23,24,3,4.376961306,519.944
bounty_madera,30/11/2023,27/10/2023 0:00,27/10/2023,0,1,4,4.007332388,461.714
bounty_madera,30/11/2023,27/10/2023 1:00,27/10/2023,1,2,4,3.895328948,420.173
bounty_madera,30/11/2023,27/10/2023 2:00,27/10/2023,2,3,4,3.48999701,403.636
bounty_madera,30/11/2023,27/10/2023 3:00,27/10/2023,3,4,4,3.273168811,413.936
bounty_madera,30/11/2023,27/10/2023 4:00,27/10/2023,4,5,4,3.530625188,430.675
bounty_madera,30/11/2023,27/10/2023 5:00,27/10/2023,5,6,4,3.510331269,468.623
bounty_madera,30/11/2023,27/10/2023 6:00,27/10/2023,6,7,4,2.627384411,504.583
bounty_madera,30/11/2023,27/10/2023 7:00,27/10/2023,7,8,4,3.165950269,555.693
bounty_madera,30/11/2023,27/10/2023 8:00,27/10/2023,8,9,4,3.814910634,584.506
bounty_madera,30/11/2023,27/10/2023 9:00,27/10/2023,9,10,4,3.241282822,606.711
bounty_madera,30/11/2023,27/10/2023 10:00,27/10/2023,10,11,4,3.167625294,619.616
bounty_madera,30/11/2023,27/10/2023 11:00,27/10/2023,11,12,4,3.634615205,592.766
bounty_madera,30/11/2023,27/10/2023 12:00,27/10/2023,12,13,4,3.605869583,625.527
bounty_madera,30/11/2023,27/10/2023 13:00,27/10/2023,13,14,4,7.173718006,628.295
bounty_madera,30/11/2023,27/10/2023 14:00,27/10/2023,14,15,4,4.097563451,632.021
bounty_madera,30/11/2023,27/10/2023 15:00,27/10/2023,15,16,4,3.85812383,616.313
bounty_madera,30/11/2023,27/10/2023 16:00,27/10/2023,16,17,4,3.478232876,616.564
bounty_madera,30/11/2023,27/10/2023 17:00,27/10/2023,17,18,4,3.166268824,559.885
bounty_madera,30/11/2023,27/10/2023 18:00,27/10/2023,18,19,4,3.71920208,536.673
bounty_madera,30/11/2023,27/10/2023 19:00,27/10/2023,19,20,4,3.531460236,518.271
bounty_madera,30/11/2023,27/10/2023 20:00,27/10/2023,20,21,4,3.700431243,486.366
bounty_madera,30/11/2023,27/10/2023 21:00,27/10/2023,21,22,4,7.193653728,487.847
bounty_madera,30/11/2023,27/10/2023 22:00,27/10/2023,22,23,4,4.91565466,459.543
bounty_madera,30/11/2023,27/10/2023 23:00,27/10/2023,23,24,4,3.716339116,470.673
bounty_madera,30/11/2023,28/10/2023 0:00,28/10/2023,0,1,5,3.971666802,454.398
bounty_madera,30/11/2023,28/10/2023 1:00,28/10/2023,1,2,5,3.945162498,421.179
bounty_madera,30/11/2023,28/10/2023 2:00,28/10/2023,2,3,5,4.172524013,384.987
bounty_madera,30/11/2023,28/10/2023 3:00,28/10/2023,3,4,5,3.798655624,397.031
bounty_madera,30/11/2023,28/10/2023 4:00,28/10/2023,4,5,5,3.77823439,423.805
bounty_madera,30/11/2023,28/10/2023 5:00,28/10/2023,5,6,5,3.458420549,446.135
bounty_madera,30/11/2023,28/10/2023 6:00,28/10/2023,6,7,5,3.15001918,482.378
bounty_madera,30/11/2023,28/10/2023 7:00,28/10/2023,7,8,5,2.911360118,551.531
bounty_madera,30/11/2023,28/10/2023 8:00,28/10/2023,8,9,5,3.586475252,586.506
bounty_madera,30/11/2023,28/10/2023 9:00,28/10/2023,9,10,5,3.985936729,585.74
bounty_madera,30/11/2023,28/10/2023 10:00,28/10/2023,10,11,5,4.379761666,604.74
bounty_madera,30/11/2023,28/10/2023 11:00,28/10/2023,11,12,5,4.051431411,586.59
bounty_madera,30/11/2023,28/10/2023 12:00,28/10/2023,12,13,5,3.760104751,589.923
bounty_madera,30/11/2023,28/10/2023 13:00,28/10/2023,13,14,5,4.600677524,600.587
bounty_madera,30/11/2023,28/10/2023 14:00,28/10/2023,14,15,5,4.143123349,598.92
bounty_madera,30/11/2023,28/10/2023 15:00,28/10/2023,15,16,5,4.28656829,588.632
bounty_madera,30/11/2023,28/10/2023 16:00,28/10/2023,16,17,5,5.348786218,597.387
bounty_madera,30/11/2023,28/10/2023 17:00,28/10/2023,17,18,5,4.055812463,543.341
bounty_madera,30/11/2023,28/10/2023 18:00,28/10/2023,18,19,5,4.16686719,522.245
bounty_madera,30/11/2023,28/10/2023 19:00,28/10/2023,19,20,5,3.905989932,495.219
bounty_madera,30/11/2023,28/10/2023 20:00,28/10/2023,20,21,5,4.19068687,490.576
bounty_madera,30/11/2023,28/10/2023 21:00,28/10/2023,21,22,5,4.482779979,511.585
bounty_madera,30/11/2023,28/10/2023 22:00,28/10/2023,22,23,5,5.41221704,513.547
bounty_madera,30/11/2023,28/10/2023 23:00,28/10/2023,23,24,5,3.801899343,509.824
bounty_madera,30/11/2023,29/10/2023 0:00,29/10/2023,0,1,6,4.282789306,477.14
bounty_madera,30/11/2023,29/10/2023 1:00,29/10/2023,1,2,6,3.811893937,441.626
bounty_madera,30/11/2023,29/10/2023 2:00,29/10/2023,2,3,6,4.108256774,386.04
bounty_madera,30/11/2023,29/10/2023 3:00,29/10/2023,3,4,6,3.69458534,359.303
bounty_madera,30/11/2023,29/10/2023 4:00,29/10/2023,4,5,6,3.572772548,359.57
bounty_madera,30/11/2023,29/10/2023 5:00,29/10/2023,5,6,6,3.313688669,361.218
bounty_madera,30/11/2023,29/10/2023 6:00,29/10/2023,6,7,6,2.618134311,387.484
bounty_madera,30/11/2023,29/10/2023 7:00,29/10/2023,7,8,6,2.374993945,521.086
bounty_madera,30/11/2023,29/10/2023 8:00,29/10/2023,8,9,6,2.886318803,559.782
bounty_madera,30/11/2023,29/10/2023 9:00,29/10/2023,9,10,6,3.6330809,596.408
bounty_madera,30/11/2023,29/10/2023 10:00,29/10/2023,10,11,6,4.015088358,599.445
bounty_madera,30/11/2023,29/10/2023 11:00,29/10/2023,11,12,6,3.690804892,564.665
bounty_madera,30/11/2023,29/10/2023 12:00,29/10/2023,12,13,6,3.785757772,588.375
bounty_madera,30/11/2023,29/10/2023 13:00,29/10/2023,13,14,6,4.143035279,596.906
bounty_madera,30/11/2023,29/10/2023 14:00,29/10/2023,14,15,6,3.798199835,582.851
bounty_madera,30/11/2023,29/10/2023 15:00,29/10/2023,15,16,6,3.754679057,575.013
bounty_madera,30/11/2023,29/10/2023 16:00,29/10/2023,16,17,6,3.801713661,578.491
bounty_madera,30/11/2023,29/10/2023 17:00,29/10/2023,17,18,6,4.067309845,538.039
bounty_madera,30/11/2023,29/10/2023 18:00,29/10/2023,18,19,6,4.354861666,492.232
bounty_madera,30/11/2023,29/10/2023 19:00,29/10/2023,19,20,6,4.331315015,471.513
bounty_madera,30/11/2023,29/10/2023 20:00,29/10/2023,20,21,6,4.030033634,475.355
bounty_madera,30/11/2023,29/10/2023 21:00,29/10/2023,21,22,6,4.067831005,495.291
bounty_madera,30/11/2023,29/10/2023 22:00,29/10/2023,22,23,6,3.600021388,481.468
bounty_madera,30/11/2023,29/10/2023 23:00,29/10/2023,23,24,6,3.445580449,428.469
bounty_madera,30/11/2023,30/10/2023 0:00,30/10/2023,0,1,0,3.330556348,346.497
bounty_madera,30/11/2023,30/10/2023 1:00,30/10/2023,1,2,0,3.187863128,311.211
bounty_madera,30/11/2023,30/10/2023 2:00,30/10/2023,2,3,0,2.847682638,295.789
bounty_madera,30/11/2023,30/10/2023 3:00,30/10/2023,3,4,0,2.73360014,309.573
bounty_madera,30/11/2023,30/10/2023 4:00,30/10/2023,4,5,0,2.752827083,316.638
bounty_madera,30/11/2023,30/10/2023 5:00,30/10/2023,5,6,0,2.015777359,325.223
bounty_madera,30/11/2023,30/10/2023 6:00,30/10/2023,6,7,0,0.675019733,351.493
bounty_madera,30/11/2023,30/10/2023 7:00,30/10/2023,7,8,0,1.050890186,491.765
bounty_madera,30/11/2023,30/10/2023 8:00,30/10/2023,8,9,0,0.14959821,544.062
bounty_madera,30/11/2023,30/10/2023 9:00,30/10/2023,9,10,0,0.828736725,578.572
bounty_madera,30/11/2023,30/10/2023 10:00,30/10/2023,10,11,0,2.073384259,593.224
bounty_madera,30/11/2023,30/10/2023 11:00,30/10/2023,11,12,0,0.525618299,564.716
bounty_madera,30/11/2023,30/10/2023 12:00,30/10/2023,12,13,0,2.245499549,591.608
bounty_madera,30/11/2023,30/10/2023 13:00,30/10/2023,13,14,0,2.683154132,604.027
bounty_madera,30/11/2023,30/10/2023 14:00,30/10/2023,14,15,0,2.740752218,593.146
bounty_madera,30/11/2023,30/10/2023 15:00,30/10/2023,15,16,0,2.722627416,580.198
bounty_madera,30/11/2023,30/10/2023 16:00,30/10/2023,16,17,0,2.681257807,573.67
bounty_madera,30/11/2023,30/10/2023 17:00,30/10/2023,17,18,0,2.78686385,533.967
bounty_madera,30/11/2023,30/10/2023 18:00,30/10/2023,18,19,0,3.670330748,515.967
bounty_madera,30/11/2023,30/10/2023 19:00,30/10/2023,19,20,0,2.998115308,510.243
bounty_madera,30/11/2023,30/10/2023 20:00,30/10/2023,20,21,0,3.04550086,515.953
bounty_madera,30/11/2023,30/10/2023 21:00,30/10/2023,21,22,0,3.585847314,516.466
bounty_madera,30/11/2023,30/10/2023 22:00,30/10/2023,22,23,0,3.443968983,484.52
bounty_madera,30/11/2023,30/10/2023 23:00,30/10/2023,23,24,0,3.25154122,425.133
bounty_madera,30/11/2023,31/10/2023 0:00,31/10/2023,0,1,1,2.901892717,381.566
bounty_madera,30/11/2023,31/10/2023 1:00,31/10/2023,1,2,1,2.724724387,322.651
bounty_madera,30/11/2023,31/10/2023 2:00,31/10/2023,2,3,1,2.656281065,312.917
bounty_madera,30/11/2023,31/10/2023 3:00,31/10/2023,3,4,1,2.644651068,294.713
bounty_madera,30/11/2023,31/10/2023 4:00,31/10/2023,4,5,1,2.433753928,305.093
bounty_madera,30/11/2023,31/10/2023 5:00,31/10/2023,5,6,1,2.146021038,319.57
bounty_madera,30/11/2023,31/10/2023 6:00,31/10/2023,6,7,1,0.57100676,339.35
bounty_madera,30/11/2023,31/10/2023 7:00,31/10/2023,7,8,1,2.088058059,476.847
bounty_madera,30/11/2023,31/10/2023 8:00,31/10/2023,8,9,1,3.434323895,552.17
bounty_madera,30/11/2023,31/10/2023 9:00,31/10/2023,9,10,1,3.13403233,563.986
bounty_madera,30/11/2023,31/10/2023 10:00,31/10/2023,10,11,1,3.334875496,601.159
bounty_madera,30/11/2023,31/10/2023 11:00,31/10/2023,11,12,1,3.433401301,590.029
bounty_madera,30/11/2023,31/10/2023 12:00,31/10/2023,12,13,1,3.392655761,590.999
bounty_madera,30/11/2023,31/10/2023 13:00,31/10/2023,13,14,1,3.913926732,600.516
bounty_madera,30/11/2023,31/10/2023 14:00,31/10/2023,14,15,1,3.187730629,595.263
bounty_madera,30/11/2023,31/10/2023 15:00,31/10/2023,15,16,1,3.683611389,584.707
bounty_madera,30/11/2023,31/10/2023 16:00,31/10/2023,16,17,1,3.907069279,582.348
bounty_madera,30/11/2023,31/10/2023 17:00,31/10/2023,17,18,1,3.707817374,547.676
bounty_madera,30/11/2023,31/10/2023 18:00,31/10/2023,18,19,1,3.570695235,531.304
bounty_madera,30/11/2023,31/10/2023 19:00,31/10/2023,19,20,1,3.131591748,490.179
bounty_madera,30/11/2023,31/10/2023 20:00,31/10/2023,20,21,1,3.524089209,480.516
bounty_madera,30/11/2023,31/10/2023 21:00,31/10/2023,21,22,1,6.240924751,477.142
bounty_madera,30/11/2023,31/10/2023 22:00,31/10/2023,22,23,1,5.957410421,477.259
bounty_madera,30/11/2023,31/10/2023 23:00,31/10/2023,23,24,1,3.461228926,483.126
bounty_madera,30/11/2023,01/11/2023 0:00,01/11/2023,0,1,2,3.086371079,472.074
bounty_madera,30/11/2023,01/11/2023 1:00,01/11/2023,1,2,2,2.767381409,422.4
bounty_madera,30/11/2023,01/11/2023 2:00,01/11/2023,2,3,2,2.786950402,395.425
bounty_madera,30/11/2023,01/11/2023 3:00,01/11/2023,3,4,2,2.733783032,400.315
bounty_madera,30/11/2023,01/11/2023 4:00,01/11/2023,4,5,2,2.928771091,423.132
bounty_madera,30/11/2023,01/11/2023 5:00,01/11/2023,5,6,2,2.751540562,443.306
bounty_madera,30/11/2023,01/11/2023 6:00,01/11/2023,6,7,2,1.924933645,472.517
bounty_madera,30/11/2023,01/11/2023 7:00,01/11/2023,7,8,2,0.088597265,490.334
bounty_madera,30/11/2023,01/11/2023 8:00,01/11/2023,8,9,2,-0.495933429,513.441
bounty_madera,30/11/2023,01/11/2023 9:00,01/11/2023,9,10,2,-0.345195281,542.656
bounty_madera,30/11/2023,01/11/2023 10:00,01/11/2023,10,11,2,1.736989511,565.631
bounty_madera,30/11/2023,01/11/2023 11:00,01/11/2023,11,12,2,1.594120153,531.041
bounty_madera,30/11/2023,01/11/2023 12:00,01/11/2023,12,13,2,2.117040571,564.853
bounty_madera,30/11/2023,01/11/2023 13:00,01/11/2023,13,14,2,2.643321879,590.26
bounty_madera,30/11/2023,01/11/2023 14:00,01/11/2023,14,15,2,2.369804513,579.753
bounty_madera,30/11/2023,01/11/2023 15:00,01/11/2023,15,16,2,2.209008234,556.151
bounty_madera,30/11/2023,01/11/2023 16:00,01/11/2023,16,17,2,2.506881602,566.613
bounty_madera,30/11/2023,01/11/2023 17:00,01/11/2023,17,18,2,3.353009114,538.277
bounty_madera,30/11/2023,01/11/2023 18:00,01/11/2023,18,19,2,2.944525587,503.384
bounty_madera,30/11/2023,01/11/2023 19:00,01/11/2023,19,20,2,2.443722577,466.208
bounty_madera,30/11/2023,01/11/2023 20:00,01/11/2023,20,21,2,2.446221574,428.476
bounty_madera,30/11/2023,01/11/2023 21:00,01/11/2023,21,22,2,3.214407588,410.654
bounty_madera,30/11/2023,01/11/2023 22:00,01/11/2023,22,23,2,3.055371118,409.093
bounty_madera,30/11/2023,01/11/2023 23:00,01/11/2023,23,24,2,3.229674815,426.312
bounty_madera,30/11/2023,02/11/2023 0:00,02/11/2023,0,1,3,2.624596149,396.541
bounty_madera,30/11/2023,02/11/2023 1:00,02/11/2023,1,2,3,2.698103744,362.956
bounty_madera,30/11/2023,02/11/2023 2:00,02/11/2023,2,3,3,2.763531495,352.174
bounty_madera,30/11/2023,02/11/2023 3:00,02/11/2023,3,4,3,2.733363381,312.274
bounty_madera,30/11/2023,02/11/2023 4:00,02/11/2023,4,5,3,2.957690148,310.822
bounty_madera,30/11/2023,02/11/2023 5:00,02/11/2023,5,6,3,1.481647613,335.803
bounty_madera,30/11/2023,02/11/2023 6:00,02/11/2023,6,7,3,1.805611897,382.343
bounty_madera,30/11/2023,02/11/2023 7:00,02/11/2023,7,8,3,2.385847337,481.567
bounty_madera,30/11/2023,02/11/2023 8:00,02/11/2023,8,9,3,2.470745912,566.207
bounty_madera,30/11/2023,02/11/2023 9:00,02/11/2023,9,10,3,2.524576863,582.095
bounty_madera,30/11/2023,02/11/2023 10:00,02/11/2023,10,11,3,2.610066861,580.982
bounty_madera,30/11/2023,02/11/2023 11:00,02/11/2023,11,12,3,2.749799837,576.757
bounty_madera,30/11/2023,02/11/2023 12:00,02/11/2023,12,13,3,2.897692027,597.425
bounty_madera,30/11/2023,02/11/2023 13:00,02/11/2023,13,14,3,3.374837372,599.511
bounty_madera,30/11/2023,02/11/2023 14:00,02/11/2023,14,15,3,3.037334586,595.094
bounty_madera,30/11/2023,02/11/2023 15:00,02/11/2023,15,16,3,3.061984728,586.936
bounty_madera,30/11/2023,02/11/2023 16:00,02/11/2023,16,17,3,3.402475781,600.867
bounty_madera,30/11/2023,02/11/2023 17:00,02/11/2023,17,18,3,4.331238893,586.584
bounty_madera,30/11/2023,02/11/2023 18:00,02/11/2023,18,19,3,3.989715163,558.305
bounty_madera,30/11/2023,02/11/2023 19:00,02/11/2023,19,20,3,3.717869022,539.149
bounty_madera,30/11/2023,02/11/2023 20:00,02/11/2023,20,21,3,3.919870082,527.844
bounty_madera,30/11/2023,02/11/2023 21:00,02/11/2023,21,22,3,4.250549678,515.093
bounty_madera,30/11/2023,02/11/2023 22:00,02/11/2023,22,23,3,5.145208187,502.38
bounty_madera,30/11/2023,02/11/2023 23:00,02/11/2023,23,24,3,3.685047693,435.859
bounty_madera,30/11/2023,03/11/2023 0:00,03/11/2023,0,1,4,3.488354301,420.188
bounty_madera,30/11/2023,03/11/2023 1:00,03/11/2023,1,2,4,3.35244794,388.951
bounty_madera,30/11/2023,03/11/2023 2:00,03/11/2023,2,3,4,3.242998698,361.132
bounty_madera,30/11/2023,03/11/2023 3:00,03/11/2023,3,4,4,3.059399337,364.161
bounty_madera,30/11/2023,03/11/2023 4:00,03/11/2023,4,5,4,3.061988151,377.179
bounty_madera,30/11/2023,03/11/2023 5:00,03/11/2023,5,6,4,3.283118127,361.275
bounty_madera,30/11/2023,03/11/2023 6:00,03/11/2023,6,7,4,2.543427829,384.901
bounty_madera,30/11/2023,03/11/2023 7:00,03/11/2023,7,8,4,3.36326285,496.956
bounty_madera,30/11/2023,03/11/2023 8:00,03/11/2023,8,9,4,4.191645835,560.075
bounty_madera,30/11/2023,03/11/2023 9:00,03/11/2023,9,10,4,4.205515728,598.734
bounty_madera,30/11/2023,03/11/2023 10:00,03/11/2023,10,11,4,4.50770125,619.483
bounty_madera,30/11/2023,03/11/2023 11:00,03/11/2023,11,12,4,4.341218038,583.716
bounty_madera,30/11/2023,03/11/2023 12:00,03/11/2023,12,13,4,4.314097548,606.423
bounty_madera,30/11/2023,03/11/2023 13:00,03/11/2023,13,14,4,5.580929804,625.634
bounty_madera,30/11/2023,03/11/2023 14:00,03/11/2023,14,15,4,4.703141377,623.724
bounty_madera,30/11/2023,03/11/2023 15:00,03/11/2023,15,16,4,5.001697872,611.828
bounty_madera,30/11/2023,03/11/2023 16:00,03/11/2023,16,17,4,7.012983042,620.278
bounty_madera,30/11/2023,03/11/2023 17:00,03/11/2023,17,18,4,6.448866569,593.464
bounty_madera,30/11/2023,03/11/2023 18:00,03/11/2023,18,19,4,7.567731992,568.247
bounty_madera,30/11/2023,03/11/2023 19:00,03/11/2023,19,20,4,4.621083433,520.805
bounty_madera,30/11/2023,03/11/2023 20:00,03/11/2023,20,21,4,6.244003594,518.764
bounty_madera,30/11/2023,03/11/2023 21:00,03/11/2023,21,22,4,9.626975679,519.703
bounty_madera,30/11/2023,03/11/2023 22:00,03/11/2023,22,23,4,5.950115748,512.975
bounty_madera,30/11/2023,03/11/2023 23:00,03/11/2023,23,24,4,4.859809772,511.015
bounty_madera,30/11/2023,04/11/2023 0:00,04/11/2023,0,1,5,3.806948201,488.397
bounty_madera,30/11/2023,04/11/2023 1:00,04/11/2023,1,2,5,3.777188445,470.505
bounty_madera,30/11/2023,04/11/2023 2:00,04/11/2023,2,3,5,3.5904688,446.914
bounty_madera,30/11/2023,04/11/2023 3:00,04/11/2023,3,4,5,3.480356323,430.05
bounty_madera,30/11/2023,04/11/2023 4:00,04/11/2023,4,5,5,3.498951163,421.186
bounty_madera,30/11/2023,04/11/2023 5:00,04/11/2023,5,6,5,3.598887824,414.082
bounty_madera,30/11/2023,04/11/2023 6:00,04/11/2023,6,7,5,3.128520188,436.027
bounty_madera,30/11/2023,04/11/2023 7:00,04/11/2023,7,8,5,2.969830211,488.372
bounty_madera,30/11/2023,04/11/2023 8:00,04/11/2023,8,9,5,3.659533236,577.654
bounty_madera,30/11/2023,04/11/2023 9:00,04/11/2023,9,10,5,3.593705324,583.124
bounty_madera,30/11/2023,04/11/2023 10:00,04/11/2023,10,11,5,4.234115152,588.738
bounty_madera,30/11/2023,04/11/2023 11:00,04/11/2023,11,12,5,4.05166343,575.912
bounty_madera,30/11/2023,04/11/2023 12:00,04/11/2023,12,13,5,3.895275908,590.726
bounty_madera,30/11/2023,04/11/2023 13:00,04/11/2023,13,14,5,4.569185232,604.061
bounty_madera,30/11/2023,04/11/2023 14:00,04/11/2023,14,15,5,4.193814174,596.496
bounty_madera,30/11/2023,04/11/2023 15:00,04/11/2023,15,16,5,4.201775738,590.641
bounty_madera,30/11/2023,04/11/2023 16:00,04/11/2023,16,17,5,5.544841983,596.568
bounty_madera,30/11/2023,04/11/2023 17:00,04/11/2023,17,18,5,5.51277277,595.788
bounty_madera,30/11/2023,04/11/2023 18:00,04/11/2023,18,19,5,5.010149938,534.354
bounty_madera,30/11/2023,04/11/2023 19:00,04/11/2023,19,20,5,4.235625419,480.115
bounty_madera,30/11/2023,04/11/2023 20:00,04/11/2023,20,21,5,4.596734806,468.284
bounty_madera,30/11/2023,04/11/2023 21:00,04/11/2023,21,22,5,8.414941596,490.842
bounty_madera,30/11/2023,04/11/2023 22:00,04/11/2023,22,23,5,7.365898809,505.411
bounty_madera,30/11/2023,04/11/2023 23:00,04/11/2023,23,24,5,6.490291698,505.972
bounty_madera,30/11/2023,05/11/2023 0:00,05/11/2023,0,1,6,3.779615683,490.665
bounty_madera,30/11/2023,05/11/2023 1:00,05/11/2023,1,2,6,3.901401053,456.59
bounty_madera,30/11/2023,05/11/2023 2:00,05/11/2023,2,3,6,4.250148749,447.821
bounty_madera,30/11/2023,05/11/2023 3:00,05/11/2023,3,4,6,3.812529908,439.87
bounty_madera,30/11/2023,05/11/2023 4:00,05/11/2023,4,5,6,3.885340352,437.195
bounty_madera,30/11/2023,05/11/2023 5:00,05/11/2023,5,6,6,3.6002759,440.592
bounty_madera,30/11/2023,05/11/2023 6:00,05/11/2023,6,7,6,3.356061243,463.609
bounty_madera,30/11/2023,05/11/2023 7:00,05/11/2023,7,8,6,3.594898811,530.125
bounty_madera,30/11/2023,05/11/2023 8:00,05/11/2023,8,9,6,3.65004791,590.831
bounty_madera,30/11/2023,05/11/2023 9:00,05/11/2023,9,10,6,4.093194619,598.68
bounty_madera,30/11/2023,05/11/2023 10:00,05/11/2023,10,11,6,4.530289947,613.326
bounty_madera,30/11/2023,05/11/2023 11:00,05/11/2023,11,12,6,4.471585913,586.979
bounty_madera,30/11/2023,05/11/2023 12:00,05/11/2023,12,13,6,3.97844007,625.888
bounty_madera,30/11/2023,05/11/2023 13:00,05/11/2023,13,14,6,4.328709634,639.443
bounty_madera,30/11/2023,05/11/2023 14:00,05/11/2023,14,15,6,3.830093593,636.136
bounty_madera,30/11/2023,05/11/2023 15:00,05/11/2023,15,16,6,3.774377324,608.42
bounty_madera,30/11/2023,05/11/2023 16:00,05/11/2023,16,17,6,4.366787874,615.811
bounty_madera,30/11/2023,05/11/2023 17:00,05/11/2023,17,18,6,5.809033255,582.02
bounty_madera,30/11/2023,05/11/2023 18:00,05/11/2023,18,19,6,8.764674807,554.445
bounty_madera,30/11/2023,05/11/2023 19:00,05/11/2023,19,20,6,5.000904178,516.176
bounty_madera,30/11/2023,05/11/2023 20:00,05/11/2023,20,21,6,5.346871763,510.678
bounty_madera,30/11/2023,05/11/2023 21:00,05/11/2023,21,22,6,12.31952973,512.501
bounty_madera,30/11/2023,05/11/2023 22:00,05/11/2023,22,23,6,6.559601788,511.788
bounty_madera,30/11/2023,05/11/2023 23:00,05/11/2023,23,24,6,4.049788426,498.844
bounty_madera,30/11/2023,06/11/2023 0:00,06/11/2023,0,1,0,3.494543432,479.925
bounty_madera,30/11/2023,06/11/2023 1:00,06/11/2023,1,2,0,3.455586299,436.552
bounty_madera,30/11/2023,06/11/2023 2:00,06/11/2023,2,3,0,3.424156319,415.647
bounty_madera,30/11/2023,06/11/2023 3:00,06/11/2023,3,4,0,3.332177425,404.619
bounty_madera,30/11/2023,06/11/2023 4:00,06/11/2023,4,5,0,3.589180847,371.733
bounty_madera,30/11/2023,06/11/2023 5:00,06/11/2023,5,6,0,4.47363959,384.583
bounty_madera,30/11/2023,06/11/2023 6:00,06/11/2023,6,7,0,3.472913384,412.304
bounty_madera,30/11/2023,06/11/2023 7:00,06/11/2023,7,8,0,3.821333076,488.43
bounty_madera,30/11/2023,06/11/2023 8:00,06/11/2023,8,9,0,6.522464436,528.053
bounty_madera,30/11/2023,06/11/2023 9:00,06/11/2023,9,10,0,5.41422066,584.708
bounty_madera,30/11/2023,06/11/2023 10:00,06/11/2023,10,11,0,10.98402077,596.982
bounty_madera,30/11/2023,06/11/2023 11:00,06/11/2023,11,12,0,10.46013085,580.104
bounty_madera,30/11/2023,06/11/2023 12:00,06/11/2023,12,13,0,10.43930776,602.02
bounty_madera,30/11/2023,06/11/2023 13:00,06/11/2023,13,14,0,16.44453562,619.778
bounty_madera,30/11/2023,06/11/2023 14:00,06/11/2023,14,15,0,10.80745353,607.588
bounty_madera,30/11/2023,06/11/2023 15:00,06/11/2023,15,16,0,7.420677847,591.578
bounty_madera,30/11/2023,06/11/2023 16:00,06/11/2023,16,17,0,7.822921773,610.234
bounty_madera,30/11/2023,06/11/2023 17:00,06/11/2023,17,18,0,5.320825541,608.567
bounty_madera,30/11/2023,06/11/2023 18:00,06/11/2023,18,19,0,9.583080609,578.314
bounty_madera,30/11/2023,06/11/2023 19:00,06/11/2023,19,20,0,5.448624963,515.501
bounty_madera,30/11/2023,06/11/2023 20:00,06/11/2023,20,21,0,5.66268959,500.69
bounty_madera,30/11/2023,06/11/2023 21:00,06/11/2023,21,22,0,13.2146891,500.534
bounty_madera,30/11/2023,06/11/2023 22:00,06/11/2023,22,23,0,6.998561805,515.714
bounty_madera,30/11/2023,06/11/2023 23:00,06/11/2023,23,24,0,5.052830549,515.016
bounty_madera,30/11/2023,07/11/2023 0:00,07/11/2023,0,1,1,4.253976817,490.845
bounty_madera,30/11/2023,07/11/2023 1:00,07/11/2023,1,2,1,3.942650238,427.266
bounty_madera,30/11/2023,07/11/2023 2:00,07/11/2023,2,3,1,3.440102097,387.968
bounty_madera,30/11/2023,07/11/2023 3:00,07/11/2023,3,4,1,3.507977817,377.53
bounty_madera,30/11/2023,07/11/2023 4:00,07/11/2023,4,5,1,4.064431635,383.111
bounty_madera,30/11/2023,07/11/2023 5:00,07/11/2023,5,6,1,3.668929146,395.435
bounty_madera,30/11/2023,07/11/2023 6:00,07/11/2023,6,7,1,2.853619343,416.04
bounty_madera,30/11/2023,07/11/2023 7:00,07/11/2023,7,8,1,3.429921124,512.627
bounty_madera,30/11/2023,07/11/2023 8:00,07/11/2023,8,9,1,4.182068066,551.662
bounty_madera,30/11/2023,07/11/2023 9:00,07/11/2023,9,10,1,3.87764645,570.595
bounty_madera,30/11/2023,07/11/2023 10:00,07/11/2023,10,11,1,4.950613832,578.979
bounty_madera,30/11/2023,07/11/2023 11:00,07/11/2023,11,12,1,4.148966674,550.898
bounty_madera,30/11/2023,07/11/2023 12:00,07/11/2023,12,13,1,3.736209727,569.688
bounty_madera,30/11/2023,07/11/2023 13:00,07/11/2023,13,14,1,8.840923305,587.992
bounty_madera,30/11/2023,07/11/2023 14:00,07/11/2023,14,15,1,4.541205752,589.365
bounty_madera,30/11/2023,07/11/2023 15:00,07/11/2023,15,16,1,4.595834539,585.064
bounty_madera,30/11/2023,07/11/2023 16:00,07/11/2023,16,17,1,5.626756037,580.839
bounty_madera,30/11/2023,07/11/2023 17:00,07/11/2023,17,18,1,7.934955748,560.031
bounty_madera,30/11/2023,07/11/2023 18:00,07/11/2023,18,19,1,4.787910318,538.626
bounty_madera,30/11/2023,07/11/2023 19:00,07/11/2023,19,20,1,4.520997785,490.794
bounty_madera,30/11/2023,07/11/2023 20:00,07/11/2023,20,21,1,4.564354631,506.052
bounty_madera,30/11/2023,07/11/2023 21:00,07/11/2023,21,22,1,30.91128396,503.74
bounty_madera,30/11/2023,07/11/2023 22:00,07/11/2023,22,23,1,5.108360955,508.604
bounty_madera,30/11/2023,07/11/2023 23:00,07/11/2023,23,24,1,4.320120426,514.636
bounty_madera,30/11/2023,08/11/2023 0:00,08/11/2023,0,1,2,3.997575157,490.088
bounty_madera,30/11/2023,08/11/2023 1:00,08/11/2023,1,2,2,4.377716515,460.928
bounty_madera,30/11/2023,08/11/2023 2:00,08/11/2023,2,3,2,4.061719839,453.576
bounty_madera,30/11/2023,08/11/2023 3:00,08/11/2023,3,4,2,3.527550527,435.244
bounty_madera,30/11/2023,08/11/2023 4:00,08/11/2023,4,5,2,3.76860808,440.864
bounty_madera,30/11/2023,08/11/2023 5:00,08/11/2023,5,6,2,3.932943317,447.182
bounty_madera,30/11/2023,08/11/2023 6:00,08/11/2023,6,7,2,3.536009022,479.009
bounty_madera,30/11/2023,08/11/2023 7:00,08/11/2023,7,8,2,3.832756982,530.129
bounty_madera,30/11/2023,08/11/2023 8:00,08/11/2023,8,9,2,4.400609639,563.14
bounty_madera,30/11/2023,08/11/2023 9:00,08/11/2023,9,10,2,9.743653368,585.579
bounty_madera,30/11/2023,08/11/2023 10:00,08/11/2023,10,11,2,7.681525608,613.977
bounty_madera,30/11/2023,08/11/2023 11:00,08/11/2023,11,12,2,4.408996771,575.354
bounty_madera,30/11/2023,08/11/2023 12:00,08/11/2023,12,13,2,5.026001256,608.947
bounty_madera,30/11/2023,08/11/2023 13:00,08/11/2023,13,14,2,12.79904033,623.308
bounty_madera,30/11/2023,08/11/2023 14:00,08/11/2023,14,15,2,5.876385088,619.978
bounty_madera,30/11/2023,08/11/2023 15:00,08/11/2023,15,16,2,4.60448604,602.036
bounty_madera,30/11/2023,08/11/2023 16:00,08/11/2023,16,17,2,4.573599858,610.335
bounty_madera,30/11/2023,08/11/2023 17:00,08/11/2023,17,18,2,9.002693117,588.688
bounty_madera,30/11/2023,08/11/2023 18:00,08/11/2023,18,19,2,6.890723604,561.999
bounty_madera,30/11/2023,08/11/2023 19:00,08/11/2023,19,20,2,4.535841384,525.224
bounty_madera,30/11/2023,08/11/2023 20:00,08/11/2023,20,21,2,4.496155515,527.431
bounty_madera,30/11/2023,08/11/2023 21:00,08/11/2023,21,22,2,8.846277465,523.453
bounty_madera,30/11/2023,08/11/2023 22:00,08/11/2023,22,23,2,4.452898437,472.035
bounty_madera,30/11/2023,08/11/2023 23:00,08/11/2023,23,24,2,4.143228007,450.248
bounty_madera,30/11/2023,09/11/2023 0:00,09/11/2023,0,1,3,4.322085263,409.508
bounty_madera,30/11/2023,09/11/2023 1:00,09/11/2023,1,2,3,4.457106391,342.106
bounty_madera,30/11/2023,09/11/2023 2:00,09/11/2023,2,3,3,4.519401278,338.788
bounty_madera,30/11/2023,09/11/2023 3:00,09/11/2023,3,4,3,4.282677526,344.854
bounty_madera,30/11/2023,09/11/2023 4:00,09/11/2023,4,5,3,3.774774386,345.497
bounty_madera,30/11/2023,09/11/2023 5:00,09/11/2023,5,6,3,4.255885638,351.912
bounty_madera,30/11/2023,09/11/2023 6:00,09/11/2023,6,7,3,3.033435629,401.079
bounty_madera,30/11/2023,09/11/2023 7:00,09/11/2023,7,8,3,3.336083132,511.557
bounty_madera,30/11/2023,09/11/2023 8:00,09/11/2023,8,9,3,4.183654047,563.609
bounty_madera,30/11/2023,09/11/2023 9:00,09/11/2023,9,10,3,4.684275391,580.604
bounty_madera,30/11/2023,09/11/2023 10:00,09/11/2023,10,11,3,5.935869043,596.568
bounty_madera,30/11/2023,09/11/2023 11:00,09/11/2023,11,12,3,4.386014842,577.047
bounty_madera,30/11/2023,09/11/2023 12:00,09/11/2023,12,13,3,4.556610817,599.475
bounty_madera,30/11/2023,09/11/2023 13:00,09/11/2023,13,14,3,11.62422647,622.667
bounty_madera,30/11/2023,09/11/2023 14:00,09/11/2023,14,15,3,5.219409033,633.733
bounty_madera,30/11/2023,09/11/2023 15:00,09/11/2023,15,16,3,5.31344297,604.099
bounty_madera,30/11/2023,09/11/2023 16:00,09/11/2023,16,17,3,10.36062942,612.171
bounty_madera,30/11/2023,09/11/2023 17:00,09/11/2023,17,18,3,8.979683568,602.87
bounty_madera,30/11/2023,09/11/2023 18:00,09/11/2023,18,19,3,5.612640724,537.289
bounty_madera,30/11/2023,09/11/2023 19:00,09/11/2023,19,20,3,4.730374557,488.893
bounty_madera,30/11/2023,09/11/2023 20:00,09/11/2023,20,21,3,4.927790905,497.532
bounty_madera,30/11/2023,09/11/2023 21:00,09/11/2023,21,22,3,25.42025647,474.168
bounty_madera,30/11/2023,09/11/2023 22:00,09/11/2023,22,23,3,9.051162311,451.34
bounty_madera,30/11/2023,09/11/2023 23:00,09/11/2023,23,24,3,6.755523496,400.444
bounty_madera,30/11/2023,10/11/2023 0:00,10/11/2023,0,1,4,4.392170472,342.154
bounty_madera,30/11/2023,10/11/2023 1:00,10/11/2023,1,2,4,4.30995508,304.152
bounty_madera,30/11/2023,10/11/2023 2:00,10/11/2023,2,3,4,4.304348445,312.677
bounty_madera,30/11/2023,10/11/2023 3:00,10/11/2023,3,4,4,3.972487011,302.51
bounty_madera,30/11/2023,10/11/2023 4:00,10/11/2023,4,5,4,4.367198696,334.402
bounty_madera,30/11/2023,10/11/2023 5:00,10/11/2023,5,6,4,3.995474981,347.446
bounty_madera,30/11/2023,10/11/2023 6:00,10/11/2023,6,7,4,3.38290537,396.249
bounty_madera,30/11/2023,10/11/2023 7:00,10/11/2023,7,8,4,3.651973747,491.317
bounty_madera,30/11/2023,10/11/2023 8:00,10/11/2023,8,9,4,4.333302343,548.978
bounty_madera,30/11/2023,10/11/2023 9:00,10/11/2023,9,10,4,4.865904484,582.985
bounty_madera,30/11/2023,10/11/2023 10:00,10/11/2023,10,11,4,5.3266689,608.455
bounty_madera,30/11/2023,10/11/2023 11:00,10/11/2023,11,12,4,5.844507516,588.243
bounty_madera,30/11/2023,10/11/2023 12:00,10/11/2023,12,13,4,6.499293946,601.961
bounty_madera,30/11/2023,10/11/2023 13:00,10/11/2023,13,14,4,11.19251012,601.339
bounty_madera,30/11/2023,10/11/2023 14:00,10/11/2023,14,15,4,8.55654909,613.865
bounty_madera,30/11/2023,10/11/2023 15:00,10/11/2023,15,16,4,5.423517706,599.487
bounty_madera,30/11/2023,10/11/2023 16:00,10/11/2023,16,17,4,5.842311886,602.426
bounty_madera,30/11/2023,10/11/2023 17:00,10/11/2023,17,18,4,7.376767564,578.558
bounty_madera,30/11/2023,10/11/2023 18:00,10/11/2023,18,19,4,5.795341581,565.003
bounty_madera,30/11/2023,10/11/2023 19:00,10/11/2023,19,20,4,4.769702264,526.062
bounty_madera,30/11/2023,10/11/2023 20:00,10/11/2023,20,21,4,4.900894167,525.573
bounty_madera,30/11/2023,10/11/2023 21:00,10/11/2023,21,22,4,25.83825421,519.609
bounty_madera,30/11/2023,10/11/2023 22:00,10/11/2023,22,23,4,6.894283279,512.66
bounty_madera,30/11/2023,10/11/2023 23:00,10/11/2023,23,24,4,6.776595496,500.174
bounty_madera,30/11/2023,11/11/2023 0:00,11/11/2023,0,1,5,4.515595288,452.546
bounty_madera,30/11/2023,11/11/2023 1:00,11/11/2023,1,2,5,4.506137436,387.803
bounty_madera,30/11/2023,11/11/2023 2:00,11/11/2023,2,3,5,4.472766171,351.969
bounty_madera,30/11/2023,11/11/2023 3:00,11/11/2023,3,4,5,3.64776829,329.722
bounty_madera,30/11/2023,11/11/2023 4:00,11/11/2023,4,5,5,3.251178384,326.18
bounty_madera,30/11/2023,11/11/2023 5:00,11/11/2023,5,6,5,3.409904532,39.833
bounty_madera,30/11/2023,11/11/2023 6:00,11/11/2023,6,7,5,3.048321106,0
bounty_madera,30/11/2023,11/11/2023 7:00,11/11/2023,7,8,5,3.566342935,194.927
bounty_madera,30/11/2023,11/11/2023 8:00,11/11/2023,8,9,5,3.443605471,576.222
bounty_madera,30/11/2023,11/11/2023 9:00,11/11/2023,9,10,5,4.162555673,579.461
bounty_madera,30/11/2023,11/11/2023 10:00,11/11/2023,10,11,5,4.422679041,601.402
bounty_madera,30/11/2023,11/11/2023 11:00,11/11/2023,11,12,5,3.600276679,566.671
bounty_madera,30/11/2023,11/11/2023 12:00,11/11/2023,12,13,5,3.405560273,579.218
bounty_madera,30/11/2023,11/11/2023 13:00,11/11/2023,13,14,5,4.45569029,610.062
bounty_madera,30/11/2023,11/11/2023 14:00,11/11/2023,14,15,5,4.542836873,594.956
bounty_madera,30/11/2023,11/11/2023 15:00,11/11/2023,15,16,5,4.514916516,595.311
bounty_madera,30/11/2023,11/11/2023 16:00,11/11/2023,16,17,5,4.511937255,588.194
bounty_madera,30/11/2023,11/11/2023 17:00,11/11/2023,17,18,5,5.15017481,508.284
bounty_madera,30/11/2023,11/11/2023 18:00,11/11/2023,18,19,5,5.184175803,22.352
bounty_madera,30/11/2023,11/11/2023 19:00,11/11/2023,19,20,5,4.695194263,497.136
bounty_madera,30/11/2023,11/11/2023 20:00,11/11/2023,20,21,5,4.871860452,481.351
bounty_madera,30/11/2023,11/11/2023 21:00,11/11/2023,21,22,5,9.286962356,490.863
bounty_madera,30/11/2023,11/11/2023 22:00,11/11/2023,22,23,5,4.482942134,478.329
bounty_madera,30/11/2023,11/11/2023 23:00,11/11/2023,23,24,5,4.477098197,441.807
bounty_madera,30/11/2023,12/11/2023 0:00,12/11/2023,0,1,6,4.093993126,393.196
bounty_madera,30/11/2023,12/11/2023 1:00,12/11/2023,1,2,6,3.507980204,348.87
bounty_madera,30/11/2023,12/11/2023 2:00,12/11/2023,2,3,6,3.482198302,323.481
bounty_madera,30/11/2023,12/11/2023 3:00,12/11/2023,3,4,6,3.530503212,320.36
bounty_madera,30/11/2023,12/11/2023 4:00,12/11/2023,4,5,6,3.29117835,333.565
bounty_madera,30/11/2023,12/11/2023 5:00,12/11/2023,5,6,6,2.678798006,332.909
bounty_madera,30/11/2023,12/11/2023 6:00,12/11/2023,6,7,6,2.312317106,368.932
bounty_madera,30/11/2023,12/11/2023 7:00,12/11/2023,7,8,6,2.350364349,489.291
bounty_madera,30/11/2023,12/11/2023 8:00,12/11/2023,8,9,6,2.578618884,559.958
bounty_madera,30/11/2023,12/11/2023 9:00,12/11/2023,9,10,6,2.691608455,575.496
bounty_madera,30/11/2023,12/11/2023 10:00,12/11/2023,10,11,6,3.325886401,584.93
bounty_madera,30/11/2023,12/11/2023 11:00,12/11/2023,11,12,6,3.320913657,561.919
bounty_madera,30/11/2023,12/11/2023 12:00,12/11/2023,12,13,6,3.458663443,578.888
bounty_madera,30/11/2023,12/11/2023 13:00,12/11/2023,13,14,6,3.843409002,594.368
bounty_madera,30/11/2023,12/11/2023 14:00,12/11/2023,14,15,6,4.397102041,592.473
bounty_madera,30/11/2023,12/11/2023 15:00,12/11/2023,15,16,6,3.832527881,568.978
bounty_madera,30/11/2023,12/11/2023 16:00,12/11/2023,16,17,6,3.723958268,579.348
bounty_madera,30/11/2023,12/11/2023 17:00,12/11/2023,17,18,6,7.722221436,568.389
bounty_madera,30/11/2023,12/11/2023 18:00,12/11/2023,18,19,6,4.583948219,538.914
bounty_madera,30/11/2023,12/11/2023 19:00,12/11/2023,19,20,6,4.509758491,503.711
bounty_madera,30/11/2023,12/11/2023 20:00,12/11/2023,20,21,6,4.559536508,504.421
bounty_madera,30/11/2023,12/11/2023 21:00,12/11/2023,21,22,6,7.137169552,514.851
bounty_madera,30/11/2023,12/11/2023 22:00,12/11/2023,22,23,6,4.480720789,502.715
bounty_madera,30/11/2023,12/11/2023 23:00,12/11/2023,23,24,6,3.991070025,504.799
bounty_madera,30/11/2023,13/11/2023 0:00,13/11/2023,0,1,0,3.376882088,470.55
bounty_madera,30/11/2023,13/11/2023 1:00,13/11/2023,1,2,0,3.25093449,399.357
bounty_madera,30/11/2023,13/11/2023 2:00,13/11/2023,2,3,0,2.947953773,356.36
bounty_madera,30/11/2023,13/11/2023 3:00,13/11/2023,3,4,0,2.873965313,330.18
bounty_madera,30/11/2023,13/11/2023 4:00,13/11/2023,4,5,0,3.15653655,327.266
bounty_madera,30/11/2023,13/11/2023 5:00,13/11/2023,5,6,0,3.443589676,332.136
bounty_madera,30/11/2023,13/11/2023 6:00,13/11/2023,6,7,0,2.107446813,368.722
bounty_madera,30/11/2023,13/11/2023 7:00,13/11/2023,7,8,0,2.783375808,478.15
bounty_madera,30/11/2023,13/11/2023 8:00,13/11/2023,8,9,0,4.258912871,555.972
bounty_madera,30/11/2023,13/11/2023 9:00,13/11/2023,9,10,0,3.924255488,576.043
bounty_madera,30/11/2023,13/11/2023 10:00,13/11/2023,10,11,0,4.312967958,592.951
bounty_madera,30/11/2023,13/11/2023 11:00,13/11/2023,11,12,0,4.426783699,566.538
bounty_madera,30/11/2023,13/11/2023 12:00,13/11/2023,12,13,0,3.871712168,591.759
bounty_madera,30/11/2023,13/11/2023 13:00,13/11/2023,13,14,0,5.77058572,599.143
bounty_madera,30/11/2023,13/11/2023 14:00,13/11/2023,14,15,0,4.768761853,581.089
bounty_madera,30/11/2023,13/11/2023 15:00,13/11/2023,15,16,0,4.818195028,569.735
bounty_madera,30/11/2023,13/11/2023 16:00,13/11/2023,16,17,0,4.784519816,582.049
bounty_madera,30/11/2023,13/11/2023 17:00,13/11/2023,17,18,0,4.508573777,557.968
bounty_madera,30/11/2023,13/11/2023 18:00,13/11/2023,18,19,0,4.788036681,548.75
bounty_madera,30/11/2023,13/11/2023 19:00,13/11/2023,19,20,0,4.558211982,497.905
bounty_madera,30/11/2023,13/11/2023 20:00,13/11/2023,20,21,0,4.597325528,489.51
bounty_madera,30/11/2023,13/11/2023 21:00,13/11/2023,21,22,0,6.898886133,463.443
bounty_madera,30/11/2023,13/11/2023 22:00,13/11/2023,22,23,0,4.247772037,441.613
bounty_madera,30/11/2023,13/11/2023 23:00,13/11/2023,23,24,0,3.847500652,431.012
bounty_madera,30/11/2023,14/11/2023 0:00,14/11/2023,0,1,1,3.508447706,394.234
bounty_madera,30/11/2023,14/11/2023 1:00,14/11/2023,1,2,1,3.130783359,370.225
bounty_madera,30/11/2023,14/11/2023 2:00,14/11/2023,2,3,1,3.047515291,357.309
bounty_madera,30/11/2023,14/11/2023 3:00,14/11/2023,3,4,1,2.901021086,339.575
bounty_madera,30/11/2023,14/11/2023 4:00,14/11/2023,4,5,1,3.226436287,342.54
bounty_madera,30/11/2023,14/11/2023 5:00,14/11/2023,5,6,1,3.447885229,343.836
bounty_madera,30/11/2023,14/11/2023 6:00,14/11/2023,6,7,1,2.375574017,393.318
bounty_madera,30/11/2023,14/11/2023 7:00,14/11/2023,7,8,1,2.970860075,498.585
bounty_madera,30/11/2023,14/11/2023 8:00,14/11/2023,8,9,1,3.089502511,575.785
bounty_madera,30/11/2023,14/11/2023 9:00,14/11/2023,9,10,1,3.881808959,602.476
bounty_madera,30/11/2023,14/11/2023 10:00,14/11/2023,10,11,1,4.287356977,613.079
bounty_madera,30/11/2023,14/11/2023 11:00,14/11/2023,11,12,1,4.044730993,585.622
bounty_madera,30/11/2023,14/11/2023 12:00,14/11/2023,12,13,1,4.160466517,611.991
bounty_madera,30/11/2023,14/11/2023 13:00,14/11/2023,13,14,1,4.710872856,627.791
bounty_madera,30/11/2023,14/11/2023 14:00,14/11/2023,14,15,1,4.764159146,602.91
bounty_madera,30/11/2023,14/11/2023 15:00,14/11/2023,15,16,1,4.675022402,592.532
bounty_madera,30/11/2023,14/11/2023 16:00,14/11/2023,16,17,1,5.533775921,584.506
bounty_madera,30/11/2023,14/11/2023 17:00,14/11/2023,17,18,1,4.860852987,579.759
bounty_madera,30/11/2023,14/11/2023 18:00,14/11/2023,18,19,1,4.736661155,555.052
bounty_madera,30/11/2023,14/11/2023 19:00,14/11/2023,19,20,1,4.580512116,521.036
bounty_madera,30/11/2023,14/11/2023 20:00,14/11/2023,20,21,1,4.590681697,490.461
bounty_madera,30/11/2023,14/11/2023 21:00,14/11/2023,21,22,1,4.680229909,470.575
bounty_madera,30/11/2023,14/11/2023 22:00,14/11/2023,22,23,1,4.376675366,475.46
bounty_madera,30/11/2023,14/11/2023 23:00,14/11/2023,23,24,1,4.137298495,476.208
bounty_madera,30/11/2023,15/11/2023 0:00,15/11/2023,0,1,2,3.882659825,473.011
bounty_madera,30/11/2023,15/11/2023 1:00,15/11/2023,1,2,2,3.496813253,440.311
bounty_madera,30/11/2023,15/11/2023 2:00,15/11/2023,2,3,2,3.361777794,416.641
bounty_madera,30/11/2023,15/11/2023 3:00,15/11/2023,3,4,2,3.09995914,410.197
bounty_madera,30/11/2023,15/11/2023 4:00,15/11/2023,4,5,2,3.532455721,433.139
bounty_madera,30/11/2023,15/11/2023 5:00,15/11/2023,5,6,2,3.57099467,435.3
bounty_madera,30/11/2023,15/11/2023 6:00,15/11/2023,6,7,2,2.73367944,430.861
bounty_madera,30/11/2023,15/11/2023 7:00,15/11/2023,7,8,2,2.856888553,532.989
bounty_madera,30/11/2023,15/11/2023 8:00,15/11/2023,8,9,2,3.332563851,571.512
bounty_madera,30/11/2023,15/11/2023 9:00,15/11/2023,9,10,2,4.241270729,601.357
bounty_madera,30/11/2023,15/11/2023 10:00,15/11/2023,10,11,2,4.116592992,618.353
bounty_madera,30/11/2023,15/11/2023 11:00,15/11/2023,11,12,2,3.984061635,590.64
bounty_madera,30/11/2023,15/11/2023 12:00,15/11/2023,12,13,2,3.727267193,600.05
bounty_madera,30/11/2023,15/11/2023 13:00,15/11/2023,13,14,2,4.372664575,616.394
bounty_madera,30/11/2023,15/11/2023 14:00,15/11/2023,14,15,2,4.21229272,598.527
bounty_madera,30/11/2023,15/11/2023 15:00,15/11/2023,15,16,2,4.350179721,583.166
bounty_madera,30/11/2023,15/11/2023 16:00,15/11/2023,16,17,2,3.900943305,576.344
bounty_madera,30/11/2023,15/11/2023 17:00,15/11/2023,17,18,2,3.636465061,570.44
bounty_madera,30/11/2023,15/11/2023 18:00,15/11/2023,18,19,2,4.3803448,554.737
bounty_madera,30/11/2023,15/11/2023 19:00,15/11/2023,19,20,2,4.030718496,533.06
bounty_madera,30/11/2023,15/11/2023 20:00,15/11/2023,20,21,2,4.481257731,526.125
bounty_madera,30/11/2023,15/11/2023 21:00,15/11/2023,21,22,2,6.660440705,514.324
bounty_madera,30/11/2023,15/11/2023 22:00,15/11/2023,22,23,2,3.746888515,492.761
bounty_madera,30/11/2023,15/11/2023 23:00,15/11/2023,23,24,2,3.416839075,502.831
bounty_madera,30/11/2023,16/11/2023 0:00,16/11/2023,0,1,3,3.658734418,417.039
bounty_madera,30/11/2023,16/11/2023 1:00,16/11/2023,1,2,3,3.391462677,346.451
bounty_madera,30/11/2023,16/11/2023 2:00,16/11/2023,2,3,3,3.330555124,338.168
bounty_madera,30/11/2023,16/11/2023 3:00,16/11/2023,3,4,3,2.977231279,330.588
bounty_madera,30/11/2023,16/11/2023 4:00,16/11/2023,4,5,3,3.40864169,332.343
bounty_madera,30/11/2023,16/11/2023 5:00,16/11/2023,5,6,3,3.395463914,334.708
bounty_madera,30/11/2023,16/11/2023 6:00,16/11/2023,6,7,3,2.795553307,346.875
bounty_madera,30/11/2023,16/11/2023 7:00,16/11/2023,7,8,3,2.604652619,489.362
bounty_madera,30/11/2023,16/11/2023 8:00,16/11/2023,8,9,3,3.389660343,547.248
bounty_madera,30/11/2023,16/11/2023 9:00,16/11/2023,9,10,3,3.451700283,586.533
bounty_madera,30/11/2023,16/11/2023 10:00,16/11/2023,10,11,3,4.226096399,601.918
bounty_madera,30/11/2023,16/11/2023 11:00,16/11/2023,11,12,3,4.331274411,585.266
bounty_madera,30/11/2023,16/11/2023 12:00,16/11/2023,12,13,3,3.624651521,605.542
bounty_madera,30/11/2023,16/11/2023 13:00,16/11/2023,13,14,3,4.719186182,618.592
bounty_madera,30/11/2023,16/11/2023 14:00,16/11/2023,14,15,3,4.737789951,622.852
bounty_madera,30/11/2023,16/11/2023 15:00,16/11/2023,15,16,3,4.515595624,607.242
bounty_madera,30/11/2023,16/11/2023 16:00,16/11/2023,16,17,3,4.723880162,623.42
bounty_madera,30/11/2023,16/11/2023 17:00,16/11/2023,17,18,3,4.457831693,588.017
bounty_madera,30/11/2023,16/11/2023 18:00,16/11/2023,18,19,3,4.779652861,573.644
bounty_madera,30/11/2023,16/11/2023 19:00,16/11/2023,19,20,3,4.441786432,534.445
bounty_madera,30/11/2023,16/11/2023 20:00,16/11/2023,20,21,3,4.526051029,526.214
bounty_madera,30/11/2023,16/11/2023 21:00,16/11/2023,21,22,3,6.752940024,441.418
bounty_madera,30/11/2023,16/11/2023 22:00,16/11/2023,22,23,3,4.360397397,404.452
bounty_madera,30/11/2023,16/11/2023 23:00,16/11/2023,23,24,3,3.494404633,384.915
bounty_madera,30/11/2023,17/11/2023 0:00,17/11/2023,0,1,4,3.347439731,357.811
bounty_madera,30/11/2023,17/11/2023 1:00,17/11/2023,1,2,4,3.128554939,307.608
bounty_madera,30/11/2023,17/11/2023 2:00,17/11/2023,2,3,4,2.85406604,296.973
bounty_madera,30/11/2023,17/11/2023 3:00,17/11/2023,3,4,4,2.79130433,287.113
bounty_madera,30/11/2023,17/11/2023 4:00,17/11/2023,4,5,4,2.945233769,305.638
bounty_madera,30/11/2023,17/11/2023 5:00,17/11/2023,5,6,4,3.08785441,323.742
bounty_madera,30/11/2023,17/11/2023 6:00,17/11/2023,6,7,4,2.852125854,328.461
bounty_madera,30/11/2023,17/11/2023 7:00,17/11/2023,7,8,4,2.44949217,434.462
bounty_madera,30/11/2023,17/11/2023 8:00,17/11/2023,8,9,4,2.576004817,611.675
bounty_madera,30/11/2023,17/11/2023 9:00,17/11/2023,9,10,4,2.690484994,569.809
bounty_madera,30/11/2023,17/11/2023 10:00,17/11/2023,10,11,4,3.362398501,600.347
bounty_madera,30/11/2023,17/11/2023 11:00,17/11/2023,11,12,4,2.679335995,571.838
bounty_madera,30/11/2023,17/11/2023 12:00,17/11/2023,12,13,4,2.59285909,580.432
bounty_madera,30/11/2023,17/11/2023 13:00,17/11/2023,13,14,4,4.090226876,599.567
bounty_madera,30/11/2023,17/11/2023 14:00,17/11/2023,14,15,4,3.952200404,592.768
bounty_madera,30/11/2023,17/11/2023 15:00,17/11/2023,15,16,4,4.01724859,590.15
bounty_madera,30/11/2023,17/11/2023 16:00,17/11/2023,16,17,4,4.184488527,582.304
bounty_madera,30/11/2023,17/11/2023 17:00,17/11/2023,17,18,4,3.297670637,533.988
bounty_madera,30/11/2023,17/11/2023 18:00,17/11/2023,18,19,4,3.804197687,503.419
bounty_madera,30/11/2023,17/11/2023 19:00,17/11/2023,19,20,4,3.666990755,494.084
bounty_madera,30/11/2023,17/11/2023 20:00,17/11/2023,20,21,4,4.042312934,445.367
bounty_madera,30/11/2023,17/11/2023 21:00,17/11/2023,21,22,4,4.232688131,380.714
bounty_madera,30/11/2023,17/11/2023 22:00,17/11/2023,22,23,4,3.696748188,338.638
bounty_madera,30/11/2023,17/11/2023 23:00,17/11/2023,23,24,4,3.439901456,333.632
bounty_madera,30/11/2023,18/11/2023 0:00,18/11/2023,0,1,5,3.465946333,298.108
bounty_madera,30/11/2023,18/11/2023 1:00,18/11/2023,1,2,5,3.384500599,277.486
bounty_madera,30/11/2023,18/11/2023 2:00,18/11/2023,2,3,5,3.227308958,273.638
bounty_madera,30/11/2023,18/11/2023 3:00,18/11/2023,3,4,5,2.900358843,273.5
bounty_madera,30/11/2023,18/11/2023 4:00,18/11/2023,4,5,5,2.819918338,291.963
bounty_madera,30/11/2023,18/11/2023 5:00,18/11/2023,5,6,5,2.79013459,301.756
bounty_madera,30/11/2023,18/11/2023 6:00,18/11/2023,6,7,5,2.745626534,313.218
bounty_madera,30/11/2023,18/11/2023 7:00,18/11/2023,7,8,5,1.803953828,373.904
bounty_madera,30/11/2023,18/11/2023 8:00,18/11/2023,8,9,5,2.357397469,536.777
bounty_madera,30/11/2023,18/11/2023 9:00,18/11/2023,9,10,5,2.469092914,548.699
bounty_madera,30/11/2023,18/11/2023 10:00,18/11/2023,10,11,5,3.21498907,563.515
bounty_madera,30/11/2023,18/11/2023 11:00,18/11/2023,11,12,5,3.334877957,559.187
bounty_madera,30/11/2023,18/11/2023 12:00,18/11/2023,12,13,5,3.026800714,551.934
bounty_madera,30/11/2023,18/11/2023 13:00,18/11/2023,13,14,5,3.242766931,565.042
bounty_madera,30/11/2023,18/11/2023 14:00,18/11/2023,14,15,5,3.454138694,560.398
bounty_madera,30/11/2023,18/11/2023 15:00,18/11/2023,15,16,5,3.207959208,552.804
bounty_madera,30/11/2023,18/11/2023 16:00,18/11/2023,16,17,5,3.119854154,536.718
bounty_madera,30/11/2023,18/11/2023 17:00,18/11/2023,17,18,5,3.808841915,521.805
bounty_madera,30/11/2023,18/11/2023 18:00,18/11/2023,18,19,5,3.496908665,512.162
bounty_madera,30/11/2023,18/11/2023 19:00,18/11/2023,19,20,5,3.159265251,496.395
bounty_madera,30/11/2023,18/11/2023 20:00,18/11/2023,20,21,5,3.158400903,479.547
bounty_madera,30/11/2023,18/11/2023 21:00,18/11/2023,21,22,5,5.139734363,419.529
bounty_madera,30/11/2023,18/11/2023 22:00,18/11/2023,22,23,5,4.009841827,398.105
bounty_madera,30/11/2023,18/11/2023 23:00,18/11/2023,23,24,5,4.078913186,364.152
bounty_madera,30/11/2023,19/11/2023 0:00,19/11/2023,0,1,6,3.339093106,305.902
bounty_madera,30/11/2023,19/11/2023 1:00,19/11/2023,1,2,6,3.388943678,265.83
bounty_madera,30/11/2023,19/11/2023 2:00,19/11/2023,2,3,6,3.288593303,268.468
bounty_madera,30/11/2023,19/11/2023 3:00,19/11/2023,3,4,6,3.161996602,280.719
bounty_madera,30/11/2023,19/11/2023 4:00,19/11/2023,4,5,6,2.848175793,293.928
bounty_madera,30/11/2023,19/11/2023 5:00,19/11/2023,5,6,6,2.661163716,302.112
bounty_madera,30/11/2023,19/11/2023 6:00,19/11/2023,6,7,6,2.727557004,358.23
bounty_madera,30/11/2023,19/11/2023 7:00,19/11/2023,7,8,6,2.539867637,471.237
bounty_madera,30/11/2023,19/11/2023 8:00,19/11/2023,8,9,6,2.228104131,515.311
bounty_madera,30/11/2023,19/11/2023 9:00,19/11/2023,9,10,6,2.624356275,525.721
bounty_madera,30/11/2023,19/11/2023 10:00,19/11/2023,10,11,6,2.952571489,561.569
bounty_madera,30/11/2023,19/11/2023 11:00,19/11/2023,11,12,6,2.955697092,546.731
bounty_madera,30/11/2023,19/11/2023 12:00,19/11/2023,12,13,6,-12.26823523,576.663
bounty_madera,30/11/2023,19/11/2023 13:00,19/11/2023,13,14,6,-19.32303753,601.118
bounty_madera,30/11/2023,19/11/2023 14:00,19/11/2023,14,15,6,3.006260194,578.558
bounty_madera,30/11/2023,19/11/2023 15:00,19/11/2023,15,16,6,2.948399434,569.756
bounty_madera,30/11/2023,19/11/2023 16:00,19/11/2023,16,17,6,2.889079817,553.701
bounty_madera,30/11/2023,19/11/2023 17:00,19/11/2023,17,18,6,3.691683919,535.642
bounty_madera,30/11/2023,19/11/2023 18:00,19/11/2023,18,19,6,4.403267665,530.972
bounty_madera,30/11/2023,19/11/2023 19:00,19/11/2023,19,20,6,3.395995504,430.738
bounty_madera,30/11/2023,19/11/2023 20:00,19/11/2023,20,21,6,3.358169862,373.851
bounty_madera,30/11/2023,19/11/2023 21:00,19/11/2023,21,22,6,3.542415307,340.154
bounty_madera,30/11/2023,19/11/2023 22:00,19/11/2023,22,23,6,3.58763854,319.384
bounty_madera,30/11/2023,19/11/2023 23:00,19/11/2023,23,24,6,2.932214286,321.177
bounty_madera,30/11/2023,20/11/2023 0:00,20/11/2023,0,1,0,2.469747253,301.274
bounty_madera,30/11/2023,20/11/2023 1:00,20/11/2023,1,2,0,2.474126482,279.668
bounty_madera,30/11/2023,20/11/2023 2:00,20/11/2023,2,3,0,1.4033141,280.232
bounty_madera,30/11/2023,20/11/2023 3:00,20/11/2023,3,4,0,2.374093459,281.202
bounty_madera,30/11/2023,20/11/2023 4:00,20/11/2023,4,5,0,2.907905027,300.015
bounty_madera,30/11/2023,20/11/2023 5:00,20/11/2023,5,6,0,2.600184998,314.4
bounty_madera,30/11/2023,20/11/2023 6:00,20/11/2023,6,7,0,0.16523658,330.808
bounty_madera,30/11/2023,20/11/2023 7:00,20/11/2023,7,8,0,1.879418767,339.445
bounty_madera,30/11/2023,20/11/2023 8:00,20/11/2023,8,9,0,1.476748777,490
bounty_madera,30/11/2023,20/11/2023 9:00,20/11/2023,9,10,0,2.37569568,517.964
bounty_madera,30/11/2023,20/11/2023 10:00,20/11/2023,10,11,0,3.072770688,534.026
bounty_madera,30/11/2023,20/11/2023 11:00,20/11/2023,11,12,0,2.960973394,524.629
bounty_madera,30/11/2023,20/11/2023 12:00,20/11/2023,12,13,0,2.737239751,562.577
bounty_madera,30/11/2023,20/11/2023 13:00,20/11/2023,13,14,0,4.990907465,586.22
bounty_madera,30/11/2023,20/11/2023 14:00,20/11/2023,14,15,0,3.433068422,585.06
bounty_madera,30/11/2023,20/11/2023 15:00,20/11/2023,15,16,0,3.412059275,577.563
bounty_madera,30/11/2023,20/11/2023 16:00,20/11/2023,16,17,0,3.348655922,580.971
bounty_madera,30/11/2023,20/11/2023 17:00,20/11/2023,17,18,0,2.947354242,562.614
bounty_madera,30/11/2023,20/11/2023 18:00,20/11/2023,18,19,0,3.06018822,541.432
bounty_madera,30/11/2023,20/11/2023 19:00,20/11/2023,19,20,0,2.900192126,500.056
bounty_madera,30/11/2023,20/11/2023 20:00,20/11/2023,20,21,0,3.278894997,485.781
bounty_madera,30/11/2023,20/11/2023 21:00,20/11/2023,21,22,0,3.422364476,433
bounty_madera,30/11/2023,20/11/2023 22:00,20/11/2023,22,23,0,3.546285944,374.581
bounty_madera,30/11/2023,20/11/2023 23:00,20/11/2023,23,24,0,3.4439748,330.793
bounty_madera,30/11/2023,21/11/2023 0:00,21/11/2023,0,1,1,3.277290773,306.327
bounty_madera,30/11/2023,21/11/2023 1:00,21/11/2023,1,2,1,3.125050949,287.196
bounty_madera,30/11/2023,21/11/2023 2:00,21/11/2023,2,3,1,3.066222949,271.345
bounty_madera,30/11/2023,21/11/2023 3:00,21/11/2023,3,4,1,1.034482056,271.379
bounty_madera,30/11/2023,21/11/2023 4:00,21/11/2023,4,5,1,3.072003796,287.566
bounty_madera,30/11/2023,21/11/2023 5:00,21/11/2023,5,6,1,3.259341254,314.802
bounty_madera,30/11/2023,21/11/2023 6:00,21/11/2023,6,7,1,2.049347529,324.598
bounty_madera,30/11/2023,21/11/2023 7:00,21/11/2023,7,8,1,0.402470517,377.508
bounty_madera,30/11/2023,21/11/2023 8:00,21/11/2023,8,9,1,2.304969845,509.233
bounty_madera,30/11/2023,21/11/2023 9:00,21/11/2023,9,10,1,2.753064313,532.909
bounty_madera,30/11/2023,21/11/2023 10:00,21/11/2023,10,11,1,2.694412088,569.407
bounty_madera,30/11/2023,21/11/2023 11:00,21/11/2023,11,12,1,3.365907709,549.779
bounty_madera,30/11/2023,21/11/2023 12:00,21/11/2023,12,13,1,1.595539182,568.78
bounty_madera,30/11/2023,21/11/2023 13:00,21/11/2023,13,14,1,2.61222307,591.225
bounty_madera,30/11/2023,21/11/2023 14:00,21/11/2023,14,15,1,3.290141354,587.298
bounty_madera,30/11/2023,21/11/2023 15:00,21/11/2023,15,16,1,2.742385213,574.321
bounty_madera,30/11/2023,21/11/2023 16:00,21/11/2023,16,17,1,3.175351476,579.501
bounty_madera,30/11/2023,21/11/2023 17:00,21/11/2023,17,18,1,3.397312216,556.671
bounty_madera,30/11/2023,21/11/2023 18:00,21/11/2023,18,19,1,3.181378275,553.367
bounty_madera,30/11/2023,21/11/2023 19:00,21/11/2023,19,20,1,2.771844936,500.171
bounty_madera,30/11/2023,21/11/2023 20:00,21/11/2023,20,21,1,4.473875823,424.698
bounty_madera,30/11/2023,21/11/2023 21:00,21/11/2023,21,22,1,12.33543502,380.519
bounty_madera,30/11/2023,21/11/2023 22:00,21/11/2023,22,23,1,4.696443387,355.854
bounty_madera,30/11/2023,21/11/2023 23:00,21/11/2023,23,24,1,3.391249058,335.639
bounty_madera,30/11/2023,22/11/2023 0:00,22/11/2023,0,1,2,2.666602576,313.979
bounty_madera,30/11/2023,22/11/2023 1:00,22/11/2023,1,2,2,2.919417774,287.42
bounty_madera,30/11/2023,22/11/2023 2:00,22/11/2023,2,3,2,2.458318304,277.008
bounty_madera,30/11/2023,22/11/2023 3:00,22/11/2023,3,4,2,2.816654404,282.689
bounty_madera,30/11/2023,22/11/2023 4:00,22/11/2023,4,5,2,3.319194435,292.372
bounty_madera,30/11/2023,22/11/2023 5:00,22/11/2023,5,6,2,3.716599966,323.165
bounty_madera,30/11/2023,22/11/2023 6:00,22/11/2023,6,7,2,-0.981716489,324.945
bounty_madera,30/11/2023,22/11/2023 7:00,22/11/2023,7,8,2,1.658444747,376.153
bounty_madera,30/11/2023,22/11/2023 8:00,22/11/2023,8,9,2,3.084751822,542.803
bounty_madera,30/11/2023,22/11/2023 9:00,22/11/2023,9,10,2,3.307225741,551.56
bounty_madera,30/11/2023,22/11/2023 10:00,22/11/2023,10,11,2,3.337977677,591.856
bounty_madera,30/11/2023,22/11/2023 11:00,22/11/2023,11,12,2,3.628304126,557.446
bounty_madera,30/11/2023,22/11/2023 12:00,22/11/2023,12,13,2,1.953179144,594.802
bounty_madera,30/11/2023,22/11/2023 13:00,22/11/2023,13,14,2,7.430902041,608.803
bounty_madera,30/11/2023,22/11/2023 14:00,22/11/2023,14,15,2,3.54190622,589.146
bounty_madera,30/11/2023,22/11/2023 15:00,22/11/2023,15,16,2,3.802445669,581.495
bounty_madera,30/11/2023,22/11/2023 16:00,22/11/2023,16,17,2,3.636028506,604.779
bounty_madera,30/11/2023,22/11/2023 17:00,22/11/2023,17,18,2,3.424093485,592.693
bounty_madera,30/11/2023,22/11/2023 18:00,22/11/2023,18,19,2,4.909611004,544.585
bounty_madera,30/11/2023,22/11/2023 19:00,22/11/2023,19,20,2,3.399482027,513.87
bounty_madera,30/11/2023,22/11/2023 20:00,22/11/2023,20,21,2,6.055429876,539.831
bounty_madera,30/11/2023,22/11/2023 21:00,22/11/2023,21,22,2,6.248437009,495.904
bounty_madera,30/11/2023,22/11/2023 22:00,22/11/2023,22,23,2,4.204597413,404.241
bounty_madera,30/11/2023,22/11/2023 23:00,22/11/2023,23,24,2,3.461159452,343.522
bounty_madera,30/11/2023,23/11/2023 0:00,23/11/2023,0,1,3,3.547272333,307.886
bounty_madera,30/11/2023,23/11/2023 1:00,23/11/2023,1,2,3,3.410536863,276.229
bounty_madera,30/11/2023,23/11/2023 2:00,23/11/2023,2,3,3,3.033562845,279.22
bounty_madera,30/11/2023,23/11/2023 3:00,23/11/2023,3,4,3,2.707958688,278.688
bounty_madera,30/11/2023,23/11/2023 4:00,23/11/2023,4,5,3,2.399979405,284.982
bounty_madera,30/11/2023,23/11/2023 5:00,23/11/2023,5,6,3,0.984672147,308.154
bounty_madera,30/11/2023,23/11/2023 6:00,23/11/2023,6,7,3,0.891551199,334.581
bounty_madera,30/11/2023,23/11/2023 7:00,23/11/2023,7,8,3,2.838119801,442.495
bounty_madera,30/11/2023,23/11/2023 8:00,23/11/2023,8,9,3,-2.357185707,549.854
bounty_madera,30/11/2023,23/11/2023 9:00,23/11/2023,9,10,3,2.434663631,591.195
bounty_madera,30/11/2023,23/11/2023 10:00,23/11/2023,10,11,3,3.033021473,602.125
bounty_madera,30/11/2023,23/11/2023 11:00,23/11/2023,11,12,3,2.974580355,588.401
bounty_madera,30/11/2023,23/11/2023 12:00,23/11/2023,12,13,3,2.199951878,612.359
bounty_madera,30/11/2023,23/11/2023 13:00,23/11/2023,13,14,3,2.961023654,610.207
bounty_madera,30/11/2023,23/11/2023 14:00,23/11/2023,14,15,3,3.41251768,613.587
bounty_madera,30/11/2023,23/11/2023 15:00,23/11/2023,15,16,3,3.306365888,601.595
bounty_madera,30/11/2023,23/11/2023 16:00,23/11/2023,16,17,3,3.405762242,613.52
bounty_madera,30/11/2023,23/11/2023 17:00,23/11/2023,17,18,3,3.671007025,597.616
bounty_madera,30/11/2023,23/11/2023 18:00,23/11/2023,18,19,3,3.649638445,575.114
bounty_madera,30/11/2023,23/11/2023 19:00,23/11/2023,19,20,3,3.512985964,533.01
bounty_madera,30/11/2023,23/11/2023 20:00,23/11/2023,20,21,3,6.778356384,535.761
bounty_madera,30/11/2023,23/11/2023 21:00,23/11/2023,21,22,3,3.860509006,546.672
bounty_madera,30/11/2023,23/11/2023 22:00,23/11/2023,22,23,3,6.423804647,548.128
bounty_madera,30/11/2023,23/11/2023 23:00,23/11/2023,23,24,3,3.474247215,540.178
bounty_madera,30/11/2023,24/11/2023 0:00,24/11/2023,0,1,4,3.553942423,500.156
bounty_madera,30/11/2023,24/11/2023 1:00,24/11/2023,1,2,4,3.331541961,479.742
bounty_madera,30/11/2023,24/11/2023 2:00,24/11/2023,2,3,4,2.841247556,480.312
bounty_madera,30/11/2023,24/11/2023 3:00,24/11/2023,3,4,4,2.427962628,486.567
bounty_madera,30/11/2023,24/11/2023 4:00,24/11/2023,4,5,4,3.372503278,491.555
bounty_madera,30/11/2023,24/11/2023 5:00,24/11/2023,5,6,4,3.457323962,501.379
bounty_madera,30/11/2023,24/11/2023 6:00,24/11/2023,6,7,4,2.744335426,490.564
bounty_madera,30/11/2023,24/11/2023 7:00,24/11/2023,7,8,4,2.718196984,512.456
bounty_madera,30/11/2023,24/11/2023 8:00,24/11/2023,8,9,4,2.60978707,590.092
bounty_madera,30/11/2023,24/11/2023 9:00,24/11/2023,9,10,4,2.050474771,611.6
bounty_madera,30/11/2023,24/11/2023 10:00,24/11/2023,10,11,4,3.065612845,637.086
bounty_madera,30/11/2023,24/11/2023 11:00,24/11/2023,11,12,4,2.742129671,614.007
bounty_madera,30/11/2023,24/11/2023 12:00,24/11/2023,12,13,4,2.415224491,628.295
bounty_madera,30/11/2023,24/11/2023 13:00,24/11/2023,13,14,4,3.415333685,635.833
bounty_madera,30/11/2023,24/11/2023 14:00,24/11/2023,14,15,4,2.9240874,614.233
bounty_madera,30/11/2023,24/11/2023 15:00,24/11/2023,15,16,4,3.368592535,591.641
bounty_madera,30/11/2023,24/11/2023 16:00,24/11/2023,16,17,4,3.467288222,609.803
bounty_madera,30/11/2023,24/11/2023 17:00,24/11/2023,17,18,4,3.14409884,610.259
bounty_madera,30/11/2023,24/11/2023 18:00,24/11/2023,18,19,4,3.286915294,580.723
bounty_madera,30/11/2023,24/11/2023 19:00,24/11/2023,19,20,4,3.435729782,513.987
bounty_madera,30/11/2023,24/11/2023 20:00,24/11/2023,20,21,4,3.629046373,502.194
bounty_madera,30/11/2023,24/11/2023 21:00,24/11/2023,21,22,4,5.964728122,522.392
bounty_madera,30/11/2023,24/11/2023 22:00,24/11/2023,22,23,4,5.829337661,532.467
bounty_madera,30/11/2023,24/11/2023 23:00,24/11/2023,23,24,4,3.346453305,524.715
bounty_madera,30/11/2023,25/11/2023 0:00,25/11/2023,0,1,5,3.538776825,477.741
bounty_madera,30/11/2023,25/11/2023 1:00,25/11/2023,1,2,5,3.595552188,402.889
bounty_madera,30/11/2023,25/11/2023 2:00,25/11/2023,2,3,5,3.404545592,360.314
bounty_madera,30/11/2023,25/11/2023 3:00,25/11/2023,3,4,5,1.818468535,350.77
bounty_madera,30/11/2023,25/11/2023 4:00,25/11/2023,4,5,5,1.692250116,374.867
bounty_madera,30/11/2023,25/11/2023 5:00,25/11/2023,5,6,5,1.851886358,386.156
bounty_madera,30/11/2023,25/11/2023 6:00,25/11/2023,6,7,5,2.415377771,427.195
bounty_madera,30/11/2023,25/11/2023 7:00,25/11/2023,7,8,5,2.078207913,528.353
bounty_madera,30/11/2023,25/11/2023 8:00,25/11/2023,8,9,5,-0.690573601,524.071
bounty_madera,30/11/2023,25/11/2023 9:00,25/11/2023,9,10,5,2.537686509,573.614
bounty_madera,30/11/2023,25/11/2023 10:00,25/11/2023,10,11,5,2.495453634,589.374
bounty_madera,30/11/2023,25/11/2023 11:00,25/11/2023,11,12,5,2.209945714,579.361
bounty_madera,30/11/2023,25/11/2023 12:00,25/11/2023,12,13,5,1.028846809,606.186
bounty_madera,30/11/2023,25/11/2023 13:00,25/11/2023,13,14,5,2.596462355,616.938
bounty_madera,30/11/2023,25/11/2023 14:00,25/11/2023,14,15,5,3.081947869,594.395
bounty_madera,30/11/2023,25/11/2023 15:00,25/11/2023,15,16,5,3.401155765,595.505
bounty_madera,30/11/2023,25/11/2023 16:00,25/11/2023,16,17,5,3.45104335,577.441
bounty_madera,30/11/2023,25/11/2023 17:00,25/11/2023,17,18,5,4.122231464,563.702
bounty_madera,30/11/2023,25/11/2023 18:00,25/11/2023,18,19,5,3.544442752,538.335
bounty_madera,30/11/2023,25/11/2023 19:00,25/11/2023,19,20,5,3.123993353,507.221
bounty_madera,30/11/2023,25/11/2023 20:00,25/11/2023,20,21,5,6.666228037,476.381
bounty_madera,30/11/2023,25/11/2023 21:00,25/11/2023,21,22,5,3.566211844,467.3
bounty_madera,30/11/2023,25/11/2023 22:00,25/11/2023,22,23,5,3.619918366,462.615
bounty_madera,30/11/2023,25/11/2023 23:00,25/11/2023,23,24,5,2.689755317,435.624
bounty_madera,31/12/2023,26/11/2023 0:00,26/11/2023,0,1,6,2.641540647,388.21
bounty_madera,31/12/2023,26/11/2023 1:00,26/11/2023,1,2,6,2.462459108,349.858
bounty_madera,31/12/2023,26/11/2023 2:00,26/11/2023,2,3,6,2.602478716,331.089
bounty_madera,31/12/2023,26/11/2023 3:00,26/11/2023,3,4,6,0.45967955,321.161
bounty_madera,31/12/2023,26/11/2023 4:00,26/11/2023,4,5,6,-0.001740923,321.967
bounty_madera,31/12/2023,26/11/2023 5:00,26/11/2023,5,6,6,1.70894978,348.935
bounty_madera,31/12/2023,26/11/2023 6:00,26/11/2023,6,7,6,2.231445669,385.463
bounty_madera,31/12/2023,26/11/2023 7:00,26/11/2023,7,8,6,2.288861239,529.529
bounty_madera,31/12/2023,26/11/2023 8:00,26/11/2023,8,9,6,-1.635405605,560.96
bounty_madera,31/12/2023,26/11/2023 9:00,26/11/2023,9,10,6,2.604408405,593.577
bounty_madera,31/12/2023,26/11/2023 10:00,26/11/2023,10,11,6,2.930418476,601.108
bounty_madera,31/12/2023,26/11/2023 11:00,26/11/2023,11,12,6,2.42141205,579.474
bounty_madera,31/12/2023,26/11/2023 12:00,26/11/2023,12,13,6,2.275405438,602.615
bounty_madera,31/12/2023,26/11/2023 13:00,26/11/2023,13,14,6,2.821506031,618.044
bounty_madera,31/12/2023,26/11/2023 14:00,26/11/2023,14,15,6,2.751916875,607.325
bounty_madera,31/12/2023,26/11/2023 15:00,26/11/2023,15,16,6,2.776409626,604.851
bounty_madera,31/12/2023,26/11/2023 16:00,26/11/2023,16,17,6,2.880054626,607.173
bounty_madera,31/12/2023,26/11/2023 17:00,26/11/2023,17,18,6,2.957440937,589.689
bounty_madera,31/12/2023,26/11/2023 18:00,26/11/2023,18,19,6,3.542047505,558.201
bounty_madera,31/12/2023,26/11/2023 19:00,26/11/2023,19,20,6,3.509248139,522.252
bounty_madera,31/12/2023,26/11/2023 20:00,26/11/2023,20,21,6,4.968052522,516.504
bounty_madera,31/12/2023,26/11/2023 21:00,26/11/2023,21,22,6,8.210217983,521.068
bounty_madera,31/12/2023,26/11/2023 22:00,26/11/2023,22,23,6,3.411852525,520.913
bounty_madera,31/12/2023,26/11/2023 23:00,26/11/2023,23,24,6,2.182841243,469.315
bounty_madera,31/12/2023,27/11/2023 0:00,27/11/2023,0,1,0,2.336846787,396.933
bounty_madera,31/12/2023,27/11/2023 1:00,27/11/2023,1,2,0,2.79861605,340.293
bounty_madera,31/12/2023,27/11/2023 2:00,27/11/2023,2,3,0,2.742557315,341.481
bounty_madera,31/12/2023,27/11/2023 3:00,27/11/2023,3,4,0,2.480690556,331.176
bounty_madera,31/12/2023,27/11/2023 4:00,27/11/2023,4,5,0,-6.327624567,339.096
bounty_madera,31/12/2023,27/11/2023 5:00,27/11/2023,5,6,0,-6.419810446,351.267
bounty_madera,31/12/2023,27/11/2023 6:00,27/11/2023,6,7,0,-6.448870727,403.382
bounty_madera,31/12/2023,27/11/2023 7:00,27/11/2023,7,8,0,-5.043690951,536.113
bounty_madera,31/12/2023,27/11/2023 8:00,27/11/2023,8,9,0,-3.624337297,582.392
bounty_madera,31/12/2023,27/11/2023 9:00,27/11/2023,9,10,0,1.236372499,609.164
bounty_madera,31/12/2023,27/11/2023 10:00,27/11/2023,10,11,0,2.944922767,603.995
bounty_madera,31/12/2023,27/11/2023 11:00,27/11/2023,11,12,0,0.527675517,591.622
bounty_madera,31/12/2023,27/11/2023 12:00,27/11/2023,12,13,0,0,606.329
bounty_madera,31/12/2023,27/11/2023 13:00,27/11/2023,13,14,0,3.021136453,626.081
bounty_madera,31/12/2023,27/11/2023 14:00,27/11/2023,14,15,0,3.491781771,623.015
bounty_madera,31/12/2023,27/11/2023 15:00,27/11/2023,15,16,0,3.522076562,614.61
bounty_madera,31/12/2023,27/11/2023 16:00,27/11/2023,16,17,0,4.569124843,613.074
bounty_madera,31/12/2023,27/11/2023 17:00,27/11/2023,17,18,0,3.239016129,584.48
bounty_madera,31/12/2023,27/11/2023 18:00,27/11/2023,18,19,0,3.379345226,550.675
bounty_madera,31/12/2023,27/11/2023 19:00,27/11/2023,19,20,0,3.253712932,525.102
bounty_madera,31/12/2023,27/11/2023 20:00,27/11/2023,20,21,0,4.34121223,527.186
bounty_madera,31/12/2023,27/11/2023 21:00,27/11/2023,21,22,0,6.571882607,534.631
bounty_madera,31/12/2023,27/11/2023 22:00,27/11/2023,22,23,0,3.253456773,547.794
bounty_madera,31/12/2023,27/11/2023 23:00,27/11/2023,23,24,0,3.659762395,538.832
bounty_madera,31/12/2023,28/11/2023 0:00,28/11/2023,0,1,1,3.182314046,504.755
bounty_madera,31/12/2023,28/11/2023 1:00,28/11/2023,1,2,1,1.463623059,395.275
bounty_madera,31/12/2023,28/11/2023 2:00,28/11/2023,2,3,1,2.610284925,378.402
bounty_madera,31/12/2023,28/11/2023 3:00,28/11/2023,3,4,1,2.739338266,403.757
bounty_madera,31/12/2023,28/11/2023 4:00,28/11/2023,4,5,1,3.186755192,402.259
bounty_madera,31/12/2023,28/11/2023 5:00,28/11/2023,5,6,1,3.210817887,436.074
bounty_madera,31/12/2023,28/11/2023 6:00,28/11/2023,6,7,1,1.852886116,438.597
bounty_madera,31/12/2023,28/11/2023 7:00,28/11/2023,7,8,1,2.998729452,541.112
bounty_madera,31/12/2023,28/11/2023 8:00,28/11/2023,8,9,1,2.697231753,594.56
bounty_madera,31/12/2023,28/11/2023 9:00,28/11/2023,9,10,1,3.421303934,620.634
bounty_madera,31/12/2023,28/11/2023 10:00,28/11/2023,10,11,1,3.871978322,621.349
bounty_madera,31/12/2023,28/11/2023 11:00,28/11/2023,11,12,1,4.104381379,601.44
bounty_madera,31/12/2023,28/11/2023 12:00,28/11/2023,12,13,1,3.462653072,619.894
bounty_madera,31/12/2023,28/11/2023 13:00,28/11/2023,13,14,1,7.742878798,645.783
bounty_madera,31/12/2023,28/11/2023 14:00,28/11/2023,14,15,1,4.533994714,631.484
bounty_madera,31/12/2023,28/11/2023 15:00,28/11/2023,15,16,1,5.002846198,635.502
bounty_madera,31/12/2023,28/11/2023 16:00,28/11/2023,16,17,1,4.507382699,637.942
bounty_madera,31/12/2023,28/11/2023 17:00,28/11/2023,17,18,1,5.32854575,620.004
bounty_madera,31/12/2023,28/11/2023 18:00,28/11/2023,18,19,1,4.814867424,581.062
bounty_madera,31/12/2023,28/11/2023 19:00,28/11/2023,19,20,1,4.16493305,516.533
bounty_madera,31/12/2023,28/11/2023 20:00,28/11/2023,20,21,1,5.425809015,514.722
bounty_madera,31/12/2023,28/11/2023 21:00,28/11/2023,21,22,1,8.454131259,513.476
bounty_madera,31/12/2023,28/11/2023 22:00,28/11/2023,22,23,1,4.054311007,522.131
bounty_madera,31/12/2023,28/11/2023 23:00,28/11/2023,23,24,1,3.536599833,524.1
bounty_madera,31/12/2023,29/11/2023 0:00,29/11/2023,0,1,2,3.364530717,508.527
bounty_madera,31/12/2023,29/11/2023 1:00,29/11/2023,1,2,2,3.299639628,481.598
bounty_madera,31/12/2023,29/11/2023 2:00,29/11/2023,2,3,2,3.015298248,481.492
bounty_madera,31/12/2023,29/11/2023 3:00,29/11/2023,3,4,2,2.109126355,488.061
bounty_madera,31/12/2023,29/11/2023 4:00,29/11/2023,4,5,2,3.01732929,463.009
bounty_madera,31/12/2023,29/11/2023 5:00,29/11/2023,5,6,2,3.482810439,455.797
bounty_madera,31/12/2023,29/11/2023 6:00,29/11/2023,6,7,2,2.039803326,447.922
bounty_madera,31/12/2023,29/11/2023 7:00,29/11/2023,7,8,2,3.127659333,465.93
bounty_madera,31/12/2023,29/11/2023 8:00,29/11/2023,8,9,2,3.358263669,562.078
bounty_madera,31/12/2023,29/11/2023 9:00,29/11/2023,9,10,2,3.728214837,609.16
bounty_madera,31/12/2023,29/11/2023 10:00,29/11/2023,10,11,2,4.478938809,613.18
bounty_madera,31/12/2023,29/11/2023 11:00,29/11/2023,11,12,2,4.157999507,605.586
bounty_madera,31/12/2023,29/11/2023 12:00,29/11/2023,12,13,2,4.457146043,633.356
bounty_madera,31/12/2023,29/11/2023 13:00,29/11/2023,13,14,2,10.72348343,637.425
bounty_madera,31/12/2023,29/11/2023 14:00,29/11/2023,14,15,2,9.481202446,629.462
bounty_madera,31/12/2023,29/11/2023 15:00,29/11/2023,15,16,2,4.199456611,626.094
bounty_madera,31/12/2023,29/11/2023 16:00,29/11/2023,16,17,2,5.197494036,631.343
bounty_madera,31/12/2023,29/11/2023 17:00,29/11/2023,17,18,2,8.161173921,605.743
bounty_madera,31/12/2023,29/11/2023 18:00,29/11/2023,18,19,2,5.145173086,563.161
bounty_madera,31/12/2023,29/11/2023 19:00,29/11/2023,19,20,2,4.020033252,541.044
bounty_madera,31/12/2023,29/11/2023 20:00,29/11/2023,20,21,2,6.478336452,528.38
bounty_madera,31/12/2023,29/11/2023 21:00,29/11/2023,21,22,2,10.38396339,530.864
bounty_madera,31/12/2023,29/11/2023 22:00,29/11/2023,22,23,2,4.670929639,526.504
bounty_madera,31/12/2023,29/11/2023 23:00,29/11/2023,23,24,2,3.428456613,511.716
bounty_madera,31/12/2023,30/11/2023 0:00,30/11/2023,0,1,3,3.367874956,467.384
bounty_madera,31/12/2023,30/11/2023 1:00,30/11/2023,1,2,3,3.387394714,475.424
bounty_madera,31/12/2023,30/11/2023 2:00,30/11/2023,2,3,3,2.734499751,454.944
bounty_madera,31/12/2023,30/11/2023 3:00,30/11/2023,3,4,3,2.7469022,420.111
bounty_madera,31/12/2023,30/11/2023 4:00,30/11/2023,4,5,3,2.792775018,430.782
bounty_madera,31/12/2023,30/11/2023 5:00,30/11/2023,5,6,3,3.341663564,424.033
bounty_madera,31/12/2023,30/11/2023 6:00,30/11/2023,6,7,3,2.707876461,485.441
bounty_madera,31/12/2023,30/11/2023 7:00,30/11/2023,7,8,3,3.570581025,548.52
bounty_madera,31/12/2023,30/11/2023 8:00,30/11/2023,8,9,3,3.914986842,587.714
bounty_madera,31/12/2023,30/11/2023 9:00,30/11/2023,9,10,3,1.71474779,623.796
bounty_madera,31/12/2023,30/11/2023 10:00,30/11/2023,10,11,3,3.15760817,618.329
bounty_madera,31/12/2023,30/11/2023 11:00,30/11/2023,11,12,3,3.550047209,599.121
bounty_madera,31/12/2023,30/11/2023 12:00,30/11/2023,12,13,3,3.334891192,630.574
bounty_madera,31/12/2023,30/11/2023 13:00,30/11/2023,13,14,3,3.953841569,641.106
bounty_madera,31/12/2023,30/11/2023 14:00,30/11/2023,14,15,3,4.029182067,632.895
bounty_madera,31/12/2023,30/11/2023 15:00,30/11/2023,15,16,3,3.898319336,623.082
bounty_madera,31/12/2023,30/11/2023 16:00,30/11/2023,16,17,3,6.131471908,641.664
bounty_madera,31/12/2023,30/11/2023 17:00,30/11/2023,17,18,3,6.904182218,623.262
bounty_madera,31/12/2023,30/11/2023 18:00,30/11/2023,18,19,3,6.403018351,584.69
bounty_madera,31/12/2023,30/11/2023 19:00,30/11/2023,19,20,3,4.275008787,542.704
bounty_madera,31/12/2023,30/11/2023 20:00,30/11/2023,20,21,3,10.55431385,543.569
bounty_madera,31/12/2023,30/11/2023 21:00,30/11/2023,21,22,3,9.541473843,546.307
bounty_madera,31/12/2023,30/11/2023 22:00,30/11/2023,22,23,3,7.00028263,548.714
bounty_madera,31/12/2023,30/11/2023 23:00,30/11/2023,23,24,3,4.426445712,534.118
bounty_madera,31/12/2023,01/12/2023 0:00,01/12/2023,0,1,4,3.409523847,508.877
bounty_madera,31/12/2023,01/12/2023 1:00,01/12/2023,1,2,4,3.281544469,483.1
bounty_madera,31/12/2023,01/12/2023 2:00,01/12/2023,2,3,4,2.838182868,441.663
bounty_madera,31/12/2023,01/12/2023 3:00,01/12/2023,3,4,4,2.794798694,406.35
bounty_madera,31/12/2023,01/12/2023 4:00,01/12/2023,4,5,4,3.179547606,423.118
bounty_madera,31/12/2023,01/12/2023 5:00,01/12/2023,5,6,4,3.402762366,442.365
bounty_madera,31/12/2023,01/12/2023 6:00,01/12/2023,6,7,4,2.845903929,493.427
bounty_madera,31/12/2023,01/12/2023 7:00,01/12/2023,7,8,4,4.173073293,559.847
bounty_madera,31/12/2023,01/12/2023 8:00,01/12/2023,8,9,4,3.884852684,530.499
bounty_madera,31/12/2023,01/12/2023 9:00,01/12/2023,9,10,4,3.278278258,0
bounty_madera,31/12/2023,01/12/2023 10:00,01/12/2023,10,11,4,4.094742373,0
bounty_madera,31/12/2023,01/12/2023 11:00,01/12/2023,11,12,4,3.43483769,0
bounty_madera,31/12/2023,01/12/2023 12:00,01/12/2023,12,13,4,2.481718538,0
bounty_madera,31/12/2023,01/12/2023 13:00,01/12/2023,13,14,4,4.121011743,0
bounty_madera,31/12/2023,01/12/2023 14:00,01/12/2023,14,15,4,6.474179755,205.288
bounty_madera,31/12/2023,01/12/2023 15:00,01/12/2023,15,16,4,4.723505989,615.712
bounty_madera,31/12/2023,01/12/2023 16:00,01/12/2023,16,17,4,3.633339767,622.627
bounty_madera,31/12/2023,01/12/2023 17:00,01/12/2023,17,18,4,3.075747728,602.714
bounty_madera,31/12/2023,01/12/2023 18:00,01/12/2023,18,19,4,3.451361335,566.79
bounty_madera,31/12/2023,01/12/2023 19:00,01/12/2023,19,20,4,2.607401719,528.514
bounty_madera,31/12/2023,01/12/2023 20:00,01/12/2023,20,21,4,7.903205194,538.851
bounty_madera,31/12/2023,01/12/2023 21:00,01/12/2023,21,22,4,4.305225871,543.863
bounty_madera,31/12/2023,01/12/2023 22:00,01/12/2023,22,23,4,3.284934693,544.911
bounty_madera,31/12/2023,01/12/2023 23:00,01/12/2023,23,24,4,7.576119265,493.196
bounty_madera,31/12/2023,02/12/2023 0:00,02/12/2023,0,1,5,3.299519712,414.171
bounty_madera,31/12/2023,02/12/2023 1:00,02/12/2023,1,2,5,1.543429629,371.315
bounty_madera,31/12/2023,02/12/2023 2:00,02/12/2023,2,3,5,2.074755374,359.747
bounty_madera,31/12/2023,02/12/2023 3:00,02/12/2023,3,4,5,3.881853145,367.868
bounty_madera,31/12/2023,02/12/2023 4:00,02/12/2023,4,5,5,0.554086631,392.869
bounty_madera,31/12/2023,02/12/2023 5:00,02/12/2023,5,6,5,2.528476256,396.418
bounty_madera,31/12/2023,02/12/2023 6:00,02/12/2023,6,7,5,2.235841578,420.171
bounty_madera,31/12/2023,02/12/2023 7:00,02/12/2023,7,8,5,2.185458026,545
bounty_madera,31/12/2023,02/12/2023 8:00,02/12/2023,8,9,5,2.71091008,574.494
bounty_madera,31/12/2023,02/12/2023 9:00,02/12/2023,9,10,5,10.2534433,581.27
bounty_madera,31/12/2023,02/12/2023 10:00,02/12/2023,10,11,5,3.458785905,577.299
bounty_madera,31/12/2023,02/12/2023 11:00,02/12/2023,11,12,5,3.009667672,570.607
bounty_madera,31/12/2023,02/12/2023 12:00,02/12/2023,12,13,5,2.892991332,593.337
bounty_madera,31/12/2023,02/12/2023 13:00,02/12/2023,13,14,5,3.744135447,613.128
bounty_madera,31/12/2023,02/12/2023 14:00,02/12/2023,14,15,5,3.612965133,603.607
bounty_madera,31/12/2023,02/12/2023 15:00,02/12/2023,15,16,5,3.50078517,599.31
bounty_madera,31/12/2023,02/12/2023 16:00,02/12/2023,16,17,5,3.171563747,598.448
bounty_madera,31/12/2023,02/12/2023 17:00,02/12/2023,17,18,5,6.829308607,563.177
bounty_madera,31/12/2023,02/12/2023 18:00,02/12/2023,18,19,5,6.624016695,544.957
bounty_madera,31/12/2023,02/12/2023 19:00,02/12/2023,19,20,5,3.420973768,485.596
bounty_madera,31/12/2023,02/12/2023 20:00,02/12/2023,20,21,5,5.380668306,436.695
bounty_madera,31/12/2023,02/12/2023 21:00,02/12/2023,21,22,5,6.408772914,378.937
bounty_madera,31/12/2023,02/12/2023 22:00,02/12/2023,22,23,5,3.313603045,348.03
bounty_madera,31/12/2023,02/12/2023 23:00,02/12/2023,23,24,5,2.726785472,349.046
bounty_madera,31/12/2023,03/12/2023 0:00,03/12/2023,0,1,6,2.931766378,307.227
bounty_madera,31/12/2023,03/12/2023 1:00,03/12/2023,1,2,6,3.068621706,280.378
bounty_madera,31/12/2023,03/12/2023 2:00,03/12/2023,2,3,6,3.405213676,285.158
bounty_madera,31/12/2023,03/12/2023 3:00,03/12/2023,3,4,6,2.998500485,282.781
bounty_madera,31/12/2023,03/12/2023 4:00,03/12/2023,4,5,6,2.267416858,298.788
bounty_madera,31/12/2023,03/12/2023 5:00,03/12/2023,5,6,6,3.144793128,309.187
bounty_madera,31/12/2023,03/12/2023 6:00,03/12/2023,6,7,6,4.345376461,333.137
bounty_madera,31/12/2023,03/12/2023 7:00,03/12/2023,7,8,6,1.353381012,457.741
bounty_madera,31/12/2023,03/12/2023 8:00,03/12/2023,8,9,6,0.728055593,557.806
bounty_madera,31/12/2023,03/12/2023 9:00,03/12/2023,9,10,6,1.315131324,573.732
bounty_madera,31/12/2023,03/12/2023 10:00,03/12/2023,10,11,6,3.243390481,584.867
bounty_madera,31/12/2023,03/12/2023 11:00,03/12/2023,11,12,6,3.455526314,564.001
bounty_madera,31/12/2023,03/12/2023 12:00,03/12/2023,12,13,6,2.191231286,605.661
bounty_madera,31/12/2023,03/12/2023 13:00,03/12/2023,13,14,6,0.608167471,631.675
bounty_madera,31/12/2023,03/12/2023 14:00,03/12/2023,14,15,6,2.849739911,604.988
bounty_madera,31/12/2023,03/12/2023 15:00,03/12/2023,15,16,6,6.559721294,615.352
bounty_madera,31/12/2023,03/12/2023 16:00,03/12/2023,16,17,6,2.861068485,603.146
bounty_madera,31/12/2023,03/12/2023 17:00,03/12/2023,17,18,6,9.902193988,599.758
bounty_madera,31/12/2023,03/12/2023 18:00,03/12/2023,18,19,6,5.513460829,547.603
bounty_madera,31/12/2023,03/12/2023 19:00,03/12/2023,19,20,6,4.11542716,522.679
bounty_madera,31/12/2023,03/12/2023 20:00,03/12/2023,20,21,6,4.149320798,495.776
bounty_madera,31/12/2023,03/12/2023 21:00,03/12/2023,21,22,6,4.000654497,491.669
bounty_madera,31/12/2023,03/12/2023 22:00,03/12/2023,22,23,6,3.537846733,481.096
bounty_madera,31/12/2023,03/12/2023 23:00,03/12/2023,23,24,6,1.671129474,468.637
bounty_madera,31/12/2023,04/12/2023 0:00,04/12/2023,0,1,0,2.137795462,385.187
bounty_madera,31/12/2023,04/12/2023 1:00,04/12/2023,1,2,0,1.746248163,334.993
bounty_madera,31/12/2023,04/12/2023 2:00,04/12/2023,2,3,0,0.025454279,317.139
bounty_madera,31/12/2023,04/12/2023 3:00,04/12/2023,3,4,0,-0.001229896,344.354
bounty_madera,31/12/2023,04/12/2023 4:00,04/12/2023,4,5,0,1.252952264,397.762
bounty_madera,31/12/2023,04/12/2023 5:00,04/12/2023,5,6,0,3.639791567,448.602
bounty_madera,31/12/2023,04/12/2023 6:00,04/12/2023,6,7,0,2.986205382,492.362
bounty_madera,31/12/2023,04/12/2023 7:00,04/12/2023,7,8,0,3.032535,525.491
bounty_madera,31/12/2023,04/12/2023 8:00,04/12/2023,8,9,0,3.223107789,579.579
bounty_madera,31/12/2023,04/12/2023 9:00,04/12/2023,9,10,0,3.145951293,608.118
bounty_madera,31/12/2023,04/12/2023 10:00,04/12/2023,10,11,0,3.706138448,620.762
bounty_madera,31/12/2023,04/12/2023 11:00,04/12/2023,11,12,0,3.056442127,594.894
bounty_madera,31/12/2023,04/12/2023 12:00,04/12/2023,12,13,0,2.629968581,618.373
bounty_madera,31/12/2023,04/12/2023 13:00,04/12/2023,13,14,0,4.34711354,634.015
bounty_madera,31/12/2023,04/12/2023 14:00,04/12/2023,14,15,0,4.14054612,627.412
bounty_madera,31/12/2023,04/12/2023 15:00,04/12/2023,15,16,0,7.782175623,622.003
bounty_madera,31/12/2023,04/12/2023 16:00,04/12/2023,16,17,0,10.94718791,625.906
bounty_madera,31/12/2023,04/12/2023 17:00,04/12/2023,17,18,0,7.08024676,595.867
bounty_madera,31/12/2023,04/12/2023 18:00,04/12/2023,18,19,0,5.902378601,559.702
bounty_madera,31/12/2023,04/12/2023 19:00,04/12/2023,19,20,0,4.181537654,491.56
bounty_madera,31/12/2023,04/12/2023 20:00,04/12/2023,20,21,0,3.895829022,458.296
bounty_madera,31/12/2023,04/12/2023 21:00,04/12/2023,21,22,0,9.436935494,396.785
bounty_madera,31/12/2023,04/12/2023 22:00,04/12/2023,22,23,0,3.178231468,362.478
bounty_madera,31/12/2023,04/12/2023 23:00,04/12/2023,23,24,0,3.447364472,349.852
bounty_madera,31/12/2023,05/12/2023 0:00,05/12/2023,0,1,1,3.065945196,339.443
bounty_madera,31/12/2023,05/12/2023 1:00,05/12/2023,1,2,1,3.254529422,308.188
bounty_madera,31/12/2023,05/12/2023 2:00,05/12/2023,2,3,1,3.497999225,313.652
bounty_madera,31/12/2023,05/12/2023 3:00,05/12/2023,3,4,1,3.358060667,323.047
bounty_madera,31/12/2023,05/12/2023 4:00,05/12/2023,4,5,1,3.550407385,360.549
bounty_madera,31/12/2023,05/12/2023 5:00,05/12/2023,5,6,1,3.863682692,368.967
bounty_madera,31/12/2023,05/12/2023 6:00,05/12/2023,6,7,1,3.089735487,370.679
bounty_madera,31/12/2023,05/12/2023 7:00,05/12/2023,7,8,1,1.908794038,431.378
bounty_madera,31/12/2023,05/12/2023 8:00,05/12/2023,8,9,1,3.977111994,574.72
bounty_madera,31/12/2023,05/12/2023 9:00,05/12/2023,9,10,1,3.701247838,606.639
bounty_madera,31/12/2023,05/12/2023 10:00,05/12/2023,10,11,1,7.255211881,628.188
bounty_madera,31/12/2023,05/12/2023 11:00,05/12/2023,11,12,1,3.784226538,617.92
bounty_madera,31/12/2023,05/12/2023 12:00,05/12/2023,12,13,1,3.59341057,624.724
bounty_madera,31/12/2023,05/12/2023 13:00,05/12/2023,13,14,1,10.2043536,653.811
bounty_madera,31/12/2023,05/12/2023 14:00,05/12/2023,14,15,1,10.87988942,632.235
bounty_madera,31/12/2023,05/12/2023 15:00,05/12/2023,15,16,1,9.290998786,631.36
bounty_madera,31/12/2023,05/12/2023 16:00,05/12/2023,16,17,1,9.943060418,640.524
bounty_madera,31/12/2023,05/12/2023 17:00,05/12/2023,17,18,1,8.597947798,611.692
bounty_madera,31/12/2023,05/12/2023 18:00,05/12/2023,18,19,1,7.496180317,591.725
bounty_madera,31/12/2023,05/12/2023 19:00,05/12/2023,19,20,1,4.768216042,554.106
bounty_madera,31/12/2023,05/12/2023 20:00,05/12/2023,20,21,1,13.49164419,542.662
bounty_madera,31/12/2023,05/12/2023 21:00,05/12/2023,21,22,1,15.23097465,537.541
bounty_madera,31/12/2023,05/12/2023 22:00,05/12/2023,22,23,1,4.094394786,522.494
bounty_madera,31/12/2023,05/12/2023 23:00,05/12/2023,23,24,1,3.83616828,524.689
bounty_madera,31/12/2023,06/12/2023 0:00,06/12/2023,0,1,2,3.419275823,485.747
bounty_madera,31/12/2023,06/12/2023 1:00,06/12/2023,1,2,2,3.612137707,433.004
bounty_madera,31/12/2023,06/12/2023 2:00,06/12/2023,2,3,2,3.05852187,402.291
bounty_madera,31/12/2023,06/12/2023 3:00,06/12/2023,3,4,2,2.950772231,388.914
bounty_madera,31/12/2023,06/12/2023 4:00,06/12/2023,4,5,2,3.292082091,396.564
bounty_madera,31/12/2023,06/12/2023 5:00,06/12/2023,5,6,2,3.47782343,397.098
bounty_madera,31/12/2023,06/12/2023 6:00,06/12/2023,6,7,2,3.320640066,393.043
bounty_madera,31/12/2023,06/12/2023 7:00,06/12/2023,7,8,2,3.217752388,485.857
bounty_madera,31/12/2023,06/12/2023 8:00,06/12/2023,8,9,2,4.569462262,588.038
bounty_madera,31/12/2023,06/12/2023 9:00,06/12/2023,9,10,2,3.36416146,599.606
bounty_madera,31/12/2023,06/12/2023 10:00,06/12/2023,10,11,2,5.490855209,617.836
bounty_madera,31/12/2023,06/12/2023 11:00,06/12/2023,11,12,2,3.908013766,606.543
bounty_madera,31/12/2023,06/12/2023 12:00,06/12/2023,12,13,2,3.864945328,626.687
bounty_madera,31/12/2023,06/12/2023 13:00,06/12/2023,13,14,2,4.89829937,636.594
bounty_madera,31/12/2023,06/12/2023 14:00,06/12/2023,14,15,2,10.37039781,636.542
bounty_madera,31/12/2023,06/12/2023 15:00,06/12/2023,15,16,2,6.937360006,633.746
bounty_madera,31/12/2023,06/12/2023 16:00,06/12/2023,16,17,2,4.495926984,653.142
bounty_madera,31/12/2023,06/12/2023 17:00,06/12/2023,17,18,2,8.562951558,632.553
bounty_madera,31/12/2023,06/12/2023 18:00,06/12/2023,18,19,2,6.20316601,590.356
bounty_madera,31/12/2023,06/12/2023 19:00,06/12/2023,19,20,2,3.686488519,485.454
bounty_madera,31/12/2023,06/12/2023 20:00,06/12/2023,20,21,2,6.54826566,507.298
bounty_madera,31/12/2023,06/12/2023 21:00,06/12/2023,21,22,2,10.58568415,510.569
bounty_madera,31/12/2023,06/12/2023 22:00,06/12/2023,22,23,2,3.579434743,436.817
bounty_madera,31/12/2023,06/12/2023 23:00,06/12/2023,23,24,2,3.475057375,505.739
bounty_madera,31/12/2023,07/12/2023 0:00,07/12/2023,0,1,3,3.381245602,514.387
bounty_madera,31/12/2023,07/12/2023 1:00,07/12/2023,1,2,3,3.157049198,463.175
bounty_madera,31/12/2023,07/12/2023 2:00,07/12/2023,2,3,3,2.229137518,454.881
bounty_madera,31/12/2023,07/12/2023 3:00,07/12/2023,3,4,3,2.762248601,433.755
bounty_madera,31/12/2023,07/12/2023 4:00,07/12/2023,4,5,3,2.968999888,422.142
bounty_madera,31/12/2023,07/12/2023 5:00,07/12/2023,5,6,3,3.373105537,418.476
bounty_madera,31/12/2023,07/12/2023 6:00,07/12/2023,6,7,3,2.47665339,438.411
bounty_madera,31/12/2023,07/12/2023 7:00,07/12/2023,7,8,3,2.011623429,516.899
bounty_madera,31/12/2023,07/12/2023 8:00,07/12/2023,8,9,3,1.985135065,523.731
bounty_madera,31/12/2023,07/12/2023 9:00,07/12/2023,9,10,3,2.962138956,574.224
bounty_madera,31/12/2023,07/12/2023 10:00,07/12/2023,10,11,3,3.462107092,611.82
bounty_madera,31/12/2023,07/12/2023 11:00,07/12/2023,11,12,3,2.780236632,605.06
bounty_madera,31/12/2023,07/12/2023 12:00,07/12/2023,12,13,3,2.579012876,624.447
bounty_madera,31/12/2023,07/12/2023 13:00,07/12/2023,13,14,3,5.714200732,639.354
bounty_madera,31/12/2023,07/12/2023 14:00,07/12/2023,14,15,3,3.533572162,629.538
bounty_madera,31/12/2023,07/12/2023 15:00,07/12/2023,15,16,3,3.556778332,616.769
bounty_madera,31/12/2023,07/12/2023 16:00,07/12/2023,16,17,3,4.414816686,634.816
bounty_madera,31/12/2023,07/12/2023 17:00,07/12/2023,17,18,3,7.168934144,619.866
bounty_madera,31/12/2023,07/12/2023 18:00,07/12/2023,18,19,3,5.448962621,591.877
bounty_madera,31/12/2023,07/12/2023 19:00,07/12/2023,19,20,3,3.379242594,558.105
bounty_madera,31/12/2023,07/12/2023 20:00,07/12/2023,20,21,3,3.45104072,544.023
bounty_madera,31/12/2023,07/12/2023 21:00,07/12/2023,21,22,3,3.342600894,533.212
bounty_madera,31/12/2023,07/12/2023 22:00,07/12/2023,22,23,3,3.323186868,533.535
bounty_madera,31/12/2023,07/12/2023 23:00,07/12/2023,23,24,3,2.557875777,527.345
bounty_madera,31/12/2023,08/12/2023 0:00,08/12/2023,0,1,4,3.360918027,517.37
bounty_madera,31/12/2023,08/12/2023 1:00,08/12/2023,1,2,4,2.058738864,454.423
bounty_madera,31/12/2023,08/12/2023 2:00,08/12/2023,2,3,4,3.253235071,396.674
bounty_madera,31/12/2023,08/12/2023 3:00,08/12/2023,3,4,4,3.20216506,404.287
bounty_madera,31/12/2023,08/12/2023 4:00,08/12/2023,4,5,4,3.025752727,440.043
bounty_madera,31/12/2023,08/12/2023 5:00,08/12/2023,5,6,4,2.979478897,485.616
bounty_madera,31/12/2023,08/12/2023 6:00,08/12/2023,6,7,4,1.00452114,528.48
bounty_madera,31/12/2023,08/12/2023 7:00,08/12/2023,7,8,4,1.681866977,550.266
bounty_madera,31/12/2023,08/12/2023 8:00,08/12/2023,8,9,4,2.784075317,583.212
bounty_madera,31/12/2023,08/12/2023 9:00,08/12/2023,9,10,4,2.799144815,611.381
bounty_madera,31/12/2023,08/12/2023 10:00,08/12/2023,10,11,4,3.188241767,601.203
bounty_madera,31/12/2023,08/12/2023 11:00,08/12/2023,11,12,4,2.829915104,597.681
bounty_madera,31/12/2023,08/12/2023 12:00,08/12/2023,12,13,4,2.433501628,610.928
bounty_madera,31/12/2023,08/12/2023 13:00,08/12/2023,13,14,4,3.253661045,629.742
bounty_madera,31/12/2023,08/12/2023 14:00,08/12/2023,14,15,4,3.19373849,630.747
bounty_madera,31/12/2023,08/12/2023 15:00,08/12/2023,15,16,4,2.86749118,610.452
bounty_madera,31/12/2023,08/12/2023 16:00,08/12/2023,16,17,4,3.159047979,620.127
bounty_madera,31/12/2023,08/12/2023 17:00,08/12/2023,17,18,4,7.228346781,598.203
bounty_madera,31/12/2023,08/12/2023 18:00,08/12/2023,18,19,4,3.51663337,591.116
bounty_madera,31/12/2023,08/12/2023 19:00,08/12/2023,19,20,4,3.009280541,536.231
bounty_madera,31/12/2023,08/12/2023 20:00,08/12/2023,20,21,4,2.99444146,514.81
bounty_madera,31/12/2023,08/12/2023 21:00,08/12/2023,21,22,4,5.640732935,490.332
bounty_madera,31/12/2023,08/12/2023 22:00,08/12/2023,22,23,4,5.862478957,508.685
bounty_madera,31/12/2023,08/12/2023 23:00,08/12/2023,23,24,4,3.086707495,529.158
bounty_madera,31/12/2023,09/12/2023 0:00,09/12/2023,0,1,5,5.319886145,458.153
bounty_madera,31/12/2023,09/12/2023 1:00,09/12/2023,1,2,5,3.198126314,392.557
bounty_madera,31/12/2023,09/12/2023 2:00,09/12/2023,2,3,5,2.87485264,360.507
bounty_madera,31/12/2023,09/12/2023 3:00,09/12/2023,3,4,5,2.786605721,334.745
bounty_madera,31/12/2023,09/12/2023 4:00,09/12/2023,4,5,5,2.793853062,330.125
bounty_madera,31/12/2023,09/12/2023 5:00,09/12/2023,5,6,5,2.414726678,344.051
bounty_madera,31/12/2023,09/12/2023 6:00,09/12/2023,6,7,5,0.224804455,341.561
bounty_madera,31/12/2023,09/12/2023 7:00,09/12/2023,7,8,5,1.995047799,431.242
bounty_madera,31/12/2023,09/12/2023 8:00,09/12/2023,8,9,5,2.672109682,571.471
bounty_madera,31/12/2023,09/12/2023 9:00,09/12/2023,9,10,5,2.716067743,580.33
bounty_madera,31/12/2023,09/12/2023 10:00,09/12/2023,10,11,5,3.175786092,599.948
bounty_madera,31/12/2023,09/12/2023 11:00,09/12/2023,11,12,5,3.144717732,599.857
bounty_madera,31/12/2023,09/12/2023 12:00,09/12/2023,12,13,5,2.79188017,604.183
bounty_madera,31/12/2023,09/12/2023 13:00,09/12/2023,13,14,5,3.614966349,616.109
bounty_madera,31/12/2023,09/12/2023 14:00,09/12/2023,14,15,5,5.172902594,603.407
bounty_madera,31/12/2023,09/12/2023 15:00,09/12/2023,15,16,5,4.041249297,611.289
bounty_madera,31/12/2023,09/12/2023 16:00,09/12/2023,16,17,5,3.710688458,617.752
bounty_madera,31/12/2023,09/12/2023 17:00,09/12/2023,17,18,5,6.347338895,596.677
bounty_madera,31/12/2023,09/12/2023 18:00,09/12/2023,18,19,5,3.990102922,565.123
bounty_madera,31/12/2023,09/12/2023 19:00,09/12/2023,19,20,5,3.514448424,524.232
bounty_madera,31/12/2023,09/12/2023 20:00,09/12/2023,20,21,5,3.994296333,498.154
bounty_madera,31/12/2023,09/12/2023 21:00,09/12/2023,21,22,5,7.341216503,492.78
bounty_madera,31/12/2023,09/12/2023 22:00,09/12/2023,22,23,5,4.538689814,507.288
bounty_madera,31/12/2023,09/12/2023 23:00,09/12/2023,23,24,5,4.431409744,522.035
bounty_madera,31/12/2023,10/12/2023 0:00,10/12/2023,0,1,6,3.488313351,472.257
bounty_madera,31/12/2023,10/12/2023 1:00,10/12/2023,1,2,6,3.228290732,438.04
bounty_madera,31/12/2023,10/12/2023 2:00,10/12/2023,2,3,6,4.064201918,424.973
bounty_madera,31/12/2023,10/12/2023 3:00,10/12/2023,3,4,6,3.214339684,404.132
bounty_madera,31/12/2023,10/12/2023 4:00,10/12/2023,4,5,6,3.308941557,417.016
bounty_madera,31/12/2023,10/12/2023 5:00,10/12/2023,5,6,6,4.491125261,413.77
bounty_madera,31/12/2023,10/12/2023 6:00,10/12/2023,6,7,6,2.724387283,397.275
bounty_madera,31/12/2023,10/12/2023 7:00,10/12/2023,7,8,6,0.426543567,505.923
bounty_madera,31/12/2023,10/12/2023 8:00,10/12/2023,8,9,6,0.917174542,576.072
bounty_madera,31/12/2023,10/12/2023 9:00,10/12/2023,9,10,6,1.901883557,592.547
bounty_madera,31/12/2023,10/12/2023 10:00,10/12/2023,10,11,6,2.848278501,594.092
bounty_madera,31/12/2023,10/12/2023 11:00,10/12/2023,11,12,6,2.775932137,574.131
bounty_madera,31/12/2023,10/12/2023 12:00,10/12/2023,12,13,6,3.003525826,582.981
bounty_madera,31/12/2023,10/12/2023 13:00,10/12/2023,13,14,6,3.293474886,604.451
bounty_madera,31/12/2023,10/12/2023 14:00,10/12/2023,14,15,6,3.593912759,592.144
bounty_madera,31/12/2023,10/12/2023 15:00,10/12/2023,15,16,6,3.732217076,596.916
bounty_madera,31/12/2023,10/12/2023 16:00,10/12/2023,16,17,6,3.717750592,611.965
bounty_madera,31/12/2023,10/12/2023 17:00,10/12/2023,17,18,6,6.961477426,552.193
bounty_madera,31/12/2023,10/12/2023 18:00,10/12/2023,18,19,6,5.594615238,518.254
bounty_madera,31/12/2023,10/12/2023 19:00,10/12/2023,19,20,6,3.765082382,490.438
bounty_madera,31/12/2023,10/12/2023 20:00,10/12/2023,20,21,6,7.964898507,483.214
bounty_madera,31/12/2023,10/12/2023 21:00,10/12/2023,21,22,6,17.61050257,464.436
bounty_madera,31/12/2023,10/12/2023 22:00,10/12/2023,22,23,6,5.265187021,409.676
bounty_madera,31/12/2023,10/12/2023 23:00,10/12/2023,23,24,6,3.629852892,382.471
bounty_madera,31/12/2023,11/12/2023 0:00,11/12/2023,0,1,0,3.441680003,388.619
bounty_madera,31/12/2023,11/12/2023 1:00,11/12/2023,1,2,0,3.442673023,313.268
bounty_madera,31/12/2023,11/12/2023 2:00,11/12/2023,2,3,0,3.098066435,285.756
bounty_madera,31/12/2023,11/12/2023 3:00,11/12/2023,3,4,0,2.94670418,274.713
bounty_madera,31/12/2023,11/12/2023 4:00,11/12/2023,4,5,0,3.377582845,292.114
bounty_madera,31/12/2023,11/12/2023 5:00,11/12/2023,5,6,0,3.297283311,315.328
bounty_madera,31/12/2023,11/12/2023 6:00,11/12/2023,6,7,0,2.598484134,320.925
bounty_madera,31/12/2023,11/12/2023 7:00,11/12/2023,7,8,0,2.782722119,416.748
bounty_madera,31/12/2023,11/12/2023 8:00,11/12/2023,8,9,0,3.001364633,560.747
bounty_madera,31/12/2023,11/12/2023 9:00,11/12/2023,9,10,0,3.164642267,575.001
bounty_madera,31/12/2023,11/12/2023 10:00,11/12/2023,10,11,0,3.212124618,601.836
bounty_madera,31/12/2023,11/12/2023 11:00,11/12/2023,11,12,0,3.444256912,591.565
bounty_madera,31/12/2023,11/12/2023 12:00,11/12/2023,12,13,0,2.45365981,611.142
bounty_madera,31/12/2023,11/12/2023 13:00,11/12/2023,13,14,0,3.743436056,632.676
bounty_madera,31/12/2023,11/12/2023 14:00,11/12/2023,14,15,0,7.594033838,624.787
bounty_madera,31/12/2023,11/12/2023 15:00,11/12/2023,15,16,0,5.109903139,614.547
bounty_madera,31/12/2023,11/12/2023 16:00,11/12/2023,16,17,0,4.194061898,639.69
bounty_madera,31/12/2023,11/12/2023 17:00,11/12/2023,17,18,0,7.938293909,605.707
bounty_madera,31/12/2023,11/12/2023 18:00,11/12/2023,18,19,0,5.322826927,549.697
bounty_madera,31/12/2023,11/12/2023 19:00,11/12/2023,19,20,0,3.692696043,521.661
bounty_madera,31/12/2023,11/12/2023 20:00,11/12/2023,20,21,0,6.969161867,492.892
bounty_madera,31/12/2023,11/12/2023 21:00,11/12/2023,21,22,0,14.35121837,419.62
bounty_madera,31/12/2023,11/12/2023 22:00,11/12/2023,22,23,0,3.786382267,402.852
bounty_madera,31/12/2023,11/12/2023 23:00,11/12/2023,23,24,0,3.559376201,414.162
bounty_madera,31/12/2023,12/12/2023 0:00,12/12/2023,0,1,1,3.529558815,411.212
bounty_madera,31/12/2023,12/12/2023 1:00,12/12/2023,1,2,1,3.531633462,365.052
bounty_madera,31/12/2023,12/12/2023 2:00,12/12/2023,2,3,1,8.735889567,320.846
bounty_madera,31/12/2023,12/12/2023 3:00,12/12/2023,3,4,1,4.083766383,294.664
bounty_madera,31/12/2023,12/12/2023 4:00,12/12/2023,4,5,1,3.601702463,311.316
bounty_madera,31/12/2023,12/12/2023 5:00,12/12/2023,5,6,1,3.458845745,329.481
bounty_madera,31/12/2023,12/12/2023 6:00,12/12/2023,6,7,1,2.925677118,332.586
bounty_madera,31/12/2023,12/12/2023 7:00,12/12/2023,7,8,1,2.85476737,429.825
bounty_madera,31/12/2023,12/12/2023 8:00,12/12/2023,8,9,1,2.720916561,557.684
bounty_madera,31/12/2023,12/12/2023 9:00,12/12/2023,9,10,1,3.623315778,605.028
bounty_madera,31/12/2023,12/12/2023 10:00,12/12/2023,10,11,1,3.838812425,606.593
bounty_madera,31/12/2023,12/12/2023 11:00,12/12/2023,11,12,1,3.497750614,601.238
bounty_madera,31/12/2023,12/12/2023 12:00,12/12/2023,12,13,1,3.239190539,617.782
bounty_madera,31/12/2023,12/12/2023 13:00,12/12/2023,13,14,1,13.6764446,634.287
bounty_madera,31/12/2023,12/12/2023 14:00,12/12/2023,14,15,1,9.397635201,630.537
bounty_madera,31/12/2023,12/12/2023 15:00,12/12/2023,15,16,1,9.640723804,616.093
bounty_madera,31/12/2023,12/12/2023 16:00,12/12/2023,16,17,1,7.520310129,628.29
bounty_madera,31/12/2023,12/12/2023 17:00,12/12/2023,17,18,1,6.56202148,632.09
bounty_madera,31/12/2023,12/12/2023 18:00,12/12/2023,18,19,1,5.060730646,598.404
bounty_madera,31/12/2023,12/12/2023 19:00,12/12/2023,19,20,1,3.709446282,548.737
bounty_madera,31/12/2023,12/12/2023 20:00,12/12/2023,20,21,1,13.33281392,545.906
bounty_madera,31/12/2023,12/12/2023 21:00,12/12/2023,21,22,1,11.89284157,529.008
bounty_madera,31/12/2023,12/12/2023 22:00,12/12/2023,22,23,1,4.32346282,456.91
bounty_madera,31/12/2023,12/12/2023 23:00,12/12/2023,23,24,1,3.487929147,405.152
bounty_madera,31/12/2023,13/12/2023 0:00,13/12/2023,0,1,2,3.601520044,372.095
bounty_madera,31/12/2023,13/12/2023 1:00,13/12/2023,1,2,2,3.553113568,323.375
bounty_madera,31/12/2023,13/12/2023 2:00,13/12/2023,2,3,2,3.523073946,296.036
bounty_madera,31/12/2023,13/12/2023 3:00,13/12/2023,3,4,2,3.455502535,295.336
bounty_madera,31/12/2023,13/12/2023 4:00,13/12/2023,4,5,2,3.565401801,306.158
bounty_madera,31/12/2023,13/12/2023 5:00,13/12/2023,5,6,2,3.537639538,353.749
bounty_madera,31/12/2023,13/12/2023 6:00,13/12/2023,6,7,2,3.121366022,468.096
bounty_madera,31/12/2023,13/12/2023 7:00,13/12/2023,7,8,2,2.685707898,538.229
bounty_madera,31/12/2023,13/12/2023 8:00,13/12/2023,8,9,2,2.957381685,541.728
bounty_madera,31/12/2023,13/12/2023 9:00,13/12/2023,9,10,2,2.233396049,600.592
bounty_madera,31/12/2023,13/12/2023 10:00,13/12/2023,10,11,2,3.51610318,622.915
bounty_madera,31/12/2023,13/12/2023 11:00,13/12/2023,11,12,2,3.274004525,613.696
bounty_madera,31/12/2023,13/12/2023 12:00,13/12/2023,12,13,2,2.997236396,626.694
bounty_madera,31/12/2023,13/12/2023 13:00,13/12/2023,13,14,2,3.950939152,652.695
bounty_madera,31/12/2023,13/12/2023 14:00,13/12/2023,14,15,2,4.920425559,646.713
bounty_madera,31/12/2023,13/12/2023 15:00,13/12/2023,15,16,2,4.087401269,625.544
bounty_madera,31/12/2023,13/12/2023 16:00,13/12/2023,16,17,2,4.031249458,639.71
bounty_madera,31/12/2023,13/12/2023 17:00,13/12/2023,17,18,2,5.967039254,636.515
bounty_madera,31/12/2023,13/12/2023 18:00,13/12/2023,18,19,2,4.791114915,597.336
bounty_madera,31/12/2023,13/12/2023 19:00,13/12/2023,19,20,2,3.54014442,586.87
bounty_madera,31/12/2023,13/12/2023 20:00,13/12/2023,20,21,2,4.369015395,558.865
bounty_madera,31/12/2023,13/12/2023 21:00,13/12/2023,21,22,2,8.712834847,538.579
bounty_madera,31/12/2023,13/12/2023 22:00,13/12/2023,22,23,2,4.162311723,527.145
bounty_madera,31/12/2023,13/12/2023 23:00,13/12/2023,23,24,2,4.008069787,122.875
bounty_madera,31/12/2023,14/12/2023 0:00,14/12/2023,0,1,3,4.629010209,434.069
bounty_madera,31/12/2023,14/12/2023 1:00,14/12/2023,1,2,3,3.517900156,356.349
bounty_madera,31/12/2023,14/12/2023 2:00,14/12/2023,2,3,3,3.484759914,314.253
bounty_madera,31/12/2023,14/12/2023 3:00,14/12/2023,3,4,3,3.249260344,302.658
bounty_madera,31/12/2023,14/12/2023 4:00,14/12/2023,4,5,3,3.335370726,306.672
bounty_madera,31/12/2023,14/12/2023 5:00,14/12/2023,5,6,3,3.155454661,316.225
bounty_madera,31/12/2023,14/12/2023 6:00,14/12/2023,6,7,3,2.410790736,325.273
bounty_madera,31/12/2023,14/12/2023 7:00,14/12/2023,7,8,3,2.864511395,422.029
bounty_madera,31/12/2023,14/12/2023 8:00,14/12/2023,8,9,3,3.315132621,538.46
bounty_madera,31/12/2023,14/12/2023 9:00,14/12/2023,9,10,3,3.433473517,521.066
bounty_madera,31/12/2023,14/12/2023 10:00,14/12/2023,10,11,3,3.680622698,574.605
bounty_madera,31/12/2023,14/12/2023 11:00,14/12/2023,11,12,3,3.549772469,544.017
bounty_madera,31/12/2023,14/12/2023 12:00,14/12/2023,12,13,3,3.17007929,570.39
bounty_madera,31/12/2023,14/12/2023 13:00,14/12/2023,13,14,3,4.058698246,595.695
bounty_madera,31/12/2023,14/12/2023 14:00,14/12/2023,14,15,3,4.718861478,589.927
bounty_madera,31/12/2023,14/12/2023 15:00,14/12/2023,15,16,3,4.322688191,573.781
bounty_madera,31/12/2023,14/12/2023 16:00,14/12/2023,16,17,3,4.375437468,579.284
bounty_madera,31/12/2023,14/12/2023 17:00,14/12/2023,17,18,3,6.696733283,555.585
bounty_madera,31/12/2023,14/12/2023 18:00,14/12/2023,18,19,3,5.865297492,523.379
bounty_madera,31/12/2023,14/12/2023 19:00,14/12/2023,19,20,3,4.64721543,518.357
bounty_madera,31/12/2023,14/12/2023 20:00,14/12/2023,20,21,3,6.592784531,498.67
bounty_madera,31/12/2023,14/12/2023 21:00,14/12/2023,21,22,3,12.18932851,439.784
bounty_madera,31/12/2023,14/12/2023 22:00,14/12/2023,22,23,3,4.853099957,365.472
bounty_madera,31/12/2023,14/12/2023 23:00,14/12/2023,23,24,3,4.065278726,358.244
bounty_madera,31/12/2023,15/12/2023 0:00,15/12/2023,0,1,4,3.824486145,309.099
bounty_madera,31/12/2023,15/12/2023 1:00,15/12/2023,1,2,4,3.567742861,288.951
bounty_madera,31/12/2023,15/12/2023 2:00,15/12/2023,2,3,4,3.435075592,275.687
bounty_madera,31/12/2023,15/12/2023 3:00,15/12/2023,3,4,4,3.215763161,277.141
bounty_madera,31/12/2023,15/12/2023 4:00,15/12/2023,4,5,4,3.325745159,304.919
bounty_madera,31/12/2023,15/12/2023 5:00,15/12/2023,5,6,4,3.376422319,328.017
bounty_madera,31/12/2023,15/12/2023 6:00,15/12/2023,6,7,4,3.155262774,342.715
bounty_madera,31/12/2023,15/12/2023 7:00,15/12/2023,7,8,4,3.032121441,383.897
bounty_madera,31/12/2023,15/12/2023 8:00,15/12/2023,8,9,4,3.597238974,532.552
bounty_madera,31/12/2023,15/12/2023 9:00,15/12/2023,9,10,4,3.760989189,549.672
bounty_madera,31/12/2023,15/12/2023 10:00,15/12/2023,10,11,4,4.219874544,584.427
bounty_madera,31/12/2023,15/12/2023 11:00,15/12/2023,11,12,4,3.583046717,569.694
bounty_madera,31/12/2023,15/12/2023 12:00,15/12/2023,12,13,4,2.678593243,557.706
bounty_madera,31/12/2023,15/12/2023 13:00,15/12/2023,13,14,4,5.103142991,598.048
bounty_madera,31/12/2023,15/12/2023 14:00,15/12/2023,14,15,4,5.022447868,596.726
bounty_madera,31/12/2023,15/12/2023 15:00,15/12/2023,15,16,4,4.692345139,591.003
bounty_madera,31/12/2023,15/12/2023 16:00,15/12/2023,16,17,4,4.663637633,585.127
bounty_madera,31/12/2023,15/12/2023 17:00,15/12/2023,17,18,4,8.809816575,591.04
bounty_madera,31/12/2023,15/12/2023 18:00,15/12/2023,18,19,4,6.246944684,543.615
bounty_madera,31/12/2023,15/12/2023 19:00,15/12/2023,19,20,4,4.396171922,523.572
bounty_madera,31/12/2023,15/12/2023 20:00,15/12/2023,20,21,4,4.691662926,513.147
bounty_madera,31/12/2023,15/12/2023 21:00,15/12/2023,21,22,4,3.626460371,487.272
bounty_madera,31/12/2023,15/12/2023 22:00,15/12/2023,22,23,4,8.773235541,435.532
bounty_madera,31/12/2023,15/12/2023 23:00,15/12/2023,23,24,4,3.529985307,415.309
bounty_madera,31/12/2023,16/12/2023 0:00,16/12/2023,0,1,5,3.678369916,399.63
bounty_madera,31/12/2023,16/12/2023 1:00,16/12/2023,1,2,5,3.450949787,357.995
bounty_madera,31/12/2023,16/12/2023 2:00,16/12/2023,2,3,5,3.365042987,347.6
bounty_madera,31/12/2023,16/12/2023 3:00,16/12/2023,3,4,5,3.207147784,329.16
bounty_madera,31/12/2023,16/12/2023 4:00,16/12/2023,4,5,5,3.115800119,362.868
bounty_madera,31/12/2023,16/12/2023 5:00,16/12/2023,5,6,5,3.03364434,360.982
bounty_madera,31/12/2023,16/12/2023 6:00,16/12/2023,6,7,5,2.539339945,375.704
bounty_madera,31/12/2023,16/12/2023 7:00,16/12/2023,7,8,5,3.349596008,411.802
bounty_madera,31/12/2023,16/12/2023 8:00,16/12/2023,8,9,5,3.316066818,537.861
bounty_madera,31/12/2023,16/12/2023 9:00,16/12/2023,9,10,5,3.768421807,572.624
bounty_madera,31/12/2023,16/12/2023 10:00,16/12/2023,10,11,5,17.65753363,593.225
bounty_madera,31/12/2023,16/12/2023 11:00,16/12/2023,11,12,5,12.39821487,586.912
bounty_madera,31/12/2023,16/12/2023 12:00,16/12/2023,12,13,5,6.28621565,587.878
bounty_madera,31/12/2023,16/12/2023 13:00,16/12/2023,13,14,5,6.702222049,605.09
bounty_madera,31/12/2023,16/12/2023 14:00,16/12/2023,14,15,5,7.033309836,599.306
bounty_madera,31/12/2023,16/12/2023 15:00,16/12/2023,15,16,5,5.572957617,590.252
bounty_madera,31/12/2023,16/12/2023 16:00,16/12/2023,16,17,5,4.250001775,583.421
bounty_madera,31/12/2023,16/12/2023 17:00,16/12/2023,17,18,5,7.155878431,564.073
bounty_madera,31/12/2023,16/12/2023 18:00,16/12/2023,18,19,5,5.571705632,534.094
bounty_madera,31/12/2023,16/12/2023 19:00,16/12/2023,19,20,5,4.341323901,495.181
bounty_madera,31/12/2023,16/12/2023 20:00,16/12/2023,20,21,5,4.290459981,503.684
bounty_madera,31/12/2023,16/12/2023 21:00,16/12/2023,21,22,5,6.559746389,520.001
bounty_madera,31/12/2023,16/12/2023 22:00,16/12/2023,22,23,5,7.50527093,503.362
bounty_madera,31/12/2023,16/12/2023 23:00,16/12/2023,23,24,5,7.302628722,503.816
bounty_madera,31/12/2023,17/12/2023 0:00,17/12/2023,0,1,6,4.067915366,478.916
bounty_madera,31/12/2023,17/12/2023 1:00,17/12/2023,1,2,6,3.557175125,437.766
bounty_madera,31/12/2023,17/12/2023 2:00,17/12/2023,2,3,6,3.158643351,397.291
bounty_madera,31/12/2023,17/12/2023 3:00,17/12/2023,3,4,6,3.102359077,367.599
bounty_madera,31/12/2023,17/12/2023 4:00,17/12/2023,4,5,6,2.955970323,400.239
bounty_madera,31/12/2023,17/12/2023 5:00,17/12/2023,5,6,6,2.768523509,397.185
bounty_madera,31/12/2023,17/12/2023 6:00,17/12/2023,6,7,6,2.703625852,424.848
bounty_madera,31/12/2023,17/12/2023 7:00,17/12/2023,7,8,6,2.716726431,512.104
bounty_madera,31/12/2023,17/12/2023 8:00,17/12/2023,8,9,6,2.829516237,534.92
bounty_madera,31/12/2023,17/12/2023 9:00,17/12/2023,9,10,6,2.227833186,561.426
bounty_madera,31/12/2023,17/12/2023 10:00,17/12/2023,10,11,6,2.854196135,566.463
bounty_madera,31/12/2023,17/12/2023 11:00,17/12/2023,11,12,6,2.494093343,567.104
bounty_madera,31/12/2023,17/12/2023 12:00,17/12/2023,12,13,6,2.69615476,583.665
bounty_madera,31/12/2023,17/12/2023 13:00,17/12/2023,13,14,6,2.783442501,591.206
bounty_madera,31/12/2023,17/12/2023 14:00,17/12/2023,14,15,6,3.062170234,586.827
bounty_madera,31/12/2023,17/12/2023 15:00,17/12/2023,15,16,6,3.179221069,567.718
bounty_madera,31/12/2023,17/12/2023 16:00,17/12/2023,16,17,6,3.32020739,561.603
bounty_madera,31/12/2023,17/12/2023 17:00,17/12/2023,17,18,6,5.242297806,538.204
bounty_madera,31/12/2023,17/12/2023 18:00,17/12/2023,18,19,6,4.820222528,512.572
bounty_madera,31/12/2023,17/12/2023 19:00,17/12/2023,19,20,6,3.995103558,505.469
bounty_madera,31/12/2023,17/12/2023 20:00,17/12/2023,20,21,6,3.965082049,493.915
bounty_madera,31/12/2023,17/12/2023 21:00,17/12/2023,21,22,6,5.902420034,505.046
bounty_madera,31/12/2023,17/12/2023 22:00,17/12/2023,22,23,6,5.231856003,503.696
bounty_madera,31/12/2023,17/12/2023 23:00,17/12/2023,23,24,6,3.757743562,526.26
bounty_madera,31/12/2023,18/12/2023 0:00,18/12/2023,0,1,0,3.901170754,516.78
bounty_madera,31/12/2023,18/12/2023 1:00,18/12/2023,1,2,0,3.683313445,489.3
bounty_madera,31/12/2023,18/12/2023 2:00,18/12/2023,2,3,0,3.374657161,446.704
bounty_madera,31/12/2023,18/12/2023 3:00,18/12/2023,3,4,0,3.12717748,416.597
bounty_madera,31/12/2023,18/12/2023 4:00,18/12/2023,4,5,0,3.227209481,416.842
bounty_madera,31/12/2023,18/12/2023 5:00,18/12/2023,5,6,0,3.290798245,396.055
bounty_madera,31/12/2023,18/12/2023 6:00,18/12/2023,6,7,0,2.555552048,401.354
bounty_madera,31/12/2023,18/12/2023 7:00,18/12/2023,7,8,0,3.749355327,510.809
bounty_madera,31/12/2023,18/12/2023 8:00,18/12/2023,8,9,0,4.571042119,534.239
bounty_madera,31/12/2023,18/12/2023 9:00,18/12/2023,9,10,0,4.339851412,570.116
bounty_madera,31/12/2023,18/12/2023 10:00,18/12/2023,10,11,0,4.683166166,565.038
bounty_madera,31/12/2023,18/12/2023 11:00,18/12/2023,11,12,0,6.032867538,577.542
bounty_madera,31/12/2023,18/12/2023 12:00,18/12/2023,12,13,0,4.649556696,561.33
bounty_madera,31/12/2023,18/12/2023 13:00,18/12/2023,13,14,0,6.764586963,600.647
bounty_madera,31/12/2023,18/12/2023 14:00,18/12/2023,14,15,0,5.762038853,580.318
bounty_madera,31/12/2023,18/12/2023 15:00,18/12/2023,15,16,0,5.595508628,588.87
bounty_madera,31/12/2023,18/12/2023 16:00,18/12/2023,16,17,0,4.71293173,592.837
bounty_madera,31/12/2023,18/12/2023 17:00,18/12/2023,17,18,0,11.32568216,569.15
bounty_madera,31/12/2023,18/12/2023 18:00,18/12/2023,18,19,0,6.249431809,540.703
bounty_madera,31/12/2023,18/12/2023 19:00,18/12/2023,19,20,0,4.804909573,508.809
bounty_madera,31/12/2023,18/12/2023 20:00,18/12/2023,20,21,0,7.456039946,459.408
bounty_madera,31/12/2023,18/12/2023 21:00,18/12/2023,21,22,0,10.7370849,444.868
bounty_madera,31/12/2023,18/12/2023 22:00,18/12/2023,22,23,0,7.419033215,445.676
bounty_madera,31/12/2023,18/12/2023 23:00,18/12/2023,23,24,0,5.61376977,453.88
bounty_madera,31/12/2023,19/12/2023 0:00,19/12/2023,0,1,1,4.086152356,413.207
bounty_madera,31/12/2023,19/12/2023 1:00,19/12/2023,1,2,1,4.510391795,349.63
bounty_madera,31/12/2023,19/12/2023 2:00,19/12/2023,2,3,1,3.950711353,327.792
bounty_madera,31/12/2023,19/12/2023 3:00,19/12/2023,3,4,1,4.268028965,305.285
bounty_madera,31/12/2023,19/12/2023 4:00,19/12/2023,4,5,1,4.22765953,322.219
bounty_madera,31/12/2023,19/12/2023 5:00,19/12/2023,5,6,1,3.533141023,360.304
bounty_madera,31/12/2023,19/12/2023 6:00,19/12/2023,6,7,1,3.456656996,404.222
bounty_madera,31/12/2023,19/12/2023 7:00,19/12/2023,7,8,1,3.901381581,465.075
bounty_madera,31/12/2023,19/12/2023 8:00,19/12/2023,8,9,1,4.248655906,535.701
bounty_madera,31/12/2023,19/12/2023 9:00,19/12/2023,9,10,1,3.783254741,605.323
bounty_madera,31/12/2023,19/12/2023 10:00,19/12/2023,10,11,1,3.966169584,374.804
bounty_madera,31/12/2023,19/12/2023 11:00,19/12/2023,11,12,1,3.86820563,476.747
bounty_madera,31/12/2023,19/12/2023 12:00,19/12/2023,12,13,1,3.427037966,587.797
bounty_madera,31/12/2023,19/12/2023 13:00,19/12/2023,13,14,1,4.759500559,618.418
bounty_madera,31/12/2023,19/12/2023 14:00,19/12/2023,14,15,1,4.458940823,609.455
bounty_madera,31/12/2023,19/12/2023 15:00,19/12/2023,15,16,1,4.603183273,596.038
bounty_madera,31/12/2023,19/12/2023 16:00,19/12/2023,16,17,1,4.60272266,615.295
bounty_madera,31/12/2023,19/12/2023 17:00,19/12/2023,17,18,1,7.369703146,597.268
bounty_madera,31/12/2023,19/12/2023 18:00,19/12/2023,18,19,1,5.251919083,561.196
bounty_madera,31/12/2023,19/12/2023 19:00,19/12/2023,19,20,1,4.53047828,541.221
bounty_madera,31/12/2023,19/12/2023 20:00,19/12/2023,20,21,1,7.209486256,516.049
bounty_madera,31/12/2023,19/12/2023 21:00,19/12/2023,21,22,1,10.80572608,448.019
bounty_madera,31/12/2023,19/12/2023 22:00,19/12/2023,22,23,1,7.492072715,435.321
bounty_madera,31/12/2023,19/12/2023 23:00,19/12/2023,23,24,1,4.017760329,445.671
bounty_madera,31/12/2023,20/12/2023 0:00,20/12/2023,0,1,2,3.76979277,397.24
bounty_madera,31/12/2023,20/12/2023 1:00,20/12/2023,1,2,2,3.840154757,358.512
bounty_madera,31/12/2023,20/12/2023 2:00,20/12/2023,2,3,2,3.698965125,337.433
bounty_madera,31/12/2023,20/12/2023 3:00,20/12/2023,3,4,2,3.691115032,340.78
bounty_madera,31/12/2023,20/12/2023 4:00,20/12/2023,4,5,2,3.907496692,365.631
bounty_madera,31/12/2023,20/12/2023 5:00,20/12/2023,5,6,2,3.681370475,400.914
bounty_madera,31/12/2023,20/12/2023 6:00,20/12/2023,6,7,2,3.390123495,410.198
bounty_madera,31/12/2023,20/12/2023 7:00,20/12/2023,7,8,2,3.710291746,494.218
bounty_madera,31/12/2023,20/12/2023 8:00,20/12/2023,8,9,2,7.013444701,570.54
bounty_madera,31/12/2023,20/12/2023 9:00,20/12/2023,9,10,2,8.492907525,571.053
bounty_madera,31/12/2023,20/12/2023 10:00,20/12/2023,10,11,2,5.390818361,596.954
bounty_madera,31/12/2023,20/12/2023 11:00,20/12/2023,11,12,2,11.83801301,595.769
bounty_madera,31/12/2023,20/12/2023 12:00,20/12/2023,12,13,2,4.65203126,615.648
bounty_madera,31/12/2023,20/12/2023 13:00,20/12/2023,13,14,2,9.191972787,636.72
bounty_madera,31/12/2023,20/12/2023 14:00,20/12/2023,14,15,2,15.66974345,618.442
bounty_madera,31/12/2023,20/12/2023 15:00,20/12/2023,15,16,2,13.53247875,603.595
bounty_madera,31/12/2023,20/12/2023 16:00,20/12/2023,16,17,2,16.12963551,609.124
bounty_madera,31/12/2023,20/12/2023 17:00,20/12/2023,17,18,2,16.49827201,610.117
bounty_madera,31/12/2023,20/12/2023 18:00,20/12/2023,18,19,2,17.91709755,580.876
bounty_madera,31/12/2023,20/12/2023 19:00,20/12/2023,19,20,2,9.378971279,536.614
bounty_madera,31/12/2023,20/12/2023 20:00,20/12/2023,20,21,2,17.75135839,517.056
bounty_madera,31/12/2023,20/12/2023 21:00,20/12/2023,21,22,2,27.1641092,530.44
bounty_madera,31/12/2023,20/12/2023 22:00,20/12/2023,22,23,2,11.12510144,521.232
bounty_madera,31/12/2023,20/12/2023 23:00,20/12/2023,23,24,2,7.37259158,519.314
bounty_madera,31/12/2023,21/12/2023 0:00,21/12/2023,0,1,3,6.857566784,467.348
bounty_madera,31/12/2023,21/12/2023 1:00,21/12/2023,1,2,3,4.452706812,417.057
bounty_madera,31/12/2023,21/12/2023 2:00,21/12/2023,2,3,3,4.437203128,394.783
bounty_madera,31/12/2023,21/12/2023 3:00,21/12/2023,3,4,3,3.868057301,379.807
bounty_madera,31/12/2023,21/12/2023 4:00,21/12/2023,4,5,3,4.193776699,387.064
bounty_madera,31/12/2023,21/12/2023 5:00,21/12/2023,5,6,3,3.785859347,376.857
bounty_madera,31/12/2023,21/12/2023 6:00,21/12/2023,6,7,3,3.380756045,408.862
bounty_madera,31/12/2023,21/12/2023 7:00,21/12/2023,7,8,3,3.96376397,483.062
bounty_madera,31/12/2023,21/12/2023 8:00,21/12/2023,8,9,3,5.609321006,555.648
bounty_madera,31/12/2023,21/12/2023 9:00,21/12/2023,9,10,3,6.243071097,590.159
bounty_madera,31/12/2023,21/12/2023 10:00,21/12/2023,10,11,3,7.941041256,595.715
bounty_madera,31/12/2023,21/12/2023 11:00,21/12/2023,11,12,3,5.977023148,573.254
bounty_madera,31/12/2023,21/12/2023 12:00,21/12/2023,12,13,3,4.69179144,602.957
bounty_madera,31/12/2023,21/12/2023 13:00,21/12/2023,13,14,3,8.166915676,617.392
bounty_madera,31/12/2023,21/12/2023 14:00,21/12/2023,14,15,3,9.548402913,614.88
bounty_madera,31/12/2023,21/12/2023 15:00,21/12/2023,15,16,3,9.788216127,612.106
bounty_madera,31/12/2023,21/12/2023 16:00,21/12/2023,16,17,3,8.226843176,616.971
bounty_madera,31/12/2023,21/12/2023 17:00,21/12/2023,17,18,3,10.25516038,607.348
bounty_madera,31/12/2023,21/12/2023 18:00,21/12/2023,18,19,3,10.82782762,566.611
bounty_madera,31/12/2023,21/12/2023 19:00,21/12/2023,19,20,3,5.356997464,548.534
bounty_madera,31/12/2023,21/12/2023 20:00,21/12/2023,20,21,3,5.565628087,538.004
bounty_madera,31/12/2023,21/12/2023 21:00,21/12/2023,21,22,3,14.40941287,534.023
bounty_madera,31/12/2023,21/12/2023 22:00,21/12/2023,22,23,3,7.013749069,526.763
bounty_madera,31/12/2023,21/12/2023 23:00,21/12/2023,23,24,3,4.769077242,506.188
bounty_madera,31/12/2023,22/12/2023 0:00,22/12/2023,0,1,4,4.40836599,503.439
bounty_madera,31/12/2023,22/12/2023 1:00,22/12/2023,1,2,4,4.179949635,445.565
bounty_madera,31/12/2023,22/12/2023 2:00,22/12/2023,2,3,4,3.95260979,431.06
bounty_madera,31/12/2023,22/12/2023 3:00,22/12/2023,3,4,4,3.528684098,413.17
bounty_madera,31/12/2023,22/12/2023 4:00,22/12/2023,4,5,4,3.240770826,419.982
bounty_madera,31/12/2023,22/12/2023 5:00,22/12/2023,5,6,4,3.137101836,424.738
bounty_madera,31/12/2023,22/12/2023 6:00,22/12/2023,6,7,4,3.209685057,423.355
bounty_madera,31/12/2023,22/12/2023 7:00,22/12/2023,7,8,4,3.670320849,458.005
bounty_madera,31/12/2023,22/12/2023 8:00,22/12/2023,8,9,4,3.928881734,532.283
bounty_madera,31/12/2023,22/12/2023 9:00,22/12/2023,9,10,4,4.194405626,532.237
bounty_madera,31/12/2023,22/12/2023 10:00,22/12/2023,10,11,4,4.143442164,539.061
bounty_madera,31/12/2023,22/12/2023 11:00,22/12/2023,11,12,4,3.526712563,535.383
bounty_madera,31/12/2023,22/12/2023 12:00,22/12/2023,12,13,4,3.073891287,532.154
bounty_madera,31/12/2023,22/12/2023 13:00,22/12/2023,13,14,4,4.207223616,554.193
bounty_madera,31/12/2023,22/12/2023 14:00,22/12/2023,14,15,4,4.169846803,555.722
bounty_madera,31/12/2023,22/12/2023 15:00,22/12/2023,15,16,4,3.743151049,545.617
bounty_madera,31/12/2023,22/12/2023 16:00,22/12/2023,16,17,4,3.231453305,513.562
bounty_madera,31/12/2023,22/12/2023 17:00,22/12/2023,17,18,4,3.194550471,468.759
bounty_madera,31/12/2023,22/12/2023 18:00,22/12/2023,18,19,4,4.54716865,472.911
bounty_madera,31/12/2023,22/12/2023 19:00,22/12/2023,19,20,4,3.983278496,469.429
bounty_madera,31/12/2023,22/12/2023 20:00,22/12/2023,20,21,4,4.067972426,441.73
bounty_madera,31/12/2023,22/12/2023 21:00,22/12/2023,21,22,4,3.694561088,427.912
bounty_madera,31/12/2023,22/12/2023 22:00,22/12/2023,22,23,4,3.053984946,415.125
bounty_madera,31/12/2023,22/12/2023 23:00,22/12/2023,23,24,4,3.521797575,383.061
bounty_madera,31/12/2023,23/12/2023 0:00,23/12/2023,0,1,5,5.257065789,355.631
bounty_madera,31/12/2023,23/12/2023 1:00,23/12/2023,1,2,5,4.531896676,311.394
bounty_madera,31/12/2023,23/12/2023 2:00,23/12/2023,2,3,5,4.740906381,305.058
bounty_madera,31/12/2023,23/12/2023 3:00,23/12/2023,3,4,5,3.813397052,304.618
bounty_madera,31/12/2023,23/12/2023 4:00,23/12/2023,4,5,5,2.940807048,292.996
bounty_madera,31/12/2023,23/12/2023 5:00,23/12/2023,5,6,5,2.890215491,322.168
bounty_madera,31/12/2023,23/12/2023 6:00,23/12/2023,6,7,5,2.731025336,339.183
bounty_madera,31/12/2023,23/12/2023 7:00,23/12/2023,7,8,5,3.192491329,409.719
bounty_madera,31/12/2023,23/12/2023 8:00,23/12/2023,8,9,5,3.061654072,470.723
bounty_madera,31/12/2023,23/12/2023 9:00,23/12/2023,9,10,5,2.717988202,460.19
bounty_madera,31/12/2023,23/12/2023 10:00,23/12/2023,10,11,5,3.585153865,453.445
bounty_madera,31/12/2023,23/12/2023 11:00,23/12/2023,11,12,5,3.122023961,478.225
bounty_madera,31/12/2023,23/12/2023 12:00,23/12/2023,12,13,5,3.230419897,487.691
bounty_madera,31/12/2023,23/12/2023 13:00,23/12/2023,13,14,5,3.838854419,463.63
bounty_madera,31/12/2023,23/12/2023 14:00,23/12/2023,14,15,5,3.85249004,497.782
bounty_madera,31/12/2023,23/12/2023 15:00,23/12/2023,15,16,5,3.644283894,476.647
bounty_madera,31/12/2023,23/12/2023 16:00,23/12/2023,16,17,5,3.795853774,501.569
bounty_madera,31/12/2023,23/12/2023 17:00,23/12/2023,17,18,5,3.992572991,474.477
bounty_madera,31/12/2023,23/12/2023 18:00,23/12/2023,18,19,5,4.432631995,499.395
bounty_madera,31/12/2023,23/12/2023 19:00,23/12/2023,19,20,5,4.056173776,470.057
bounty_madera,31/12/2023,23/12/2023 20:00,23/12/2023,20,21,5,4.212568558,421.451
bounty_madera,31/12/2023,23/12/2023 21:00,23/12/2023,21,22,5,4.100156324,387.904
bounty_madera,31/12/2023,23/12/2023 22:00,23/12/2023,22,23,5,3.589704798,337.821
bounty_madera,31/12/2023,23/12/2023 23:00,23/12/2023,23,24,5,3.254119007,361.239
bounty_madera,31/12/2023,24/12/2023 0:00,24/12/2023,0,1,6,3.448786122,319.079
bounty_madera,31/12/2023,24/12/2023 1:00,24/12/2023,1,2,6,3.378907945,279.435
bounty_madera,31/12/2023,24/12/2023 2:00,24/12/2023,2,3,6,3.022193336,287.108
bounty_madera,31/12/2023,24/12/2023 3:00,24/12/2023,3,4,6,2.723378667,274.739
bounty_madera,31/12/2023,24/12/2023 4:00,24/12/2023,4,5,6,2.569241748,280.452
bounty_madera,31/12/2023,24/12/2023 5:00,24/12/2023,5,6,6,2.670904662,287.743
bounty_madera,31/12/2023,24/12/2023 6:00,24/12/2023,6,7,6,2.432567462,315.637
bounty_madera,31/12/2023,24/12/2023 7:00,24/12/2023,7,8,6,2.47408798,344.902
bounty_madera,31/12/2023,24/12/2023 8:00,24/12/2023,8,9,6,3.323800589,492.872
bounty_madera,31/12/2023,24/12/2023 9:00,24/12/2023,9,10,6,2.804027682,510.43
bounty_madera,31/12/2023,24/12/2023 10:00,24/12/2023,10,11,6,3.50172712,554.071
bounty_madera,31/12/2023,24/12/2023 11:00,24/12/2023,11,12,6,3.219788452,550.473
bounty_madera,31/12/2023,24/12/2023 12:00,24/12/2023,12,13,6,4.049890297,557.861
bounty_madera,31/12/2023,24/12/2023 13:00,24/12/2023,13,14,6,4.068139804,575.983
bounty_madera,31/12/2023,24/12/2023 14:00,24/12/2023,14,15,6,4.035106534,559.105
bounty_madera,31/12/2023,24/12/2023 15:00,24/12/2023,15,16,6,4.362147298,563.812
bounty_madera,31/12/2023,24/12/2023 16:00,24/12/2023,16,17,6,4.535185185,576.291
bounty_madera,31/12/2023,24/12/2023 17:00,24/12/2023,17,18,6,5.659184557,556.45
bounty_madera,31/12/2023,24/12/2023 18:00,24/12/2023,18,19,6,4.795307617,534.186
bounty_madera,31/12/2023,24/12/2023 19:00,24/12/2023,19,20,6,4.401799834,500.635
bounty_madera,31/12/2023,24/12/2023 20:00,24/12/2023,20,21,6,3.319994408,475.923
bounty_madera,31/12/2023,24/12/2023 21:00,24/12/2023,21,22,6,3.564331062,488.24
bounty_madera,31/12/2023,24/12/2023 22:00,24/12/2023,22,23,6,3.511653808,479.841
bounty_madera,31/12/2023,24/12/2023 23:00,24/12/2023,23,24,6,3.724922117,457.044
bounty_madera,31/12/2023,25/12/2023 0:00,25/12/2023,0,1,0,3.091752209,402.472
bounty_madera,31/12/2023,25/12/2023 1:00,25/12/2023,1,2,0,3.1352367,348.862
bounty_madera,31/12/2023,25/12/2023 2:00,25/12/2023,2,3,0,2.971619933,308.859
bounty_madera,31/12/2023,25/12/2023 3:00,25/12/2023,3,4,0,3.049710098,282.247
bounty_madera,31/12/2023,25/12/2023 4:00,25/12/2023,4,5,0,3.017394968,274.066
bounty_madera,31/12/2023,25/12/2023 5:00,25/12/2023,5,6,0,2.662132166,294.482
bounty_madera,31/12/2023,25/12/2023 6:00,25/12/2023,6,7,0,1.761045537,301.236
bounty_madera,31/12/2023,25/12/2023 7:00,25/12/2023,7,8,0,1.685902422,333.254
bounty_madera,31/12/2023,25/12/2023 8:00,25/12/2023,8,9,0,0.223694832,493.873
bounty_madera,31/12/2023,25/12/2023 9:00,25/12/2023,9,10,0,0.238800696,517.386
bounty_madera,31/12/2023,25/12/2023 10:00,25/12/2023,10,11,0,0.40046096,546.457
bounty_madera,31/12/2023,25/12/2023 11:00,25/12/2023,11,12,0,1.362020645,547.562
bounty_madera,31/12/2023,25/12/2023 12:00,25/12/2023,12,13,0,-8.46E-07,566.18
bounty_madera,31/12/2023,25/12/2023 13:00,25/12/2023,13,14,0,2.631259111,592.649
bounty_madera,31/12/2023,25/12/2023 14:00,25/12/2023,14,15,0,2.5348052,581.306
bounty_madera,31/12/2023,25/12/2023 15:00,25/12/2023,15,16,0,3.327163332,573.868
bounty_madera,31/12/2023,25/12/2023 16:00,25/12/2023,16,17,0,3.130056594,587.622
bounty_madera,31/12/2023,25/12/2023 17:00,25/12/2023,17,18,0,3.322862128,550.685
bounty_madera,31/12/2023,25/12/2023 18:00,25/12/2023,18,19,0,3.648667519,521.434
bounty_madera,31/12/2023,25/12/2023 19:00,25/12/2023,19,20,0,3.260432529,501.326
bounty_madera,31/12/2023,25/12/2023 20:00,25/12/2023,20,21,0,3.257177712,460.029
bounty_madera,31/12/2023,25/12/2023 21:00,25/12/2023,21,22,0,3.293999856,424.909
bounty_madera,31/12/2023,25/12/2023 22:00,25/12/2023,22,23,0,3.46194384,395.423
bounty_madera,31/12/2023,25/12/2023 23:00,25/12/2023,23,24,0,3.03949558,383.737
bounty_madera,31/01/2024,26/12/2023 0:00,26/12/2023,0,1,1,4.65410658,344.976
bounty_madera,31/01/2024,26/12/2023 1:00,26/12/2023,1,2,1,3.17768836,311.332
bounty_madera,31/01/2024,26/12/2023 2:00,26/12/2023,2,3,1,1.420760586,306.844
bounty_madera,31/01/2024,26/12/2023 3:00,26/12/2023,3,4,1,2.862763026,308.751
bounty_madera,31/01/2024,26/12/2023 4:00,26/12/2023,4,5,1,3.407384973,328.499
bounty_madera,31/01/2024,26/12/2023 5:00,26/12/2023,5,6,1,3.648657568,353.132
bounty_madera,31/01/2024,26/12/2023 6:00,26/12/2023,6,7,1,3.76218772,383.264
bounty_madera,31/01/2024,26/12/2023 7:00,26/12/2023,7,8,1,2.405913573,449.316
bounty_madera,31/01/2024,26/12/2023 8:00,26/12/2023,8,9,1,2.411066612,520.557
bounty_madera,31/01/2024,26/12/2023 9:00,26/12/2023,9,10,1,2.361661743,545.575
bounty_madera,31/01/2024,26/12/2023 10:00,26/12/2023,10,11,1,3.129219756,549.325
bounty_madera,31/01/2024,26/12/2023 11:00,26/12/2023,11,12,1,3.230367383,548.362
bounty_madera,31/01/2024,26/12/2023 12:00,26/12/2023,12,13,1,2.894556312,571.641
bounty_madera,31/01/2024,26/12/2023 13:00,26/12/2023,13,14,1,3.148646539,592.554
bounty_madera,31/01/2024,26/12/2023 14:00,26/12/2023,14,15,1,2.967650797,573.613
bounty_madera,31/01/2024,26/12/2023 15:00,26/12/2023,15,16,1,2.907325112,559.307
bounty_madera,31/01/2024,26/12/2023 16:00,26/12/2023,16,17,1,3.315677766,574.731
bounty_madera,31/01/2024,26/12/2023 17:00,26/12/2023,17,18,1,4.487542374,536.587
bounty_madera,31/01/2024,26/12/2023 18:00,26/12/2023,18,19,1,7.000060531,515.882
bounty_madera,31/01/2024,26/12/2023 19:00,26/12/2023,19,20,1,3.557795138,499.732
bounty_madera,31/01/2024,26/12/2023 20:00,26/12/2023,20,21,1,3.738032388,497.956
bounty_madera,31/01/2024,26/12/2023 21:00,26/12/2023,21,22,1,7.142593632,500.753
bounty_madera,31/01/2024,26/12/2023 22:00,26/12/2023,22,23,1,4.326877661,507.326
bounty_madera,31/01/2024,26/12/2023 23:00,26/12/2023,23,24,1,4.122799236,499.216
bounty_madera,31/01/2024,27/12/2023 0:00,27/12/2023,0,1,2,3.396323814,497.218
bounty_madera,31/01/2024,27/12/2023 1:00,27/12/2023,1,2,2,2.976951326,422.156
bounty_madera,31/01/2024,27/12/2023 2:00,27/12/2023,2,3,2,1.843097145,400.432
bounty_madera,31/01/2024,27/12/2023 3:00,27/12/2023,3,4,2,2.494121977,356.132
bounty_madera,31/01/2024,27/12/2023 4:00,27/12/2023,4,5,2,2.498149708,349.331
bounty_madera,31/01/2024,27/12/2023 5:00,27/12/2023,5,6,2,2.64905826,352.744
bounty_madera,31/01/2024,27/12/2023 6:00,27/12/2023,6,7,2,2.750450809,350.179
bounty_madera,31/01/2024,27/12/2023 7:00,27/12/2023,7,8,2,4.306423194,446.573
bounty_madera,31/01/2024,27/12/2023 8:00,27/12/2023,8,9,2,3.952876188,505.306
bounty_madera,31/01/2024,27/12/2023 9:00,27/12/2023,9,10,2,4.045649329,539.909
bounty_madera,31/01/2024,27/12/2023 10:00,27/12/2023,10,11,2,4.272191314,532.577
bounty_madera,31/01/2024,27/12/2023 11:00,27/12/2023,11,12,2,3.578443083,531.741
bounty_madera,31/01/2024,27/12/2023 12:00,27/12/2023,12,13,2,3.364616343,554.245
bounty_madera,31/01/2024,27/12/2023 13:00,27/12/2023,13,14,2,4.826575126,590.872
bounty_madera,31/01/2024,27/12/2023 14:00,27/12/2023,14,15,2,4.163644065,566.525
bounty_madera,31/01/2024,27/12/2023 15:00,27/12/2023,15,16,2,4.997822448,574.72
bounty_madera,31/01/2024,27/12/2023 16:00,27/12/2023,16,17,2,4.203897846,596.753
bounty_madera,31/01/2024,27/12/2023 17:00,27/12/2023,17,18,2,5.495537895,575.85
bounty_madera,31/01/2024,27/12/2023 18:00,27/12/2023,18,19,2,5.235026866,545.678
bounty_madera,31/01/2024,27/12/2023 19:00,27/12/2023,19,20,2,4.341993871,505.776
bounty_madera,31/01/2024,27/12/2023 20:00,27/12/2023,20,21,2,4.599536962,492.056
bounty_madera,31/01/2024,27/12/2023 21:00,27/12/2023,21,22,2,8.055641163,473.541
bounty_madera,31/01/2024,27/12/2023 22:00,27/12/2023,22,23,2,3.657432217,458.93
bounty_madera,31/01/2024,27/12/2023 23:00,27/12/2023,23,24,2,3.627237352,452.122
bounty_madera,31/01/2024,28/12/2023 0:00,28/12/2023,0,1,3,3.695131415,417.391
bounty_madera,31/01/2024,28/12/2023 1:00,28/12/2023,1,2,3,3.681552579,347.746
bounty_madera,31/01/2024,28/12/2023 2:00,28/12/2023,2,3,3,3.412880031,315.731
bounty_madera,31/01/2024,28/12/2023 3:00,28/12/2023,3,4,3,3.381634027,310.952
bounty_madera,31/01/2024,28/12/2023 4:00,28/12/2023,4,5,3,3.447206128,326.246
bounty_madera,31/01/2024,28/12/2023 5:00,28/12/2023,5,6,3,3.636312395,337.786
bounty_madera,31/01/2024,28/12/2023 6:00,28/12/2023,6,7,3,3.620297849,355.858
bounty_madera,31/01/2024,28/12/2023 7:00,28/12/2023,7,8,3,3.295195496,459.384
bounty_madera,31/01/2024,28/12/2023 8:00,28/12/2023,8,9,3,3.139184391,537.44
bounty_madera,31/01/2024,28/12/2023 9:00,28/12/2023,9,10,3,2.983228023,540.888
bounty_madera,31/01/2024,28/12/2023 10:00,28/12/2023,10,11,3,3.406050338,570.301
bounty_madera,31/01/2024,28/12/2023 11:00,28/12/2023,11,12,3,3.389740183,562.974
bounty_madera,31/01/2024,28/12/2023 12:00,28/12/2023,12,13,3,2.969116753,590.113
bounty_madera,31/01/2024,28/12/2023 13:00,28/12/2023,13,14,3,4.885859723,614.016
bounty_madera,31/01/2024,28/12/2023 14:00,28/12/2023,14,15,3,4.344233132,579.445
bounty_madera,31/01/2024,28/12/2023 15:00,28/12/2023,15,16,3,4.509557687,576.236
bounty_madera,31/01/2024,28/12/2023 16:00,28/12/2023,16,17,3,4.028925091,590.297
bounty_madera,31/01/2024,28/12/2023 17:00,28/12/2023,17,18,3,4.029788925,535.554
bounty_madera,31/01/2024,28/12/2023 18:00,28/12/2023,18,19,3,4.506287518,488.993
bounty_madera,31/01/2024,28/12/2023 19:00,28/12/2023,19,20,3,4.479932149,467.469
bounty_madera,31/01/2024,28/12/2023 20:00,28/12/2023,20,21,3,3.948811918,462.74
bounty_madera,31/01/2024,28/12/2023 21:00,28/12/2023,21,22,3,4.966987872,446.575
bounty_madera,31/01/2024,28/12/2023 22:00,28/12/2023,22,23,3,3.44989042,419.127
bounty_madera,31/01/2024,28/12/2023 23:00,28/12/2023,23,24,3,2.801439581,405.257
bounty_madera,31/01/2024,29/12/2023 0:00,29/12/2023,0,1,4,3.367013441,352.247
bounty_madera,31/01/2024,29/12/2023 1:00,29/12/2023,1,2,4,3.60620406,298.379
bounty_madera,31/01/2024,29/12/2023 2:00,29/12/2023,2,3,4,3.023664759,293.831
bounty_madera,31/01/2024,29/12/2023 3:00,29/12/2023,3,4,4,2.800475532,290.534
bounty_madera,31/01/2024,29/12/2023 4:00,29/12/2023,4,5,4,2.774225601,301.901
bounty_madera,31/01/2024,29/12/2023 5:00,29/12/2023,5,6,4,3.127488117,305.085
bounty_madera,31/01/2024,29/12/2023 6:00,29/12/2023,6,7,4,3.49543506,323.223
bounty_madera,31/01/2024,29/12/2023 7:00,29/12/2023,7,8,4,2.793484554,362.213
bounty_madera,31/01/2024,29/12/2023 8:00,29/12/2023,8,9,4,2.942249725,517.646
bounty_madera,31/01/2024,29/12/2023 9:00,29/12/2023,9,10,4,2.555848793,527.078
bounty_madera,31/01/2024,29/12/2023 10:00,29/12/2023,10,11,4,3.630633523,543.155
bounty_madera,31/01/2024,29/12/2023 11:00,29/12/2023,11,12,4,3.591015268,540.725
bounty_madera,31/01/2024,29/12/2023 12:00,29/12/2023,12,13,4,3.558046816,554.114
bounty_madera,31/01/2024,29/12/2023 13:00,29/12/2023,13,14,4,3.969049673,580.596
bounty_madera,31/01/2024,29/12/2023 14:00,29/12/2023,14,15,4,4.250014991,599.978
bounty_madera,31/01/2024,29/12/2023 15:00,29/12/2023,15,16,4,4.394705092,570.025
bounty_madera,31/01/2024,29/12/2023 16:00,29/12/2023,16,17,4,4.003445673,589.571
bounty_madera,31/01/2024,29/12/2023 17:00,29/12/2023,17,18,4,3.799440588,562.556
bounty_madera,31/01/2024,29/12/2023 18:00,29/12/2023,18,19,4,4.955135541,516.844
bounty_madera,31/01/2024,29/12/2023 19:00,29/12/2023,19,20,4,3.894788121,482.055
bounty_madera,31/01/2024,29/12/2023 20:00,29/12/2023,20,21,4,4.102921635,470.257
bounty_madera,31/01/2024,29/12/2023 21:00,29/12/2023,21,22,4,7.041865651,430.751
bounty_madera,31/01/2024,29/12/2023 22:00,29/12/2023,22,23,4,3.755886447,385.366
bounty_madera,31/01/2024,29/12/2023 23:00,29/12/2023,23,24,4,3.653825073,375.811
bounty_madera,31/01/2024,30/12/2023 0:00,30/12/2023,0,1,5,3.597711179,327.554
bounty_madera,31/01/2024,30/12/2023 1:00,30/12/2023,1,2,5,3.668210472,276.546
bounty_madera,31/01/2024,30/12/2023 2:00,30/12/2023,2,3,5,3.133980129,273.385
bounty_madera,31/01/2024,30/12/2023 3:00,30/12/2023,3,4,5,2.81200846,279.17
bounty_madera,31/01/2024,30/12/2023 4:00,30/12/2023,4,5,5,2.763715592,306.306
bounty_madera,31/01/2024,30/12/2023 5:00,30/12/2023,5,6,5,3.243250222,335.196
bounty_madera,31/01/2024,30/12/2023 6:00,30/12/2023,6,7,5,2.797591099,350.464
bounty_madera,31/01/2024,30/12/2023 7:00,30/12/2023,7,8,5,2.204859231,408.571
bounty_madera,31/01/2024,30/12/2023 8:00,30/12/2023,8,9,5,1.316427697,517.542
bounty_madera,31/01/2024,30/12/2023 9:00,30/12/2023,9,10,5,2.52948836,533.896
bounty_madera,31/01/2024,30/12/2023 10:00,30/12/2023,10,11,5,2.812961861,557.213
bounty_madera,31/01/2024,30/12/2023 11:00,30/12/2023,11,12,5,2.710177733,563.291
bounty_madera,31/01/2024,30/12/2023 12:00,30/12/2023,12,13,5,2.845750986,559.629
bounty_madera,31/01/2024,30/12/2023 13:00,30/12/2023,13,14,5,3.439177762,590.264
bounty_madera,31/01/2024,30/12/2023 14:00,30/12/2023,14,15,5,3.275562208,581.969
bounty_madera,31/01/2024,30/12/2023 15:00,30/12/2023,15,16,5,3.148924769,572.255
bounty_madera,31/01/2024,30/12/2023 16:00,30/12/2023,16,17,5,3.385584075,565.66
bounty_madera,31/01/2024,30/12/2023 17:00,30/12/2023,17,18,5,3.451505462,550.699
bounty_madera,31/01/2024,30/12/2023 18:00,30/12/2023,18,19,5,4.450399238,522.62
bounty_madera,31/01/2024,30/12/2023 19:00,30/12/2023,19,20,5,3.867179576,490.636
bounty_madera,31/01/2024,30/12/2023 20:00,30/12/2023,20,21,5,4.293964253,474.512
bounty_madera,31/01/2024,30/12/2023 21:00,30/12/2023,21,22,5,6.786866086,466.858
bounty_madera,31/01/2024,30/12/2023 22:00,30/12/2023,22,23,5,4.01481257,459.937
bounty_madera,31/01/2024,30/12/2023 23:00,30/12/2023,23,24,5,3.490647718,483.247
bounty_madera,31/01/2024,31/12/2023 0:00,31/12/2023,0,1,6,3.643552187,449.288
bounty_madera,31/01/2024,31/12/2023 1:00,31/12/2023,1,2,6,3.496690027,397.556
bounty_madera,31/01/2024,31/12/2023 2:00,31/12/2023,2,3,6,2.998700659,354.451
bounty_madera,31/01/2024,31/12/2023 3:00,31/12/2023,3,4,6,2.57519792,327.215
bounty_madera,31/01/2024,31/12/2023 4:00,31/12/2023,4,5,6,2.939119493,322.892
bounty_madera,31/01/2024,31/12/2023 5:00,31/12/2023,5,6,6,3.378286303,335.198
bounty_madera,31/01/2024,31/12/2023 6:00,31/12/2023,6,7,6,3.277341199,351.267
bounty_madera,31/01/2024,31/12/2023 7:00,31/12/2023,7,8,6,3.142896091,478.075
bounty_madera,31/01/2024,31/12/2023 8:00,31/12/2023,8,9,6,2.927776175,528.234
bounty_madera,31/01/2024,31/12/2023 9:00,31/12/2023,9,10,6,3.239038168,541.68
bounty_madera,31/01/2024,31/12/2023 10:00,31/12/2023,10,11,6,2.81713404,558.507
bounty_madera,31/01/2024,31/12/2023 11:00,31/12/2023,11,12,6,4.43494269,556.018
bounty_madera,31/01/2024,31/12/2023 12:00,31/12/2023,12,13,6,2.769819647,560.406
bounty_madera,31/01/2024,31/12/2023 13:00,31/12/2023,13,14,6,3.73057258,574.212
bounty_madera,31/01/2024,31/12/2023 14:00,31/12/2023,14,15,6,3.188166473,581.826
bounty_madera,31/01/2024,31/12/2023 15:00,31/12/2023,15,16,6,3.57840197,583.603
bounty_madera,31/01/2024,31/12/2023 16:00,31/12/2023,16,17,6,3.799078606,586.297
bounty_madera,31/01/2024,31/12/2023 17:00,31/12/2023,17,18,6,5.377641004,566.87
bounty_madera,31/01/2024,31/12/2023 18:00,31/12/2023,18,19,6,5.187813579,542.431
bounty_madera,31/01/2024,31/12/2023 19:00,31/12/2023,19,20,6,3.683825789,491.261
bounty_madera,31/01/2024,31/12/2023 20:00,31/12/2023,20,21,6,3.37792829,448.649
bounty_madera,31/01/2024,31/12/2023 21:00,31/12/2023,21,22,6,3.875863056,445.568
bounty_madera,31/01/2024,31/12/2023 22:00,31/12/2023,22,23,6,3.716348105,441.622
bounty_madera,31/01/2024,31/12/2023 23:00,31/12/2023,23,24,6,3.51572484,446.645
bounty_madera,31/01/2024,01/01/2024 0:00,01/01/2024,0,1,0,3.615262292,403.754
bounty_madera,31/01/2024,01/01/2024 1:00,01/01/2024,1,2,0,3.662181087,348.667
bounty_madera,31/01/2024,01/01/2024 2:00,01/01/2024,2,3,0,3.192792489,327.801
bounty_madera,31/01/2024,01/01/2024 3:00,01/01/2024,3,4,0,3.065202936,301.744
bounty_madera,31/01/2024,01/01/2024 4:00,01/01/2024,4,5,0,2.332005136,310.554
bounty_madera,31/01/2024,01/01/2024 5:00,01/01/2024,5,6,0,2.986440437,321.195
bounty_madera,31/01/2024,01/01/2024 6:00,01/01/2024,6,7,0,1.241703875,350.279
bounty_madera,31/01/2024,01/01/2024 7:00,01/01/2024,7,8,0,-0.00108324,384.832
bounty_madera,31/01/2024,01/01/2024 8:00,01/01/2024,8,9,0,-0.045825783,504.109
bounty_madera,31/01/2024,01/01/2024 9:00,01/01/2024,9,10,0,-1.824882392,536.786
bounty_madera,31/01/2024,01/01/2024 10:00,01/01/2024,10,11,0,-1.594249712,571.27
bounty_madera,31/01/2024,01/01/2024 11:00,01/01/2024,11,12,0,-0.838844029,543.535
bounty_madera,31/01/2024,01/01/2024 12:00,01/01/2024,12,13,0,0.086109867,577.81
bounty_madera,31/01/2024,01/01/2024 13:00,01/01/2024,13,14,0,1.490133511,607.172
bounty_madera,31/01/2024,01/01/2024 14:00,01/01/2024,14,15,0,2.60507709,592.314
bounty_madera,31/01/2024,01/01/2024 15:00,01/01/2024,15,16,0,2.764007054,588.957
bounty_madera,31/01/2024,01/01/2024 16:00,01/01/2024,16,17,0,2.816824797,596.202
bounty_madera,31/01/2024,01/01/2024 17:00,01/01/2024,17,18,0,3.18185046,565.358
bounty_madera,31/01/2024,01/01/2024 18:00,01/01/2024,18,19,0,3.82023817,523.27
bounty_madera,31/01/2024,01/01/2024 19:00,01/01/2024,19,20,0,3.531681232,470.863
bounty_madera,31/01/2024,01/01/2024 20:00,01/01/2024,20,21,0,3.640505804,470.226
bounty_madera,31/01/2024,01/01/2024 21:00,01/01/2024,21,22,0,3.729609161,475.377
bounty_madera,31/01/2024,01/01/2024 22:00,01/01/2024,22,23,0,3.348811265,479.694
bounty_madera,31/01/2024,01/01/2024 23:00,01/01/2024,23,24,0,3.393222168,491.248
bounty_madera,31/01/2024,02/01/2024 0:00,02/01/2024,0,1,1,3.419536841,406.095
bounty_madera,31/01/2024,02/01/2024 1:00,02/01/2024,1,2,1,3.070249613,340.658
bounty_madera,31/01/2024,02/01/2024 2:00,02/01/2024,2,3,1,2.573982404,308.484
bounty_madera,31/01/2024,02/01/2024 3:00,02/01/2024,3,4,1,2.876769484,304.555
bounty_madera,31/01/2024,02/01/2024 4:00,02/01/2024,4,5,1,2.892326924,317.667
bounty_madera,31/01/2024,02/01/2024 5:00,02/01/2024,5,6,1,3.183672344,324.146
bounty_madera,31/01/2024,02/01/2024 6:00,02/01/2024,6,7,1,3.334753119,347.277
bounty_madera,31/01/2024,02/01/2024 7:00,02/01/2024,7,8,1,3.221023816,405.977
bounty_madera,31/01/2024,02/01/2024 8:00,02/01/2024,8,9,1,2.990880469,510.627
bounty_madera,31/01/2024,02/01/2024 9:00,02/01/2024,9,10,1,2.915364478,548.31
bounty_madera,31/01/2024,02/01/2024 10:00,02/01/2024,10,11,1,3.622255814,563.321
bounty_madera,31/01/2024,02/01/2024 11:00,02/01/2024,11,12,1,3.585609995,552.359
bounty_madera,31/01/2024,02/01/2024 12:00,02/01/2024,12,13,1,3.590352051,579.68
bounty_madera,31/01/2024,02/01/2024 13:00,02/01/2024,13,14,1,4.058235642,605.392
bounty_madera,31/01/2024,02/01/2024 14:00,02/01/2024,14,15,1,6.56966634,597.975
bounty_madera,31/01/2024,02/01/2024 15:00,02/01/2024,15,16,1,7.069052361,583.132
bounty_madera,31/01/2024,02/01/2024 16:00,02/01/2024,16,17,1,4.227633147,583.519
bounty_madera,31/01/2024,02/01/2024 17:00,02/01/2024,17,18,1,5.577243697,555.366
bounty_madera,31/01/2024,02/01/2024 18:00,02/01/2024,18,19,1,4.616285719,518.179
bounty_madera,31/01/2024,02/01/2024 19:00,02/01/2024,19,20,1,5.274714313,496.985
bounty_madera,31/01/2024,02/01/2024 20:00,02/01/2024,20,21,1,5.38823202,465.746
bounty_madera,31/01/2024,02/01/2024 21:00,02/01/2024,21,22,1,6.820890291,457.313
bounty_madera,31/01/2024,02/01/2024 22:00,02/01/2024,22,23,1,7.180422916,472.01
bounty_madera,31/01/2024,02/01/2024 23:00,02/01/2024,23,24,1,6.249317075,483.001
bounty_madera,31/01/2024,03/01/2024 0:00,03/01/2024,0,1,2,4.050735626,456.42
bounty_madera,31/01/2024,03/01/2024 1:00,03/01/2024,1,2,2,3.952001302,389.567
bounty_madera,31/01/2024,03/01/2024 2:00,03/01/2024,2,3,2,3.629576339,358.32
bounty_madera,31/01/2024,03/01/2024 3:00,03/01/2024,3,4,2,3.542052163,343.787
bounty_madera,31/01/2024,03/01/2024 4:00,03/01/2024,4,5,2,3.642963563,338.874
bounty_madera,31/01/2024,03/01/2024 5:00,03/01/2024,5,6,2,3.648780161,355.098
bounty_madera,31/01/2024,03/01/2024 6:00,03/01/2024,6,7,2,7.325548229,375.714
bounty_madera,31/01/2024,03/01/2024 7:00,03/01/2024,7,8,2,5.353705068,429.812
bounty_madera,31/01/2024,03/01/2024 8:00,03/01/2024,8,9,2,4.18269364,537.94
bounty_madera,31/01/2024,03/01/2024 9:00,03/01/2024,9,10,2,4.282508011,573.446
bounty_madera,31/01/2024,03/01/2024 10:00,03/01/2024,10,11,2,9.916060703,597.735
bounty_madera,31/01/2024,03/01/2024 11:00,03/01/2024,11,12,2,7.404480961,590.315
bounty_madera,31/01/2024,03/01/2024 12:00,03/01/2024,12,13,2,7.8412538,605.463
bounty_madera,31/01/2024,03/01/2024 13:00,03/01/2024,13,14,2,19.6100896,619.214
bounty_madera,31/01/2024,03/01/2024 14:00,03/01/2024,14,15,2,23.60745661,612.319
bounty_madera,31/01/2024,03/01/2024 15:00,03/01/2024,15,16,2,28.78586292,606.937
bounty_madera,31/01/2024,03/01/2024 16:00,03/01/2024,16,17,2,19.80783425,588.063
bounty_madera,31/01/2024,03/01/2024 17:00,03/01/2024,17,18,2,9.733714658,553.006
bounty_madera,31/01/2024,03/01/2024 18:00,03/01/2024,18,19,2,9.747760748,524.409
bounty_madera,31/01/2024,03/01/2024 19:00,03/01/2024,19,20,2,5.876714108,508.734
bounty_madera,31/01/2024,03/01/2024 20:00,03/01/2024,20,21,2,8.955997264,517.418
bounty_madera,31/01/2024,03/01/2024 21:00,03/01/2024,21,22,2,6.329102937,519.007
bounty_madera,31/01/2024,03/01/2024 22:00,03/01/2024,22,23,2,4.940197876,522.866
bounty_madera,31/01/2024,03/01/2024 23:00,03/01/2024,23,24,2,4.841022469,518.508
bounty_madera,31/01/2024,04/01/2024 0:00,04/01/2024,0,1,3,4.698913175,471.174
bounty_madera,31/01/2024,04/01/2024 1:00,04/01/2024,1,2,3,4.417119283,415.583
bounty_madera,31/01/2024,04/01/2024 2:00,04/01/2024,2,3,3,3.962776423,374.95
bounty_madera,31/01/2024,04/01/2024 3:00,04/01/2024,3,4,3,3.712002687,342.59
bounty_madera,31/01/2024,04/01/2024 4:00,04/01/2024,4,5,3,3.924330589,332.866
bounty_madera,31/01/2024,04/01/2024 5:00,04/01/2024,5,6,3,4.140364723,348.923
bounty_madera,31/01/2024,04/01/2024 6:00,04/01/2024,6,7,3,3.977432588,362.686
bounty_madera,31/01/2024,04/01/2024 7:00,04/01/2024,7,8,3,3.976848726,424
bounty_madera,31/01/2024,04/01/2024 8:00,04/01/2024,8,9,3,4.240283423,538.593
bounty_madera,31/01/2024,04/01/2024 9:00,04/01/2024,9,10,3,4.565300824,565.341
bounty_madera,31/01/2024,04/01/2024 10:00,04/01/2024,10,11,3,4.918787934,580.541
bounty_madera,31/01/2024,04/01/2024 11:00,04/01/2024,11,12,3,3.788930192,563.796
bounty_madera,31/01/2024,04/01/2024 12:00,04/01/2024,12,13,3,2.596210616,569.987
bounty_madera,31/01/2024,04/01/2024 13:00,04/01/2024,13,14,3,5.085619739,614.288
bounty_madera,31/01/2024,04/01/2024 14:00,04/01/2024,14,15,3,7.314169125,606.099
bounty_madera,31/01/2024,04/01/2024 15:00,04/01/2024,15,16,3,8.150968128,606.229
bounty_madera,31/01/2024,04/01/2024 16:00,04/01/2024,16,17,3,6.925668859,605.094
bounty_madera,31/01/2024,04/01/2024 17:00,04/01/2024,17,18,3,5.385688838,554.93
bounty_madera,31/01/2024,04/01/2024 18:00,04/01/2024,18,19,3,5.411101427,526.629
bounty_madera,31/01/2024,04/01/2024 19:00,04/01/2024,19,20,3,4.92502416,494.572
bounty_madera,31/01/2024,04/01/2024 20:00,04/01/2024,20,21,3,4.022732133,461.924
bounty_madera,31/01/2024,04/01/2024 21:00,04/01/2024,21,22,3,5.62343087,440.192
bounty_madera,31/01/2024,04/01/2024 22:00,04/01/2024,22,23,3,3.555685758,410.946
bounty_madera,31/01/2024,04/01/2024 23:00,04/01/2024,23,24,3,4.407170288,414.196
bounty_madera,31/01/2024,05/01/2024 0:00,05/01/2024,0,1,4,3.660101517,375.394
bounty_madera,31/01/2024,05/01/2024 1:00,05/01/2024,1,2,4,3.596262063,324.944
bounty_madera,31/01/2024,05/01/2024 2:00,05/01/2024,2,3,4,3.144722641,306.118
bounty_madera,31/01/2024,05/01/2024 3:00,05/01/2024,3,4,4,3.118460618,294.359
bounty_madera,31/01/2024,05/01/2024 4:00,05/01/2024,4,5,4,3.394721979,276.97
bounty_madera,31/01/2024,05/01/2024 5:00,05/01/2024,5,6,4,3.520289117,4.914
bounty_madera,31/01/2024,05/01/2024 6:00,05/01/2024,6,7,4,3.360058243,324.603
bounty_madera,31/01/2024,05/01/2024 7:00,05/01/2024,7,8,4,3.326063128,385.397
bounty_madera,31/01/2024,05/01/2024 8:00,05/01/2024,8,9,4,3.694934547,494.436
bounty_madera,31/01/2024,05/01/2024 9:00,05/01/2024,9,10,4,4.751619374,521.266
bounty_madera,31/01/2024,05/01/2024 10:00,05/01/2024,10,11,4,4.281487791,542.694
bounty_madera,31/01/2024,05/01/2024 11:00,05/01/2024,11,12,4,2.741254409,526.923
bounty_madera,31/01/2024,05/01/2024 12:00,05/01/2024,12,13,4,2.289493341,555.379
bounty_madera,31/01/2024,05/01/2024 13:00,05/01/2024,13,14,4,3.809620634,592.39
bounty_madera,31/01/2024,05/01/2024 14:00,05/01/2024,14,15,4,3.119196077,566.936
bounty_madera,31/01/2024,05/01/2024 15:00,05/01/2024,15,16,4,3.633511431,554.988
bounty_madera,31/01/2024,05/01/2024 16:00,05/01/2024,16,17,4,3.771097647,560.867
bounty_madera,31/01/2024,05/01/2024 17:00,05/01/2024,17,18,4,4.582039655,528.151
bounty_madera,31/01/2024,05/01/2024 18:00,05/01/2024,18,19,4,5.615355768,507.73
bounty_madera,31/01/2024,05/01/2024 19:00,05/01/2024,19,20,4,3.902132328,449.407
bounty_madera,31/01/2024,05/01/2024 20:00,05/01/2024,20,21,4,3.751585376,386.892
bounty_madera,31/01/2024,05/01/2024 21:00,05/01/2024,21,22,4,5.554415405,374.022
bounty_madera,31/01/2024,05/01/2024 22:00,05/01/2024,22,23,4,5.762322959,341.429
bounty_madera,31/01/2024,05/01/2024 23:00,05/01/2024,23,24,4,5.976119284,356.097
bounty_madera,31/01/2024,06/01/2024 0:00,06/01/2024,0,1,5,7.504209793,310.148
bounty_madera,31/01/2024,06/01/2024 1:00,06/01/2024,1,2,5,4.41638555,273.365
bounty_madera,31/01/2024,06/01/2024 2:00,06/01/2024,2,3,5,4.299702653,273.504
bounty_madera,31/01/2024,06/01/2024 3:00,06/01/2024,3,4,5,4.058917877,270.542
bounty_madera,31/01/2024,06/01/2024 4:00,06/01/2024,4,5,5,4.103809487,300.813
bounty_madera,31/01/2024,06/01/2024 5:00,06/01/2024,5,6,5,4.132361368,308.859
bounty_madera,31/01/2024,06/01/2024 6:00,06/01/2024,6,7,5,4.10679241,320.4
bounty_madera,31/01/2024,06/01/2024 7:00,06/01/2024,7,8,5,3.893690166,353.969
bounty_madera,31/01/2024,06/01/2024 8:00,06/01/2024,8,9,5,3.228319055,480.682
bounty_madera,31/01/2024,06/01/2024 9:00,06/01/2024,9,10,5,4.235816608,495.893
bounty_madera,31/01/2024,06/01/2024 10:00,06/01/2024,10,11,5,4.354126819,523.158
bounty_madera,31/01/2024,06/01/2024 11:00,06/01/2024,11,12,5,2.758210507,510.375
bounty_madera,31/01/2024,06/01/2024 12:00,06/01/2024,12,13,5,1.331490842,545.684
bounty_madera,31/01/2024,06/01/2024 13:00,06/01/2024,13,14,5,3.900296345,567.827
bounty_madera,31/01/2024,06/01/2024 14:00,06/01/2024,14,15,5,4.259250693,558.607
bounty_madera,31/01/2024,06/01/2024 15:00,06/01/2024,15,16,5,4.280630926,560.137
bounty_madera,31/01/2024,06/01/2024 16:00,06/01/2024,16,17,5,4.328127531,558.185
bounty_madera,31/01/2024,06/01/2024 17:00,06/01/2024,17,18,5,11.68698254,510.628
bounty_madera,31/01/2024,06/01/2024 18:00,06/01/2024,18,19,5,13.24613952,480.96
bounty_madera,31/01/2024,06/01/2024 19:00,06/01/2024,19,20,5,9.774323934,465.693
bounty_madera,31/01/2024,06/01/2024 20:00,06/01/2024,20,21,5,6.900509762,461.861
bounty_madera,31/01/2024,06/01/2024 21:00,06/01/2024,21,22,5,10.11387418,450.321
bounty_madera,31/01/2024,06/01/2024 22:00,06/01/2024,22,23,5,24.59902456,446.431
bounty_madera,31/01/2024,06/01/2024 23:00,06/01/2024,23,24,5,15.88859097,426.985
bounty_madera,31/01/2024,07/01/2024 0:00,07/01/2024,0,1,6,19.12015721,373.59
bounty_madera,31/01/2024,07/01/2024 1:00,07/01/2024,1,2,6,4.013222403,303.466
bounty_madera,31/01/2024,07/01/2024 2:00,07/01/2024,2,3,6,4.35080403,298.075
bounty_madera,31/01/2024,07/01/2024 3:00,07/01/2024,3,4,6,3.711464131,294.5
bounty_madera,31/01/2024,07/01/2024 4:00,07/01/2024,4,5,6,3.708037785,307.68
bounty_madera,31/01/2024,07/01/2024 5:00,07/01/2024,5,6,6,3.642485689,334.322
bounty_madera,31/01/2024,07/01/2024 6:00,07/01/2024,6,7,6,3.411790955,359.704
bounty_madera,31/01/2024,07/01/2024 7:00,07/01/2024,7,8,6,3.727870588,385.547
bounty_madera,31/01/2024,07/01/2024 8:00,07/01/2024,8,9,6,2.671008017,502.782
bounty_madera,31/01/2024,07/01/2024 9:00,07/01/2024,9,10,6,2.961849253,503.154
bounty_madera,31/01/2024,07/01/2024 10:00,07/01/2024,10,11,6,3.077541216,537.944
bounty_madera,31/01/2024,07/01/2024 11:00,07/01/2024,11,12,6,3.16629855,526.693
bounty_madera,31/01/2024,07/01/2024 12:00,07/01/2024,12,13,6,3.494590161,542.926
bounty_madera,31/01/2024,07/01/2024 13:00,07/01/2024,13,14,6,3.508503748,571.435
bounty_madera,31/01/2024,07/01/2024 14:00,07/01/2024,14,15,6,3.760021881,543.219
bounty_madera,31/01/2024,07/01/2024 15:00,07/01/2024,15,16,6,4.04795933,535.164
bounty_madera,31/01/2024,07/01/2024 16:00,07/01/2024,16,17,6,4.182666207,535.464
bounty_madera,31/01/2024,07/01/2024 17:00,07/01/2024,17,18,6,6.650937714,487.465
bounty_madera,31/01/2024,07/01/2024 18:00,07/01/2024,18,19,6,10.35549678,485.685
bounty_madera,31/01/2024,07/01/2024 19:00,07/01/2024,19,20,6,4.709868707,433.16
bounty_madera,31/01/2024,07/01/2024 20:00,07/01/2024,20,21,6,4.65241972,387.042
bounty_madera,31/01/2024,07/01/2024 21:00,07/01/2024,21,22,6,5.071987954,370.062
bounty_madera,31/01/2024,07/01/2024 22:00,07/01/2024,22,23,6,6.371145859,339.626
bounty_madera,31/01/2024,07/01/2024 23:00,07/01/2024,23,24,6,3.713857131,340.038
bounty_madera,31/01/2024,08/01/2024 0:00,08/01/2024,0,1,0,3.604576901,318.951
bounty_madera,31/01/2024,08/01/2024 1:00,08/01/2024,1,2,0,3.488020723,291.101
bounty_madera,31/01/2024,08/01/2024 2:00,08/01/2024,2,3,0,3.248392062,280.127
bounty_madera,31/01/2024,08/01/2024 3:00,08/01/2024,3,4,0,3.191853294,272.229
bounty_madera,31/01/2024,08/01/2024 4:00,08/01/2024,4,5,0,3.563247885,295.294
bounty_madera,31/01/2024,08/01/2024 5:00,08/01/2024,5,6,0,3.817509513,314.194
bounty_madera,31/01/2024,08/01/2024 6:00,08/01/2024,6,7,0,3.813320431,312.828
bounty_madera,31/01/2024,08/01/2024 7:00,08/01/2024,7,8,0,3.792330711,354.628
bounty_madera,31/01/2024,08/01/2024 8:00,08/01/2024,8,9,0,4.24760237,495.66
bounty_madera,31/01/2024,08/01/2024 9:00,08/01/2024,9,10,0,6.388762547,521.171
bounty_madera,31/01/2024,08/01/2024 10:00,08/01/2024,10,11,0,10.52207301,565.69
bounty_madera,31/01/2024,08/01/2024 11:00,08/01/2024,11,12,0,4.11146523,561.762
bounty_madera,31/01/2024,08/01/2024 12:00,08/01/2024,12,13,0,3.247050157,578.632
bounty_madera,31/01/2024,08/01/2024 13:00,08/01/2024,13,14,0,4.273255256,587.258
bounty_madera,31/01/2024,08/01/2024 14:00,08/01/2024,14,15,0,5.214968909,606.871
bounty_madera,31/01/2024,08/01/2024 15:00,08/01/2024,15,16,0,5.154887559,594.796
bounty_madera,31/01/2024,08/01/2024 16:00,08/01/2024,16,17,0,4.425016145,580.914
bounty_madera,31/01/2024,08/01/2024 17:00,08/01/2024,17,18,0,7.544767483,561.243
bounty_madera,31/01/2024,08/01/2024 18:00,08/01/2024,18,19,0,5.813109109,538.988
bounty_madera,31/01/2024,08/01/2024 19:00,08/01/2024,19,20,0,4.662406059,500.615
bounty_madera,31/01/2024,08/01/2024 20:00,08/01/2024,20,21,0,11.8899528,476.913
bounty_madera,31/01/2024,08/01/2024 21:00,08/01/2024,21,22,0,10.91265757,455.96
bounty_madera,31/01/2024,08/01/2024 22:00,08/01/2024,22,23,0,4.501345012,447.216
bounty_madera,31/01/2024,08/01/2024 23:00,08/01/2024,23,24,0,5.957321845,396.572
bounty_madera,31/01/2024,09/01/2024 0:00,09/01/2024,0,1,1,3.62234545,362.389
bounty_madera,31/01/2024,09/01/2024 1:00,09/01/2024,1,2,1,4.140176038,318.605
bounty_madera,31/01/2024,09/01/2024 2:00,09/01/2024,2,3,1,4.079463351,331.944
bounty_madera,31/01/2024,09/01/2024 3:00,09/01/2024,3,4,1,4.012607726,342.269
bounty_madera,31/01/2024,09/01/2024 4:00,09/01/2024,4,5,1,4.264539965,378.009
bounty_madera,31/01/2024,09/01/2024 5:00,09/01/2024,5,6,1,4.179023604,403.62
bounty_madera,31/01/2024,09/01/2024 6:00,09/01/2024,6,7,1,4.379461119,425.024
bounty_madera,31/01/2024,09/01/2024 7:00,09/01/2024,7,8,1,3.222232793,441.929
bounty_madera,31/01/2024,09/01/2024 8:00,09/01/2024,8,9,1,4.689412492,476.637
bounty_madera,31/01/2024,09/01/2024 9:00,09/01/2024,9,10,1,2.878666955,539.809
bounty_madera,31/01/2024,09/01/2024 10:00,09/01/2024,10,11,1,3.656336877,581.045
bounty_madera,31/01/2024,09/01/2024 11:00,09/01/2024,11,12,1,3.07808044,593.128
bounty_madera,31/01/2024,09/01/2024 12:00,09/01/2024,12,13,1,2.68077635,590.919
bounty_madera,31/01/2024,09/01/2024 13:00,09/01/2024,13,14,1,6.889009056,625.981
bounty_madera,31/01/2024,09/01/2024 14:00,09/01/2024,14,15,1,6.761852609,628.923
bounty_madera,31/01/2024,09/01/2024 15:00,09/01/2024,15,16,1,5.432289861,621.737
bounty_madera,31/01/2024,09/01/2024 16:00,09/01/2024,16,17,1,5.063455477,642.899
bounty_madera,31/01/2024,09/01/2024 17:00,09/01/2024,17,18,1,7.127623163,613.707
bounty_madera,31/01/2024,09/01/2024 18:00,09/01/2024,18,19,1,7.347840871,558.105
bounty_madera,31/01/2024,09/01/2024 19:00,09/01/2024,19,20,1,4.237116841,530.552
bounty_madera,31/01/2024,09/01/2024 20:00,09/01/2024,20,21,1,14.65742129,512.092
bounty_madera,31/01/2024,09/01/2024 21:00,09/01/2024,21,22,1,7.981181326,478.503
bounty_madera,31/01/2024,09/01/2024 22:00,09/01/2024,22,23,1,9.282394451,457.012
bounty_madera,31/01/2024,09/01/2024 23:00,09/01/2024,23,24,1,4.223423401,503.62
bounty_madera,31/01/2024,10/01/2024 0:00,10/01/2024,0,1,2,4.050359606,450.181
bounty_madera,31/01/2024,10/01/2024 1:00,10/01/2024,1,2,2,4.623666212,378.421
bounty_madera,31/01/2024,10/01/2024 2:00,10/01/2024,2,3,2,4.084205871,331.67
bounty_madera,31/01/2024,10/01/2024 3:00,10/01/2024,3,4,2,3.891124314,307.909
bounty_madera,31/01/2024,10/01/2024 4:00,10/01/2024,4,5,2,4.130225843,312.262
bounty_madera,31/01/2024,10/01/2024 5:00,10/01/2024,5,6,2,4.311634384,330.601
bounty_madera,31/01/2024,10/01/2024 6:00,10/01/2024,6,7,2,4.220506521,343.656
bounty_madera,31/01/2024,10/01/2024 7:00,10/01/2024,7,8,2,3.522734484,378.306
bounty_madera,31/01/2024,10/01/2024 8:00,10/01/2024,8,9,2,3.546714264,548.037
bounty_madera,31/01/2024,10/01/2024 9:00,10/01/2024,9,10,2,3.594970625,592.896
bounty_madera,31/01/2024,10/01/2024 10:00,10/01/2024,10,11,2,4.842396464,632.878
bounty_madera,31/01/2024,10/01/2024 11:00,10/01/2024,11,12,2,4.315961849,600.546
bounty_madera,31/01/2024,10/01/2024 12:00,10/01/2024,12,13,2,3.670820749,612.686
bounty_madera,31/01/2024,10/01/2024 13:00,10/01/2024,13,14,2,6.600406069,637.193
bounty_madera,31/01/2024,10/01/2024 14:00,10/01/2024,14,15,2,7.182321944,623.192
bounty_madera,31/01/2024,10/01/2024 15:00,10/01/2024,15,16,2,5.510913287,624.871
bounty_madera,31/01/2024,10/01/2024 16:00,10/01/2024,16,17,2,8.423786259,620.764
bounty_madera,31/01/2024,10/01/2024 17:00,10/01/2024,17,18,2,6.720988898,554.598
bounty_madera,31/01/2024,10/01/2024 18:00,10/01/2024,18,19,2,8.214404497,519.116
bounty_madera,31/01/2024,10/01/2024 19:00,10/01/2024,19,20,2,4.583579119,487.207
bounty_madera,31/01/2024,10/01/2024 20:00,10/01/2024,20,21,2,12.77565915,485.596
bounty_madera,31/01/2024,10/01/2024 21:00,10/01/2024,21,22,2,9.795126366,468.211
bounty_madera,31/01/2024,10/01/2024 22:00,10/01/2024,22,23,2,7.236528943,454.596
bounty_madera,31/01/2024,10/01/2024 23:00,10/01/2024,23,24,2,5.295543588,433.268
bounty_madera,31/01/2024,11/01/2024 0:00,11/01/2024,0,1,3,3.9359872,350.29
bounty_madera,31/01/2024,11/01/2024 1:00,11/01/2024,1,2,3,4.108806692,319.02
bounty_madera,31/01/2024,11/01/2024 2:00,11/01/2024,2,3,3,4.099635379,319.96
bounty_madera,31/01/2024,11/01/2024 3:00,11/01/2024,3,4,3,3.778075772,304.529
bounty_madera,31/01/2024,11/01/2024 4:00,11/01/2024,4,5,3,4.068439567,331.967
bounty_madera,31/01/2024,11/01/2024 5:00,11/01/2024,5,6,3,4.334025886,384.262
bounty_madera,31/01/2024,11/01/2024 6:00,11/01/2024,6,7,3,4.175981433,384.917
bounty_madera,31/01/2024,11/01/2024 7:00,11/01/2024,7,8,3,2.932256583,432.282
bounty_madera,31/01/2024,11/01/2024 8:00,11/01/2024,8,9,3,3.70778634,515.429
bounty_madera,31/01/2024,11/01/2024 9:00,11/01/2024,9,10,3,3.356807033,515.332
bounty_madera,31/01/2024,11/01/2024 10:00,11/01/2024,10,11,3,2.6030676,543.249
bounty_madera,31/01/2024,11/01/2024 11:00,11/01/2024,11,12,3,2.83201755,518.116
bounty_madera,31/01/2024,11/01/2024 12:00,11/01/2024,12,13,3,2.215149705,548.078
bounty_madera,31/01/2024,11/01/2024 13:00,11/01/2024,13,14,3,6.623800922,576.513
bounty_madera,31/01/2024,11/01/2024 14:00,11/01/2024,14,15,3,5.235871164,570.011
bounty_madera,31/01/2024,11/01/2024 15:00,11/01/2024,15,16,3,4.858721075,598.937
bounty_madera,31/01/2024,11/01/2024 16:00,11/01/2024,16,17,3,6.532161719,557.908
bounty_madera,31/01/2024,11/01/2024 17:00,11/01/2024,17,18,3,6.2022113,527.025
bounty_madera,31/01/2024,11/01/2024 18:00,11/01/2024,18,19,3,11.27609835,481.421
bounty_madera,31/01/2024,11/01/2024 19:00,11/01/2024,19,20,3,3.929081924,434.546
bounty_madera,31/01/2024,11/01/2024 20:00,11/01/2024,20,21,3,3.673606978,413.359
bounty_madera,31/01/2024,11/01/2024 21:00,11/01/2024,21,22,3,4.098415179,383.132
bounty_madera,31/01/2024,11/01/2024 22:00,11/01/2024,22,23,3,4.53978324,335.512
bounty_madera,31/01/2024,11/01/2024 23:00,11/01/2024,23,24,3,3.416910434,334.817
bounty_madera,31/01/2024,12/01/2024 0:00,12/01/2024,0,1,4,3.480016834,307.359
bounty_madera,31/01/2024,12/01/2024 1:00,12/01/2024,1,2,4,3.367270174,271.833
bounty_madera,31/01/2024,12/01/2024 2:00,12/01/2024,2,3,4,3.216394106,271.661
bounty_madera,31/01/2024,12/01/2024 3:00,12/01/2024,3,4,4,3.142912682,274.84
bounty_madera,31/01/2024,12/01/2024 4:00,12/01/2024,4,5,4,3.179069909,292.106
bounty_madera,31/01/2024,12/01/2024 5:00,12/01/2024,5,6,4,3.474112165,303.651
bounty_madera,31/01/2024,12/01/2024 6:00,12/01/2024,6,7,4,3.343078844,309.074
bounty_madera,31/01/2024,12/01/2024 7:00,12/01/2024,7,8,4,2.92607416,337.441
bounty_madera,31/01/2024,12/01/2024 8:00,12/01/2024,8,9,4,3.356072955,452.652
bounty_madera,31/01/2024,12/01/2024 9:00,12/01/2024,9,10,4,4.245527757,481.903
bounty_madera,31/01/2024,12/01/2024 10:00,12/01/2024,10,11,4,4.070689317,465.576
bounty_madera,31/01/2024,12/01/2024 11:00,12/01/2024,11,12,4,3.45652131,477.23
bounty_madera,31/01/2024,12/01/2024 12:00,12/01/2024,12,13,4,1.876899009,502.009
bounty_madera,31/01/2024,12/01/2024 13:00,12/01/2024,13,14,4,3.363708763,521.647
bounty_madera,31/01/2024,12/01/2024 14:00,12/01/2024,14,15,4,3.644058509,533.848
bounty_madera,31/01/2024,12/01/2024 15:00,12/01/2024,15,16,4,4.410598248,516.39
bounty_madera,31/01/2024,12/01/2024 16:00,12/01/2024,16,17,4,3.460109101,506.768
bounty_madera,31/01/2024,12/01/2024 17:00,12/01/2024,17,18,4,4.349526598,466.234
bounty_madera,31/01/2024,12/01/2024 18:00,12/01/2024,18,19,4,5.27710669,474.719
bounty_madera,31/01/2024,12/01/2024 19:00,12/01/2024,19,20,4,3.353421063,465.184
bounty_madera,31/01/2024,12/01/2024 20:00,12/01/2024,20,21,4,5.728109622,441.848
bounty_madera,31/01/2024,12/01/2024 21:00,12/01/2024,21,22,4,4.783110491,437.544
bounty_madera,31/01/2024,12/01/2024 22:00,12/01/2024,22,23,4,5.2054835,416.914
bounty_madera,31/01/2024,12/01/2024 23:00,12/01/2024,23,24,4,3.505971223,431.002
bounty_madera,31/01/2024,13/01/2024 0:00,13/01/2024,0,1,5,3.358908197,398.846
bounty_madera,31/01/2024,13/01/2024 1:00,13/01/2024,1,2,5,3.535897583,334.269
bounty_madera,31/01/2024,13/01/2024 2:00,13/01/2024,2,3,5,3.637498797,306.38
bounty_madera,31/01/2024,13/01/2024 3:00,13/01/2024,3,4,5,2.93442788,289.544
bounty_madera,31/01/2024,13/01/2024 4:00,13/01/2024,4,5,5,2.639128038,299.312
bounty_madera,31/01/2024,13/01/2024 5:00,13/01/2024,5,6,5,3.142551505,318.791
bounty_madera,31/01/2024,13/01/2024 6:00,13/01/2024,6,7,5,3.237583589,313.293
bounty_madera,31/01/2024,13/01/2024 7:00,13/01/2024,7,8,5,3.410328553,346.58
bounty_madera,31/01/2024,13/01/2024 8:00,13/01/2024,8,9,5,2.973862502,468.838
bounty_madera,31/01/2024,13/01/2024 9:00,13/01/2024,9,10,5,3.320250749,474.793
bounty_madera,31/01/2024,13/01/2024 10:00,13/01/2024,10,11,5,3.172322787,481.887
bounty_madera,31/01/2024,13/01/2024 11:00,13/01/2024,11,12,5,2.560251352,489.379
bounty_madera,31/01/2024,13/01/2024 12:00,13/01/2024,12,13,5,2.426128231,496.053
bounty_madera,31/01/2024,13/01/2024 13:00,13/01/2024,13,14,5,2.750374188,506.243
bounty_madera,31/01/2024,13/01/2024 14:00,13/01/2024,14,15,5,3.334465135,496.568
bounty_madera,31/01/2024,13/01/2024 15:00,13/01/2024,15,16,5,3.268693713,492.658
bounty_madera,31/01/2024,13/01/2024 16:00,13/01/2024,16,17,5,3.700720982,472.344
bounty_madera,31/01/2024,13/01/2024 17:00,13/01/2024,17,18,5,3.489566271,470.245
bounty_madera,31/01/2024,13/01/2024 18:00,13/01/2024,18,19,5,4.552788339,433.285
bounty_madera,31/01/2024,13/01/2024 19:00,13/01/2024,19,20,5,3.807446157,392.348
bounty_madera,31/01/2024,13/01/2024 20:00,13/01/2024,20,21,5,3.625129772,384.023
bounty_madera,31/01/2024,13/01/2024 21:00,13/01/2024,21,22,5,7.597414137,324.427
bounty_madera,31/01/2024,13/01/2024 22:00,13/01/2024,22,23,5,3.384713643,308.44
bounty_madera,31/01/2024,13/01/2024 23:00,13/01/2024,23,24,5,3.205002243,307.805
bounty_madera,31/01/2024,14/01/2024 0:00,14/01/2024,0,1,6,3.377997981,281.301
bounty_madera,31/01/2024,14/01/2024 1:00,14/01/2024,1,2,6,3.459136193,257.712
bounty_madera,31/01/2024,14/01/2024 2:00,14/01/2024,2,3,6,3.39259161,256.529
bounty_madera,31/01/2024,14/01/2024 3:00,14/01/2024,3,4,6,3.310643306,259.149
bounty_madera,31/01/2024,14/01/2024 4:00,14/01/2024,4,5,6,3.17885465,272.475
bounty_madera,31/01/2024,14/01/2024 5:00,14/01/2024,5,6,6,2.698828278,291.337
bounty_madera,31/01/2024,14/01/2024 6:00,14/01/2024,6,7,6,2.48398029,301.75
bounty_madera,31/01/2024,14/01/2024 7:00,14/01/2024,7,8,6,2.508130001,309.426
bounty_madera,31/01/2024,14/01/2024 8:00,14/01/2024,8,9,6,2.550955398,437.852
bounty_madera,31/01/2024,14/01/2024 9:00,14/01/2024,9,10,6,2.497504362,472.114
bounty_madera,31/01/2024,14/01/2024 10:00,14/01/2024,10,11,6,2.592332505,460.837
bounty_madera,31/01/2024,14/01/2024 11:00,14/01/2024,11,12,6,2.658520312,352.831
bounty_madera,31/01/2024,14/01/2024 12:00,14/01/2024,12,13,6,2.055327795,484.97
bounty_madera,31/01/2024,14/01/2024 13:00,14/01/2024,13,14,6,2.721287234,492.462
bounty_madera,31/01/2024,14/01/2024 14:00,14/01/2024,14,15,6,2.762444242,497.556
bounty_madera,31/01/2024,14/01/2024 15:00,14/01/2024,15,16,6,2.439459027,478.565
bounty_madera,31/01/2024,14/01/2024 16:00,14/01/2024,16,17,6,3.178219958,485.07
bounty_madera,31/01/2024,14/01/2024 17:00,14/01/2024,17,18,6,3.904433143,457.186
bounty_madera,31/01/2024,14/01/2024 18:00,14/01/2024,18,19,6,6.752921222,450.832
bounty_madera,31/01/2024,14/01/2024 19:00,14/01/2024,19,20,6,4.061340564,395.766
bounty_madera,31/01/2024,14/01/2024 20:00,14/01/2024,20,21,6,3.955583955,335.665
bounty_madera,31/01/2024,14/01/2024 21:00,14/01/2024,21,22,6,7.357738429,308.723
bounty_madera,31/01/2024,14/01/2024 22:00,14/01/2024,22,23,6,3.440724607,306.832
bounty_madera,31/01/2024,14/01/2024 23:00,14/01/2024,23,24,6,3.160297663,317.797
bounty_madera,31/01/2024,15/01/2024 0:00,15/01/2024,0,1,0,3.276629699,284.84
bounty_madera,31/01/2024,15/01/2024 1:00,15/01/2024,1,2,0,3.052704929,270.243
bounty_madera,31/01/2024,15/01/2024 2:00,15/01/2024,2,3,0,2.027167022,265.939
bounty_madera,31/01/2024,15/01/2024 3:00,15/01/2024,3,4,0,1.824552161,268.552
bounty_madera,31/01/2024,15/01/2024 4:00,15/01/2024,4,5,0,3.087858393,282.882
bounty_madera,31/01/2024,15/01/2024 5:00,15/01/2024,5,6,0,3.325911665,295.458
bounty_madera,31/01/2024,15/01/2024 6:00,15/01/2024,6,7,0,3.039101048,305.658
bounty_madera,31/01/2024,15/01/2024 7:00,15/01/2024,7,8,0,2.865513878,312.513
bounty_madera,31/01/2024,15/01/2024 8:00,15/01/2024,8,9,0,3.252029927,457.136
bounty_madera,31/01/2024,15/01/2024 9:00,15/01/2024,9,10,0,3.865912367,473.185
bounty_madera,31/01/2024,15/01/2024 10:00,15/01/2024,10,11,0,3.776127755,514.676
bounty_madera,31/01/2024,15/01/2024 11:00,15/01/2024,11,12,0,3.616351932,474.856
bounty_madera,31/01/2024,15/01/2024 12:00,15/01/2024,12,13,0,3.222330475,514.722
bounty_madera,31/01/2024,15/01/2024 13:00,15/01/2024,13,14,0,4.065253661,543.976
bounty_madera,31/01/2024,15/01/2024 14:00,15/01/2024,14,15,0,5.205649505,515.496
bounty_madera,31/01/2024,15/01/2024 15:00,15/01/2024,15,16,0,3.988218779,525.34
bounty_madera,31/01/2024,15/01/2024 16:00,15/01/2024,16,17,0,4.823970317,516.684
bounty_madera,31/01/2024,15/01/2024 17:00,15/01/2024,17,18,0,6.166663803,483.293
bounty_madera,31/01/2024,15/01/2024 18:00,15/01/2024,18,19,0,4.222639101,448.425
bounty_madera,31/01/2024,15/01/2024 19:00,15/01/2024,19,20,0,3.926543681,370.945
bounty_madera,31/01/2024,15/01/2024 20:00,15/01/2024,20,21,0,3.263147406,315.744
bounty_madera,31/01/2024,15/01/2024 21:00,15/01/2024,21,22,0,4.079766112,308.542
bounty_madera,31/01/2024,15/01/2024 22:00,15/01/2024,22,23,0,3.436788149,302.062
bounty_madera,31/01/2024,15/01/2024 23:00,15/01/2024,23,24,0,3.082715875,316.108
bounty_madera,31/01/2024,16/01/2024 0:00,16/01/2024,0,1,1,3.123092911,293.345
bounty_madera,31/01/2024,16/01/2024 1:00,16/01/2024,1,2,1,2.510594792,274
bounty_madera,31/01/2024,16/01/2024 2:00,16/01/2024,2,3,1,2.450360777,269.507
bounty_madera,31/01/2024,16/01/2024 3:00,16/01/2024,3,4,1,2.520009367,276.675
bounty_madera,31/01/2024,16/01/2024 4:00,16/01/2024,4,5,1,2.07096673,283.241
bounty_madera,31/01/2024,16/01/2024 5:00,16/01/2024,5,6,1,3.441605982,305.674
bounty_madera,31/01/2024,16/01/2024 6:00,16/01/2024,6,7,1,3.525609929,302.407
bounty_madera,31/01/2024,16/01/2024 7:00,16/01/2024,7,8,1,3.512369518,333.859
bounty_madera,31/01/2024,16/01/2024 8:00,16/01/2024,8,9,1,3.638703513,453.505
bounty_madera,31/01/2024,16/01/2024 9:00,16/01/2024,9,10,1,3.724582677,470.027
bounty_madera,31/01/2024,16/01/2024 10:00,16/01/2024,10,11,1,3.13102612,474.121
bounty_madera,31/01/2024,16/01/2024 11:00,16/01/2024,11,12,1,3.166472994,462.056
bounty_madera,31/01/2024,16/01/2024 12:00,16/01/2024,12,13,1,1.716641574,490.124
bounty_madera,31/01/2024,16/01/2024 13:00,16/01/2024,13,14,1,5.286979725,505.516
bounty_madera,31/01/2024,16/01/2024 14:00,16/01/2024,14,15,1,3.444745116,495.146
bounty_madera,31/01/2024,16/01/2024 15:00,16/01/2024,15,16,1,3.426236437,490.059
bounty_madera,31/01/2024,16/01/2024 16:00,16/01/2024,16,17,1,3.438216626,507.234
bounty_madera,31/01/2024,16/01/2024 17:00,16/01/2024,17,18,1,3.391779613,488.673
bounty_madera,31/01/2024,16/01/2024 18:00,16/01/2024,18,19,1,3.573043704,414.184
bounty_madera,31/01/2024,16/01/2024 19:00,16/01/2024,19,20,1,2.193383362,334.917
bounty_madera,31/01/2024,16/01/2024 20:00,16/01/2024,20,21,1,3.346890972,302.231
bounty_madera,31/01/2024,16/01/2024 21:00,16/01/2024,21,22,1,2.552697656,298.459
bounty_madera,31/01/2024,16/01/2024 22:00,16/01/2024,22,23,1,5.575853201,302.584
bounty_madera,31/01/2024,16/01/2024 23:00,16/01/2024,23,24,1,2.595501756,316.783
bounty_madera,31/01/2024,17/01/2024 0:00,17/01/2024,0,1,2,2.729006477,293.374
bounty_madera,31/01/2024,17/01/2024 1:00,17/01/2024,1,2,2,2.587498813,259.106
bounty_madera,31/01/2024,17/01/2024 2:00,17/01/2024,2,3,2,2.52466021,216.035
bounty_madera,31/01/2024,17/01/2024 3:00,17/01/2024,3,4,2,2.498266841,0.33
bounty_madera,31/01/2024,17/01/2024 4:00,17/01/2024,4,5,2,2.99777589,0.3
bounty_madera,31/01/2024,17/01/2024 5:00,17/01/2024,5,6,2,3.405859192,40.979
bounty_madera,31/01/2024,17/01/2024 6:00,17/01/2024,6,7,2,3.358281384,311.033
bounty_madera,31/01/2024,17/01/2024 7:00,17/01/2024,7,8,2,3.482617606,314.214
bounty_madera,31/01/2024,17/01/2024 8:00,17/01/2024,8,9,2,2.893472597,409.741
bounty_madera,31/01/2024,17/01/2024 9:00,17/01/2024,9,10,2,1.972953508,474.29
bounty_madera,31/01/2024,17/01/2024 10:00,17/01/2024,10,11,2,2.458091121,457.69
bounty_madera,31/01/2024,17/01/2024 11:00,17/01/2024,11,12,2,2.822034106,446.066
bounty_madera,31/01/2024,17/01/2024 12:00,17/01/2024,12,13,2,2.027254982,474.458
bounty_madera,31/01/2024,17/01/2024 13:00,17/01/2024,13,14,2,3.414981103,500.985
bounty_madera,31/01/2024,17/01/2024 14:00,17/01/2024,14,15,2,3.436232571,467.879
bounty_madera,31/01/2024,17/01/2024 15:00,17/01/2024,15,16,2,6.25330495,453.952
bounty_madera,31/01/2024,17/01/2024 16:00,17/01/2024,16,17,2,3.964623172,453.245
bounty_madera,31/01/2024,17/01/2024 17:00,17/01/2024,17,18,2,3.701954393,450.752
bounty_madera,31/01/2024,17/01/2024 18:00,17/01/2024,18,19,2,4.070465129,367.113
bounty_madera,31/01/2024,17/01/2024 19:00,17/01/2024,19,20,2,3.568108111,339.011
bounty_madera,31/01/2024,17/01/2024 20:00,17/01/2024,20,21,2,7.146775236,317.729
bounty_madera,31/01/2024,17/01/2024 21:00,17/01/2024,21,22,2,3.299746091,319.329
bounty_madera,31/01/2024,17/01/2024 22:00,17/01/2024,22,23,2,3.421779487,315.739
bounty_madera,31/01/2024,17/01/2024 23:00,17/01/2024,23,24,2,2.404058212,319.57
bounty_madera,31/01/2024,18/01/2024 0:00,18/01/2024,0,1,3,2.600860995,292.076
bounty_madera,31/01/2024,18/01/2024 1:00,18/01/2024,1,2,3,1.21009783,270.437
bounty_madera,31/01/2024,18/01/2024 2:00,18/01/2024,2,3,3,0.083891505,258.185
bounty_madera,31/01/2024,18/01/2024 3:00,18/01/2024,3,4,3,-0.00401671,264.143
bounty_madera,31/01/2024,18/01/2024 4:00,18/01/2024,4,5,3,1.845995052,279.21
bounty_madera,31/01/2024,18/01/2024 5:00,18/01/2024,5,6,3,3.109645581,295.127
bounty_madera,31/01/2024,18/01/2024 6:00,18/01/2024,6,7,3,3.4363975,303.463
bounty_madera,31/01/2024,18/01/2024 7:00,18/01/2024,7,8,3,3.18115046,315.331
bounty_madera,31/01/2024,18/01/2024 8:00,18/01/2024,8,9,3,4.055046395,372.959
bounty_madera,31/01/2024,18/01/2024 9:00,18/01/2024,9,10,3,4.452456307,474.744
bounty_madera,31/01/2024,18/01/2024 10:00,18/01/2024,10,11,3,3.612786198,448.964
bounty_madera,31/01/2024,18/01/2024 11:00,18/01/2024,11,12,3,3.711180159,438.125
bounty_madera,31/01/2024,18/01/2024 12:00,18/01/2024,12,13,3,2.842774826,467.755
bounty_madera,31/01/2024,18/01/2024 13:00,18/01/2024,13,14,3,6.582725003,487.882
bounty_madera,31/01/2024,18/01/2024 14:00,18/01/2024,14,15,3,7.416296245,475.596
bounty_madera,31/01/2024,18/01/2024 15:00,18/01/2024,15,16,3,10.51359234,475.772
bounty_madera,31/01/2024,18/01/2024 16:00,18/01/2024,16,17,3,5.385134838,479.997
bounty_madera,31/01/2024,18/01/2024 17:00,18/01/2024,17,18,3,7.706080122,479.501
bounty_madera,31/01/2024,18/01/2024 18:00,18/01/2024,18,19,3,8.679257965,446.848
bounty_madera,31/01/2024,18/01/2024 19:00,18/01/2024,19,20,3,6.212579729,438.263
bounty_madera,31/01/2024,18/01/2024 20:00,18/01/2024,20,21,3,4.268052947,440.113
bounty_madera,31/01/2024,18/01/2024 21:00,18/01/2024,21,22,3,4.385662979,428.502
bounty_madera,31/01/2024,18/01/2024 22:00,18/01/2024,22,23,3,3.113228102,411.863
bounty_madera,31/01/2024,18/01/2024 23:00,18/01/2024,23,24,3,3.338291654,437.841
bounty_madera,31/01/2024,19/01/2024 0:00,19/01/2024,0,1,4,3.588806121,407.637
bounty_madera,31/01/2024,19/01/2024 1:00,19/01/2024,1,2,4,3.771239007,355.475
bounty_madera,31/01/2024,19/01/2024 2:00,19/01/2024,2,3,4,3.586673368,338.577
bounty_madera,31/01/2024,19/01/2024 3:00,19/01/2024,3,4,4,3.567450997,342.543
bounty_madera,31/01/2024,19/01/2024 4:00,19/01/2024,4,5,4,3.819171301,351.683
bounty_madera,31/01/2024,19/01/2024 5:00,19/01/2024,5,6,4,4.902687447,352.485
bounty_madera,31/01/2024,19/01/2024 6:00,19/01/2024,6,7,4,8.379209752,347.365
bounty_madera,31/01/2024,19/01/2024 7:00,19/01/2024,7,8,4,3.775046947,394.334
bounty_madera,31/01/2024,19/01/2024 8:00,19/01/2024,8,9,4,4.37454072,468.027
bounty_madera,31/01/2024,19/01/2024 9:00,19/01/2024,9,10,4,6.663095496,509.949
bounty_madera,31/01/2024,19/01/2024 10:00,19/01/2024,10,11,4,4.262764633,548.035
bounty_madera,31/01/2024,19/01/2024 11:00,19/01/2024,11,12,4,4.206431611,518.427
bounty_madera,31/01/2024,19/01/2024 12:00,19/01/2024,12,13,4,3.33128941,524.685
bounty_madera,31/01/2024,19/01/2024 13:00,19/01/2024,13,14,4,7.117495942,534.559
bounty_madera,31/01/2024,19/01/2024 14:00,19/01/2024,14,15,4,8.195957468,530.124
bounty_madera,31/01/2024,19/01/2024 15:00,19/01/2024,15,16,4,5.408824648,542.619
bounty_madera,31/01/2024,19/01/2024 16:00,19/01/2024,16,17,4,5.229137143,531.716
bounty_madera,31/01/2024,19/01/2024 17:00,19/01/2024,17,18,4,7.048568881,520.057
bounty_madera,31/01/2024,19/01/2024 18:00,19/01/2024,18,19,4,5.852459587,488.584
bounty_madera,31/01/2024,19/01/2024 19:00,19/01/2024,19,20,4,3.384126008,464.726
bounty_madera,31/01/2024,19/01/2024 20:00,19/01/2024,20,21,4,4.452999078,449.934
bounty_madera,31/01/2024,19/01/2024 21:00,19/01/2024,21,22,4,3.807194745,427.161
bounty_madera,31/01/2024,19/01/2024 22:00,19/01/2024,22,23,4,3.901329869,387.518
bounty_madera,31/01/2024,19/01/2024 23:00,19/01/2024,23,24,4,3.513937234,374.089
bounty_madera,31/01/2024,20/01/2024 0:00,20/01/2024,0,1,5,3.571970921,318.651
bounty_madera,31/01/2024,20/01/2024 1:00,20/01/2024,1,2,5,4.573086861,279.226
bounty_madera,31/01/2024,20/01/2024 2:00,20/01/2024,2,3,5,3.708009627,275.675
bounty_madera,31/01/2024,20/01/2024 3:00,20/01/2024,3,4,5,3.461726898,272.774
bounty_madera,31/01/2024,20/01/2024 4:00,20/01/2024,4,5,5,2.858922253,288.124
bounty_madera,31/01/2024,20/01/2024 5:00,20/01/2024,5,6,5,3.10488516,307.462
bounty_madera,31/01/2024,20/01/2024 6:00,20/01/2024,6,7,5,3.436759721,310.792
bounty_madera,31/01/2024,20/01/2024 7:00,20/01/2024,7,8,5,3.468490599,344.811
bounty_madera,31/01/2024,20/01/2024 8:00,20/01/2024,8,9,5,3.74405947,464.588
bounty_madera,31/01/2024,20/01/2024 9:00,20/01/2024,9,10,5,3.621643972,485.902
bounty_madera,31/01/2024,20/01/2024 10:00,20/01/2024,10,11,5,3.935209192,495.31
bounty_madera,31/01/2024,20/01/2024 11:00,20/01/2024,11,12,5,3.932180035,485.999
bounty_madera,31/01/2024,20/01/2024 12:00,20/01/2024,12,13,5,3.653637012,521.005
bounty_madera,31/01/2024,20/01/2024 13:00,20/01/2024,13,14,5,4.221595294,553.616
bounty_madera,31/01/2024,20/01/2024 14:00,20/01/2024,14,15,5,4.19663941,547.029
bounty_madera,31/01/2024,20/01/2024 15:00,20/01/2024,15,16,5,4.192403456,542.653
bounty_madera,31/01/2024,20/01/2024 16:00,20/01/2024,16,17,5,4.326886971,549.642
bounty_madera,31/01/2024,20/01/2024 17:00,20/01/2024,17,18,5,5.496173599,520.986
bounty_madera,31/01/2024,20/01/2024 18:00,20/01/2024,18,19,5,6.689726827,486.965
bounty_madera,31/01/2024,20/01/2024 19:00,20/01/2024,19,20,5,4.702686326,467.703
bounty_madera,31/01/2024,20/01/2024 20:00,20/01/2024,20,21,5,5.431756269,472.954
bounty_madera,31/01/2024,20/01/2024 21:00,20/01/2024,21,22,5,7.391073974,486.7
bounty_madera,31/01/2024,20/01/2024 22:00,20/01/2024,22,23,5,4.338541122,473.794
bounty_madera,31/01/2024,20/01/2024 23:00,20/01/2024,23,24,5,3.951346401,496.211
bounty_madera,31/01/2024,21/01/2024 0:00,21/01/2024,0,1,6,3.735292801,472.427
bounty_madera,31/01/2024,21/01/2024 1:00,21/01/2024,1,2,6,3.634596673,419.014
bounty_madera,31/01/2024,21/01/2024 2:00,21/01/2024,2,3,6,3.526495323,411.205
bounty_madera,31/01/2024,21/01/2024 3:00,21/01/2024,3,4,6,3.487819312,408.716
bounty_madera,31/01/2024,21/01/2024 4:00,21/01/2024,4,5,6,3.590801995,421.719
bounty_madera,31/01/2024,21/01/2024 5:00,21/01/2024,5,6,6,3.559371772,432.451
bounty_madera,31/01/2024,21/01/2024 6:00,21/01/2024,6,7,6,3.403818366,399.693
bounty_madera,31/01/2024,21/01/2024 7:00,21/01/2024,7,8,6,3.423191686,422.34
bounty_madera,31/01/2024,21/01/2024 8:00,21/01/2024,8,9,6,3.161501336,490.009
bounty_madera,31/01/2024,21/01/2024 9:00,21/01/2024,9,10,6,2.952630248,526.004
bounty_madera,31/01/2024,21/01/2024 10:00,21/01/2024,10,11,6,3.601339801,554.584
bounty_madera,31/01/2024,21/01/2024 11:00,21/01/2024,11,12,6,3.773379508,532.893
bounty_madera,31/01/2024,21/01/2024 12:00,21/01/2024,12,13,6,3.204106208,552.282
bounty_madera,31/01/2024,21/01/2024 13:00,21/01/2024,13,14,6,3.313076194,585.786
bounty_madera,31/01/2024,21/01/2024 14:00,21/01/2024,14,15,6,3.624724724,586.903
bounty_madera,31/01/2024,21/01/2024 15:00,21/01/2024,15,16,6,3.229022942,577.332
bounty_madera,31/01/2024,21/01/2024 16:00,21/01/2024,16,17,6,3.618867347,588.657
bounty_madera,31/01/2024,21/01/2024 17:00,21/01/2024,17,18,6,4.837098177,577.928
bounty_madera,31/01/2024,21/01/2024 18:00,21/01/2024,18,19,6,4.650775557,498.51
bounty_madera,31/01/2024,21/01/2024 19:00,21/01/2024,19,20,6,4.215375699,488.347
bounty_madera,31/01/2024,21/01/2024 20:00,21/01/2024,20,21,6,4.466417771,477.647
bounty_madera,31/01/2024,21/01/2024 21:00,21/01/2024,21,22,6,5.707861792,491.962
bounty_madera,31/01/2024,21/01/2024 22:00,21/01/2024,22,23,6,3.956288122,485.2
bounty_madera,31/01/2024,21/01/2024 23:00,21/01/2024,23,24,6,3.70494242,503.618
bounty_madera,31/01/2024,22/01/2024 0:00,22/01/2024,0,1,0,3.567340197,487.265
bounty_madera,31/01/2024,22/01/2024 1:00,22/01/2024,1,2,0,3.490667224,446.203
bounty_madera,31/01/2024,22/01/2024 2:00,22/01/2024,2,3,0,3.32382854,426.503
bounty_madera,31/01/2024,22/01/2024 3:00,22/01/2024,3,4,0,3.307579839,414.368
bounty_madera,31/01/2024,22/01/2024 4:00,22/01/2024,4,5,0,3.367817148,404.521
bounty_madera,31/01/2024,22/01/2024 5:00,22/01/2024,5,6,0,3.709458754,432.025
bounty_madera,31/01/2024,22/01/2024 6:00,22/01/2024,6,7,0,3.420359408,438.866
bounty_madera,31/01/2024,22/01/2024 7:00,22/01/2024,7,8,0,3.042102122,451.027
bounty_madera,31/01/2024,22/01/2024 8:00,22/01/2024,8,9,0,3.822381311,493.113
bounty_madera,31/01/2024,22/01/2024 9:00,22/01/2024,9,10,0,2.80162012,498.472
bounty_madera,31/01/2024,22/01/2024 10:00,22/01/2024,10,11,0,3.698727909,515.511
bounty_madera,31/01/2024,22/01/2024 11:00,22/01/2024,11,12,0,3.752743121,515.268
bounty_madera,31/01/2024,22/01/2024 12:00,22/01/2024,12,13,0,2.786364174,521.009
bounty_madera,31/01/2024,22/01/2024 13:00,22/01/2024,13,14,0,4.044926083,523.001
bounty_madera,31/01/2024,22/01/2024 14:00,22/01/2024,14,15,0,5.260477849,304.63
bounty_madera,31/01/2024,22/01/2024 15:00,22/01/2024,15,16,0,4.652590251,0.435
bounty_madera,31/01/2024,22/01/2024 16:00,22/01/2024,16,17,0,4.751777443,261.136
bounty_madera,31/01/2024,22/01/2024 17:00,22/01/2024,17,18,0,3.69281108,507.356
bounty_madera,31/01/2024,22/01/2024 18:00,22/01/2024,18,19,0,4.676303001,489.72
bounty_madera,31/01/2024,22/01/2024 19:00,22/01/2024,19,20,0,4.762988275,471.575
bounty_madera,31/01/2024,22/01/2024 20:00,22/01/2024,20,21,0,5.622818387,452.224
bounty_madera,31/01/2024,22/01/2024 21:00,22/01/2024,21,22,0,7.337044759,449.578
bounty_madera,31/01/2024,22/01/2024 22:00,22/01/2024,22,23,0,4.061203666,415.468
bounty_madera,31/01/2024,22/01/2024 23:00,22/01/2024,23,24,0,3.57309442,367.068
bounty_madera,31/01/2024,23/01/2024 0:00,23/01/2024,0,1,1,3.544333042,329.752
bounty_madera,31/01/2024,23/01/2024 1:00,23/01/2024,1,2,1,3.582140042,303.726
bounty_madera,31/01/2024,23/01/2024 2:00,23/01/2024,2,3,1,3.440904605,304.862
bounty_madera,31/01/2024,23/01/2024 3:00,23/01/2024,3,4,1,3.487327308,316.769
bounty_madera,31/01/2024,23/01/2024 4:00,23/01/2024,4,5,1,3.548249365,292.475
bounty_madera,31/01/2024,23/01/2024 5:00,23/01/2024,5,6,1,4.013268172,320.07
bounty_madera,31/01/2024,23/01/2024 6:00,23/01/2024,6,7,1,3.697690777,329.726
bounty_madera,31/01/2024,23/01/2024 7:00,23/01/2024,7,8,1,3.256296399,346.819
bounty_madera,31/01/2024,23/01/2024 8:00,23/01/2024,8,9,1,3.868467084,490.893
bounty_madera,31/01/2024,23/01/2024 9:00,23/01/2024,9,10,1,2.789854414,490.026
bounty_madera,31/01/2024,23/01/2024 10:00,23/01/2024,10,11,1,4.286999564,540.078
bounty_madera,31/01/2024,23/01/2024 11:00,23/01/2024,11,12,1,4.161684835,537.181
bounty_madera,31/01/2024,23/01/2024 12:00,23/01/2024,12,13,1,3.553389911,554.929
bounty_madera,31/01/2024,23/01/2024 13:00,23/01/2024,13,14,1,4.556254575,601.538
bounty_madera,31/01/2024,23/01/2024 14:00,23/01/2024,14,15,1,4.948409406,589.108
bounty_madera,31/01/2024,23/01/2024 15:00,23/01/2024,15,16,1,4.909666809,599.967
bounty_madera,31/01/2024,23/01/2024 16:00,23/01/2024,16,17,1,4.781658318,606.336
bounty_madera,31/01/2024,23/01/2024 17:00,23/01/2024,17,18,1,5.311682754,587.692
bounty_madera,31/01/2024,23/01/2024 18:00,23/01/2024,18,19,1,5.302945509,520.456
bounty_madera,31/01/2024,23/01/2024 19:00,23/01/2024,19,20,1,4.308134783,433.041
bounty_madera,31/01/2024,23/01/2024 20:00,23/01/2024,20,21,1,4.119072459,424.831
bounty_madera,31/01/2024,23/01/2024 21:00,23/01/2024,21,22,1,4.157129585,423.856
bounty_madera,31/01/2024,23/01/2024 22:00,23/01/2024,22,23,1,3.849232885,420.416
bounty_madera,31/01/2024,23/01/2024 23:00,23/01/2024,23,24,1,5.565615411,448.249
bounty_madera,31/01/2024,24/01/2024 0:00,24/01/2024,0,1,2,3.66756221,367.744
bounty_madera,31/01/2024,24/01/2024 1:00,24/01/2024,1,2,2,3.351746649,309.833
bounty_madera,31/01/2024,24/01/2024 2:00,24/01/2024,2,3,2,2.985849835,292.227
bounty_madera,31/01/2024,24/01/2024 3:00,24/01/2024,3,4,2,2.820237891,295.251
bounty_madera,31/01/2024,24/01/2024 4:00,24/01/2024,4,5,2,3.293010215,302.507
bounty_madera,31/01/2024,24/01/2024 5:00,24/01/2024,5,6,2,3.494589014,315.79
bounty_madera,31/01/2024,24/01/2024 6:00,24/01/2024,6,7,2,3.316881391,315.608
bounty_madera,31/01/2024,24/01/2024 7:00,24/01/2024,7,8,2,3.385200061,358.383
bounty_madera,31/01/2024,24/01/2024 8:00,24/01/2024,8,9,2,4.489666418,480.539
bounty_madera,31/01/2024,24/01/2024 9:00,24/01/2024,9,10,2,4.969127172,472.995
bounty_madera,31/01/2024,24/01/2024 10:00,24/01/2024,10,11,2,4.628012293,494.075
bounty_madera,31/01/2024,24/01/2024 11:00,24/01/2024,11,12,2,5.002562929,474.657
bounty_madera,31/01/2024,24/01/2024 12:00,24/01/2024,12,13,2,2.770407525,512.889
bounty_madera,31/01/2024,24/01/2024 13:00,24/01/2024,13,14,2,4.00998031,514.004
bounty_madera,31/01/2024,24/01/2024 14:00,24/01/2024,14,15,2,4.606117768,515.97
bounty_madera,31/01/2024,24/01/2024 15:00,24/01/2024,15,16,2,4.36834044,518.409
bounty_madera,31/01/2024,24/01/2024 16:00,24/01/2024,16,17,2,4.819445598,507.895
bounty_madera,31/01/2024,24/01/2024 17:00,24/01/2024,17,18,2,4.797915615,484.996
bounty_madera,31/01/2024,24/01/2024 18:00,24/01/2024,18,19,2,4.908256118,431.32
bounty_madera,31/01/2024,24/01/2024 19:00,24/01/2024,19,20,2,4.297254716,357.272
bounty_madera,31/01/2024,24/01/2024 20:00,24/01/2024,20,21,2,3.926380937,331.696
bounty_madera,31/01/2024,24/01/2024 21:00,24/01/2024,21,22,2,3.414319458,318.999
bounty_madera,31/01/2024,24/01/2024 22:00,24/01/2024,22,23,2,3.349081985,317.388
bounty_madera,31/01/2024,24/01/2024 23:00,24/01/2024,23,24,2,3.724171701,314.672
bounty_madera,31/01/2024,25/01/2024 0:00,25/01/2024,0,1,3,3.61811309,310.721
bounty_madera,31/01/2024,25/01/2024 1:00,25/01/2024,1,2,3,3.366363722,282.895
bounty_madera,31/01/2024,25/01/2024 2:00,25/01/2024,2,3,3,2.729944198,273.117
bounty_madera,31/01/2024,25/01/2024 3:00,25/01/2024,3,4,3,2.644381271,278.044
bounty_madera,31/01/2024,25/01/2024 4:00,25/01/2024,4,5,3,2.88730114,287
bounty_madera,31/01/2024,25/01/2024 5:00,25/01/2024,5,6,3,3.226492702,308.221
bounty_madera,31/01/2024,25/01/2024 6:00,25/01/2024,6,7,3,3.048978734,302.934
bounty_madera,31/01/2024,25/01/2024 7:00,25/01/2024,7,8,3,3.20381114,312.642
bounty_madera,31/01/2024,25/01/2024 8:00,25/01/2024,8,9,3,3.976830888,412.994
bounty_madera,31/01/2024,25/01/2024 9:00,25/01/2024,9,10,3,2.976686,472.088
bounty_madera,31/01/2024,25/01/2024 10:00,25/01/2024,10,11,3,3.805933641,432.658
bounty_madera,31/01/2024,25/01/2024 11:00,25/01/2024,11,12,3,4.518168433,459.013
bounty_madera,31/01/2024,25/01/2024 12:00,25/01/2024,12,13,3,4.837121942,472.303
bounty_madera,31/01/2024,25/01/2024 13:00,25/01/2024,13,14,3,4.217694061,504.194
bounty_madera,31/01/2024,25/01/2024 14:00,25/01/2024,14,15,3,3.6652265,474.494
bounty_madera,31/01/2024,25/01/2024 15:00,25/01/2024,15,16,3,3.338289268,478.821
bounty_madera,31/01/2024,25/01/2024 16:00,25/01/2024,16,17,3,3.963327948,467.527
bounty_madera,31/01/2024,25/01/2024 17:00,25/01/2024,17,18,3,3.485840264,457
bounty_madera,31/01/2024,25/01/2024 18:00,25/01/2024,18,19,3,5.405337555,392.497
bounty_madera,31/01/2024,25/01/2024 19:00,25/01/2024,19,20,3,3.557148637,328.855
bounty_madera,31/01/2024,25/01/2024 20:00,25/01/2024,20,21,3,3.23142043,309.097
bounty_madera,31/01/2024,25/01/2024 21:00,25/01/2024,21,22,3,3.15510038,312.61
bounty_madera,31/01/2024,25/01/2024 22:00,25/01/2024,22,23,3,2.760480736,307.586
bounty_madera,31/01/2024,25/01/2024 23:00,25/01/2024,23,24,3,2.548065939,322.619
bounty_madera,29/02/2024,26/01/2024 0:00,26/01/2024,0,1,4,3.131595375,303.222
bounty_madera,29/02/2024,26/01/2024 1:00,26/01/2024,1,2,4,3.115830517,267.733
bounty_madera,29/02/2024,26/01/2024 2:00,26/01/2024,2,3,4,2.741528967,268.606
bounty_madera,29/02/2024,26/01/2024 3:00,26/01/2024,3,4,4,2.156734527,276.738
bounty_madera,29/02/2024,26/01/2024 4:00,26/01/2024,4,5,4,2.673901026,287.21
bounty_madera,29/02/2024,26/01/2024 5:00,26/01/2024,5,6,4,2.989361395,300.339
bounty_madera,29/02/2024,26/01/2024 6:00,26/01/2024,6,7,4,3.080757382,299.543
bounty_madera,29/02/2024,26/01/2024 7:00,26/01/2024,7,8,4,4.289883107,300.975
bounty_madera,29/02/2024,26/01/2024 8:00,26/01/2024,8,9,4,3.875075959,373.977
bounty_madera,29/02/2024,26/01/2024 9:00,26/01/2024,9,10,4,3.166740994,488.935
bounty_madera,29/02/2024,26/01/2024 10:00,26/01/2024,10,11,4,2.987668486,474.974
bounty_madera,29/02/2024,26/01/2024 11:00,26/01/2024,11,12,4,2.973736139,422.867
bounty_madera,29/02/2024,26/01/2024 12:00,26/01/2024,12,13,4,1.339865896,464.242
bounty_madera,29/02/2024,26/01/2024 13:00,26/01/2024,13,14,4,3.26775667,466.717
bounty_madera,29/02/2024,26/01/2024 14:00,26/01/2024,14,15,4,3.263779888,466.791
bounty_madera,29/02/2024,26/01/2024 15:00,26/01/2024,15,16,4,3.382827072,467.512
bounty_madera,29/02/2024,26/01/2024 16:00,26/01/2024,16,17,4,3.375457732,481.66
bounty_madera,29/02/2024,26/01/2024 17:00,26/01/2024,17,18,4,3.153142626,437.154
bounty_madera,29/02/2024,26/01/2024 18:00,26/01/2024,18,19,4,4.589889504,370.733
bounty_madera,29/02/2024,26/01/2024 19:00,26/01/2024,19,20,4,3.395810575,307.504
bounty_madera,29/02/2024,26/01/2024 20:00,26/01/2024,20,21,4,3.689401155,288.339
bounty_madera,29/02/2024,26/01/2024 21:00,26/01/2024,21,22,4,3.465226088,284.54
bounty_madera,29/02/2024,26/01/2024 22:00,26/01/2024,22,23,4,3.245293531,281.065
bounty_madera,29/02/2024,26/01/2024 23:00,26/01/2024,23,24,4,3.091997142,290.836
bounty_madera,29/02/2024,27/01/2024 0:00,27/01/2024,0,1,5,2.715515241,279.791
bounty_madera,29/02/2024,27/01/2024 1:00,27/01/2024,1,2,5,2.623234609,261.081
bounty_madera,29/02/2024,27/01/2024 2:00,27/01/2024,2,3,5,2.236682787,259.547
bounty_madera,29/02/2024,27/01/2024 3:00,27/01/2024,3,4,5,2.488869103,268.404
bounty_madera,29/02/2024,27/01/2024 4:00,27/01/2024,4,5,5,1.572557917,282.954
bounty_madera,29/02/2024,27/01/2024 5:00,27/01/2024,5,6,5,1.263485687,291.53
bounty_madera,29/02/2024,27/01/2024 6:00,27/01/2024,6,7,5,2.538069547,300.191
bounty_madera,29/02/2024,27/01/2024 7:00,27/01/2024,7,8,5,2.842048988,305.41
bounty_madera,29/02/2024,27/01/2024 8:00,27/01/2024,8,9,5,2.555304877,336.204
bounty_madera,29/02/2024,27/01/2024 9:00,27/01/2024,9,10,5,0.851983352,454.536
bounty_madera,29/02/2024,27/01/2024 10:00,27/01/2024,10,11,5,2.216988677,422.93
bounty_madera,29/02/2024,27/01/2024 11:00,27/01/2024,11,12,5,2.440988999,408.387
bounty_madera,29/02/2024,27/01/2024 12:00,27/01/2024,12,13,5,-0.00179763,425.467
bounty_madera,29/02/2024,27/01/2024 13:00,27/01/2024,13,14,5,0.700128433,450.446
bounty_madera,29/02/2024,27/01/2024 14:00,27/01/2024,14,15,5,1.633304206,423.326
bounty_madera,29/02/2024,27/01/2024 15:00,27/01/2024,15,16,5,2.348243827,439.513
bounty_madera,29/02/2024,27/01/2024 16:00,27/01/2024,16,17,5,3.068066069,459.282
bounty_madera,29/02/2024,27/01/2024 17:00,27/01/2024,17,18,5,2.856491123,419.966
bounty_madera,29/02/2024,27/01/2024 18:00,27/01/2024,18,19,5,3.670354352,363.303
bounty_madera,29/02/2024,27/01/2024 19:00,27/01/2024,19,20,5,3.247772865,301.38
bounty_madera,29/02/2024,27/01/2024 20:00,27/01/2024,20,21,5,4.054697609,284.257
bounty_madera,29/02/2024,27/01/2024 21:00,27/01/2024,21,22,5,3.746848087,284.256
bounty_madera,29/02/2024,27/01/2024 22:00,27/01/2024,22,23,5,3.00096835,281.723
bounty_madera,29/02/2024,27/01/2024 23:00,27/01/2024,23,24,5,2.927191766,301.111
bounty_madera,29/02/2024,28/01/2024 0:00,28/01/2024,0,1,6,3.236399935,280.733
bounty_madera,29/02/2024,28/01/2024 1:00,28/01/2024,1,2,6,2.792759833,255.401
bounty_madera,29/02/2024,28/01/2024 2:00,28/01/2024,2,3,6,0.657564697,257.891
bounty_madera,29/02/2024,28/01/2024 3:00,28/01/2024,3,4,6,-6.54E-06,257.048
bounty_madera,29/02/2024,28/01/2024 4:00,28/01/2024,4,5,6,-1.24E-05,273.536
bounty_madera,29/02/2024,28/01/2024 5:00,28/01/2024,5,6,6,-1.00E-05,284.438
bounty_madera,29/02/2024,28/01/2024 6:00,28/01/2024,6,7,6,-3.31E-06,299.461
bounty_madera,29/02/2024,28/01/2024 7:00,28/01/2024,7,8,6,0.501971897,312.15
bounty_madera,29/02/2024,28/01/2024 8:00,28/01/2024,8,9,6,-0.084414415,401.037
bounty_madera,29/02/2024,28/01/2024 9:00,28/01/2024,9,10,6,0.380783496,459.992
bounty_madera,29/02/2024,28/01/2024 10:00,28/01/2024,10,11,6,1.0616552,419.044
bounty_madera,29/02/2024,28/01/2024 11:00,28/01/2024,11,12,6,0.495035543,422.814
bounty_madera,29/02/2024,28/01/2024 12:00,28/01/2024,12,13,6,-0.081943023,461.135
bounty_madera,29/02/2024,28/01/2024 13:00,28/01/2024,13,14,6,1.249223879,465.287
bounty_madera,29/02/2024,28/01/2024 14:00,28/01/2024,14,15,6,1.859750505,460.265
bounty_madera,29/02/2024,28/01/2024 15:00,28/01/2024,15,16,6,2.685636995,428.924
bounty_madera,29/02/2024,28/01/2024 16:00,28/01/2024,16,17,6,2.97545046,461.35
bounty_madera,29/02/2024,28/01/2024 17:00,28/01/2024,17,18,6,2.666368027,434.558
bounty_madera,29/02/2024,28/01/2024 18:00,28/01/2024,18,19,6,3.613720179,391.103
bounty_madera,29/02/2024,28/01/2024 19:00,28/01/2024,19,20,6,3.271468963,326.114
bounty_madera,29/02/2024,28/01/2024 20:00,28/01/2024,20,21,6,3.587582037,329.208
bounty_madera,29/02/2024,28/01/2024 21:00,28/01/2024,21,22,6,3.808240824,320.421
bounty_madera,29/02/2024,28/01/2024 22:00,28/01/2024,22,23,6,2.735154102,314.55
bounty_madera,29/02/2024,28/01/2024 23:00,28/01/2024,23,24,6,2.613193036,322.665
bounty_madera,29/02/2024,29/01/2024 0:00,29/01/2024,0,1,0,2.862655363,304.625
bounty_madera,29/02/2024,29/01/2024 1:00,29/01/2024,1,2,0,2.42698221,285.474
bounty_madera,29/02/2024,29/01/2024 2:00,29/01/2024,2,3,0,1.817060143,277.09
bounty_madera,29/02/2024,29/01/2024 3:00,29/01/2024,3,4,0,1.507995635,274.947
bounty_madera,29/02/2024,29/01/2024 4:00,29/01/2024,4,5,0,2.912378553,291.257
bounty_madera,29/02/2024,29/01/2024 5:00,29/01/2024,5,6,0,2.659784051,301.799
bounty_madera,29/02/2024,29/01/2024 6:00,29/01/2024,6,7,0,2.722676807,299.03
bounty_madera,29/02/2024,29/01/2024 7:00,29/01/2024,7,8,0,2.987601108,319.952
bounty_madera,29/02/2024,29/01/2024 8:00,29/01/2024,8,9,0,3.64213683,475.658
bounty_madera,29/02/2024,29/01/2024 9:00,29/01/2024,9,10,0,2.69440868,463.609
bounty_madera,29/02/2024,29/01/2024 10:00,29/01/2024,10,11,0,2.647757467,469.301
bounty_madera,29/02/2024,29/01/2024 11:00,29/01/2024,11,12,0,3.000479257,460.766
bounty_madera,29/02/2024,29/01/2024 12:00,29/01/2024,12,13,0,2.30526642,478.703
bounty_madera,29/02/2024,29/01/2024 13:00,29/01/2024,13,14,0,3.211203212,466.208
bounty_madera,29/02/2024,29/01/2024 14:00,29/01/2024,14,15,0,3.220565088,454.342
bounty_madera,29/02/2024,29/01/2024 15:00,29/01/2024,15,16,0,3.576303137,462.021
bounty_madera,29/02/2024,29/01/2024 16:00,29/01/2024,16,17,0,3.587172307,453.179
bounty_madera,29/02/2024,29/01/2024 17:00,29/01/2024,17,18,0,3.552780431,467.872
bounty_madera,29/02/2024,29/01/2024 18:00,29/01/2024,18,19,0,4.244903643,406.232
bounty_madera,29/02/2024,29/01/2024 19:00,29/01/2024,19,20,0,3.523969781,332.288
bounty_madera,29/02/2024,29/01/2024 20:00,29/01/2024,20,21,0,3.743491103,300.975
bounty_madera,29/02/2024,29/01/2024 21:00,29/01/2024,21,22,0,4.305274919,302.688
bounty_madera,29/02/2024,29/01/2024 22:00,29/01/2024,22,23,0,3.245749266,286.444
bounty_madera,29/02/2024,29/01/2024 23:00,29/01/2024,23,24,0,2.979738756,296.872
bounty_madera,29/02/2024,30/01/2024 0:00,30/01/2024,0,1,1,3.331531107,279.429
bounty_madera,29/02/2024,30/01/2024 1:00,30/01/2024,1,2,1,2.959651728,261.853
bounty_madera,29/02/2024,30/01/2024 2:00,30/01/2024,2,3,1,2.67808476,260.635
bounty_madera,29/02/2024,30/01/2024 3:00,30/01/2024,3,4,1,2.637363671,271.992
bounty_madera,29/02/2024,30/01/2024 4:00,30/01/2024,4,5,1,3.037059179,279.319
bounty_madera,29/02/2024,30/01/2024 5:00,30/01/2024,5,6,1,2.872385456,291.976
bounty_madera,29/02/2024,30/01/2024 6:00,30/01/2024,6,7,1,3.184746681,298.469
bounty_madera,29/02/2024,30/01/2024 7:00,30/01/2024,7,8,1,3.38413182,316.748
bounty_madera,29/02/2024,30/01/2024 8:00,30/01/2024,8,9,1,3.386307488,442.13
bounty_madera,29/02/2024,30/01/2024 9:00,30/01/2024,9,10,1,3.275735537,488.868
bounty_madera,29/02/2024,30/01/2024 10:00,30/01/2024,10,11,1,3.645790972,459.64
bounty_madera,29/02/2024,30/01/2024 11:00,30/01/2024,11,12,1,3.368900594,428.927
bounty_madera,29/02/2024,30/01/2024 12:00,30/01/2024,12,13,1,1.22812878,460.602
bounty_madera,29/02/2024,30/01/2024 13:00,30/01/2024,13,14,1,3.595369723,488.086
bounty_madera,29/02/2024,30/01/2024 14:00,30/01/2024,14,15,1,5.116098236,475.599
bounty_madera,29/02/2024,30/01/2024 15:00,30/01/2024,15,16,1,4.541986023,478.652
bounty_madera,29/02/2024,30/01/2024 16:00,30/01/2024,16,17,1,4.050563615,485.235
bounty_madera,29/02/2024,30/01/2024 17:00,30/01/2024,17,18,1,4.120051107,454.575
bounty_madera,29/02/2024,30/01/2024 18:00,30/01/2024,18,19,1,4.6722188,434.885
bounty_madera,29/02/2024,30/01/2024 19:00,30/01/2024,19,20,1,3.993031512,400.06
bounty_madera,29/02/2024,30/01/2024 20:00,30/01/2024,20,21,1,4.184651227,331.213
bounty_madera,29/02/2024,30/01/2024 21:00,30/01/2024,21,22,1,4.323673447,314.753
bounty_madera,29/02/2024,30/01/2024 22:00,30/01/2024,22,23,1,3.431001435,289.162
bounty_madera,29/02/2024,30/01/2024 23:00,30/01/2024,23,24,1,3.333586479,307.638
bounty_madera,29/02/2024,31/01/2024 0:00,31/01/2024,0,1,2,3.555134848,291.157
bounty_madera,29/02/2024,31/01/2024 1:00,31/01/2024,1,2,2,3.186814455,269.077
bounty_madera,29/02/2024,31/01/2024 2:00,31/01/2024,2,3,2,2.293682503,268.166
bounty_madera,29/02/2024,31/01/2024 3:00,31/01/2024,3,4,2,3.001559168,274.782
bounty_madera,29/02/2024,31/01/2024 4:00,31/01/2024,4,5,2,3.053349283,285.791
bounty_madera,29/02/2024,31/01/2024 5:00,31/01/2024,5,6,2,2.961989782,293.341
bounty_madera,29/02/2024,31/01/2024 6:00,31/01/2024,6,7,2,3.327840626,295.523
bounty_madera,29/02/2024,31/01/2024 7:00,31/01/2024,7,8,2,2.988599732,328.647
bounty_madera,29/02/2024,31/01/2024 8:00,31/01/2024,8,9,2,3.322813788,453.675
bounty_madera,29/02/2024,31/01/2024 9:00,31/01/2024,9,10,2,2.812838639,496.846
bounty_madera,29/02/2024,31/01/2024 10:00,31/01/2024,10,11,2,3.161379956,496.528
bounty_madera,29/02/2024,31/01/2024 11:00,31/01/2024,11,12,2,3.02600829,483.185
bounty_madera,29/02/2024,31/01/2024 12:00,31/01/2024,12,13,2,2.551056283,498.233
bounty_madera,29/02/2024,31/01/2024 13:00,31/01/2024,13,14,2,3.352558783,532.751
bounty_madera,29/02/2024,31/01/2024 14:00,31/01/2024,14,15,2,3.287538839,518.695
bounty_madera,29/02/2024,31/01/2024 15:00,31/01/2024,15,16,2,3.422119351,507.171
bounty_madera,29/02/2024,31/01/2024 16:00,31/01/2024,16,17,2,3.49009022,506.395
bounty_madera,29/02/2024,31/01/2024 17:00,31/01/2024,17,18,2,3.616491397,496.33
bounty_madera,29/02/2024,31/01/2024 18:00,31/01/2024,18,19,2,4.170234487,459.271
bounty_madera,29/02/2024,31/01/2024 19:00,31/01/2024,19,20,2,3.584292578,433.514
bounty_madera,29/02/2024,31/01/2024 20:00,31/01/2024,20,21,2,3.594179823,387.194
bounty_madera,29/02/2024,31/01/2024 21:00,31/01/2024,21,22,2,3.595453962,335.365
bounty_madera,29/02/2024,31/01/2024 22:00,31/01/2024,22,23,2,3.21304393,310.27
bounty_madera,29/02/2024,31/01/2024 23:00,31/01/2024,23,24,2,3.413653536,315.706
bounty_madera,29/02/2024,01/02/2024 0:00,01/02/2024,0,1,3,2.630284048,294.537
bounty_madera,29/02/2024,01/02/2024 1:00,01/02/2024,1,2,3,2.891669489,265.271
bounty_madera,29/02/2024,01/02/2024 2:00,01/02/2024,2,3,3,2.013488567,272.463
bounty_madera,29/02/2024,01/02/2024 3:00,01/02/2024,3,4,3,2.817302504,272.508
bounty_madera,29/02/2024,01/02/2024 4:00,01/02/2024,4,5,3,3.09337463,280.522
bounty_madera,29/02/2024,01/02/2024 5:00,01/02/2024,5,6,3,3.57387696,307.91
bounty_madera,29/02/2024,01/02/2024 6:00,01/02/2024,6,7,3,3.17842318,302.565
bounty_madera,29/02/2024,01/02/2024 7:00,01/02/2024,7,8,3,2.337200391,324.408
bounty_madera,29/02/2024,01/02/2024 8:00,01/02/2024,8,9,3,2.114018274,452.034
bounty_madera,29/02/2024,01/02/2024 9:00,01/02/2024,9,10,3,2.845218105,508.373
bounty_madera,29/02/2024,01/02/2024 10:00,01/02/2024,10,11,3,3.365592679,499.42
bounty_madera,29/02/2024,01/02/2024 11:00,01/02/2024,11,12,3,3.118671864,500.506
bounty_madera,29/02/2024,01/02/2024 12:00,01/02/2024,12,13,3,1.81752451,536.874
bounty_madera,29/02/2024,01/02/2024 13:00,01/02/2024,13,14,3,3.388649849,543.228
bounty_madera,29/02/2024,01/02/2024 14:00,01/02/2024,14,15,3,3.985808786,530.887
bounty_madera,29/02/2024,01/02/2024 15:00,01/02/2024,15,16,3,3.566997753,508.352
bounty_madera,29/02/2024,01/02/2024 16:00,01/02/2024,16,17,3,3.562583859,532.943
bounty_madera,29/02/2024,01/02/2024 17:00,01/02/2024,17,18,3,3.414167598,496.552
bounty_madera,29/02/2024,01/02/2024 18:00,01/02/2024,18,19,3,4.949565961,478.608
bounty_madera,29/02/2024,01/02/2024 19:00,01/02/2024,19,20,3,3.638568469,484.407
bounty_madera,29/02/2024,01/02/2024 20:00,01/02/2024,20,21,3,3.899796171,464.495
bounty_madera,29/02/2024,01/02/2024 21:00,01/02/2024,21,22,3,3.816534782,444.646
bounty_madera,29/02/2024,01/02/2024 22:00,01/02/2024,22,23,3,3.726635643,429.865
bounty_madera,29/02/2024,01/02/2024 23:00,01/02/2024,23,24,3,3.983002185,404.78
bounty_madera,29/02/2024,02/02/2024 0:00,02/02/2024,0,1,4,3.846189814,384.157
bounty_madera,29/02/2024,02/02/2024 1:00,02/02/2024,1,2,4,3.180245229,340.595
bounty_madera,29/02/2024,02/02/2024 2:00,02/02/2024,2,3,4,3.467874241,318.814
bounty_madera,29/02/2024,02/02/2024 3:00,02/02/2024,3,4,4,3.494317841,291.996
bounty_madera,29/02/2024,02/02/2024 4:00,02/02/2024,4,5,4,3.76788013,305.225
bounty_madera,29/02/2024,02/02/2024 5:00,02/02/2024,5,6,4,4.105201681,314.955
bounty_madera,29/02/2024,02/02/2024 6:00,02/02/2024,6,7,4,3.591360483,315.629
bounty_madera,29/02/2024,02/02/2024 7:00,02/02/2024,7,8,4,3.150635094,352.654
bounty_madera,29/02/2024,02/02/2024 8:00,02/02/2024,8,9,4,2.629405115,484.973
bounty_madera,29/02/2024,02/02/2024 9:00,02/02/2024,9,10,4,3.37429347,497.221
bounty_madera,29/02/2024,02/02/2024 10:00,02/02/2024,10,11,4,3.472497916,551.586
bounty_madera,29/02/2024,02/02/2024 11:00,02/02/2024,11,12,4,3.484576105,530.699
bounty_madera,29/02/2024,02/02/2024 12:00,02/02/2024,12,13,4,3.007590932,533.629
bounty_madera,29/02/2024,02/02/2024 13:00,02/02/2024,13,14,4,3.659165544,544.044
bounty_madera,29/02/2024,02/02/2024 14:00,02/02/2024,14,15,4,3.747051761,544.733
bounty_madera,29/02/2024,02/02/2024 15:00,02/02/2024,15,16,4,3.954947898,550.174
bounty_madera,29/02/2024,02/02/2024 16:00,02/02/2024,16,17,4,3.565665905,541.187
bounty_madera,29/02/2024,02/02/2024 17:00,02/02/2024,17,18,4,3.096110893,512.734
bounty_madera,29/02/2024,02/02/2024 18:00,02/02/2024,18,19,4,4.161714423,482.194
bounty_madera,29/02/2024,02/02/2024 19:00,02/02/2024,19,20,4,3.152070088,457.94
bounty_madera,29/02/2024,02/02/2024 20:00,02/02/2024,20,21,4,4.643091227,408.865
bounty_madera,29/02/2024,02/02/2024 21:00,02/02/2024,21,22,4,3.668514521,368.979
bounty_madera,29/02/2024,02/02/2024 22:00,02/02/2024,22,23,4,3.64959177,337.021
bounty_madera,29/02/2024,02/02/2024 23:00,02/02/2024,23,24,4,3.68406141,321.228
bounty_madera,29/02/2024,03/02/2024 0:00,03/02/2024,0,1,5,3.707427582,308.535
bounty_madera,29/02/2024,03/02/2024 1:00,03/02/2024,1,2,5,3.738355634,269.366
bounty_madera,29/02/2024,03/02/2024 2:00,03/02/2024,2,3,5,3.704198798,263.187
bounty_madera,29/02/2024,03/02/2024 3:00,03/02/2024,3,4,5,3.330550889,274.75
bounty_madera,29/02/2024,03/02/2024 4:00,03/02/2024,4,5,5,3.075076628,294.164
bounty_madera,29/02/2024,03/02/2024 5:00,03/02/2024,5,6,5,2.853313041,311.546
bounty_madera,29/02/2024,03/02/2024 6:00,03/02/2024,6,7,5,2.322144135,345.752
bounty_madera,29/02/2024,03/02/2024 7:00,03/02/2024,7,8,5,2.570530633,397.622
bounty_madera,29/02/2024,03/02/2024 8:00,03/02/2024,8,9,5,1.322607856,503.16
bounty_madera,29/02/2024,03/02/2024 9:00,03/02/2024,9,10,5,1.885673058,505.857
bounty_madera,29/02/2024,03/02/2024 10:00,03/02/2024,10,11,5,2.886696017,542.661
bounty_madera,29/02/2024,03/02/2024 11:00,03/02/2024,11,12,5,2.743565736,529.595
bounty_madera,29/02/2024,03/02/2024 12:00,03/02/2024,12,13,5,2.73133754,547.73
bounty_madera,29/02/2024,03/02/2024 13:00,03/02/2024,13,14,5,3.074723139,567.996
bounty_madera,29/02/2024,03/02/2024 14:00,03/02/2024,14,15,5,3.440104659,578.513
bounty_madera,29/02/2024,03/02/2024 15:00,03/02/2024,15,16,5,3.527098131,575.647
bounty_madera,29/02/2024,03/02/2024 16:00,03/02/2024,16,17,5,3.664357836,574.245
bounty_madera,29/02/2024,03/02/2024 17:00,03/02/2024,17,18,5,3.74604636,536.53
bounty_madera,29/02/2024,03/02/2024 18:00,03/02/2024,18,19,5,5.339304804,506.746
bounty_madera,29/02/2024,03/02/2024 19:00,03/02/2024,19,20,5,3.768629493,459.16
bounty_madera,29/02/2024,03/02/2024 20:00,03/02/2024,20,21,5,4.607543199,416.077
bounty_madera,29/02/2024,03/02/2024 21:00,03/02/2024,21,22,5,4.772392064,410.298
bounty_madera,29/02/2024,03/02/2024 22:00,03/02/2024,22,23,5,4.204053126,369.833
bounty_madera,29/02/2024,03/02/2024 23:00,03/02/2024,23,24,5,3.926972035,374.318
bounty_madera,29/02/2024,04/02/2024 0:00,04/02/2024,0,1,6,4.522274442,357.344
bounty_madera,29/02/2024,04/02/2024 1:00,04/02/2024,1,2,6,4.768836743,286.948
bounty_madera,29/02/2024,04/02/2024 2:00,04/02/2024,2,3,6,3.744780127,271.551
bounty_madera,29/02/2024,04/02/2024 3:00,04/02/2024,3,4,6,3.463102916,281.451
bounty_madera,29/02/2024,04/02/2024 4:00,04/02/2024,4,5,6,3.865572349,300.115
bounty_madera,29/02/2024,04/02/2024 5:00,04/02/2024,5,6,6,3.762370045,317.26
bounty_madera,29/02/2024,04/02/2024 6:00,04/02/2024,6,7,6,3.736745555,325.441
bounty_madera,29/02/2024,04/02/2024 7:00,04/02/2024,7,8,6,3.567816396,389.541
bounty_madera,29/02/2024,04/02/2024 8:00,04/02/2024,8,9,6,1.659628397,496.594
bounty_madera,29/02/2024,04/02/2024 9:00,04/02/2024,9,10,6,2.705889654,508.978
bounty_madera,29/02/2024,04/02/2024 10:00,04/02/2024,10,11,6,3.087978737,553.925
bounty_madera,29/02/2024,04/02/2024 11:00,04/02/2024,11,12,6,2.966730215,548.705
bounty_madera,29/02/2024,04/02/2024 12:00,04/02/2024,12,13,6,2.173186146,566.198
bounty_madera,29/02/2024,04/02/2024 13:00,04/02/2024,13,14,6,3.687475313,590.345
bounty_madera,29/02/2024,04/02/2024 14:00,04/02/2024,14,15,6,2.847892644,589.137
bounty_madera,29/02/2024,04/02/2024 15:00,04/02/2024,15,16,6,2.711812563,583.077
bounty_madera,29/02/2024,04/02/2024 16:00,04/02/2024,16,17,6,3.706116453,577.399
bounty_madera,29/02/2024,04/02/2024 17:00,04/02/2024,17,18,6,6.894029626,528.978
bounty_madera,29/02/2024,04/02/2024 18:00,04/02/2024,18,19,6,5.736246361,469.499
bounty_madera,29/02/2024,04/02/2024 19:00,04/02/2024,19,20,6,3.790322446,448.459
bounty_madera,29/02/2024,04/02/2024 20:00,04/02/2024,20,21,6,3.256470585,420.184
bounty_madera,29/02/2024,04/02/2024 21:00,04/02/2024,21,22,6,3.623911371,384.666
bounty_madera,29/02/2024,04/02/2024 22:00,04/02/2024,22,23,6,3.113516625,347.955
bounty_madera,29/02/2024,04/02/2024 23:00,04/02/2024,23,24,6,2.414010079,338.667
bounty_madera,29/02/2024,05/02/2024 0:00,05/02/2024,0,1,0,2.990176614,293.456
bounty_madera,29/02/2024,05/02/2024 1:00,05/02/2024,1,2,0,2.705575263,267.649
bounty_madera,29/02/2024,05/02/2024 2:00,05/02/2024,2,3,0,2.250469379,265.679
bounty_madera,29/02/2024,05/02/2024 3:00,05/02/2024,3,4,0,0.806112095,275.054
bounty_madera,29/02/2024,05/02/2024 4:00,05/02/2024,4,5,0,2.273802792,277.939
bounty_madera,29/02/2024,05/02/2024 5:00,05/02/2024,5,6,0,2.898044261,292.942
bounty_madera,29/02/2024,05/02/2024 6:00,05/02/2024,6,7,0,2.292884605,300.207
bounty_madera,29/02/2024,05/02/2024 7:00,05/02/2024,7,8,0,1.652380372,335.34
bounty_madera,29/02/2024,05/02/2024 8:00,05/02/2024,8,9,0,2.895332411,492.803
bounty_madera,29/02/2024,05/02/2024 9:00,05/02/2024,9,10,0,3.079892926,518.667
bounty_madera,29/02/2024,05/02/2024 10:00,05/02/2024,10,11,0,3.362239128,538.511
bounty_madera,29/02/2024,05/02/2024 11:00,05/02/2024,11,12,0,3.328591056,546.037
bounty_madera,29/02/2024,05/02/2024 12:00,05/02/2024,12,13,0,2.503779465,580.036
bounty_madera,29/02/2024,05/02/2024 13:00,05/02/2024,13,14,0,3.660085941,598.32
bounty_madera,29/02/2024,05/02/2024 14:00,05/02/2024,14,15,0,3.671646934,607.557
bounty_madera,29/02/2024,05/02/2024 15:00,05/02/2024,15,16,0,4.144020648,610.687
bounty_madera,29/02/2024,05/02/2024 16:00,05/02/2024,16,17,0,5.295842645,618.886
bounty_madera,29/02/2024,05/02/2024 17:00,05/02/2024,17,18,0,3.772166351,594.317
bounty_madera,29/02/2024,05/02/2024 18:00,05/02/2024,18,19,0,4.765203385,537.511
bounty_madera,29/02/2024,05/02/2024 19:00,05/02/2024,19,20,0,3.877359401,498.885
bounty_madera,29/02/2024,05/02/2024 20:00,05/02/2024,20,21,0,5.031774414,459.371
bounty_madera,29/02/2024,05/02/2024 21:00,05/02/2024,21,22,0,3.75694918,431.68
bounty_madera,29/02/2024,05/02/2024 22:00,05/02/2024,22,23,0,4.486845114,439.66
bounty_madera,29/02/2024,05/02/2024 23:00,05/02/2024,23,24,0,3.94213489,444.607
bounty_madera,29/02/2024,06/02/2024 0:00,06/02/2024,0,1,1,3.840148457,396.556
bounty_madera,29/02/2024,06/02/2024 1:00,06/02/2024,1,2,1,3.705068513,293.279
bounty_madera,29/02/2024,06/02/2024 2:00,06/02/2024,2,3,1,3.552279983,272.279
bounty_madera,29/02/2024,06/02/2024 3:00,06/02/2024,3,4,1,3.558838793,271.761
bounty_madera,29/02/2024,06/02/2024 4:00,06/02/2024,4,5,1,3.715878675,286.751
bounty_madera,29/02/2024,06/02/2024 5:00,06/02/2024,5,6,1,4.162440111,298.832
bounty_madera,29/02/2024,06/02/2024 6:00,06/02/2024,6,7,1,3.87232101,298.183
bounty_madera,29/02/2024,06/02/2024 7:00,06/02/2024,7,8,1,2.863701628,344.381
bounty_madera,29/02/2024,06/02/2024 8:00,06/02/2024,8,9,1,3.234885953,442.197
bounty_madera,29/02/2024,06/02/2024 9:00,06/02/2024,9,10,1,3.56173725,477.941
bounty_madera,29/02/2024,06/02/2024 10:00,06/02/2024,10,11,1,3.521104319,492.95
bounty_madera,29/02/2024,06/02/2024 11:00,06/02/2024,11,12,1,3.347563214,490.33
bounty_madera,29/02/2024,06/02/2024 12:00,06/02/2024,12,13,1,2.624576403,515.279
bounty_madera,29/02/2024,06/02/2024 13:00,06/02/2024,13,14,1,2.968564873,541.415
bounty_madera,29/02/2024,06/02/2024 14:00,06/02/2024,14,15,1,3.561218189,534.89
bounty_madera,29/02/2024,06/02/2024 15:00,06/02/2024,15,16,1,3.744843654,502.297
bounty_madera,29/02/2024,06/02/2024 16:00,06/02/2024,16,17,1,3.857722998,518.725
bounty_madera,29/02/2024,06/02/2024 17:00,06/02/2024,17,18,1,3.426783041,503.737
bounty_madera,29/02/2024,06/02/2024 18:00,06/02/2024,18,19,1,4.61652239,427.12
bounty_madera,29/02/2024,06/02/2024 19:00,06/02/2024,19,20,1,3.414036117,399.483
bounty_madera,29/02/2024,06/02/2024 20:00,06/02/2024,20,21,1,4.056635661,391.205
bounty_madera,29/02/2024,06/02/2024 21:00,06/02/2024,21,22,1,4.22906385,365.492
bounty_madera,29/02/2024,06/02/2024 22:00,06/02/2024,22,23,1,3.57958836,329.323
bounty_madera,29/02/2024,06/02/2024 23:00,06/02/2024,23,24,1,3.52596681,325.812
bounty_madera,29/02/2024,07/02/2024 0:00,07/02/2024,0,1,2,4.268531431,304.13
bounty_madera,29/02/2024,07/02/2024 1:00,07/02/2024,1,2,2,3.796816378,283.353
bounty_madera,29/02/2024,07/02/2024 2:00,07/02/2024,2,3,2,3.889298746,281.95
bounty_madera,29/02/2024,07/02/2024 3:00,07/02/2024,3,4,2,3.224417143,277.843
bounty_madera,29/02/2024,07/02/2024 4:00,07/02/2024,4,5,2,3.618476174,222.032
bounty_madera,29/02/2024,07/02/2024 5:00,07/02/2024,5,6,2,3.773145696,201.303
bounty_madera,29/02/2024,07/02/2024 6:00,07/02/2024,6,7,2,3.534881141,293.79
bounty_madera,29/02/2024,07/02/2024 7:00,07/02/2024,7,8,2,2.932775343,304.376
bounty_madera,29/02/2024,07/02/2024 8:00,07/02/2024,8,9,2,3.264206259,428.205
bounty_madera,29/02/2024,07/02/2024 9:00,07/02/2024,9,10,2,3.527893518,466.683
bounty_madera,29/02/2024,07/02/2024 10:00,07/02/2024,10,11,2,3.764418849,496.777
bounty_madera,29/02/2024,07/02/2024 11:00,07/02/2024,11,12,2,2.810337716,482.865
bounty_madera,29/02/2024,07/02/2024 12:00,07/02/2024,12,13,2,2.368464285,513.585
bounty_madera,29/02/2024,07/02/2024 13:00,07/02/2024,13,14,2,4.240119488,532.872
bounty_madera,29/02/2024,07/02/2024 14:00,07/02/2024,14,15,2,4.539247733,529.869
bounty_madera,29/02/2024,07/02/2024 15:00,07/02/2024,15,16,2,5.042897675,519.297
bounty_madera,29/02/2024,07/02/2024 16:00,07/02/2024,16,17,2,5.180547651,527.406
bounty_madera,29/02/2024,07/02/2024 17:00,07/02/2024,17,18,2,4.432848618,504.632
bounty_madera,29/02/2024,07/02/2024 18:00,07/02/2024,18,19,2,7.979534842,475.962
bounty_madera,29/02/2024,07/02/2024 19:00,07/02/2024,19,20,2,4.902319891,420.617
bounty_madera,29/02/2024,07/02/2024 20:00,07/02/2024,20,21,2,5.447122928,399.698
bounty_madera,29/02/2024,07/02/2024 21:00,07/02/2024,21,22,2,5.082510948,364.38
bounty_madera,29/02/2024,07/02/2024 22:00,07/02/2024,22,23,2,4.304169178,338.279
bounty_madera,29/02/2024,07/02/2024 23:00,07/02/2024,23,24,2,3.851115638,324.669
bounty_madera,29/02/2024,08/02/2024 0:00,08/02/2024,0,1,3,3.332926526,301.964
bounty_madera,29/02/2024,08/02/2024 1:00,08/02/2024,1,2,3,3.561232076,276.335
bounty_madera,29/02/2024,08/02/2024 2:00,08/02/2024,2,3,3,3.543074495,251.96
bounty_madera,29/02/2024,08/02/2024 3:00,08/02/2024,3,4,3,3.456370204,254.361
bounty_madera,29/02/2024,08/02/2024 4:00,08/02/2024,4,5,3,3.602111616,268.523
bounty_madera,29/02/2024,08/02/2024 5:00,08/02/2024,5,6,3,3.596574816,290.737
bounty_madera,29/02/2024,08/02/2024 6:00,08/02/2024,6,7,3,3.3062415,292.476
bounty_madera,29/02/2024,08/02/2024 7:00,08/02/2024,7,8,3,2.578284571,303.615
bounty_madera,29/02/2024,08/02/2024 8:00,08/02/2024,8,9,3,3.105992192,444.008
bounty_madera,29/02/2024,08/02/2024 9:00,08/02/2024,9,10,3,3.132790585,453.909
bounty_madera,29/02/2024,08/02/2024 10:00,08/02/2024,10,11,3,3.535530876,482.954
bounty_madera,29/02/2024,08/02/2024 11:00,08/02/2024,11,12,3,3.430399363,485.789
bounty_madera,29/02/2024,08/02/2024 12:00,08/02/2024,12,13,3,2.999621806,515.61
bounty_madera,29/02/2024,08/02/2024 13:00,08/02/2024,13,14,3,5.258149936,516.146
bounty_madera,29/02/2024,08/02/2024 14:00,08/02/2024,14,15,3,4.370866275,513.844
bounty_madera,29/02/2024,08/02/2024 15:00,08/02/2024,15,16,3,5.061377203,520.337
bounty_madera,29/02/2024,08/02/2024 16:00,08/02/2024,16,17,3,4.40677856,514.757
bounty_madera,29/02/2024,08/02/2024 17:00,08/02/2024,17,18,3,4.314742673,480.866
bounty_madera,29/02/2024,08/02/2024 18:00,08/02/2024,18,19,3,6.303056793,518.47
bounty_madera,29/02/2024,08/02/2024 19:00,08/02/2024,19,20,3,5.020180652,480.409
bounty_madera,29/02/2024,08/02/2024 20:00,08/02/2024,20,21,3,4.403727723,455.502
bounty_madera,29/02/2024,08/02/2024 21:00,08/02/2024,21,22,3,5.679080508,424.894
bounty_madera,29/02/2024,08/02/2024 22:00,08/02/2024,22,23,3,4.045255147,378.517
bounty_madera,29/02/2024,08/02/2024 23:00,08/02/2024,23,24,3,3.895564208,396.319
bounty_madera,29/02/2024,09/02/2024 0:00,09/02/2024,0,1,4,3.852651166,350.936
bounty_madera,29/02/2024,09/02/2024 1:00,09/02/2024,1,2,4,3.8850369,283.161
bounty_madera,29/02/2024,09/02/2024 2:00,09/02/2024,2,3,4,3.697421116,269.38
bounty_madera,29/02/2024,09/02/2024 3:00,09/02/2024,3,4,4,3.435277161,261.909
bounty_madera,29/02/2024,09/02/2024 4:00,09/02/2024,4,5,4,2.988465614,264.685
bounty_madera,29/02/2024,09/02/2024 5:00,09/02/2024,5,6,4,2.822146448,296.549
bounty_madera,29/02/2024,09/02/2024 6:00,09/02/2024,6,7,4,1.996918219,292.135
bounty_madera,29/02/2024,09/02/2024 7:00,09/02/2024,7,8,4,2.51610397,331.171
bounty_madera,29/02/2024,09/02/2024 8:00,09/02/2024,8,9,4,1.661070482,463.975
bounty_madera,29/02/2024,09/02/2024 9:00,09/02/2024,9,10,4,2.670596172,504.277
bounty_madera,29/02/2024,09/02/2024 10:00,09/02/2024,10,11,4,3.331145793,514.122
bounty_madera,29/02/2024,09/02/2024 11:00,09/02/2024,11,12,4,2.853384561,489.156
bounty_madera,29/02/2024,09/02/2024 12:00,09/02/2024,12,13,4,2.437604245,536.346
bounty_madera,29/02/2024,09/02/2024 13:00,09/02/2024,13,14,4,2.814490222,565.618
bounty_madera,29/02/2024,09/02/2024 14:00,09/02/2024,14,15,4,2.830467863,542.023
bounty_madera,29/02/2024,09/02/2024 15:00,09/02/2024,15,16,4,2.618442283,538.025
bounty_madera,29/02/2024,09/02/2024 16:00,09/02/2024,16,17,4,3.162508757,538.891
bounty_madera,29/02/2024,09/02/2024 17:00,09/02/2024,17,18,4,3.908643789,535.833
bounty_madera,29/02/2024,09/02/2024 18:00,09/02/2024,18,19,4,4.35641582,491.925
bounty_madera,29/02/2024,09/02/2024 19:00,09/02/2024,19,20,4,4.991154944,482.736
bounty_madera,29/02/2024,09/02/2024 20:00,09/02/2024,20,21,4,6.862961162,468.11
bounty_madera,29/02/2024,09/02/2024 21:00,09/02/2024,21,22,4,5.11477125,457.108
bounty_madera,29/02/2024,09/02/2024 22:00,09/02/2024,22,23,4,4.743466638,452.838
bounty_madera,29/02/2024,09/02/2024 23:00,09/02/2024,23,24,4,4.000660546,478.2
bounty_madera,29/02/2024,10/02/2024 0:00,10/02/2024,0,1,5,3.730414982,432.125
bounty_madera,29/02/2024,10/02/2024 1:00,10/02/2024,1,2,5,3.67596944,373.931
bounty_madera,29/02/2024,10/02/2024 2:00,10/02/2024,2,3,5,3.457482075,328.407
bounty_madera,29/02/2024,10/02/2024 3:00,10/02/2024,3,4,5,3.090606671,290.422
bounty_madera,29/02/2024,10/02/2024 4:00,10/02/2024,4,5,5,3.109968554,292.551
bounty_madera,29/02/2024,10/02/2024 5:00,10/02/2024,5,6,5,2.243272482,312.09
bounty_madera,29/02/2024,10/02/2024 6:00,10/02/2024,6,7,5,1.877120962,313.157
bounty_madera,29/02/2024,10/02/2024 7:00,10/02/2024,7,8,5,1.471121444,347.73
bounty_madera,29/02/2024,10/02/2024 8:00,10/02/2024,8,9,5,1.046904664,466.234
bounty_madera,29/02/2024,10/02/2024 9:00,10/02/2024,9,10,5,1.85620036,446.019
bounty_madera,29/02/2024,10/02/2024 10:00,10/02/2024,10,11,5,2.398902006,494.698
bounty_madera,29/02/2024,10/02/2024 11:00,10/02/2024,11,12,5,2.354854522,496.738
bounty_madera,29/02/2024,10/02/2024 12:00,10/02/2024,12,13,5,1.853572754,507.71
bounty_madera,29/02/2024,10/02/2024 13:00,10/02/2024,13,14,5,2.622928314,532.607
bounty_madera,29/02/2024,10/02/2024 14:00,10/02/2024,14,15,5,3.111621628,522.959
bounty_madera,29/02/2024,10/02/2024 15:00,10/02/2024,15,16,5,2.927642218,535.878
bounty_madera,29/02/2024,10/02/2024 16:00,10/02/2024,16,17,5,2.891522574,536.655
bounty_madera,29/02/2024,10/02/2024 17:00,10/02/2024,17,18,5,2.991484455,485.42
bounty_madera,29/02/2024,10/02/2024 18:00,10/02/2024,18,19,5,3.428237679,452.69
bounty_madera,29/02/2024,10/02/2024 19:00,10/02/2024,19,20,5,3.190577707,441.831
bounty_madera,29/02/2024,10/02/2024 20:00,10/02/2024,20,21,5,3.520765792,438.278
bounty_madera,29/02/2024,10/02/2024 21:00,10/02/2024,21,22,5,4.423507871,439.845
bounty_madera,29/02/2024,10/02/2024 22:00,10/02/2024,22,23,5,3.60364595,427.028
bounty_madera,29/02/2024,10/02/2024 23:00,10/02/2024,23,24,5,3.406450596,413.036
bounty_madera,29/02/2024,11/02/2024 0:00,11/02/2024,0,1,6,3.513609789,360.512
bounty_madera,29/02/2024,11/02/2024 1:00,11/02/2024,1,2,6,3.031059591,309.911
bounty_madera,29/02/2024,11/02/2024 2:00,11/02/2024,2,3,6,3.012286324,283.718
bounty_madera,29/02/2024,11/02/2024 3:00,11/02/2024,3,4,6,2.62597511,265.533
bounty_madera,29/02/2024,11/02/2024 4:00,11/02/2024,4,5,6,2.441588037,266.948
bounty_madera,29/02/2024,11/02/2024 5:00,11/02/2024,5,6,6,2.507915283,291.61
bounty_madera,29/02/2024,11/02/2024 6:00,11/02/2024,6,7,6,2.005967597,318.167
bounty_madera,29/02/2024,11/02/2024 7:00,11/02/2024,7,8,6,0.424121446,360.89
bounty_madera,29/02/2024,11/02/2024 8:00,11/02/2024,8,9,6,-0.000252717,456.713
bounty_madera,29/02/2024,11/02/2024 9:00,11/02/2024,9,10,6,0.66106455,437.943
bounty_madera,29/02/2024,11/02/2024 10:00,11/02/2024,10,11,6,2.508094922,481.061
bounty_madera,29/02/2024,11/02/2024 11:00,11/02/2024,11,12,6,2.265079867,456.246
bounty_madera,29/02/2024,11/02/2024 12:00,11/02/2024,12,13,6,-0.000172037,491.916
bounty_madera,29/02/2024,11/02/2024 13:00,11/02/2024,13,14,6,1.499222595,515.563
bounty_madera,29/02/2024,11/02/2024 14:00,11/02/2024,14,15,6,2.724914085,499.335
bounty_madera,29/02/2024,11/02/2024 15:00,11/02/2024,15,16,6,2.676002425,484.684
bounty_madera,29/02/2024,11/02/2024 16:00,11/02/2024,16,17,6,2.580950653,472.6
bounty_madera,29/02/2024,11/02/2024 17:00,11/02/2024,17,18,6,3.160135766,473.726
bounty_madera,29/02/2024,11/02/2024 18:00,11/02/2024,18,19,6,3.854049836,440.563
bounty_madera,29/02/2024,11/02/2024 19:00,11/02/2024,19,20,6,3.744203225,407.638
bounty_madera,29/02/2024,11/02/2024 20:00,11/02/2024,20,21,6,3.723598719,365.139
bounty_madera,29/02/2024,11/02/2024 21:00,11/02/2024,21,22,6,4.445730818,322.248
bounty_madera,29/02/2024,11/02/2024 22:00,11/02/2024,22,23,6,3.552819111,296.901
bounty_madera,29/02/2024,11/02/2024 23:00,11/02/2024,23,24,6,3.098243385,318.507
bounty_madera,29/02/2024,12/02/2024 0:00,12/02/2024,0,1,0,3.251783316,303.874
bounty_madera,29/02/2024,12/02/2024 1:00,12/02/2024,1,2,0,3.385600663,276.775
bounty_madera,29/02/2024,12/02/2024 2:00,12/02/2024,2,3,0,3.386811039,264.126
bounty_madera,29/02/2024,12/02/2024 3:00,12/02/2024,3,4,0,2.705275394,258.782
bounty_madera,29/02/2024,12/02/2024 4:00,12/02/2024,4,5,0,3.028443452,271.43
bounty_madera,29/02/2024,12/02/2024 5:00,12/02/2024,5,6,0,2.935505021,279.499
bounty_madera,29/02/2024,12/02/2024 6:00,12/02/2024,6,7,0,2.468505938,300.565
bounty_madera,29/02/2024,12/02/2024 7:00,12/02/2024,7,8,0,2.11543568,322.631
bounty_madera,29/02/2024,12/02/2024 8:00,12/02/2024,8,9,0,3.231951949,397.841
bounty_madera,29/02/2024,12/02/2024 9:00,12/02/2024,9,10,0,3.670799715,462.366
bounty_madera,29/02/2024,12/02/2024 10:00,12/02/2024,10,11,0,1.785149309,480.36
bounty_madera,29/02/2024,12/02/2024 11:00,12/02/2024,11,12,0,2.404780006,449.103
bounty_madera,29/02/2024,12/02/2024 12:00,12/02/2024,12,13,0,2.559003401,482.91
bounty_madera,29/02/2024,12/02/2024 13:00,12/02/2024,13,14,0,2.674455041,484.833
bounty_madera,29/02/2024,12/02/2024 14:00,12/02/2024,14,15,0,3.236062006,480.3
bounty_madera,29/02/2024,12/02/2024 15:00,12/02/2024,15,16,0,3.302638257,471.063
bounty_madera,29/02/2024,12/02/2024 16:00,12/02/2024,16,17,0,2.847212171,464.614
bounty_madera,29/02/2024,12/02/2024 17:00,12/02/2024,17,18,0,2.713570214,444.105
bounty_madera,29/02/2024,12/02/2024 18:00,12/02/2024,18,19,0,2.76381553,416.905
bounty_madera,29/02/2024,12/02/2024 19:00,12/02/2024,19,20,0,2.984861171,337.13
bounty_madera,29/02/2024,12/02/2024 20:00,12/02/2024,20,21,0,3.309942458,321.835
bounty_madera,29/02/2024,12/02/2024 21:00,12/02/2024,21,22,0,3.439104844,318.901
bounty_madera,29/02/2024,12/02/2024 22:00,12/02/2024,22,23,0,2.646082655,300.864
bounty_madera,29/02/2024,12/02/2024 23:00,12/02/2024,23,24,0,2.183062497,298.994
bounty_madera,29/02/2024,13/02/2024 0:00,13/02/2024,0,1,1,3.446610025,297.029
bounty_madera,29/02/2024,13/02/2024 1:00,13/02/2024,1,2,1,3.014939807,272.422
bounty_madera,29/02/2024,13/02/2024 2:00,13/02/2024,2,3,1,2.821143692,269.075
bounty_madera,29/02/2024,13/02/2024 3:00,13/02/2024,3,4,1,2.582904055,255.286
bounty_madera,29/02/2024,13/02/2024 4:00,13/02/2024,4,5,1,2.991151647,262.68
bounty_madera,29/02/2024,13/02/2024 5:00,13/02/2024,5,6,1,3.382876024,277.474
bounty_madera,29/02/2024,13/02/2024 6:00,13/02/2024,6,7,1,3.337793339,296.5
bounty_madera,29/02/2024,13/02/2024 7:00,13/02/2024,7,8,1,2.090344623,304.463
bounty_madera,29/02/2024,13/02/2024 8:00,13/02/2024,8,9,1,2.501244808,411.986
bounty_madera,29/02/2024,13/02/2024 9:00,13/02/2024,9,10,1,2.587254076,437.854
bounty_madera,29/02/2024,13/02/2024 10:00,13/02/2024,10,11,1,3.202803254,451.973
bounty_madera,29/02/2024,13/02/2024 11:00,13/02/2024,11,12,1,0.792533873,447.119
bounty_madera,29/02/2024,13/02/2024 12:00,13/02/2024,12,13,1,1.36498502,483.77
bounty_madera,29/02/2024,13/02/2024 13:00,13/02/2024,13,14,1,3.69352121,512.886
bounty_madera,29/02/2024,13/02/2024 14:00,13/02/2024,14,15,1,3.411176148,506.801
bounty_madera,29/02/2024,13/02/2024 15:00,13/02/2024,15,16,1,3.629198791,501.787
bounty_madera,29/02/2024,13/02/2024 16:00,13/02/2024,16,17,1,3.478395776,507.697
bounty_madera,29/02/2024,13/02/2024 17:00,13/02/2024,17,18,1,4.032902407,467.48
bounty_madera,29/02/2024,13/02/2024 18:00,13/02/2024,18,19,1,5.811586012,442.277
bounty_madera,29/02/2024,13/02/2024 19:00,13/02/2024,19,20,1,3.795491167,414.754
bounty_madera,29/02/2024,13/02/2024 20:00,13/02/2024,20,21,1,4.395900652,373.263
bounty_madera,29/02/2024,13/02/2024 21:00,13/02/2024,21,22,1,4.658258666,328.385
bounty_madera,29/02/2024,13/02/2024 22:00,13/02/2024,22,23,1,3.768881118,311.451
bounty_madera,29/02/2024,13/02/2024 23:00,13/02/2024,23,24,1,3.719515849,313.317
bounty_madera,29/02/2024,14/02/2024 0:00,14/02/2024,0,1,2,4.290350349,301.758
bounty_madera,29/02/2024,14/02/2024 1:00,14/02/2024,1,2,2,3.711210881,276.924
bounty_madera,29/02/2024,14/02/2024 2:00,14/02/2024,2,3,2,3.516175113,271.702
bounty_madera,29/02/2024,14/02/2024 3:00,14/02/2024,3,4,2,3.473352799,270.419
bounty_madera,29/02/2024,14/02/2024 4:00,14/02/2024,4,5,2,3.693932211,280.361
bounty_madera,29/02/2024,14/02/2024 5:00,14/02/2024,5,6,2,4.026491883,287.969
bounty_madera,29/02/2024,14/02/2024 6:00,14/02/2024,6,7,2,3.835733896,306.689
bounty_madera,29/02/2024,14/02/2024 7:00,14/02/2024,7,8,2,3.296048671,358.605
bounty_madera,29/02/2024,14/02/2024 8:00,14/02/2024,8,9,2,3.277384402,444.057
bounty_madera,29/02/2024,14/02/2024 9:00,14/02/2024,9,10,2,4.333935481,462.037
bounty_madera,29/02/2024,14/02/2024 10:00,14/02/2024,10,11,2,4.237103986,508.322
bounty_madera,29/02/2024,14/02/2024 11:00,14/02/2024,11,12,2,3.474418435,517.676
bounty_madera,29/02/2024,14/02/2024 12:00,14/02/2024,12,13,2,3.450100253,549.943
bounty_madera,29/02/2024,14/02/2024 13:00,14/02/2024,13,14,2,4.391775615,571.17
bounty_madera,29/02/2024,14/02/2024 14:00,14/02/2024,14,15,2,3.969378156,561.136
bounty_madera,29/02/2024,14/02/2024 15:00,14/02/2024,15,16,2,3.72439016,542.077
bounty_madera,29/02/2024,14/02/2024 16:00,14/02/2024,16,17,2,3.546384026,552.43
bounty_madera,29/02/2024,14/02/2024 17:00,14/02/2024,17,18,2,2.987316307,535.959
bounty_madera,29/02/2024,14/02/2024 18:00,14/02/2024,18,19,2,3.717424968,491.492
bounty_madera,29/02/2024,14/02/2024 19:00,14/02/2024,19,20,2,3.551959473,455.272
bounty_madera,29/02/2024,14/02/2024 20:00,14/02/2024,20,21,2,3.536058403,443.52
bounty_madera,29/02/2024,14/02/2024 21:00,14/02/2024,21,22,2,4.100936083,408.706
bounty_madera,29/02/2024,14/02/2024 22:00,14/02/2024,22,23,2,3.884633164,360.746
bounty_madera,29/02/2024,14/02/2024 23:00,14/02/2024,23,24,2,3.875646465,337.596
bounty_madera,29/02/2024,15/02/2024 0:00,15/02/2024,0,1,3,3.826729575,316.193
bounty_madera,29/02/2024,15/02/2024 1:00,15/02/2024,1,2,3,3.663781155,286.518
bounty_madera,29/02/2024,15/02/2024 2:00,15/02/2024,2,3,3,3.475362439,278.775
bounty_madera,29/02/2024,15/02/2024 3:00,15/02/2024,3,4,3,3.3808136,270.888
bounty_madera,29/02/2024,15/02/2024 4:00,15/02/2024,4,5,3,3.638426555,287.748
bounty_madera,29/02/2024,15/02/2024 5:00,15/02/2024,5,6,3,3.620784086,311.586
bounty_madera,29/02/2024,15/02/2024 6:00,15/02/2024,6,7,3,3.409100522,326.609
bounty_madera,29/02/2024,15/02/2024 7:00,15/02/2024,7,8,3,2.489029633,402.751
bounty_madera,29/02/2024,15/02/2024 8:00,15/02/2024,8,9,3,3.400827718,501.892
bounty_madera,29/02/2024,15/02/2024 9:00,15/02/2024,9,10,3,3.656307494,506.047
bounty_madera,29/02/2024,15/02/2024 10:00,15/02/2024,10,11,3,3.832125051,529.036
bounty_madera,29/02/2024,15/02/2024 11:00,15/02/2024,11,12,3,3.657447406,512.237
bounty_madera,29/02/2024,15/02/2024 12:00,15/02/2024,12,13,3,3.577253527,524.42
bounty_madera,29/02/2024,15/02/2024 13:00,15/02/2024,13,14,3,6.43143047,552.259
bounty_madera,29/02/2024,15/02/2024 14:00,15/02/2024,14,15,3,8.012514206,553.161
bounty_madera,29/02/2024,15/02/2024 15:00,15/02/2024,15,16,3,10.40660992,555.104
bounty_madera,29/02/2024,15/02/2024 16:00,15/02/2024,16,17,3,7.523382675,572.973
bounty_madera,29/02/2024,15/02/2024 17:00,15/02/2024,17,18,3,5.084229378,552.098
bounty_madera,29/02/2024,15/02/2024 18:00,15/02/2024,18,19,3,7.562369803,510.405
bounty_madera,29/02/2024,15/02/2024 19:00,15/02/2024,19,20,3,4.832628295,474.267
bounty_madera,29/02/2024,15/02/2024 20:00,15/02/2024,20,21,3,7.175116512,502.849
bounty_madera,29/02/2024,15/02/2024 21:00,15/02/2024,21,22,3,6.096253808,475.905
bounty_madera,29/02/2024,15/02/2024 22:00,15/02/2024,22,23,3,5.261326855,435.275
bounty_madera,29/02/2024,15/02/2024 23:00,15/02/2024,23,24,3,5.250285838,407.476
bounty_madera,29/02/2024,16/02/2024 0:00,16/02/2024,0,1,4,5.629827135,338.409
bounty_madera,29/02/2024,16/02/2024 1:00,16/02/2024,1,2,4,4.409612901,298.423
bounty_madera,29/02/2024,16/02/2024 2:00,16/02/2024,2,3,4,4.27840845,285.698
bounty_madera,29/02/2024,16/02/2024 3:00,16/02/2024,3,4,4,3.83256625,270.257
bounty_madera,29/02/2024,16/02/2024 4:00,16/02/2024,4,5,4,4.332244399,286.209
bounty_madera,29/02/2024,16/02/2024 5:00,16/02/2024,5,6,4,4.242021005,322.04
bounty_madera,29/02/2024,16/02/2024 6:00,16/02/2024,6,7,4,4.135398531,341.523
bounty_madera,29/02/2024,16/02/2024 7:00,16/02/2024,7,8,4,3.53709228,401.314
bounty_madera,29/02/2024,16/02/2024 8:00,16/02/2024,8,9,4,4.492327123,477.611
bounty_madera,29/02/2024,16/02/2024 9:00,16/02/2024,9,10,4,3.534623765,481.462
bounty_madera,29/02/2024,16/02/2024 10:00,16/02/2024,10,11,4,3.869533574,520.208
bounty_madera,29/02/2024,16/02/2024 11:00,16/02/2024,11,12,4,5.274928079,537.17
bounty_madera,29/02/2024,16/02/2024 12:00,16/02/2024,12,13,4,5.96196325,563.582
bounty_madera,29/02/2024,16/02/2024 13:00,16/02/2024,13,14,4,10.60093032,582.548
bounty_madera,29/02/2024,16/02/2024 14:00,16/02/2024,14,15,4,12.48810039,576.462
bounty_madera,29/02/2024,16/02/2024 15:00,16/02/2024,15,16,4,9.22854829,551.451
bounty_madera,29/02/2024,16/02/2024 16:00,16/02/2024,16,17,4,4.912805926,555.762
bounty_madera,29/02/2024,16/02/2024 17:00,16/02/2024,17,18,4,3.725633546,535.814
bounty_madera,29/02/2024,16/02/2024 18:00,16/02/2024,18,19,4,6.813568967,488.296
bounty_madera,29/02/2024,16/02/2024 19:00,16/02/2024,19,20,4,4.045965217,446.132
bounty_madera,29/02/2024,16/02/2024 20:00,16/02/2024,20,21,4,4.095341133,444.5
bounty_madera,29/02/2024,16/02/2024 21:00,16/02/2024,21,22,4,4.654265047,424.427
bounty_madera,29/02/2024,16/02/2024 22:00,16/02/2024,22,23,4,3.752196899,418.076
bounty_madera,29/02/2024,16/02/2024 23:00,16/02/2024,23,24,4,3.665507903,426.447
bounty_madera,29/02/2024,17/02/2024 0:00,17/02/2024,0,1,5,3.721867876,376.273
bounty_madera,29/02/2024,17/02/2024 1:00,17/02/2024,1,2,5,3.884934729,286.246
bounty_madera,29/02/2024,17/02/2024 2:00,17/02/2024,2,3,5,3.825738343,265.575
bounty_madera,29/02/2024,17/02/2024 3:00,17/02/2024,3,4,5,3.484252619,264.453
bounty_madera,29/02/2024,17/02/2024 4:00,17/02/2024,4,5,5,3.35683409,277.153
bounty_madera,29/02/2024,17/02/2024 5:00,17/02/2024,5,6,5,3.250994272,300.773
bounty_madera,29/02/2024,17/02/2024 6:00,17/02/2024,6,7,5,3.845908472,290.913
bounty_madera,29/02/2024,17/02/2024 7:00,17/02/2024,7,8,5,3.013157358,318.479
bounty_madera,29/02/2024,17/02/2024 8:00,17/02/2024,8,9,5,2.556687631,443.088
bounty_madera,29/02/2024,17/02/2024 9:00,17/02/2024,9,10,5,2.901167621,458.894
bounty_madera,29/02/2024,17/02/2024 10:00,17/02/2024,10,11,5,3.04954028,467.917
bounty_madera,29/02/2024,17/02/2024 11:00,17/02/2024,11,12,5,3.23474714,481.655
bounty_madera,29/02/2024,17/02/2024 12:00,17/02/2024,12,13,5,2.248230335,502.058
bounty_madera,29/02/2024,17/02/2024 13:00,17/02/2024,13,14,5,3.633791754,530.031
bounty_madera,29/02/2024,17/02/2024 14:00,17/02/2024,14,15,5,3.683589018,517.391
bounty_madera,29/02/2024,17/02/2024 15:00,17/02/2024,15,16,5,3.865379096,518.515
bounty_madera,29/02/2024,17/02/2024 16:00,17/02/2024,16,17,5,4.425118657,511.225
bounty_madera,29/02/2024,17/02/2024 17:00,17/02/2024,17,18,5,4.730900376,467.175
bounty_madera,29/02/2024,17/02/2024 18:00,17/02/2024,18,19,5,5.366438755,438.526
bounty_madera,29/02/2024,17/02/2024 19:00,17/02/2024,19,20,5,6.268012027,431.34
bounty_madera,29/02/2024,17/02/2024 20:00,17/02/2024,20,21,5,6.145328827,382.133
bounty_madera,29/02/2024,17/02/2024 21:00,17/02/2024,21,22,5,6.251449049,378.528
bounty_madera,29/02/2024,17/02/2024 22:00,17/02/2024,22,23,5,5.430040834,351.061
bounty_madera,29/02/2024,17/02/2024 23:00,17/02/2024,23,24,5,5.106066009,338.268
bounty_madera,29/02/2024,18/02/2024 0:00,18/02/2024,0,1,6,4.638837859,303.912
bounty_madera,29/02/2024,18/02/2024 1:00,18/02/2024,1,2,6,4.060456227,264.197
bounty_madera,29/02/2024,18/02/2024 2:00,18/02/2024,2,3,6,3.792465597,259.346
bounty_madera,29/02/2024,18/02/2024 3:00,18/02/2024,3,4,6,3.714731182,260.614
bounty_madera,29/02/2024,18/02/2024 4:00,18/02/2024,4,5,6,3.508247555,275.231
bounty_madera,29/02/2024,18/02/2024 5:00,18/02/2024,5,6,6,3.585487076,293.388
bounty_madera,29/02/2024,18/02/2024 6:00,18/02/2024,6,7,6,3.396159687,300.222
bounty_madera,29/02/2024,18/02/2024 7:00,18/02/2024,7,8,6,3.055740122,372.032
bounty_madera,29/02/2024,18/02/2024 8:00,18/02/2024,8,9,6,2.635328949,399.071
bounty_madera,29/02/2024,18/02/2024 9:00,18/02/2024,9,10,6,3.006329225,458.383
bounty_madera,29/02/2024,18/02/2024 10:00,18/02/2024,10,11,6,3.248124991,485.944
bounty_madera,29/02/2024,18/02/2024 11:00,18/02/2024,11,12,6,3.136070169,482.392
bounty_madera,29/02/2024,18/02/2024 12:00,18/02/2024,12,13,6,2.896531073,499.223
bounty_madera,29/02/2024,18/02/2024 13:00,18/02/2024,13,14,6,3.504104703,532.799
bounty_madera,29/02/2024,18/02/2024 14:00,18/02/2024,14,15,6,3.353312866,527.477
bounty_madera,29/02/2024,18/02/2024 15:00,18/02/2024,15,16,6,3.283059112,538.251
bounty_madera,29/02/2024,18/02/2024 16:00,18/02/2024,16,17,6,3.696424152,553.374
bounty_madera,29/02/2024,18/02/2024 17:00,18/02/2024,17,18,6,5.880570913,510.859
bounty_madera,29/02/2024,18/02/2024 18:00,18/02/2024,18,19,6,11.77358487,489.902
bounty_madera,29/02/2024,18/02/2024 19:00,18/02/2024,19,20,6,10.27987661,445.247
bounty_madera,29/02/2024,18/02/2024 20:00,18/02/2024,20,21,6,10.87230238,433.35
bounty_madera,29/02/2024,18/02/2024 21:00,18/02/2024,21,22,6,10.4866376,405.404
bounty_madera,29/02/2024,18/02/2024 22:00,18/02/2024,22,23,6,5.001059128,355.838
bounty_madera,29/02/2024,18/02/2024 23:00,18/02/2024,23,24,6,4.267144432,351.671
bounty_madera,29/02/2024,19/02/2024 0:00,19/02/2024,0,1,0,3.562422841,308.183
bounty_madera,29/02/2024,19/02/2024 1:00,19/02/2024,1,2,0,3.307895498,264.961
bounty_madera,29/02/2024,19/02/2024 2:00,19/02/2024,2,3,0,3.186104208,261.698
bounty_madera,29/02/2024,19/02/2024 3:00,19/02/2024,3,4,0,3.463140185,256.661
bounty_madera,29/02/2024,19/02/2024 4:00,19/02/2024,4,5,0,3.710310177,266.448
bounty_madera,29/02/2024,19/02/2024 5:00,19/02/2024,5,6,0,3.650328761,295.211
bounty_madera,29/02/2024,19/02/2024 6:00,19/02/2024,6,7,0,3.70315284,297.679
bounty_madera,29/02/2024,19/02/2024 7:00,19/02/2024,7,8,0,2.704355679,342.326
bounty_madera,29/02/2024,19/02/2024 8:00,19/02/2024,8,9,0,3.419710005,464.801
bounty_madera,29/02/2024,19/02/2024 9:00,19/02/2024,9,10,0,3.686646354,488.569
bounty_madera,29/02/2024,19/02/2024 10:00,19/02/2024,10,11,0,3.933437166,527.89
bounty_madera,29/02/2024,19/02/2024 11:00,19/02/2024,11,12,0,3.574085969,503.134
bounty_madera,29/02/2024,19/02/2024 12:00,19/02/2024,12,13,0,3.257299093,556.331
bounty_madera,29/02/2024,19/02/2024 13:00,19/02/2024,13,14,0,7.66490837,568.187
bounty_madera,29/02/2024,19/02/2024 14:00,19/02/2024,14,15,0,8.127512559,557.197
bounty_madera,29/02/2024,19/02/2024 15:00,19/02/2024,15,16,0,9.349531632,548.143
bounty_madera,29/02/2024,19/02/2024 16:00,19/02/2024,16,17,0,8.383250668,557.623
bounty_madera,29/02/2024,19/02/2024 17:00,19/02/2024,17,18,0,5.422064064,520.457
bounty_madera,29/02/2024,19/02/2024 18:00,19/02/2024,18,19,0,7.160644806,490.238
bounty_madera,29/02/2024,19/02/2024 19:00,19/02/2024,19,20,0,6.579849951,440.005
bounty_madera,29/02/2024,19/02/2024 20:00,19/02/2024,20,21,0,8.177292807,412.082
bounty_madera,29/02/2024,19/02/2024 21:00,19/02/2024,21,22,0,5.656207291,368.231
bounty_madera,29/02/2024,19/02/2024 22:00,19/02/2024,22,23,0,4.347181738,321.891
bounty_madera,29/02/2024,19/02/2024 23:00,19/02/2024,23,24,0,4.048759145,325.63
bounty_madera,29/02/2024,20/02/2024 0:00,20/02/2024,0,1,1,4.587931451,298.104
bounty_madera,29/02/2024,20/02/2024 1:00,20/02/2024,1,2,1,3.79441178,271.876
bounty_madera,29/02/2024,20/02/2024 2:00,20/02/2024,2,3,1,3.610970301,262.946
bounty_madera,29/02/2024,20/02/2024 3:00,20/02/2024,3,4,1,3.482079624,259.362
bounty_madera,29/02/2024,20/02/2024 4:00,20/02/2024,4,5,1,3.681674236,270.942
bounty_madera,29/02/2024,20/02/2024 5:00,20/02/2024,5,6,1,3.854702471,289.695
bounty_madera,29/02/2024,20/02/2024 6:00,20/02/2024,6,7,1,3.514621986,289.683
bounty_madera,29/02/2024,20/02/2024 7:00,20/02/2024,7,8,1,3.222346031,314.386
bounty_madera,29/02/2024,20/02/2024 8:00,20/02/2024,8,9,1,4.224427928,462.294
bounty_madera,29/02/2024,20/02/2024 9:00,20/02/2024,9,10,1,4.628883336,479.709
bounty_madera,29/02/2024,20/02/2024 10:00,20/02/2024,10,11,1,4.006008364,503.803
bounty_madera,29/02/2024,20/02/2024 11:00,20/02/2024,11,12,1,3.569644423,510.661
bounty_madera,29/02/2024,20/02/2024 12:00,20/02/2024,12,13,1,3.154529857,547.952
bounty_madera,29/02/2024,20/02/2024 13:00,20/02/2024,13,14,1,5.443565345,563.19
bounty_madera,29/02/2024,20/02/2024 14:00,20/02/2024,14,15,1,4.952429457,547.604
bounty_madera,29/02/2024,20/02/2024 15:00,20/02/2024,15,16,1,8.681300081,557.258
bounty_madera,29/02/2024,20/02/2024 16:00,20/02/2024,16,17,1,7.832044563,524.839
bounty_madera,29/02/2024,20/02/2024 17:00,20/02/2024,17,18,1,4.599151089,484.694
bounty_madera,29/02/2024,20/02/2024 18:00,20/02/2024,18,19,1,11.33995298,448.925
bounty_madera,29/02/2024,20/02/2024 19:00,20/02/2024,19,20,1,6.470309873,422.781
bounty_madera,29/02/2024,20/02/2024 20:00,20/02/2024,20,21,1,7.903857893,374.364
bounty_madera,29/02/2024,20/02/2024 21:00,20/02/2024,21,22,1,7.519046834,322.678
bounty_madera,29/02/2024,20/02/2024 22:00,20/02/2024,22,23,1,4.131127626,317.701
bounty_madera,29/02/2024,20/02/2024 23:00,20/02/2024,23,24,1,5.317980274,308.868
bounty_madera,29/02/2024,21/02/2024 0:00,21/02/2024,0,1,2,4.991401413,289.394
bounty_madera,29/02/2024,21/02/2024 1:00,21/02/2024,1,2,2,3.748640126,275.645
bounty_madera,29/02/2024,21/02/2024 2:00,21/02/2024,2,3,2,3.663656173,275.061
bounty_madera,29/02/2024,21/02/2024 3:00,21/02/2024,3,4,2,3.523630005,263.163
bounty_madera,29/02/2024,21/02/2024 4:00,21/02/2024,4,5,2,3.676572808,287.945
bounty_madera,29/02/2024,21/02/2024 5:00,21/02/2024,5,6,2,3.95403416,298.086
bounty_madera,29/02/2024,21/02/2024 6:00,21/02/2024,6,7,2,5.104142536,306.611
bounty_madera,29/02/2024,21/02/2024 7:00,21/02/2024,7,8,2,2.989051292,330.238
bounty_madera,29/02/2024,21/02/2024 8:00,21/02/2024,8,9,2,3.28733146,456.107
bounty_madera,29/02/2024,21/02/2024 9:00,21/02/2024,9,10,2,3.713540106,460.698
bounty_madera,29/02/2024,21/02/2024 10:00,21/02/2024,10,11,2,3.570475853,494.4
bounty_madera,29/02/2024,21/02/2024 11:00,21/02/2024,11,12,2,3.455372061,485.923
bounty_madera,29/02/2024,21/02/2024 12:00,21/02/2024,12,13,2,2.917891854,500.571
bounty_madera,29/02/2024,21/02/2024 13:00,21/02/2024,13,14,2,2.67435141,545.527
bounty_madera,29/02/2024,21/02/2024 14:00,21/02/2024,14,15,2,3.697356217,531.485
bounty_madera,29/02/2024,21/02/2024 15:00,21/02/2024,15,16,2,3.954347276,529.364
bounty_madera,29/02/2024,21/02/2024 16:00,21/02/2024,16,17,2,4.422712625,525.575
bounty_madera,29/02/2024,21/02/2024 17:00,21/02/2024,17,18,2,3.875170867,494.261
bounty_madera,29/02/2024,21/02/2024 18:00,21/02/2024,18,19,2,6.032753411,452.349
bounty_madera,29/02/2024,21/02/2024 19:00,21/02/2024,19,20,2,4.098538985,420.524
bounty_madera,29/02/2024,21/02/2024 20:00,21/02/2024,20,21,2,8.301215136,378.021
bounty_madera,29/02/2024,21/02/2024 21:00,21/02/2024,21,22,2,15.79599583,349.339
bounty_madera,29/02/2024,21/02/2024 22:00,21/02/2024,22,23,2,6.852724122,337.282
bounty_madera,29/02/2024,21/02/2024 23:00,21/02/2024,23,24,2,7.999267102,331.851
bounty_madera,29/02/2024,22/02/2024 0:00,22/02/2024,0,1,3,7.568572537,294.424
bounty_madera,29/02/2024,22/02/2024 1:00,22/02/2024,1,2,3,4.311511078,271.126
bounty_madera,29/02/2024,22/02/2024 2:00,22/02/2024,2,3,3,4.34962264,260.015
bounty_madera,29/02/2024,22/02/2024 3:00,22/02/2024,3,4,3,4.26527919,258.633
bounty_madera,29/02/2024,22/02/2024 4:00,22/02/2024,4,5,3,9.517138985,273.806
bounty_madera,29/02/2024,22/02/2024 5:00,22/02/2024,5,6,3,7.13129053,282.066
bounty_madera,29/02/2024,22/02/2024 6:00,22/02/2024,6,7,3,5.234286572,299.124
bounty_madera,29/02/2024,22/02/2024 7:00,22/02/2024,7,8,3,4.625935084,335.663
bounty_madera,29/02/2024,22/02/2024 8:00,22/02/2024,8,9,3,6.272088993,457.807
bounty_madera,29/02/2024,22/02/2024 9:00,22/02/2024,9,10,3,8.841996852,463.447
bounty_madera,29/02/2024,22/02/2024 10:00,22/02/2024,10,11,3,8.424289144,503.588
bounty_madera,29/02/2024,22/02/2024 11:00,22/02/2024,11,12,3,5.702329823,513.77
bounty_madera,29/02/2024,22/02/2024 12:00,22/02/2024,12,13,3,4.609220014,535.331
bounty_madera,29/02/2024,22/02/2024 13:00,22/02/2024,13,14,3,8.613495849,602.548
bounty_madera,29/02/2024,22/02/2024 14:00,22/02/2024,14,15,3,9.499774425,589.166
bounty_madera,29/02/2024,22/02/2024 15:00,22/02/2024,15,16,3,9.604451459,575.912
bounty_madera,29/02/2024,22/02/2024 16:00,22/02/2024,16,17,3,10.05439836,583.728
bounty_madera,29/02/2024,22/02/2024 17:00,22/02/2024,17,18,3,9.204715325,530.719
bounty_madera,29/02/2024,22/02/2024 18:00,22/02/2024,18,19,3,21.59988242,489.316
bounty_madera,29/02/2024,22/02/2024 19:00,22/02/2024,19,20,3,22.92202938,454.75
bounty_madera,29/02/2024,22/02/2024 20:00,22/02/2024,20,21,3,40.67981286,469.667
bounty_madera,29/02/2024,22/02/2024 21:00,22/02/2024,21,22,3,51.86275171,446.309
bounty_madera,29/02/2024,22/02/2024 22:00,22/02/2024,22,23,3,10.10509784,411.889
bounty_madera,29/02/2024,22/02/2024 23:00,22/02/2024,23,24,3,6.658631759,394.301
bounty_madera,29/02/2024,23/02/2024 0:00,23/02/2024,0,1,4,7.088425484,353.827
bounty_madera,29/02/2024,23/02/2024 1:00,23/02/2024,1,2,4,5.00208422,306.899
bounty_madera,29/02/2024,23/02/2024 2:00,23/02/2024,2,3,4,4.245635943,286.298
bounty_madera,29/02/2024,23/02/2024 3:00,23/02/2024,3,4,4,4.181919607,266.993
bounty_madera,29/02/2024,23/02/2024 4:00,23/02/2024,4,5,4,4.276483331,296.134
bounty_madera,29/02/2024,23/02/2024 5:00,23/02/2024,5,6,4,4.096315155,320.472
bounty_madera,29/02/2024,23/02/2024 6:00,23/02/2024,6,7,4,3.995241384,309.343
bounty_madera,29/02/2024,23/02/2024 7:00,23/02/2024,7,8,4,3.539815506,357.608
bounty_madera,29/02/2024,23/02/2024 8:00,23/02/2024,8,9,4,4.054660932,466.701
bounty_madera,29/02/2024,23/02/2024 9:00,23/02/2024,9,10,4,4.353093118,497.558
bounty_madera,29/02/2024,23/02/2024 10:00,23/02/2024,10,11,4,4.48689917,524.773
bounty_madera,29/02/2024,23/02/2024 11:00,23/02/2024,11,12,4,7.045932358,527.872
bounty_madera,29/02/2024,23/02/2024 12:00,23/02/2024,12,13,4,16.81283471,548.339
bounty_madera,29/02/2024,23/02/2024 13:00,23/02/2024,13,14,4,26.17542589,598.742
bounty_madera,29/02/2024,23/02/2024 14:00,23/02/2024,14,15,4,32.78437759,584.627
bounty_madera,29/02/2024,23/02/2024 15:00,23/02/2024,15,16,4,32.17149676,551.603
bounty_madera,29/02/2024,23/02/2024 16:00,23/02/2024,16,17,4,31.43346919,553.975
bounty_madera,29/02/2024,23/02/2024 17:00,23/02/2024,17,18,4,9.521477587,536.513
bounty_madera,29/02/2024,23/02/2024 18:00,23/02/2024,18,19,4,6.092280988,495.882
bounty_madera,29/02/2024,23/02/2024 19:00,23/02/2024,19,20,4,8.074873637,467.77
bounty_madera,29/02/2024,23/02/2024 20:00,23/02/2024,20,21,4,4.491668634,459.972
bounty_madera,29/02/2024,23/02/2024 21:00,23/02/2024,21,22,4,6.682141448,445.783
bounty_madera,29/02/2024,23/02/2024 22:00,23/02/2024,22,23,4,4.759302295,394.121
bounty_madera,29/02/2024,23/02/2024 23:00,23/02/2024,23,24,4,6.190206204,354.653
bounty_madera,29/02/2024,24/02/2024 0:00,24/02/2024,0,1,5,4.83459358,313.791
bounty_madera,29/02/2024,24/02/2024 1:00,24/02/2024,1,2,5,4.398565309,279.887
bounty_madera,29/02/2024,24/02/2024 2:00,24/02/2024,2,3,5,4.333984597,264.428
bounty_madera,29/02/2024,24/02/2024 3:00,24/02/2024,3,4,5,4.032415545,258.198
bounty_madera,29/02/2024,24/02/2024 4:00,24/02/2024,4,5,5,3.470300684,269.215
bounty_madera,29/02/2024,24/02/2024 5:00,24/02/2024,5,6,5,4.626292004,297.43
bounty_madera,29/02/2024,24/02/2024 6:00,24/02/2024,6,7,5,4.108549218,309.279
bounty_madera,29/02/2024,24/02/2024 7:00,24/02/2024,7,8,5,4.130087507,363.425
bounty_madera,29/02/2024,24/02/2024 8:00,24/02/2024,8,9,5,2.291684035,443.438
bounty_madera,29/02/2024,24/02/2024 9:00,24/02/2024,9,10,5,2.946060898,485.581
bounty_madera,29/02/2024,24/02/2024 10:00,24/02/2024,10,11,5,2.903763001,503.95
bounty_madera,29/02/2024,24/02/2024 11:00,24/02/2024,11,12,5,2.578978456,492.776
bounty_madera,29/02/2024,24/02/2024 12:00,24/02/2024,12,13,5,1.448832618,491.53
bounty_madera,29/02/2024,24/02/2024 13:00,24/02/2024,13,14,5,3.255308329,493.841
bounty_madera,29/02/2024,24/02/2024 14:00,24/02/2024,14,15,5,3.772175773,522.903
bounty_madera,29/02/2024,24/02/2024 15:00,24/02/2024,15,16,5,3.795940102,525.251
bounty_madera,29/02/2024,24/02/2024 16:00,24/02/2024,16,17,5,4.498298717,508.977
bounty_madera,29/02/2024,24/02/2024 17:00,24/02/2024,17,18,5,5.361830722,484.189
bounty_madera,29/02/2024,24/02/2024 18:00,24/02/2024,18,19,5,6.94059,477.006
bounty_madera,29/02/2024,24/02/2024 19:00,24/02/2024,19,20,5,6.129926649,480.31
bounty_madera,29/02/2024,24/02/2024 20:00,24/02/2024,20,21,5,7.469468529,481.765
bounty_madera,29/02/2024,24/02/2024 21:00,24/02/2024,21,22,5,8.427957407,472.999
bounty_madera,29/02/2024,24/02/2024 22:00,24/02/2024,22,23,5,6.282757079,476.623
bounty_madera,29/02/2024,24/02/2024 23:00,24/02/2024,23,24,5,4.528502722,509.103
bounty_madera,29/02/2024,25/02/2024 0:00,25/02/2024,0,1,6,5.210850266,471.937
bounty_madera,29/02/2024,25/02/2024 1:00,25/02/2024,1,2,6,4.849307471,431.826
bounty_madera,29/02/2024,25/02/2024 2:00,25/02/2024,2,3,6,4.662133518,431.535
bounty_madera,29/02/2024,25/02/2024 3:00,25/02/2024,3,4,6,4.545609308,436.183
bounty_madera,29/02/2024,25/02/2024 4:00,25/02/2024,4,5,6,4.442616365,423.591
bounty_madera,29/02/2024,25/02/2024 5:00,25/02/2024,5,6,6,4.15569448,442.827
bounty_madera,29/02/2024,25/02/2024 6:00,25/02/2024,6,7,6,4.329867913,454.393
bounty_madera,29/02/2024,25/02/2024 7:00,25/02/2024,7,8,6,3.391394513,488.43
bounty_madera,29/02/2024,25/02/2024 8:00,25/02/2024,8,9,6,3.679767751,523.428
bounty_madera,29/02/2024,25/02/2024 9:00,25/02/2024,9,10,6,3.835587366,562.767
bounty_madera,29/02/2024,25/02/2024 10:00,25/02/2024,10,11,6,4.299463352,579.595
bounty_madera,29/02/2024,25/02/2024 11:00,25/02/2024,11,12,6,4.238124483,562.43
bounty_madera,29/02/2024,25/02/2024 12:00,25/02/2024,12,13,6,3.209208961,587.928
bounty_madera,29/02/2024,25/02/2024 13:00,25/02/2024,13,14,6,3.39319129,591.372
bounty_madera,29/02/2024,25/02/2024 14:00,25/02/2024,14,15,6,2.819398538,568.742
bounty_madera,29/02/2024,25/02/2024 15:00,25/02/2024,15,16,6,3.677785957,544.571
bounty_madera,29/02/2024,25/02/2024 16:00,25/02/2024,16,17,6,4.541962922,544.705
bounty_madera,29/02/2024,25/02/2024 17:00,25/02/2024,17,18,6,5.348488009,523.593
bounty_madera,29/02/2024,25/02/2024 18:00,25/02/2024,18,19,6,6.981873197,496.86
bounty_madera,29/02/2024,25/02/2024 19:00,25/02/2024,19,20,6,5.5467217,464.345
bounty_madera,29/02/2024,25/02/2024 20:00,25/02/2024,20,21,6,4.901592163,466.714
bounty_madera,29/02/2024,25/02/2024 21:00,25/02/2024,21,22,6,4.886310802,464.777
bounty_madera,29/02/2024,25/02/2024 22:00,25/02/2024,22,23,6,5.737881812,464.677
bounty_madera,29/02/2024,25/02/2024 23:00,25/02/2024,23,24,6,4.570313667,437.474
bounty_madera,31/03/2024,26/02/2024 0:00,26/02/2024,0,1,0,3.631141859,381.797
bounty_madera,31/03/2024,26/02/2024 1:00,26/02/2024,1,2,0,3.454424639,295.613
bounty_madera,31/03/2024,26/02/2024 2:00,26/02/2024,2,3,0,3.120232273,280.93
bounty_madera,31/03/2024,26/02/2024 3:00,26/02/2024,3,4,0,2.899189834,277.75
bounty_madera,31/03/2024,26/02/2024 4:00,26/02/2024,4,5,0,3.583565376,283.752
bounty_madera,31/03/2024,26/02/2024 5:00,26/02/2024,5,6,0,3.620059513,298.582
bounty_madera,31/03/2024,26/02/2024 6:00,26/02/2024,6,7,0,3.808312534,322.723
bounty_madera,31/03/2024,26/02/2024 7:00,26/02/2024,7,8,0,2.785150963,381.696
bounty_madera,31/03/2024,26/02/2024 8:00,26/02/2024,8,9,0,3.952675016,466.902
bounty_madera,31/03/2024,26/02/2024 9:00,26/02/2024,9,10,0,3.125023084,500.823
bounty_madera,31/03/2024,26/02/2024 10:00,26/02/2024,10,11,0,3.682902866,517.433
bounty_madera,31/03/2024,26/02/2024 11:00,26/02/2024,11,12,0,3.249594708,515.433
bounty_madera,31/03/2024,26/02/2024 12:00,26/02/2024,12,13,0,2.770920098,541.804
bounty_madera,31/03/2024,26/02/2024 13:00,26/02/2024,13,14,0,4.421441036,574.429
bounty_madera,31/03/2024,26/02/2024 14:00,26/02/2024,14,15,0,4.590417351,545.007
bounty_madera,31/03/2024,26/02/2024 15:00,26/02/2024,15,16,0,4.522247547,513.068
bounty_madera,31/03/2024,26/02/2024 16:00,26/02/2024,16,17,0,4.398447051,502.483
bounty_madera,31/03/2024,26/02/2024 17:00,26/02/2024,17,18,0,4.618638863,476.893
bounty_madera,31/03/2024,26/02/2024 18:00,26/02/2024,18,19,0,5.326853821,453.037
bounty_madera,31/03/2024,26/02/2024 19:00,26/02/2024,19,20,0,4.791106236,439.92
bounty_madera,31/03/2024,26/02/2024 20:00,26/02/2024,20,21,0,5.472265464,422.51
bounty_madera,31/03/2024,26/02/2024 21:00,26/02/2024,21,22,0,5.391735722,415.297
bounty_madera,31/03/2024,26/02/2024 22:00,26/02/2024,22,23,0,5.887640635,338.852
bounty_madera,31/03/2024,26/02/2024 23:00,26/02/2024,23,24,0,4.644580232,333.123
bounty_madera,31/03/2024,27/02/2024 0:00,27/02/2024,0,1,1,3.699603012,302.298
bounty_madera,31/03/2024,27/02/2024 1:00,27/02/2024,1,2,1,3.33307532,262.548
bounty_madera,31/03/2024,27/02/2024 2:00,27/02/2024,2,3,1,3.428025417,257.334
bounty_madera,31/03/2024,27/02/2024 3:00,27/02/2024,3,4,1,3.430138797,262.545
bounty_madera,31/03/2024,27/02/2024 4:00,27/02/2024,4,5,1,4.052702141,268.843
bounty_madera,31/03/2024,27/02/2024 5:00,27/02/2024,5,6,1,3.962747901,286.227
bounty_madera,31/03/2024,27/02/2024 6:00,27/02/2024,6,7,1,3.907821019,295.004
bounty_madera,31/03/2024,27/02/2024 7:00,27/02/2024,7,8,1,2.847048985,311.992
bounty_madera,31/03/2024,27/02/2024 8:00,27/02/2024,8,9,1,4.212348958,422.823
bounty_madera,31/03/2024,27/02/2024 9:00,27/02/2024,9,10,1,3.798532736,475.486
bounty_madera,31/03/2024,27/02/2024 10:00,27/02/2024,10,11,1,3.693177021,497.142
bounty_madera,31/03/2024,27/02/2024 11:00,27/02/2024,11,12,1,3.430322327,486.935
bounty_madera,31/03/2024,27/02/2024 12:00,27/02/2024,12,13,1,3.039027934,531.217
bounty_madera,31/03/2024,27/02/2024 13:00,27/02/2024,13,14,1,4.018294038,536.701
bounty_madera,31/03/2024,27/02/2024 14:00,27/02/2024,14,15,1,3.871372303,552.988
bounty_madera,31/03/2024,27/02/2024 15:00,27/02/2024,15,16,1,4.471972655,514.259
bounty_madera,31/03/2024,27/02/2024 16:00,27/02/2024,16,17,1,4.537822048,509.599
bounty_madera,31/03/2024,27/02/2024 17:00,27/02/2024,17,18,1,4.050617258,488.346
bounty_madera,31/03/2024,27/02/2024 18:00,27/02/2024,18,19,1,4.909576446,471.105
bounty_madera,31/03/2024,27/02/2024 19:00,27/02/2024,19,20,1,4.921282199,448.425
bounty_madera,31/03/2024,27/02/2024 20:00,27/02/2024,20,21,1,5.795790941,429.938
bounty_madera,31/03/2024,27/02/2024 21:00,27/02/2024,21,22,1,5.923895049,394.543
bounty_madera,31/03/2024,27/02/2024 22:00,27/02/2024,22,23,1,5.233880838,355.573
bounty_madera,31/03/2024,27/02/2024 23:00,27/02/2024,23,24,1,3.502309821,343.068
bounty_madera,31/03/2024,28/02/2024 0:00,28/02/2024,0,1,2,3.991703235,302.349
bounty_madera,31/03/2024,28/02/2024 1:00,28/02/2024,1,2,2,3.973075807,263.528
bounty_madera,31/03/2024,28/02/2024 2:00,28/02/2024,2,3,2,3.543272792,263.977
bounty_madera,31/03/2024,28/02/2024 3:00,28/02/2024,3,4,2,3.526538822,265.368
bounty_madera,31/03/2024,28/02/2024 4:00,28/02/2024,4,5,2,3.869587273,282.942
bounty_madera,31/03/2024,28/02/2024 5:00,28/02/2024,5,6,2,4.63169166,291.975
bounty_madera,31/03/2024,28/02/2024 6:00,28/02/2024,6,7,2,3.481604585,299.297
bounty_madera,31/03/2024,28/02/2024 7:00,28/02/2024,7,8,2,2.939325696,319.006
bounty_madera,31/03/2024,28/02/2024 8:00,28/02/2024,8,9,2,3.715389385,449.291
bounty_madera,31/03/2024,28/02/2024 9:00,28/02/2024,9,10,2,3.685137284,453.255
bounty_madera,31/03/2024,28/02/2024 10:00,28/02/2024,10,11,2,3.609366938,489.541
bounty_madera,31/03/2024,28/02/2024 11:00,28/02/2024,11,12,2,3.642066931,475.307
bounty_madera,31/03/2024,28/02/2024 12:00,28/02/2024,12,13,2,3.065963836,524.37
bounty_madera,31/03/2024,28/02/2024 13:00,28/02/2024,13,14,2,4.259574999,541.469
bounty_madera,31/03/2024,28/02/2024 14:00,28/02/2024,14,15,2,4.418065284,523.555
bounty_madera,31/03/2024,28/02/2024 15:00,28/02/2024,15,16,2,4.703479112,486.369
bounty_madera,31/03/2024,28/02/2024 16:00,28/02/2024,16,17,2,4.772132477,494.083
bounty_madera,31/03/2024,28/02/2024 17:00,28/02/2024,17,18,2,4.745421334,472.288
bounty_madera,31/03/2024,28/02/2024 18:00,28/02/2024,18,19,2,4.878543424,436.695
bounty_madera,31/03/2024,28/02/2024 19:00,28/02/2024,19,20,2,5.625301845,385.212
bounty_madera,31/03/2024,28/02/2024 20:00,28/02/2024,20,21,2,5.357261295,356.084
bounty_madera,31/03/2024,28/02/2024 21:00,28/02/2024,21,22,2,6.961658499,313.073
bounty_madera,31/03/2024,28/02/2024 22:00,28/02/2024,22,23,2,5.269057053,293.904
bounty_madera,31/03/2024,28/02/2024 23:00,28/02/2024,23,24,2,4.46095105,300.778
bounty_madera,31/03/2024,29/02/2024 0:00,29/02/2024,0,1,3,5.309497131,269.076
bounty_madera,31/03/2024,29/02/2024 1:00,29/02/2024,1,2,3,4.333967437,258.984
bounty_madera,31/03/2024,29/02/2024 2:00,29/02/2024,2,3,3,4.414332721,250.086
bounty_madera,31/03/2024,29/02/2024 3:00,29/02/2024,3,4,3,4.236466471,250.652
bounty_madera,31/03/2024,29/02/2024 4:00,29/02/2024,4,5,3,4.543411069,255.859
bounty_madera,31/03/2024,29/02/2024 5:00,29/02/2024,5,6,3,4.256989843,279.568
bounty_madera,31/03/2024,29/02/2024 6:00,29/02/2024,6,7,3,3.520562415,286.18
bounty_madera,31/03/2024,29/02/2024 7:00,29/02/2024,7,8,3,3.06892229,317.559
bounty_madera,31/03/2024,29/02/2024 8:00,29/02/2024,8,9,3,4.461627007,417.565
bounty_madera,31/03/2024,29/02/2024 9:00,29/02/2024,9,10,3,4.743265612,479.228
bounty_madera,31/03/2024,29/02/2024 10:00,29/02/2024,10,11,3,5.252905828,483.143
bounty_madera,31/03/2024,29/02/2024 11:00,29/02/2024,11,12,3,4.748112129,501.492
bounty_madera,31/03/2024,29/02/2024 12:00,29/02/2024,12,13,3,4.263619663,514.424
bounty_madera,31/03/2024,29/02/2024 13:00,29/02/2024,13,14,3,5.345126185,547.313
bounty_madera,31/03/2024,29/02/2024 14:00,29/02/2024,14,15,3,8.576929822,555.907
bounty_madera,31/03/2024,29/02/2024 15:00,29/02/2024,15,16,3,9.242803493,547.578
bounty_madera,31/03/2024,29/02/2024 16:00,29/02/2024,16,17,3,7.739993485,554.093
bounty_madera,31/03/2024,29/02/2024 17:00,29/02/2024,17,18,3,6.481215514,515.095
bounty_madera,31/03/2024,29/02/2024 18:00,29/02/2024,18,19,3,9.663511637,470.329
bounty_madera,31/03/2024,29/02/2024 19:00,29/02/2024,19,20,3,8.352115214,440.625
bounty_madera,31/03/2024,29/02/2024 20:00,29/02/2024,20,21,3,11.95074896,426.628
bounty_madera,31/03/2024,29/02/2024 21:00,29/02/2024,21,22,3,11.6881965,399.325
bounty_madera,31/03/2024,29/02/2024 22:00,29/02/2024,22,23,3,9.028553135,340.128
bounty_madera,31/03/2024,29/02/2024 23:00,29/02/2024,23,24,3,4.931989215,321.439
bounty_madera,31/03/2024,01/03/2024 0:00,01/03/2024,0,1,4,4.774483486,291.554
bounty_madera,31/03/2024,01/03/2024 1:00,01/03/2024,1,2,4,4.545371148,250.852
bounty_madera,31/03/2024,01/03/2024 2:00,01/03/2024,2,3,4,4.303127078,252.368
bounty_madera,31/03/2024,01/03/2024 3:00,01/03/2024,3,4,4,4.258839928,253.781
bounty_madera,31/03/2024,01/03/2024 4:00,01/03/2024,4,5,4,4.779634436,280.464
bounty_madera,31/03/2024,01/03/2024 5:00,01/03/2024,5,6,4,4.672543375,282.303
bounty_madera,31/03/2024,01/03/2024 6:00,01/03/2024,6,7,4,4.17663055,290.036
bounty_madera,31/03/2024,01/03/2024 7:00,01/03/2024,7,8,4,3.433396022,328.128
bounty_madera,31/03/2024,01/03/2024 8:00,01/03/2024,8,9,4,4.556058758,453.709
bounty_madera,31/03/2024,01/03/2024 9:00,01/03/2024,9,10,4,4.658416227,471.733
bounty_madera,31/03/2024,01/03/2024 10:00,01/03/2024,10,11,4,4.686739352,500.892
bounty_madera,31/03/2024,01/03/2024 11:00,01/03/2024,11,12,4,4.565042917,509.931
bounty_madera,31/03/2024,01/03/2024 12:00,01/03/2024,12,13,4,4.75294248,512.653
bounty_madera,31/03/2024,01/03/2024 13:00,01/03/2024,13,14,4,5.108616588,534.026
bounty_madera,31/03/2024,01/03/2024 14:00,01/03/2024,14,15,4,6.698542101,522.085
bounty_madera,31/03/2024,01/03/2024 15:00,01/03/2024,15,16,4,23.10261702,512.194
bounty_madera,31/03/2024,01/03/2024 16:00,01/03/2024,16,17,4,29.91828566,523.138
bounty_madera,31/03/2024,01/03/2024 17:00,01/03/2024,17,18,4,23.50371356,483.856
bounty_madera,31/03/2024,01/03/2024 18:00,01/03/2024,18,19,4,58.78528149,480.119
bounty_madera,31/03/2024,01/03/2024 19:00,01/03/2024,19,20,4,123.7767231,462.563
bounty_madera,31/03/2024,01/03/2024 20:00,01/03/2024,20,21,4,42.03391618,457.461
bounty_madera,31/03/2024,01/03/2024 21:00,01/03/2024,21,22,4,60.50617438,450.433
bounty_madera,31/03/2024,01/03/2024 22:00,01/03/2024,22,23,4,6.120607775,423.325
bounty_madera,31/03/2024,01/03/2024 23:00,01/03/2024,23,24,4,5.804594608,420.68
bounty_madera,31/03/2024,02/03/2024 0:00,02/03/2024,0,1,5,4.694386125,354.45
bounty_madera,31/03/2024,02/03/2024 1:00,02/03/2024,1,2,5,4.931210249,298.934
bounty_madera,31/03/2024,02/03/2024 2:00,02/03/2024,2,3,5,4.255169617,282.647
bounty_madera,31/03/2024,02/03/2024 3:00,02/03/2024,3,4,5,3.166959772,285.969
bounty_madera,31/03/2024,02/03/2024 4:00,02/03/2024,4,5,5,4.089630179,280.748
bounty_madera,31/03/2024,02/03/2024 5:00,02/03/2024,5,6,5,4.585194274,306.474
bounty_madera,31/03/2024,02/03/2024 6:00,02/03/2024,6,7,5,3.99969367,319.508
bounty_madera,31/03/2024,02/03/2024 7:00,02/03/2024,7,8,5,3.097314407,366.101
bounty_madera,31/03/2024,02/03/2024 8:00,02/03/2024,8,9,5,2.696238133,457.237
bounty_madera,31/03/2024,02/03/2024 9:00,02/03/2024,9,10,5,3.817815091,466.523
bounty_madera,31/03/2024,02/03/2024 10:00,02/03/2024,10,11,5,5.251544197,503.018
bounty_madera,31/03/2024,02/03/2024 11:00,02/03/2024,11,12,5,5.125398569,499.355
bounty_madera,31/03/2024,02/03/2024 12:00,02/03/2024,12,13,5,4.888010448,507.261
bounty_madera,31/03/2024,02/03/2024 13:00,02/03/2024,13,14,5,6.011359821,529.325
bounty_madera,31/03/2024,02/03/2024 14:00,02/03/2024,14,15,5,5.636812804,530.142
bounty_madera,31/03/2024,02/03/2024 15:00,02/03/2024,15,16,5,4.795614676,524.492
bounty_madera,31/03/2024,02/03/2024 16:00,02/03/2024,16,17,5,4.748571051,520.332
bounty_madera,31/03/2024,02/03/2024 17:00,02/03/2024,17,18,5,4.591929447,475.034
bounty_madera,31/03/2024,02/03/2024 18:00,02/03/2024,18,19,5,4.721367111,458.426
bounty_madera,31/03/2024,02/03/2024 19:00,02/03/2024,19,20,5,5.05524709,426.858
bounty_madera,31/03/2024,02/03/2024 20:00,02/03/2024,20,21,5,5.057847237,415.28
bounty_madera,31/03/2024,02/03/2024 21:00,02/03/2024,21,22,5,5.375464249,405.09
bounty_madera,31/03/2024,02/03/2024 22:00,02/03/2024,22,23,5,4.596237705,405.85
bounty_madera,31/03/2024,02/03/2024 23:00,02/03/2024,23,24,5,4.664722841,421.645
bounty_madera,31/03/2024,03/03/2024 0:00,03/03/2024,0,1,6,4.294178914,384.494
bounty_madera,31/03/2024,03/03/2024 1:00,03/03/2024,1,2,6,4.225647958,297.314
bounty_madera,31/03/2024,03/03/2024 2:00,03/03/2024,2,3,6,4.130628369,266.478
bounty_madera,31/03/2024,03/03/2024 3:00,03/03/2024,3,4,6,3.68721852,258.019
bounty_madera,31/03/2024,03/03/2024 4:00,03/03/2024,4,5,6,4.319879554,263.753
bounty_madera,31/03/2024,03/03/2024 5:00,03/03/2024,5,6,6,4.077580681,300.309
bounty_madera,31/03/2024,03/03/2024 6:00,03/03/2024,6,7,6,3.069384656,313.462
bounty_madera,31/03/2024,03/03/2024 7:00,03/03/2024,7,8,6,2.09832211,345.554
bounty_madera,31/03/2024,03/03/2024 8:00,03/03/2024,8,9,6,2.439006761,443.117
bounty_madera,31/03/2024,03/03/2024 9:00,03/03/2024,9,10,6,3.033553753,473.135
bounty_madera,31/03/2024,03/03/2024 10:00,03/03/2024,10,11,6,3.826735042,500.09
bounty_madera,31/03/2024,03/03/2024 11:00,03/03/2024,11,12,6,2.758721517,516.477
bounty_madera,31/03/2024,03/03/2024 12:00,03/03/2024,12,13,6,2.883459003,543.71
bounty_madera,31/03/2024,03/03/2024 13:00,03/03/2024,13,14,6,4.196029786,575.183
bounty_madera,31/03/2024,03/03/2024 14:00,03/03/2024,14,15,6,3.789234445,571.045
bounty_madera,31/03/2024,03/03/2024 15:00,03/03/2024,15,16,6,4.347119694,537.675
bounty_madera,31/03/2024,03/03/2024 16:00,03/03/2024,16,17,6,5.130268055,543.719
bounty_madera,31/03/2024,03/03/2024 17:00,03/03/2024,17,18,6,7.149809611,520.023
bounty_madera,31/03/2024,03/03/2024 18:00,03/03/2024,18,19,6,21.24450561,476.729
bounty_madera,31/03/2024,03/03/2024 19:00,03/03/2024,19,20,6,8.283066939,453.884
bounty_madera,31/03/2024,03/03/2024 20:00,03/03/2024,20,21,6,12.05084253,424.996
bounty_madera,31/03/2024,03/03/2024 21:00,03/03/2024,21,22,6,21.63873917,396.101
bounty_madera,31/03/2024,03/03/2024 22:00,03/03/2024,22,23,6,5.94687644,344.795
bounty_madera,31/03/2024,03/03/2024 23:00,03/03/2024,23,24,6,4.913738065,325.072
bounty_madera,31/03/2024,04/03/2024 0:00,04/03/2024,0,1,0,4.958232987,301.166
bounty_madera,31/03/2024,04/03/2024 1:00,04/03/2024,1,2,0,4.257663626,248.787
bounty_madera,31/03/2024,04/03/2024 2:00,04/03/2024,2,3,0,4.298307935,251.849
bounty_madera,31/03/2024,04/03/2024 3:00,04/03/2024,3,4,0,4.116308557,258.98
bounty_madera,31/03/2024,04/03/2024 4:00,04/03/2024,4,5,0,4.207424835,277.066
bounty_madera,31/03/2024,04/03/2024 5:00,04/03/2024,5,6,0,4.59444794,285.802
bounty_madera,31/03/2024,04/03/2024 6:00,04/03/2024,6,7,0,4.101356236,289.414
bounty_madera,31/03/2024,04/03/2024 7:00,04/03/2024,7,8,0,4.368694231,311.246
bounty_madera,31/03/2024,04/03/2024 8:00,04/03/2024,8,9,0,4.65368532,442.718
bounty_madera,31/03/2024,04/03/2024 9:00,04/03/2024,9,10,0,5.287459459,485.114
bounty_madera,31/03/2024,04/03/2024 10:00,04/03/2024,10,11,0,6.162606011,543.341
bounty_madera,31/03/2024,04/03/2024 11:00,04/03/2024,11,12,0,6.068641537,530.098
bounty_madera,31/03/2024,04/03/2024 12:00,04/03/2024,12,13,0,6.127117121,551.385
bounty_madera,31/03/2024,04/03/2024 13:00,04/03/2024,13,14,0,6.185684324,578.578
bounty_madera,31/03/2024,04/03/2024 14:00,04/03/2024,14,15,0,6.181626423,557.916
bounty_madera,31/03/2024,04/03/2024 15:00,04/03/2024,15,16,0,6.180861499,564.091
bounty_madera,31/03/2024,04/03/2024 16:00,04/03/2024,16,17,0,37.56055159,577.394
bounty_madera,31/03/2024,04/03/2024 17:00,04/03/2024,17,18,0,15.24008963,578.215
bounty_madera,31/03/2024,04/03/2024 18:00,04/03/2024,18,19,0,59.45041315,520.367
bounty_madera,31/03/2024,04/03/2024 19:00,04/03/2024,19,20,0,62.1559084,502.42
bounty_madera,31/03/2024,04/03/2024 20:00,04/03/2024,20,21,0,49.99323868,478.614
bounty_madera,31/03/2024,04/03/2024 21:00,04/03/2024,21,22,0,95.10622141,445.047
bounty_madera,31/03/2024,04/03/2024 22:00,04/03/2024,22,23,0,21.71863285,451.169
bounty_madera,31/03/2024,04/03/2024 23:00,04/03/2024,23,24,0,5.954664266,489.351
bounty_madera,31/03/2024,05/03/2024 0:00,05/03/2024,0,1,1,5.961587062,434.112
bounty_madera,31/03/2024,05/03/2024 1:00,05/03/2024,1,2,1,5.199933224,348.969
bounty_madera,31/03/2024,05/03/2024 2:00,05/03/2024,2,3,1,4.57340996,311.723
bounty_madera,31/03/2024,05/03/2024 3:00,05/03/2024,3,4,1,4.547518759,300.258
bounty_madera,31/03/2024,05/03/2024 4:00,05/03/2024,4,5,1,4.67598596,304.659
bounty_madera,31/03/2024,05/03/2024 5:00,05/03/2024,5,6,1,4.918150544,317.457
bounty_madera,31/03/2024,05/03/2024 6:00,05/03/2024,6,7,1,4.062116346,317.903
bounty_madera,31/03/2024,05/03/2024 7:00,05/03/2024,7,8,1,4.561980348,381.532
bounty_madera,31/03/2024,05/03/2024 8:00,05/03/2024,8,9,1,5.157909194,470.459
bounty_madera,31/03/2024,05/03/2024 9:00,05/03/2024,9,10,1,4.728799781,508.971
bounty_madera,31/03/2024,05/03/2024 10:00,05/03/2024,10,11,1,5.880497524,535.27
bounty_madera,31/03/2024,05/03/2024 11:00,05/03/2024,11,12,1,4.895786146,547.134
bounty_madera,31/03/2024,05/03/2024 12:00,05/03/2024,12,13,1,4.541384987,563.999
bounty_madera,31/03/2024,05/03/2024 13:00,05/03/2024,13,14,1,6.244635753,593.682
bounty_madera,31/03/2024,05/03/2024 14:00,05/03/2024,14,15,1,6.235566008,594.753
bounty_madera,31/03/2024,05/03/2024 15:00,05/03/2024,15,16,1,6.189564404,593.91
bounty_madera,31/03/2024,05/03/2024 16:00,05/03/2024,16,17,1,6.186328502,587.265
bounty_madera,31/03/2024,05/03/2024 17:00,05/03/2024,17,18,1,6.195464082,581.574
bounty_madera,31/03/2024,05/03/2024 18:00,05/03/2024,18,19,1,6.188626199,515.949
bounty_madera,31/03/2024,05/03/2024 19:00,05/03/2024,19,20,1,6.186383692,479.165
bounty_madera,31/03/2024,05/03/2024 20:00,05/03/2024,20,21,1,6.184398838,448.585
bounty_madera,31/03/2024,05/03/2024 21:00,05/03/2024,21,22,1,6.18286625,450.678
bounty_madera,31/03/2024,05/03/2024 22:00,05/03/2024,22,23,1,5.817213255,427.88
bounty_madera,31/03/2024,05/03/2024 23:00,05/03/2024,23,24,1,5.817218926,423.95
bounty_madera,31/03/2024,06/03/2024 0:00,06/03/2024,0,1,2,4.578978244,376.605
bounty_madera,31/03/2024,06/03/2024 1:00,06/03/2024,1,2,2,4.615508607,305.307
bounty_madera,31/03/2024,06/03/2024 2:00,06/03/2024,2,3,2,3.52621642,276.042
bounty_madera,31/03/2024,06/03/2024 3:00,06/03/2024,3,4,2,3.306814885,271.413
bounty_madera,31/03/2024,06/03/2024 4:00,06/03/2024,4,5,2,3.930021346,272.926
bounty_madera,31/03/2024,06/03/2024 5:00,06/03/2024,5,6,2,4.56985787,280.081
bounty_madera,31/03/2024,06/03/2024 6:00,06/03/2024,6,7,2,3.37986141,294.122
bounty_madera,31/03/2024,06/03/2024 7:00,06/03/2024,7,8,2,2.500134725,320.94
bounty_madera,31/03/2024,06/03/2024 8:00,06/03/2024,8,9,2,3.519954052,436.962
bounty_madera,31/03/2024,06/03/2024 9:00,06/03/2024,9,10,2,4.221673923,477.041
bounty_madera,31/03/2024,06/03/2024 10:00,06/03/2024,10,11,2,4.738118783,527.627
bounty_madera,31/03/2024,06/03/2024 11:00,06/03/2024,11,12,2,3.943458312,523.101
bounty_madera,31/03/2024,06/03/2024 12:00,06/03/2024,12,13,2,3.830801512,538.526
bounty_madera,31/03/2024,06/03/2024 13:00,06/03/2024,13,14,2,5.791714181,573.308
bounty_madera,31/03/2024,06/03/2024 14:00,06/03/2024,14,15,2,6.242209351,566.278
bounty_madera,31/03/2024,06/03/2024 15:00,06/03/2024,15,16,2,6.234760757,562.241
bounty_madera,31/03/2024,06/03/2024 16:00,06/03/2024,16,17,2,6.223254931,574.325
bounty_madera,31/03/2024,06/03/2024 17:00,06/03/2024,17,18,2,5.70038698,584.729
bounty_madera,31/03/2024,06/03/2024 18:00,06/03/2024,18,19,2,6.219150953,525.234
bounty_madera,31/03/2024,06/03/2024 19:00,06/03/2024,19,20,2,6.247917283,508.707
bounty_madera,31/03/2024,06/03/2024 20:00,06/03/2024,20,21,2,6.248989128,504.164
bounty_madera,31/03/2024,06/03/2024 21:00,06/03/2024,21,22,2,6.224790218,507.093
bounty_madera,31/03/2024,06/03/2024 22:00,06/03/2024,22,23,2,5.640061624,489.968
bounty_madera,31/03/2024,06/03/2024 23:00,06/03/2024,23,24,2,4.911561848,504.177
bounty_madera,31/03/2024,07/03/2024 0:00,07/03/2024,0,1,3,4.672108394,468.959
bounty_madera,31/03/2024,07/03/2024 1:00,07/03/2024,1,2,3,4.326864732,418.037
bounty_madera,31/03/2024,07/03/2024 2:00,07/03/2024,2,3,3,4.42771455,368.059
bounty_madera,31/03/2024,07/03/2024 3:00,07/03/2024,3,4,3,3.598314123,324.018
bounty_madera,31/03/2024,07/03/2024 4:00,07/03/2024,4,5,3,3.548301958,313.207
bounty_madera,31/03/2024,07/03/2024 5:00,07/03/2024,5,6,3,4.612030136,350.031
bounty_madera,31/03/2024,07/03/2024 6:00,07/03/2024,6,7,3,3.859363911,354.816
bounty_madera,31/03/2024,07/03/2024 7:00,07/03/2024,7,8,3,3.329365442,411.906
bounty_madera,31/03/2024,07/03/2024 8:00,07/03/2024,8,9,3,3.484784544,490.036
bounty_madera,31/03/2024,07/03/2024 9:00,07/03/2024,9,10,3,3.94848755,505.588
bounty_madera,31/03/2024,07/03/2024 10:00,07/03/2024,10,11,3,3.974443491,529.67
bounty_madera,31/03/2024,07/03/2024 11:00,07/03/2024,11,12,3,3.776590309,547.761
bounty_madera,31/03/2024,07/03/2024 12:00,07/03/2024,12,13,3,3.425383871,573.267
bounty_madera,31/03/2024,07/03/2024 13:00,07/03/2024,13,14,3,7.999733414,594.864
bounty_madera,31/03/2024,07/03/2024 14:00,07/03/2024,14,15,3,7.518239642,588.992
bounty_madera,31/03/2024,07/03/2024 15:00,07/03/2024,15,16,3,8.155793699,579.957
bounty_madera,31/03/2024,07/03/2024 16:00,07/03/2024,16,17,3,8.667293104,593.234
bounty_madera,31/03/2024,07/03/2024 17:00,07/03/2024,17,18,3,4.980822262,549.309
bounty_madera,31/03/2024,07/03/2024 18:00,07/03/2024,18,19,3,9.568410131,518.759
bounty_madera,31/03/2024,07/03/2024 19:00,07/03/2024,19,20,3,5.386577692,462.349
bounty_madera,31/03/2024,07/03/2024 20:00,07/03/2024,20,21,3,7.783058093,446.485
bounty_madera,31/03/2024,07/03/2024 21:00,07/03/2024,21,22,3,7.862203804,455.378
bounty_madera,31/03/2024,07/03/2024 22:00,07/03/2024,22,23,3,4.794051143,454.476
bounty_madera,31/03/2024,07/03/2024 23:00,07/03/2024,23,24,3,4.564348383,477.23
bounty_madera,31/03/2024,08/03/2024 0:00,08/03/2024,0,1,4,4.375716595,442.906
bounty_madera,31/03/2024,08/03/2024 1:00,08/03/2024,1,2,4,3.793836999,357.665
bounty_madera,31/03/2024,08/03/2024 2:00,08/03/2024,2,3,4,3.323122107,320.732
bounty_madera,31/03/2024,08/03/2024 3:00,08/03/2024,3,4,4,3.282753579,307.484
bounty_madera,31/03/2024,08/03/2024 4:00,08/03/2024,4,5,4,3.418076294,293.005
bounty_madera,31/03/2024,08/03/2024 5:00,08/03/2024,5,6,4,3.670971238,311.992
bounty_madera,31/03/2024,08/03/2024 6:00,08/03/2024,6,7,4,3.022098595,334.484
bounty_madera,31/03/2024,08/03/2024 7:00,08/03/2024,7,8,4,3.111876181,417.804
bounty_madera,31/03/2024,08/03/2024 8:00,08/03/2024,8,9,4,3.628085315,485.046
bounty_madera,31/03/2024,08/03/2024 9:00,08/03/2024,9,10,4,4.013844869,518.23
bounty_madera,31/03/2024,08/03/2024 10:00,08/03/2024,10,11,4,4.535401921,534.739
bounty_madera,31/03/2024,08/03/2024 11:00,08/03/2024,11,12,4,3.775663626,536.21
bounty_madera,31/03/2024,08/03/2024 12:00,08/03/2024,12,13,4,3.274090414,553.354
bounty_madera,31/03/2024,08/03/2024 13:00,08/03/2024,13,14,4,6.669750775,599.003
bounty_madera,31/03/2024,08/03/2024 14:00,08/03/2024,14,15,4,5.014037898,583.529
bounty_madera,31/03/2024,08/03/2024 15:00,08/03/2024,15,16,4,4.92882612,573.8
bounty_madera,31/03/2024,08/03/2024 16:00,08/03/2024,16,17,4,4.664007858,567.722
bounty_madera,31/03/2024,08/03/2024 17:00,08/03/2024,17,18,4,4.794451186,539.132
bounty_madera,31/03/2024,08/03/2024 18:00,08/03/2024,18,19,4,7.072969383,503.022
bounty_madera,31/03/2024,08/03/2024 19:00,08/03/2024,19,20,4,4.802276977,450.396
bounty_madera,31/03/2024,08/03/2024 20:00,08/03/2024,20,21,4,5.423627657,429.37
bounty_madera,31/03/2024,08/03/2024 21:00,08/03/2024,21,22,4,7.905127873,413.189
bounty_madera,31/03/2024,08/03/2024 22:00,08/03/2024,22,23,4,5.071900963,415.04
bounty_madera,31/03/2024,08/03/2024 23:00,08/03/2024,23,24,4,4.361541904,455.275
bounty_madera,31/03/2024,09/03/2024 0:00,09/03/2024,0,1,5,4.039955145,435.88
bounty_madera,31/03/2024,09/03/2024 1:00,09/03/2024,1,2,5,4.575262229,366.409
bounty_madera,31/03/2024,09/03/2024 2:00,09/03/2024,2,3,5,4.183221447,319.817
bounty_madera,31/03/2024,09/03/2024 3:00,09/03/2024,3,4,5,3.270677518,302.451
bounty_madera,31/03/2024,09/03/2024 4:00,09/03/2024,4,5,5,3.545680958,309.569
bounty_madera,31/03/2024,09/03/2024 5:00,09/03/2024,5,6,5,3.854974438,313.764
bounty_madera,31/03/2024,09/03/2024 6:00,09/03/2024,6,7,5,3.298882735,318.687
bounty_madera,31/03/2024,09/03/2024 7:00,09/03/2024,7,8,5,2.739682458,410.57
bounty_madera,31/03/2024,09/03/2024 8:00,09/03/2024,8,9,5,2.919395503,454.985
bounty_madera,31/03/2024,09/03/2024 9:00,09/03/2024,9,10,5,3.063507832,480.403
bounty_madera,31/03/2024,09/03/2024 10:00,09/03/2024,10,11,5,3.640127245,514.124
bounty_madera,31/03/2024,09/03/2024 11:00,09/03/2024,11,12,5,4.489777901,519.52
bounty_madera,31/03/2024,09/03/2024 12:00,09/03/2024,12,13,5,3.954523018,484.401
bounty_madera,31/03/2024,09/03/2024 13:00,09/03/2024,13,14,5,4.708996205,513.862
bounty_madera,31/03/2024,09/03/2024 14:00,09/03/2024,14,15,5,4.355992638,508.206
bounty_madera,31/03/2024,09/03/2024 15:00,09/03/2024,15,16,5,4.034929413,504.303
bounty_madera,31/03/2024,09/03/2024 16:00,09/03/2024,16,17,5,3.417686523,497.056
bounty_madera,31/03/2024,09/03/2024 17:00,09/03/2024,17,18,5,3.586366812,486.025
bounty_madera,31/03/2024,09/03/2024 18:00,09/03/2024,18,19,5,6.183672587,471.33
bounty_madera,31/03/2024,09/03/2024 19:00,09/03/2024,19,20,5,4.215071897,453.37
bounty_madera,31/03/2024,09/03/2024 20:00,09/03/2024,20,21,5,4.407381344,413.734
bounty_madera,31/03/2024,09/03/2024 21:00,09/03/2024,21,22,5,4.72398639,395.005
bounty_madera,31/03/2024,09/03/2024 22:00,09/03/2024,22,23,5,3.704399961,390.197
bounty_madera,31/03/2024,09/03/2024 23:00,09/03/2024,23,24,5,3.320578527,407.391
bounty_madera,31/03/2024,10/03/2024 0:00,10/03/2024,0,1,6,3.316092282,333.404
bounty_madera,31/03/2024,10/03/2024 1:00,10/03/2024,1,2,6,2.798841105,276.678
bounty_madera,31/03/2024,10/03/2024 2:00,10/03/2024,2,3,6,3.313855847,268.309
bounty_madera,31/03/2024,10/03/2024 3:00,10/03/2024,3,4,6,3.227647526,261.094
bounty_madera,31/03/2024,10/03/2024 4:00,10/03/2024,4,5,6,2.828166701,272.175
bounty_madera,31/03/2024,10/03/2024 5:00,10/03/2024,5,6,6,3.505433776,308.915
bounty_madera,31/03/2024,10/03/2024 6:00,10/03/2024,6,7,6,3.942956967,317.566
bounty_madera,31/03/2024,10/03/2024 7:00,10/03/2024,7,8,6,2.583726864,393.417
bounty_madera,31/03/2024,10/03/2024 8:00,10/03/2024,8,9,6,2.21556464,462.951
bounty_madera,31/03/2024,10/03/2024 9:00,10/03/2024,9,10,6,3.412884298,482.484
bounty_madera,31/03/2024,10/03/2024 10:00,10/03/2024,10,11,6,3.562773885,518.834
bounty_madera,31/03/2024,10/03/2024 11:00,10/03/2024,11,12,6,3.209198769,515.1
bounty_madera,31/03/2024,10/03/2024 12:00,10/03/2024,12,13,6,3.097247265,537.078
bounty_madera,31/03/2024,10/03/2024 13:00,10/03/2024,13,14,6,3.39570782,562.183
bounty_madera,31/03/2024,10/03/2024 14:00,10/03/2024,14,15,6,3.30519594,556.815
bounty_madera,31/03/2024,10/03/2024 15:00,10/03/2024,15,16,6,3.604644131,548.041
bounty_madera,31/03/2024,10/03/2024 16:00,10/03/2024,16,17,6,3.974278913,537.327
bounty_madera,31/03/2024,10/03/2024 17:00,10/03/2024,17,18,6,3.837547942,493.604
bounty_madera,31/03/2024,10/03/2024 18:00,10/03/2024,18,19,6,7.187270838,466.893
bounty_madera,31/03/2024,10/03/2024 19:00,10/03/2024,19,20,6,4.085558516,465.939
bounty_madera,31/03/2024,10/03/2024 20:00,10/03/2024,20,21,6,3.911898581,426.573
bounty_madera,31/03/2024,10/03/2024 21:00,10/03/2024,21,22,6,4.098919237,406.409
bounty_madera,31/03/2024,10/03/2024 22:00,10/03/2024,22,23,6,3.518822395,421.439
bounty_madera,31/03/2024,10/03/2024 23:00,10/03/2024,23,24,6,3.235481448,436.544
bounty_madera,31/03/2024,11/03/2024 0:00,11/03/2024,0,1,0,3.047557937,415.027
bounty_madera,31/03/2024,11/03/2024 1:00,11/03/2024,1,2,0,2.387255377,379.08
bounty_madera,31/03/2024,11/03/2024 2:00,11/03/2024,2,3,0,2.496093556,382.579
bounty_madera,31/03/2024,11/03/2024 3:00,11/03/2024,3,4,0,2.235322538,373.397
bounty_madera,31/03/2024,11/03/2024 4:00,11/03/2024,4,5,0,2.971948306,364.783
bounty_madera,31/03/2024,11/03/2024 5:00,11/03/2024,5,6,0,3.322994411,364.737
bounty_madera,31/03/2024,11/03/2024 6:00,11/03/2024,6,7,0,3.052815158,352.707
bounty_madera,31/03/2024,11/03/2024 7:00,11/03/2024,7,8,0,2.464860649,417.425
bounty_madera,31/03/2024,11/03/2024 8:00,11/03/2024,8,9,0,2.64481337,441.887
bounty_madera,31/03/2024,11/03/2024 9:00,11/03/2024,9,10,0,3.262480576,483.832
bounty_madera,31/03/2024,11/03/2024 10:00,11/03/2024,10,11,0,3.689120199,502.696
bounty_madera,31/03/2024,11/03/2024 11:00,11/03/2024,11,12,0,3.462563852,504.177
bounty_madera,31/03/2024,11/03/2024 12:00,11/03/2024,12,13,0,3.397499218,541.014
bounty_madera,31/03/2024,11/03/2024 13:00,11/03/2024,13,14,0,5.253669999,568.849
bounty_madera,31/03/2024,11/03/2024 14:00,11/03/2024,14,15,0,5.157411593,553.059
bounty_madera,31/03/2024,11/03/2024 15:00,11/03/2024,15,16,0,5.052653008,534.541
bounty_madera,31/03/2024,11/03/2024 16:00,11/03/2024,16,17,0,4.878658286,545.324
bounty_madera,31/03/2024,11/03/2024 17:00,11/03/2024,17,18,0,4.338129463,515.874
bounty_madera,31/03/2024,11/03/2024 18:00,11/03/2024,18,19,0,9.498061048,490.347
bounty_madera,31/03/2024,11/03/2024 19:00,11/03/2024,19,20,0,4.962798704,487.743
bounty_madera,31/03/2024,11/03/2024 20:00,11/03/2024,20,21,0,9.508274095,493.973
bounty_madera,31/03/2024,11/03/2024 21:00,11/03/2024,21,22,0,6.969953597,504.848
bounty_madera,31/03/2024,11/03/2024 22:00,11/03/2024,22,23,0,5.56490099,509.296
bounty_madera,31/03/2024,11/03/2024 23:00,11/03/2024,23,24,0,4.467967909,519.384
bounty_madera,31/03/2024,12/03/2024 0:00,12/03/2024,0,1,1,4.358246107,488.973
bounty_madera,31/03/2024,12/03/2024 1:00,12/03/2024,1,2,1,4.529186816,441.627
bounty_madera,31/03/2024,12/03/2024 2:00,12/03/2024,2,3,1,4.147993859,420.731
bounty_madera,31/03/2024,12/03/2024 3:00,12/03/2024,3,4,1,3.959745958,408.812
bounty_madera,31/03/2024,12/03/2024 4:00,12/03/2024,4,5,1,4.529689549,367.018
bounty_madera,31/03/2024,12/03/2024 5:00,12/03/2024,5,6,1,4.455409673,366.128
bounty_madera,31/03/2024,12/03/2024 6:00,12/03/2024,6,7,1,3.823385571,385.125
bounty_madera,31/03/2024,12/03/2024 7:00,12/03/2024,7,8,1,3.602710206,459.296
bounty_madera,31/03/2024,12/03/2024 8:00,12/03/2024,8,9,1,5.067345421,503.798
bounty_madera,31/03/2024,12/03/2024 9:00,12/03/2024,9,10,1,4.357145811,515.255
bounty_madera,31/03/2024,12/03/2024 10:00,12/03/2024,10,11,1,5.391815131,564.741
bounty_madera,31/03/2024,12/03/2024 11:00,12/03/2024,11,12,1,5.227213497,566.223
bounty_madera,31/03/2024,12/03/2024 12:00,12/03/2024,12,13,1,4.354707774,591.611
bounty_madera,31/03/2024,12/03/2024 13:00,12/03/2024,13,14,1,8.877484826,615.845
bounty_madera,31/03/2024,12/03/2024 14:00,12/03/2024,14,15,1,11.01707078,608.948
bounty_madera,31/03/2024,12/03/2024 15:00,12/03/2024,15,16,1,10.19048867,605.883
bounty_madera,31/03/2024,12/03/2024 16:00,12/03/2024,16,17,1,11.34131581,617.788
bounty_madera,31/03/2024,12/03/2024 17:00,12/03/2024,17,18,1,4.766039346,598.689
bounty_madera,31/03/2024,12/03/2024 18:00,12/03/2024,18,19,1,12.55057931,536.458
bounty_madera,31/03/2024,12/03/2024 19:00,12/03/2024,19,20,1,5.947019213,504.416
bounty_madera,31/03/2024,12/03/2024 20:00,12/03/2024,20,21,1,6.207468424,485.907
bounty_madera,31/03/2024,12/03/2024 21:00,12/03/2024,21,22,1,5.780555729,480.354
bounty_madera,31/03/2024,12/03/2024 22:00,12/03/2024,22,23,1,4.565603472,465.741
bounty_madera,31/03/2024,12/03/2024 23:00,12/03/2024,23,24,1,4.271224604,476.003
bounty_madera,31/03/2024,13/03/2024 0:00,13/03/2024,0,1,2,3.898774489,462.513
bounty_madera,31/03/2024,13/03/2024 1:00,13/03/2024,1,2,2,3.396421924,422.673
bounty_madera,31/03/2024,13/03/2024 2:00,13/03/2024,2,3,2,2.96822719,411.692
bounty_madera,31/03/2024,13/03/2024 3:00,13/03/2024,3,4,2,3.083450702,418.325
bounty_madera,31/03/2024,13/03/2024 4:00,13/03/2024,4,5,2,3.315855102,418.678
bounty_madera,31/03/2024,13/03/2024 5:00,13/03/2024,5,6,2,4.419244018,443.656
bounty_madera,31/03/2024,13/03/2024 6:00,13/03/2024,6,7,2,3.243075621,455.02
bounty_madera,31/03/2024,13/03/2024 7:00,13/03/2024,7,8,2,2.608582058,506.751
bounty_madera,31/03/2024,13/03/2024 8:00,13/03/2024,8,9,2,3.039740262,506.908
bounty_madera,31/03/2024,13/03/2024 9:00,13/03/2024,9,10,2,3.325786276,564.925
bounty_madera,31/03/2024,13/03/2024 10:00,13/03/2024,10,11,2,2.982397229,554.282
bounty_madera,31/03/2024,13/03/2024 11:00,13/03/2024,11,12,2,2.989803288,534.631
bounty_madera,31/03/2024,13/03/2024 12:00,13/03/2024,12,13,2,1.939928938,535.336
bounty_madera,31/03/2024,13/03/2024 13:00,13/03/2024,13,14,2,4.228836101,575.726
bounty_madera,31/03/2024,13/03/2024 14:00,13/03/2024,14,15,2,4.35338009,539.846
bounty_madera,31/03/2024,13/03/2024 15:00,13/03/2024,15,16,2,3.516858363,536.013
bounty_madera,31/03/2024,13/03/2024 16:00,13/03/2024,16,17,2,3.352752812,559.884
bounty_madera,31/03/2024,13/03/2024 17:00,13/03/2024,17,18,2,2.979877946,538.834
bounty_madera,31/03/2024,13/03/2024 18:00,13/03/2024,18,19,2,6.312830939,483.347
bounty_madera,31/03/2024,13/03/2024 19:00,13/03/2024,19,20,2,3.88410054,459.177
bounty_madera,31/03/2024,13/03/2024 20:00,13/03/2024,20,21,2,3.999061663,426.188
bounty_madera,31/03/2024,13/03/2024 21:00,13/03/2024,21,22,2,4.230761629,414.743
bounty_madera,31/03/2024,13/03/2024 22:00,13/03/2024,22,23,2,4.152859908,397.686
bounty_madera,31/03/2024,13/03/2024 23:00,13/03/2024,23,24,2,3.917259699,359.839
bounty_madera,31/03/2024,14/03/2024 0:00,14/03/2024,0,1,3,4.153979752,317.05
bounty_madera,31/03/2024,14/03/2024 1:00,14/03/2024,1,2,3,3.529027482,285.345
bounty_madera,31/03/2024,14/03/2024 2:00,14/03/2024,2,3,3,2.8332239,273.63
bounty_madera,31/03/2024,14/03/2024 3:00,14/03/2024,3,4,3,2.757049898,278.125
bounty_madera,31/03/2024,14/03/2024 4:00,14/03/2024,4,5,3,3.09818423,288.541
bounty_madera,31/03/2024,14/03/2024 5:00,14/03/2024,5,6,3,3.890110551,301.009
bounty_madera,31/03/2024,14/03/2024 6:00,14/03/2024,6,7,3,3.131721412,320.873
bounty_madera,31/03/2024,14/03/2024 7:00,14/03/2024,7,8,3,2.002839347,399.747
bounty_madera,31/03/2024,14/03/2024 8:00,14/03/2024,8,9,3,2.801838406,479.269
bounty_madera,31/03/2024,14/03/2024 9:00,14/03/2024,9,10,3,2.711380343,500.653
bounty_madera,31/03/2024,14/03/2024 10:00,14/03/2024,10,11,3,3.479090569,530.49
bounty_madera,31/03/2024,14/03/2024 11:00,14/03/2024,11,12,3,3.315856802,520.09
bounty_madera,31/03/2024,14/03/2024 12:00,14/03/2024,12,13,3,3.029578601,557.567
bounty_madera,31/03/2024,14/03/2024 13:00,14/03/2024,13,14,3,4.111256816,590.076
bounty_madera,31/03/2024,14/03/2024 14:00,14/03/2024,14,15,3,3.881680941,591.613
bounty_madera,31/03/2024,14/03/2024 15:00,14/03/2024,15,16,3,5.631117291,590.693
bounty_madera,31/03/2024,14/03/2024 16:00,14/03/2024,16,17,3,4.204481535,593.968
bounty_madera,31/03/2024,14/03/2024 17:00,14/03/2024,17,18,3,3.931572392,565.337
bounty_madera,31/03/2024,14/03/2024 18:00,14/03/2024,18,19,3,5.449366034,496.339
bounty_madera,31/03/2024,14/03/2024 19:00,14/03/2024,19,20,3,4.652669774,458.252
bounty_madera,31/03/2024,14/03/2024 20:00,14/03/2024,20,21,3,4.747869022,442.986
bounty_madera,31/03/2024,14/03/2024 21:00,14/03/2024,21,22,3,5.805447872,455.98
bounty_madera,31/03/2024,14/03/2024 22:00,14/03/2024,22,23,3,4.390326007,461.285
bounty_madera,31/03/2024,14/03/2024 23:00,14/03/2024,23,24,3,4.216613886,467.54
bounty_madera,31/03/2024,15/03/2024 0:00,15/03/2024,0,1,4,3.858458485,402.929
bounty_madera,31/03/2024,15/03/2024 1:00,15/03/2024,1,2,4,3.814448884,335.37
bounty_madera,31/03/2024,15/03/2024 2:00,15/03/2024,2,3,4,3.380058112,311.443
bounty_madera,31/03/2024,15/03/2024 3:00,15/03/2024,3,4,4,3.015920922,295.381
bounty_madera,31/03/2024,15/03/2024 4:00,15/03/2024,4,5,4,3.098327117,287.456
bounty_madera,31/03/2024,15/03/2024 5:00,15/03/2024,5,6,4,3.114620896,312.299
bounty_madera,31/03/2024,15/03/2024 6:00,15/03/2024,6,7,4,1.609226866,341.966
bounty_madera,31/03/2024,15/03/2024 7:00,15/03/2024,7,8,4,2.317674285,449.515
bounty_madera,31/03/2024,15/03/2024 8:00,15/03/2024,8,9,4,2.95944103,491.161
bounty_madera,31/03/2024,15/03/2024 9:00,15/03/2024,9,10,4,3.140392513,529.552
bounty_madera,31/03/2024,15/03/2024 10:00,15/03/2024,10,11,4,3.872993192,542.081
bounty_madera,31/03/2024,15/03/2024 11:00,15/03/2024,11,12,4,2.907386832,523.363
bounty_madera,31/03/2024,15/03/2024 12:00,15/03/2024,12,13,4,2.784145379,540.788
bounty_madera,31/03/2024,15/03/2024 13:00,15/03/2024,13,14,4,3.772595504,550.549
bounty_madera,31/03/2024,15/03/2024 14:00,15/03/2024,14,15,4,3.871660123,551.379
bounty_madera,31/03/2024,15/03/2024 15:00,15/03/2024,15,16,4,4.20744251,535.894
bounty_madera,31/03/2024,15/03/2024 16:00,15/03/2024,16,17,4,4.266551365,507.755
bounty_madera,31/03/2024,15/03/2024 17:00,15/03/2024,17,18,4,3.352605217,469.997
bounty_madera,31/03/2024,15/03/2024 18:00,15/03/2024,18,19,4,6.691920691,481.276
bounty_madera,31/03/2024,15/03/2024 19:00,15/03/2024,19,20,4,4.330784892,472.285
bounty_madera,31/03/2024,15/03/2024 20:00,15/03/2024,20,21,4,4.592986073,435.317
bounty_madera,31/03/2024,15/03/2024 21:00,15/03/2024,21,22,4,4.333569101,432.45
bounty_madera,31/03/2024,15/03/2024 22:00,15/03/2024,22,23,4,4.276012995,429.252
bounty_madera,31/03/2024,15/03/2024 23:00,15/03/2024,23,24,4,3.876262993,467.662
bounty_madera,31/03/2024,16/03/2024 0:00,16/03/2024,0,1,5,3.485480303,439.666
bounty_madera,31/03/2024,16/03/2024 1:00,16/03/2024,1,2,5,3.779625001,397.615
bounty_madera,31/03/2024,16/03/2024 2:00,16/03/2024,2,3,5,4.087764146,392.961
bounty_madera,31/03/2024,16/03/2024 3:00,16/03/2024,3,4,5,3.826879462,334.601
bounty_madera,31/03/2024,16/03/2024 4:00,16/03/2024,4,5,5,3.752922893,312.983
bounty_madera,31/03/2024,16/03/2024 5:00,16/03/2024,5,6,5,4.271330946,353.892
bounty_madera,31/03/2024,16/03/2024 6:00,16/03/2024,6,7,5,2.602641507,363.98
bounty_madera,31/03/2024,16/03/2024 7:00,16/03/2024,7,8,5,2.093086794,460.945
bounty_madera,31/03/2024,16/03/2024 8:00,16/03/2024,8,9,5,3.033369193,481.021
bounty_madera,31/03/2024,16/03/2024 9:00,16/03/2024,9,10,5,3.205534268,533
bounty_madera,31/03/2024,16/03/2024 10:00,16/03/2024,10,11,5,3.341904542,530.555
bounty_madera,31/03/2024,16/03/2024 11:00,16/03/2024,11,12,5,2.824019136,538.811
bounty_madera,31/03/2024,16/03/2024 12:00,16/03/2024,12,13,5,3.066421454,537.111
bounty_madera,31/03/2024,16/03/2024 13:00,16/03/2024,13,14,5,4.083349183,576.585
bounty_madera,31/03/2024,16/03/2024 14:00,16/03/2024,14,15,5,3.829093031,575.799
bounty_madera,31/03/2024,16/03/2024 15:00,16/03/2024,15,16,5,3.80467332,583.574
bounty_madera,31/03/2024,16/03/2024 16:00,16/03/2024,16,17,5,4.171394242,559.045
bounty_madera,31/03/2024,16/03/2024 17:00,16/03/2024,17,18,5,3.876102732,524.518
bounty_madera,31/03/2024,16/03/2024 18:00,16/03/2024,18,19,5,4.962077194,466.089
bounty_madera,31/03/2024,16/03/2024 19:00,16/03/2024,19,20,5,4.386938407,437.527
bounty_madera,31/03/2024,16/03/2024 20:00,16/03/2024,20,21,5,4.023309174,419.798
bounty_madera,31/03/2024,16/03/2024 21:00,16/03/2024,21,22,5,5.014400118,429.995
bounty_madera,31/03/2024,16/03/2024 22:00,16/03/2024,22,23,5,4.299747868,450.782
bounty_madera,31/03/2024,16/03/2024 23:00,16/03/2024,23,24,5,4.762305754,461.37
bounty_madera,31/03/2024,17/03/2024 0:00,17/03/2024,0,1,6,3.645097902,424.201
bounty_madera,31/03/2024,17/03/2024 1:00,17/03/2024,1,2,6,3.790247341,389.321
bounty_madera,31/03/2024,17/03/2024 2:00,17/03/2024,2,3,6,3.710127533,344.737
bounty_madera,31/03/2024,17/03/2024 3:00,17/03/2024,3,4,6,3.743904344,330.101
bounty_madera,31/03/2024,17/03/2024 4:00,17/03/2024,4,5,6,3.334275732,325.844
bounty_madera,31/03/2024,17/03/2024 5:00,17/03/2024,5,6,6,2.614694944,329.532
bounty_madera,31/03/2024,17/03/2024 6:00,17/03/2024,6,7,6,2.548159421,339.501
bounty_madera,31/03/2024,17/03/2024 7:00,17/03/2024,7,8,6,0.898530499,437.208
bounty_madera,31/03/2024,17/03/2024 8:00,17/03/2024,8,9,6,1.34219065,481.747
bounty_madera,31/03/2024,17/03/2024 9:00,17/03/2024,9,10,6,2.7944404,527.372
bounty_madera,31/03/2024,17/03/2024 10:00,17/03/2024,10,11,6,3.49470135,556.651
bounty_madera,31/03/2024,17/03/2024 11:00,17/03/2024,11,12,6,3.199381835,552.228
bounty_madera,31/03/2024,17/03/2024 12:00,17/03/2024,12,13,6,3.459715734,587.329
bounty_madera,31/03/2024,17/03/2024 13:00,17/03/2024,13,14,6,3.810870707,605.355
bounty_madera,31/03/2024,17/03/2024 14:00,17/03/2024,14,15,6,3.921281867,596.425
bounty_madera,31/03/2024,17/03/2024 15:00,17/03/2024,15,16,6,3.986279283,581.809
bounty_madera,31/03/2024,17/03/2024 16:00,17/03/2024,16,17,6,4.013473238,588.749
bounty_madera,31/03/2024,17/03/2024 17:00,17/03/2024,17,18,6,4.093511185,562.313
bounty_madera,31/03/2024,17/03/2024 18:00,17/03/2024,18,19,6,5.261148106,504.892
bounty_madera,31/03/2024,17/03/2024 19:00,17/03/2024,19,20,6,4.526259093,457.096
bounty_madera,31/03/2024,17/03/2024 20:00,17/03/2024,20,21,6,4.601095966,451.308
bounty_madera,31/03/2024,17/03/2024 21:00,17/03/2024,21,22,6,4.528172432,448.3
bounty_madera,31/03/2024,17/03/2024 22:00,17/03/2024,22,23,6,3.855376338,435.095
bounty_madera,31/03/2024,17/03/2024 23:00,17/03/2024,23,24,6,3.608650519,456.237
bounty_madera,31/03/2024,18/03/2024 0:00,18/03/2024,0,1,0,3.762106536,313.619
bounty_madera,31/03/2024,18/03/2024 1:00,18/03/2024,1,2,0,3.448130593,0
bounty_madera,31/03/2024,18/03/2024 2:00,18/03/2024,2,3,0,2.919087264,0
bounty_madera,31/03/2024,18/03/2024 3:00,18/03/2024,3,4,0,2.833769846,0
bounty_madera,31/03/2024,18/03/2024 4:00,18/03/2024,4,5,0,3.454606743,311.635
bounty_madera,31/03/2024,18/03/2024 5:00,18/03/2024,5,6,0,3.709320761,383.549
bounty_madera,31/03/2024,18/03/2024 6:00,18/03/2024,6,7,0,2.698688206,402.927
bounty_madera,31/03/2024,18/03/2024 7:00,18/03/2024,7,8,0,2.248864599,454.717
bounty_madera,31/03/2024,18/03/2024 8:00,18/03/2024,8,9,0,2.665567522,496.76
bounty_madera,31/03/2024,18/03/2024 9:00,18/03/2024,9,10,0,3.312824359,525.751
bounty_madera,31/03/2024,18/03/2024 10:00,18/03/2024,10,11,0,3.657508732,549.949
bounty_madera,31/03/2024,18/03/2024 11:00,18/03/2024,11,12,0,3.424342779,521.112
bounty_madera,31/03/2024,18/03/2024 12:00,18/03/2024,12,13,0,3.173714415,543.379
bounty_madera,31/03/2024,18/03/2024 13:00,18/03/2024,13,14,0,3.751163331,564.172
bounty_madera,31/03/2024,18/03/2024 14:00,18/03/2024,14,15,0,3.873840644,570.07
bounty_madera,31/03/2024,18/03/2024 15:00,18/03/2024,15,16,0,4.15694862,558.756
bounty_madera,31/03/2024,18/03/2024 16:00,18/03/2024,16,17,0,4.467548484,555.122
bounty_madera,31/03/2024,18/03/2024 17:00,18/03/2024,17,18,0,4.464392145,505.559
bounty_madera,31/03/2024,18/03/2024 18:00,18/03/2024,18,19,0,5.646215543,455.674
bounty_madera,31/03/2024,18/03/2024 19:00,18/03/2024,19,20,0,4.477205829,447.047
bounty_madera,31/03/2024,18/03/2024 20:00,18/03/2024,20,21,0,5.147180507,453.79
bounty_madera,31/03/2024,18/03/2024 21:00,18/03/2024,21,22,0,4.44871191,439.366
bounty_madera,31/03/2024,18/03/2024 22:00,18/03/2024,22,23,0,4.216977023,396.917
bounty_madera,31/03/2024,18/03/2024 23:00,18/03/2024,23,24,0,4.323625955,394.794
bounty_madera,31/03/2024,19/03/2024 0:00,19/03/2024,0,1,1,4.020054337,333.601
bounty_madera,31/03/2024,19/03/2024 1:00,19/03/2024,1,2,1,4.642570537,274.327
bounty_madera,31/03/2024,19/03/2024 2:00,19/03/2024,2,3,1,3.656833585,273.704
bounty_madera,31/03/2024,19/03/2024 3:00,19/03/2024,3,4,1,3.44552919,263.413
bounty_madera,31/03/2024,19/03/2024 4:00,19/03/2024,4,5,1,3.583167497,270.657
bounty_madera,31/03/2024,19/03/2024 5:00,19/03/2024,5,6,1,3.729584564,280.278
bounty_madera,31/03/2024,19/03/2024 6:00,19/03/2024,6,7,1,2.379360095,296.43
bounty_madera,31/03/2024,19/03/2024 7:00,19/03/2024,7,8,1,2.329400151,384.728
bounty_madera,31/03/2024,19/03/2024 8:00,19/03/2024,8,9,1,3.8229478,461.231
bounty_madera,31/03/2024,19/03/2024 9:00,19/03/2024,9,10,1,4.61617292,479.35
bounty_madera,31/03/2024,19/03/2024 10:00,19/03/2024,10,11,1,4.286840847,526.434
bounty_madera,31/03/2024,19/03/2024 11:00,19/03/2024,11,12,1,3.588452732,530.939
bounty_madera,31/03/2024,19/03/2024 12:00,19/03/2024,12,13,1,3.064630162,547
bounty_madera,31/03/2024,19/03/2024 13:00,19/03/2024,13,14,1,4.813113807,582.893
bounty_madera,31/03/2024,19/03/2024 14:00,19/03/2024,14,15,1,4.674537987,575.198
bounty_madera,31/03/2024,19/03/2024 15:00,19/03/2024,15,16,1,4.806616571,566.521
bounty_madera,31/03/2024,19/03/2024 16:00,19/03/2024,16,17,1,4.678767916,568.534
bounty_madera,31/03/2024,19/03/2024 17:00,19/03/2024,17,18,1,4.388921225,532.845
bounty_madera,31/03/2024,19/03/2024 18:00,19/03/2024,18,19,1,8.096849033,486.402
bounty_madera,31/03/2024,19/03/2024 19:00,19/03/2024,19,20,1,4.651839131,482.27
bounty_madera,31/03/2024,19/03/2024 20:00,19/03/2024,20,21,1,5.170990855,469.555
bounty_madera,31/03/2024,19/03/2024 21:00,19/03/2024,21,22,1,4.46441521,465.582
bounty_madera,31/03/2024,19/03/2024 22:00,19/03/2024,22,23,1,4.079112515,479.875
bounty_madera,31/03/2024,19/03/2024 23:00,19/03/2024,23,24,1,3.52188845,487.716
bounty_madera,31/03/2024,20/03/2024 0:00,20/03/2024,0,1,2,3.541039653,461.388
bounty_madera,31/03/2024,20/03/2024 1:00,20/03/2024,1,2,2,3.338864217,411.261
bounty_madera,31/03/2024,20/03/2024 2:00,20/03/2024,2,3,2,2.873520991,387.794
bounty_madera,31/03/2024,20/03/2024 3:00,20/03/2024,3,4,2,2.712708852,370.331
bounty_madera,31/03/2024,20/03/2024 4:00,20/03/2024,4,5,2,3.193552239,344.899
bounty_madera,31/03/2024,20/03/2024 5:00,20/03/2024,5,6,2,3.439977098,344.645
bounty_madera,31/03/2024,20/03/2024 6:00,20/03/2024,6,7,2,2.666441645,362.947
bounty_madera,31/03/2024,20/03/2024 7:00,20/03/2024,7,8,2,2.653443897,451.886
bounty_madera,31/03/2024,20/03/2024 8:00,20/03/2024,8,9,2,3.46489766,488.526
bounty_madera,31/03/2024,20/03/2024 9:00,20/03/2024,9,10,2,3.435197649,520.329
bounty_madera,31/03/2024,20/03/2024 10:00,20/03/2024,10,11,2,3.889653584,542.766
bounty_madera,31/03/2024,20/03/2024 11:00,20/03/2024,11,12,2,3.428748255,537.529
bounty_madera,31/03/2024,20/03/2024 12:00,20/03/2024,12,13,2,2.681796539,543.677
bounty_madera,31/03/2024,20/03/2024 13:00,20/03/2024,13,14,2,3.457386154,569.303
bounty_madera,31/03/2024,20/03/2024 14:00,20/03/2024,14,15,2,4.870033925,582.134
bounty_madera,31/03/2024,20/03/2024 15:00,20/03/2024,15,16,2,3.539345546,561.843
bounty_madera,31/03/2024,20/03/2024 16:00,20/03/2024,16,17,2,3.670928781,583.237
bounty_madera,31/03/2024,20/03/2024 17:00,20/03/2024,17,18,2,3.17948625,545.136
bounty_madera,31/03/2024,20/03/2024 18:00,20/03/2024,18,19,2,5.130170222,478.9
bounty_madera,31/03/2024,20/03/2024 19:00,20/03/2024,19,20,2,4.467628978,455.327
bounty_madera,31/03/2024,20/03/2024 20:00,20/03/2024,20,21,2,6.922816674,476.754
bounty_madera,31/03/2024,20/03/2024 21:00,20/03/2024,21,22,2,4.172975575,479.668
bounty_madera,31/03/2024,20/03/2024 22:00,20/03/2024,22,23,2,4.148298824,463.403
bounty_madera,31/03/2024,20/03/2024 23:00,20/03/2024,23,24,2,3.652546687,467.285
bounty_madera,31/03/2024,21/03/2024 0:00,21/03/2024,0,1,3,3.483211653,468.86
bounty_madera,31/03/2024,21/03/2024 1:00,21/03/2024,1,2,3,3.3475662,424.485
bounty_madera,31/03/2024,21/03/2024 2:00,21/03/2024,2,3,3,3.047555661,404.359
bounty_madera,31/03/2024,21/03/2024 3:00,21/03/2024,3,4,3,2.812383928,385.622
bounty_madera,31/03/2024,21/03/2024 4:00,21/03/2024,4,5,3,3.30440893,380.969
bounty_madera,31/03/2024,21/03/2024 5:00,21/03/2024,5,6,3,3.273901668,394.594
bounty_madera,31/03/2024,21/03/2024 6:00,21/03/2024,6,7,3,3.069074526,402.469
bounty_madera,31/03/2024,21/03/2024 7:00,21/03/2024,7,8,3,2.574173318,467.666
bounty_madera,31/03/2024,21/03/2024 8:00,21/03/2024,8,9,3,3.464125009,492.35
bounty_madera,31/03/2024,21/03/2024 9:00,21/03/2024,9,10,3,3.427004022,517.97
bounty_madera,31/03/2024,21/03/2024 10:00,21/03/2024,10,11,3,3.33940019,526.618
bounty_madera,31/03/2024,21/03/2024 11:00,21/03/2024,11,12,3,2.295806829,517.117
bounty_madera,31/03/2024,21/03/2024 12:00,21/03/2024,12,13,3,1.35507775,508.04
bounty_madera,31/03/2024,21/03/2024 13:00,21/03/2024,13,14,3,3.721288324,519.606
bounty_madera,31/03/2024,21/03/2024 14:00,21/03/2024,14,15,3,3.591280139,516.39
bounty_madera,31/03/2024,21/03/2024 15:00,21/03/2024,15,16,3,3.439542705,504.302
bounty_madera,31/03/2024,21/03/2024 16:00,21/03/2024,16,17,3,3.701569044,489.85
bounty_madera,31/03/2024,21/03/2024 17:00,21/03/2024,17,18,3,3.38745621,475.802
bounty_madera,31/03/2024,21/03/2024 18:00,21/03/2024,18,19,3,6.714796021,447.095
bounty_madera,31/03/2024,21/03/2024 19:00,21/03/2024,19,20,3,4.551387948,445.22
bounty_madera,31/03/2024,21/03/2024 20:00,21/03/2024,20,21,3,4.296985816,431.878
bounty_madera,31/03/2024,21/03/2024 21:00,21/03/2024,21,22,3,4.849868471,411.793
bounty_madera,31/03/2024,21/03/2024 22:00,21/03/2024,22,23,3,3.897617825,384.43
bounty_madera,31/03/2024,21/03/2024 23:00,21/03/2024,23,24,3,3.395478593,378.873
bounty_madera,31/03/2024,22/03/2024 0:00,22/03/2024,0,1,4,3.550828372,327.55
bounty_madera,31/03/2024,22/03/2024 1:00,22/03/2024,1,2,4,3.513921419,265.2
bounty_madera,31/03/2024,22/03/2024 2:00,22/03/2024,2,3,4,3.44316848,259.765
bounty_madera,31/03/2024,22/03/2024 3:00,22/03/2024,3,4,4,3.159343238,256.789
bounty_madera,31/03/2024,22/03/2024 4:00,22/03/2024,4,5,4,3.493937713,269.232
bounty_madera,31/03/2024,22/03/2024 5:00,22/03/2024,5,6,4,3.729575824,283.898
bounty_madera,31/03/2024,22/03/2024 6:00,22/03/2024,6,7,4,2.877117466,311.611
bounty_madera,31/03/2024,22/03/2024 7:00,22/03/2024,7,8,4,2.808429112,391.456
bounty_madera,31/03/2024,22/03/2024 8:00,22/03/2024,8,9,4,3.393797494,470.924
bounty_madera,31/03/2024,22/03/2024 9:00,22/03/2024,9,10,4,3.343735917,503.728
bounty_madera,31/03/2024,22/03/2024 10:00,22/03/2024,10,11,4,3.578988628,530.094
bounty_madera,31/03/2024,22/03/2024 11:00,22/03/2024,11,12,4,3.677930869,503.328
bounty_madera,31/03/2024,22/03/2024 12:00,22/03/2024,12,13,4,3.005262604,527.646
bounty_madera,31/03/2024,22/03/2024 13:00,22/03/2024,13,14,4,4.219862855,562.277
bounty_madera,31/03/2024,22/03/2024 14:00,22/03/2024,14,15,4,3.683764364,554.359
bounty_madera,31/03/2024,22/03/2024 15:00,22/03/2024,15,16,4,4.44202479,528.445
bounty_madera,31/03/2024,22/03/2024 16:00,22/03/2024,16,17,4,4.087594859,538.609
bounty_madera,31/03/2024,22/03/2024 17:00,22/03/2024,17,18,4,3.307406475,518.317
bounty_madera,31/03/2024,22/03/2024 18:00,22/03/2024,18,19,4,4.166052495,466.066
bounty_madera,31/03/2024,22/03/2024 19:00,22/03/2024,19,20,4,3.82286018,458.187
bounty_madera,31/03/2024,22/03/2024 20:00,22/03/2024,20,21,4,5.504673219,443.196
bounty_madera,31/03/2024,22/03/2024 21:00,22/03/2024,21,22,4,4.952220596,442.761
bounty_madera,31/03/2024,22/03/2024 22:00,22/03/2024,22,23,4,4.408383684,432.274
bounty_madera,31/03/2024,22/03/2024 23:00,22/03/2024,23,24,4,4.251800889,448.493
bounty_madera,31/03/2024,23/03/2024 0:00,23/03/2024,0,1,5,4.359710345,411.434
bounty_madera,31/03/2024,23/03/2024 1:00,23/03/2024,1,2,5,4.426708428,360.511
bounty_madera,31/03/2024,23/03/2024 2:00,23/03/2024,2,3,5,4.307885043,352.025
bounty_madera,31/03/2024,23/03/2024 3:00,23/03/2024,3,4,5,4.194067263,354.405
bounty_madera,31/03/2024,23/03/2024 4:00,23/03/2024,4,5,5,4.094331045,373.027
bounty_madera,31/03/2024,23/03/2024 5:00,23/03/2024,5,6,5,3.802193841,388.055
bounty_madera,31/03/2024,23/03/2024 6:00,23/03/2024,6,7,5,3.562888448,407.03
bounty_madera,31/03/2024,23/03/2024 7:00,23/03/2024,7,8,5,2.986168392,432.243
bounty_madera,31/03/2024,23/03/2024 8:00,23/03/2024,8,9,5,3.334045646,470.783
bounty_madera,31/03/2024,23/03/2024 9:00,23/03/2024,9,10,5,3.780892601,485.515
bounty_madera,31/03/2024,23/03/2024 10:00,23/03/2024,10,11,5,4.038205332,484.954
bounty_madera,31/03/2024,23/03/2024 11:00,23/03/2024,11,12,5,3.701460947,500.45
bounty_madera,31/03/2024,23/03/2024 12:00,23/03/2024,12,13,5,3.500648258,507.116
bounty_madera,31/03/2024,23/03/2024 13:00,23/03/2024,13,14,5,3.939624471,545.79
bounty_madera,31/03/2024,23/03/2024 14:00,23/03/2024,14,15,5,3.891165284,514.781
bounty_madera,31/03/2024,23/03/2024 15:00,23/03/2024,15,16,5,4.21150434,491.165
bounty_madera,31/03/2024,23/03/2024 16:00,23/03/2024,16,17,5,3.914682538,526.524
bounty_madera,31/03/2024,23/03/2024 17:00,23/03/2024,17,18,5,4.572190613,492.126
bounty_madera,31/03/2024,23/03/2024 18:00,23/03/2024,18,19,5,10.40785445,448.677
bounty_madera,31/03/2024,23/03/2024 19:00,23/03/2024,19,20,5,6.892875341,417.901
bounty_madera,31/03/2024,23/03/2024 20:00,23/03/2024,20,21,5,10.99606746,393.718
bounty_madera,31/03/2024,23/03/2024 21:00,23/03/2024,21,22,5,8.634335824,392.058
bounty_madera,31/03/2024,23/03/2024 22:00,23/03/2024,22,23,5,5.398827253,385.065
bounty_madera,31/03/2024,23/03/2024 23:00,23/03/2024,23,24,5,6.512067904,412.579
bounty_madera,31/03/2024,24/03/2024 0:00,24/03/2024,0,1,6,4.452146135,371.721
bounty_madera,31/03/2024,24/03/2024 1:00,24/03/2024,1,2,6,5.735569359,314.728
bounty_madera,31/03/2024,24/03/2024 2:00,24/03/2024,2,3,6,4.295723406,293.151
bounty_madera,31/03/2024,24/03/2024 3:00,24/03/2024,3,4,6,3.379711643,277.347
bounty_madera,31/03/2024,24/03/2024 4:00,24/03/2024,4,5,6,4.017409933,280.639
bounty_madera,31/03/2024,24/03/2024 5:00,24/03/2024,5,6,6,3.892617119,298.854
bounty_madera,31/03/2024,24/03/2024 6:00,24/03/2024,6,7,6,3.639443064,320.751
bounty_madera,31/03/2024,24/03/2024 7:00,24/03/2024,7,8,6,3.403662266,419.262
bounty_madera,31/03/2024,24/03/2024 8:00,24/03/2024,8,9,6,2.929854655,474.156
bounty_madera,31/03/2024,24/03/2024 9:00,24/03/2024,9,10,6,3.280030133,535.691
bounty_madera,31/03/2024,24/03/2024 10:00,24/03/2024,10,11,6,3.799798756,576.117
bounty_madera,31/03/2024,24/03/2024 11:00,24/03/2024,11,12,6,3.769518975,477.122
bounty_madera,31/03/2024,24/03/2024 12:00,24/03/2024,12,13,6,3.840119912,559.062
bounty_madera,31/03/2024,24/03/2024 13:00,24/03/2024,13,14,6,4.330881578,591
bounty_madera,31/03/2024,24/03/2024 14:00,24/03/2024,14,15,6,4.51905972,601.6
bounty_madera,31/03/2024,24/03/2024 15:00,24/03/2024,15,16,6,5.51785305,577.175
bounty_madera,31/03/2024,24/03/2024 16:00,24/03/2024,16,17,6,8.431618519,589.121
bounty_madera,31/03/2024,24/03/2024 17:00,24/03/2024,17,18,6,5.876047225,569.878
bounty_madera,31/03/2024,24/03/2024 18:00,24/03/2024,18,19,6,23.1153445,517.103
bounty_madera,31/03/2024,24/03/2024 19:00,24/03/2024,19,20,6,13.55858327,438.019
bounty_madera,31/03/2024,24/03/2024 20:00,24/03/2024,20,21,6,8.481505934,434.603
bounty_madera,31/03/2024,24/03/2024 21:00,24/03/2024,21,22,6,5.662872034,454.519
bounty_madera,31/03/2024,24/03/2024 22:00,24/03/2024,22,23,6,6.332877585,428.152
bounty_madera,31/03/2024,24/03/2024 23:00,24/03/2024,23,24,6,5.611639162,439.563
bounty_madera,31/03/2024,25/03/2024 0:00,25/03/2024,0,1,0,4.724746941,390.831
bounty_madera,31/03/2024,25/03/2024 1:00,25/03/2024,1,2,0,4.611513248,341.362
bounty_madera,31/03/2024,25/03/2024 2:00,25/03/2024,2,3,0,4.45627439,314.34
bounty_madera,31/03/2024,25/03/2024 3:00,25/03/2024,3,4,0,3.807779394,302.172
bounty_madera,31/03/2024,25/03/2024 4:00,25/03/2024,4,5,0,4.477123923,320.935
bounty_madera,31/03/2024,25/03/2024 5:00,25/03/2024,5,6,0,4.319317097,359.724
bounty_madera,31/03/2024,25/03/2024 6:00,25/03/2024,6,7,0,3.746534598,415.842
bounty_madera,31/03/2024,25/03/2024 7:00,25/03/2024,7,8,0,3.390215222,491.803
bounty_madera,31/03/2024,25/03/2024 8:00,25/03/2024,8,9,0,4.181243116,524.614
bounty_madera,31/03/2024,25/03/2024 9:00,25/03/2024,9,10,0,3.806977556,554.508
bounty_madera,31/03/2024,25/03/2024 10:00,25/03/2024,10,11,0,4.330962694,575.723
bounty_madera,31/03/2024,25/03/2024 11:00,25/03/2024,11,12,0,3.637329425,557.723
bounty_madera,31/03/2024,25/03/2024 12:00,25/03/2024,12,13,0,3.989144633,574.882
bounty_madera,31/03/2024,25/03/2024 13:00,25/03/2024,13,14,0,8.506333472,599.905
bounty_madera,31/03/2024,25/03/2024 14:00,25/03/2024,14,15,0,10.97863973,585.089
bounty_madera,31/03/2024,25/03/2024 15:00,25/03/2024,15,16,0,26.4710748,565.786
bounty_madera,31/03/2024,25/03/2024 16:00,25/03/2024,16,17,0,15.0352292,565.993
bounty_madera,31/03/2024,25/03/2024 17:00,25/03/2024,17,18,0,5.840027152,563.816
bounty_madera,31/03/2024,25/03/2024 18:00,25/03/2024,18,19,0,12.24172429,492.261
bounty_madera,31/03/2024,25/03/2024 19:00,25/03/2024,19,20,0,11.56242697,460.555
bounty_madera,31/03/2024,25/03/2024 20:00,25/03/2024,20,21,0,15.09294179,439.4
bounty_madera,31/03/2024,25/03/2024 21:00,25/03/2024,21,22,0,10.77751347,439.092
bounty_madera,31/03/2024,25/03/2024 22:00,25/03/2024,22,23,0,7.019101885,423.973
bounty_madera,31/03/2024,25/03/2024 23:00,25/03/2024,23,24,0,5.637343257,440.101
bounty_madera,30/04/2024,26/03/2024 0:00,26/03/2024,0,1,1,7.036220788,373.28
bounty_madera,30/04/2024,26/03/2024 1:00,26/03/2024,1,2,1,4.827608268,302.77
bounty_madera,30/04/2024,26/03/2024 2:00,26/03/2024,2,3,1,4.788699528,274.658
bounty_madera,30/04/2024,26/03/2024 3:00,26/03/2024,3,4,1,4.76643545,279.804
bounty_madera,30/04/2024,26/03/2024 4:00,26/03/2024,4,5,1,4.084345243,297.096
bounty_madera,30/04/2024,26/03/2024 5:00,26/03/2024,5,6,1,5.229510486,297.87
bounty_madera,30/04/2024,26/03/2024 6:00,26/03/2024,6,7,1,3.622011119,365.824
bounty_madera,30/04/2024,26/03/2024 7:00,26/03/2024,7,8,1,4.10502187,479.917
bounty_madera,30/04/2024,26/03/2024 8:00,26/03/2024,8,9,1,5.212184087,515.088
bounty_madera,30/04/2024,26/03/2024 9:00,26/03/2024,9,10,1,4.323358061,559.796
bounty_madera,30/04/2024,26/03/2024 10:00,26/03/2024,10,11,1,5.270723504,588.891
bounty_madera,30/04/2024,26/03/2024 11:00,26/03/2024,11,12,1,3.374282415,598.475
bounty_madera,30/04/2024,26/03/2024 12:00,26/03/2024,12,13,1,2.98353085,605.72
bounty_madera,30/04/2024,26/03/2024 13:00,26/03/2024,13,14,1,10.04551461,580.876
bounty_madera,30/04/2024,26/03/2024 14:00,26/03/2024,14,15,1,12.8577764,613.565
bounty_madera,30/04/2024,26/03/2024 15:00,26/03/2024,15,16,1,7.1488787,607.657
bounty_madera,30/04/2024,26/03/2024 16:00,26/03/2024,16,17,1,9.5729529,622.162
bounty_madera,30/04/2024,26/03/2024 17:00,26/03/2024,17,18,1,3.951172015,619.622
bounty_madera,30/04/2024,26/03/2024 18:00,26/03/2024,18,19,1,4.612457491,570.231
bounty_madera,30/04/2024,26/03/2024 19:00,26/03/2024,19,20,1,7.730291649,538.099
bounty_madera,30/04/2024,26/03/2024 20:00,26/03/2024,20,21,1,15.32242595,505.249
bounty_madera,30/04/2024,26/03/2024 21:00,26/03/2024,21,22,1,18.04062496,506.205
bounty_madera,30/04/2024,26/03/2024 22:00,26/03/2024,22,23,1,11.85200448,488.426
bounty_madera,30/04/2024,26/03/2024 23:00,26/03/2024,23,24,1,4.606986381,505.176
bounty_madera,30/04/2024,27/03/2024 0:00,27/03/2024,0,1,2,5.757474128,511.568
bounty_madera,30/04/2024,27/03/2024 1:00,27/03/2024,1,2,2,4.300040578,483.521
bounty_madera,30/04/2024,27/03/2024 2:00,27/03/2024,2,3,2,7.022269121,466.79
bounty_madera,30/04/2024,27/03/2024 3:00,27/03/2024,3,4,2,5.564222795,452.495
bounty_madera,30/04/2024,27/03/2024 4:00,27/03/2024,4,5,2,3.763814843,438.536
bounty_madera,30/04/2024,27/03/2024 5:00,27/03/2024,5,6,2,3.472998504,457.522
bounty_madera,30/04/2024,27/03/2024 6:00,27/03/2024,6,7,2,2.386351926,476.88
bounty_madera,30/04/2024,27/03/2024 7:00,27/03/2024,7,8,2,2.283836185,526.546
bounty_madera,30/04/2024,27/03/2024 8:00,27/03/2024,8,9,2,3.306037818,567.768
bounty_madera,30/04/2024,27/03/2024 9:00,27/03/2024,9,10,2,4.407194711,615.425
bounty_madera,30/04/2024,27/03/2024 10:00,27/03/2024,10,11,2,3.741183678,617.943
bounty_madera,30/04/2024,27/03/2024 11:00,27/03/2024,11,12,2,3.727464061,597.772
bounty_madera,30/04/2024,27/03/2024 12:00,27/03/2024,12,13,2,3.70229529,598.668
bounty_madera,30/04/2024,27/03/2024 13:00,27/03/2024,13,14,2,7.523739149,617.825
bounty_madera,30/04/2024,27/03/2024 14:00,27/03/2024,14,15,2,8.572522455,598.381
bounty_madera,30/04/2024,27/03/2024 15:00,27/03/2024,15,16,2,6.883254531,599.663
bounty_madera,30/04/2024,27/03/2024 16:00,27/03/2024,16,17,2,3.602767431,520.997
bounty_madera,30/04/2024,27/03/2024 17:00,27/03/2024,17,18,2,3.162844193,533.156
bounty_madera,30/04/2024,27/03/2024 18:00,27/03/2024,18,19,2,5.265950416,488.326
bounty_madera,30/04/2024,27/03/2024 19:00,27/03/2024,19,20,2,3.273656383,466.3
bounty_madera,30/04/2024,27/03/2024 20:00,27/03/2024,20,21,2,13.1103348,439.653
bounty_madera,30/04/2024,27/03/2024 21:00,27/03/2024,21,22,2,10.37718064,408.728
bounty_madera,30/04/2024,27/03/2024 22:00,27/03/2024,22,23,2,5.949162855,412.406
bounty_madera,30/04/2024,27/03/2024 23:00,27/03/2024,23,24,2,4.908328189,421.151
bounty_madera,30/04/2024,28/03/2024 0:00,28/03/2024,0,1,3,3.982136624,400.857
bounty_madera,30/04/2024,28/03/2024 1:00,28/03/2024,1,2,3,3.203786448,338.826
bounty_madera,30/04/2024,28/03/2024 2:00,28/03/2024,2,3,3,3.157164358,315.135
bounty_madera,30/04/2024,28/03/2024 3:00,28/03/2024,3,4,3,3.1612828,333.623
bounty_madera,30/04/2024,28/03/2024 4:00,28/03/2024,4,5,3,3.060612805,350.94
bounty_madera,30/04/2024,28/03/2024 5:00,28/03/2024,5,6,3,2.544570092,352.528
bounty_madera,30/04/2024,28/03/2024 6:00,28/03/2024,6,7,3,2.258343359,391.15
bounty_madera,30/04/2024,28/03/2024 7:00,28/03/2024,7,8,3,0.267527616,483.65
bounty_madera,30/04/2024,28/03/2024 8:00,28/03/2024,8,9,3,-1.48353371,508.808
bounty_madera,30/04/2024,28/03/2024 9:00,28/03/2024,9,10,3,-0.653964916,544.722
bounty_madera,30/04/2024,28/03/2024 10:00,28/03/2024,10,11,3,2.744458892,571.04
bounty_madera,30/04/2024,28/03/2024 11:00,28/03/2024,11,12,3,2.41334742,567.404
bounty_madera,30/04/2024,28/03/2024 12:00,28/03/2024,12,13,3,2.882968432,569.015
bounty_madera,30/04/2024,28/03/2024 13:00,28/03/2024,13,14,3,3.441672291,589.129
bounty_madera,30/04/2024,28/03/2024 14:00,28/03/2024,14,15,3,2.997817742,577.114
bounty_madera,30/04/2024,28/03/2024 15:00,28/03/2024,15,16,3,3.366711623,577.133
bounty_madera,30/04/2024,28/03/2024 16:00,28/03/2024,16,17,3,3.4568735,574.506
bounty_madera,30/04/2024,28/03/2024 17:00,28/03/2024,17,18,3,3.376598883,561.707
bounty_madera,30/04/2024,28/03/2024 18:00,28/03/2024,18,19,3,4.377757062,543.82
bounty_madera,30/04/2024,28/03/2024 19:00,28/03/2024,19,20,3,4.505047047,507.886
bounty_madera,30/04/2024,28/03/2024 20:00,28/03/2024,20,21,3,6.620313163,485.256
bounty_madera,30/04/2024,28/03/2024 21:00,28/03/2024,21,22,3,4.467522339,491.076
bounty_madera,30/04/2024,28/03/2024 22:00,28/03/2024,22,23,3,6.79022783,498.555
bounty_madera,30/04/2024,28/03/2024 23:00,28/03/2024,23,24,3,5.60716907,505.81
bounty_madera,30/04/2024,29/03/2024 0:00,29/03/2024,0,1,4,5.90075144,476.326
bounty_madera,30/04/2024,29/03/2024 1:00,29/03/2024,1,2,4,3.455654993,457.013
bounty_madera,30/04/2024,29/03/2024 2:00,29/03/2024,2,3,4,3.505413611,460.081
bounty_madera,30/04/2024,29/03/2024 3:00,29/03/2024,3,4,4,3.06085654,463.587
bounty_madera,30/04/2024,29/03/2024 4:00,29/03/2024,4,5,4,2.909350915,469.7
bounty_madera,30/04/2024,29/03/2024 5:00,29/03/2024,5,6,4,2.216743137,496.104
bounty_madera,30/04/2024,29/03/2024 6:00,29/03/2024,6,7,4,2.402999653,527.844
bounty_madera,30/04/2024,29/03/2024 7:00,29/03/2024,7,8,4,1.206064977,546.647
bounty_madera,30/04/2024,29/03/2024 8:00,29/03/2024,8,9,4,1.645112373,588.12
bounty_madera,30/04/2024,29/03/2024 9:00,29/03/2024,9,10,4,0.743337682,608.286
bounty_madera,30/04/2024,29/03/2024 10:00,29/03/2024,10,11,4,0.223710646,616.464
bounty_madera,30/04/2024,29/03/2024 11:00,29/03/2024,11,12,4,0.353167835,583.268
bounty_madera,30/04/2024,29/03/2024 12:00,29/03/2024,12,13,4,0.805752045,600.185
bounty_madera,30/04/2024,29/03/2024 13:00,29/03/2024,13,14,4,0.527346288,542.589
bounty_madera,30/04/2024,29/03/2024 14:00,29/03/2024,14,15,4,2.88764069,473.624
bounty_madera,30/04/2024,29/03/2024 15:00,29/03/2024,15,16,4,2.423314632,503.333
bounty_madera,30/04/2024,29/03/2024 16:00,29/03/2024,16,17,4,2.193360084,546.974
bounty_madera,30/04/2024,29/03/2024 17:00,29/03/2024,17,18,4,3.209163632,554.841
bounty_madera,30/04/2024,29/03/2024 18:00,29/03/2024,18,19,4,3.121665018,515.425
bounty_madera,30/04/2024,29/03/2024 19:00,29/03/2024,19,20,4,2.9448814,446.56
bounty_madera,30/04/2024,29/03/2024 20:00,29/03/2024,20,21,4,4.248352774,434.906
bounty_madera,30/04/2024,29/03/2024 21:00,29/03/2024,21,22,4,3.445459648,433.951
bounty_madera,30/04/2024,29/03/2024 22:00,29/03/2024,22,23,4,3.012708505,421.084
bounty_madera,30/04/2024,29/03/2024 23:00,29/03/2024,23,24,4,3.378127927,433.394
bounty_madera,30/04/2024,30/03/2024 0:00,30/03/2024,0,1,5,3.314581806,388.05
bounty_madera,30/04/2024,30/03/2024 1:00,30/03/2024,1,2,5,2.707880569,335.627
bounty_madera,30/04/2024,30/03/2024 2:00,30/03/2024,2,3,5,2.276719834,351.532
bounty_madera,30/04/2024,30/03/2024 3:00,30/03/2024,3,4,5,2.295638623,343.737
bounty_madera,30/04/2024,30/03/2024 4:00,30/03/2024,4,5,5,2.395379661,347.78
bounty_madera,30/04/2024,30/03/2024 5:00,30/03/2024,5,6,5,1.531758798,356.025
bounty_madera,30/04/2024,30/03/2024 6:00,30/03/2024,6,7,5,1.11108862,378.858
bounty_madera,30/04/2024,30/03/2024 7:00,30/03/2024,7,8,5,2.438248177,455.543
bounty_madera,30/04/2024,30/03/2024 8:00,30/03/2024,8,9,5,1.253520418,509.817
bounty_madera,30/04/2024,30/03/2024 9:00,30/03/2024,9,10,5,2.216681956,568.914
bounty_madera,30/04/2024,30/03/2024 10:00,30/03/2024,10,11,5,2.742346159,578.318
bounty_madera,30/04/2024,30/03/2024 11:00,30/03/2024,11,12,5,2.284988086,571.385
bounty_madera,30/04/2024,30/03/2024 12:00,30/03/2024,12,13,5,2.459687445,574.266
bounty_madera,30/04/2024,30/03/2024 13:00,30/03/2024,13,14,5,3.116860232,597.531
bounty_madera,30/04/2024,30/03/2024 14:00,30/03/2024,14,15,5,2.903464715,592.542
bounty_madera,30/04/2024,30/03/2024 15:00,30/03/2024,15,16,5,2.919742009,587.441
bounty_madera,30/04/2024,30/03/2024 16:00,30/03/2024,16,17,5,2.763042451,589.963
bounty_madera,30/04/2024,30/03/2024 17:00,30/03/2024,17,18,5,3.026566766,570.957
bounty_madera,30/04/2024,30/03/2024 18:00,30/03/2024,18,19,5,3.716541383,501.437
bounty_madera,30/04/2024,30/03/2024 19:00,30/03/2024,19,20,5,3.311030186,457.846
bounty_madera,30/04/2024,30/03/2024 20:00,30/03/2024,20,21,5,3.620116503,450.438
bounty_madera,30/04/2024,30/03/2024 21:00,30/03/2024,21,22,5,3.49923882,475.657
bounty_madera,30/04/2024,30/03/2024 22:00,30/03/2024,22,23,5,3.38103413,448.257
bounty_madera,30/04/2024,30/03/2024 23:00,30/03/2024,23,24,5,3.133972308,444.003
bounty_madera,30/04/2024,31/03/2024 0:00,31/03/2024,0,1,6,3.288269981,390.457
bounty_madera,30/04/2024,31/03/2024 1:00,31/03/2024,1,2,6,3.036271784,335.399
bounty_madera,30/04/2024,31/03/2024 2:00,31/03/2024,2,3,6,2.799589048,293.092
bounty_madera,30/04/2024,31/03/2024 3:00,31/03/2024,3,4,6,2.733670906,283.029
bounty_madera,30/04/2024,31/03/2024 4:00,31/03/2024,4,5,6,2.551787066,283.396
bounty_madera,30/04/2024,31/03/2024 5:00,31/03/2024,5,6,6,2.489613471,300.213
bounty_madera,30/04/2024,31/03/2024 6:00,31/03/2024,6,7,6,0.751937068,322.354
bounty_madera,30/04/2024,31/03/2024 7:00,31/03/2024,7,8,6,1.944832484,443.179
bounty_madera,30/04/2024,31/03/2024 8:00,31/03/2024,8,9,6,2.933956183,489.101
bounty_madera,30/04/2024,31/03/2024 9:00,31/03/2024,9,10,6,3.116803075,528.948
bounty_madera,30/04/2024,31/03/2024 10:00,31/03/2024,10,11,6,2.948909134,552.993
bounty_madera,30/04/2024,31/03/2024 11:00,31/03/2024,11,12,6,2.869773214,533.345
bounty_madera,30/04/2024,31/03/2024 12:00,31/03/2024,12,13,6,2.81624942,544.542
bounty_madera,30/04/2024,31/03/2024 13:00,31/03/2024,13,14,6,2.767584638,526.43
bounty_madera,30/04/2024,31/03/2024 14:00,31/03/2024,14,15,6,3.368031672,538.406
bounty_madera,30/04/2024,31/03/2024 15:00,31/03/2024,15,16,6,3.592394077,522.845
bounty_madera,30/04/2024,31/03/2024 16:00,31/03/2024,16,17,6,3.651035083,527.739
bounty_madera,30/04/2024,31/03/2024 17:00,31/03/2024,17,18,6,3.99893807,509.595
bounty_madera,30/04/2024,31/03/2024 18:00,31/03/2024,18,19,6,5.302167235,494.155
bounty_madera,30/04/2024,31/03/2024 19:00,31/03/2024,19,20,6,5.196906839,435.447
bounty_madera,30/04/2024,31/03/2024 20:00,31/03/2024,20,21,6,4.662166835,425.329
bounty_madera,30/04/2024,31/03/2024 21:00,31/03/2024,21,22,6,4.538691071,434.834
bounty_madera,30/04/2024,31/03/2024 22:00,31/03/2024,22,23,6,4.607923061,431.756
bounty_madera,30/04/2024,31/03/2024 23:00,31/03/2024,23,24,6,3.743183552,484.378
bounty_madera,30/04/2024,01/04/2024 0:00,01/04/2024,0,1,0,3.377380421,435.45
bounty_madera,30/04/2024,01/04/2024 1:00,01/04/2024,1,2,0,3.334738724,351.995
bounty_madera,30/04/2024,01/04/2024 2:00,01/04/2024,2,3,0,3.073783691,320.242
bounty_madera,30/04/2024,01/04/2024 3:00,01/04/2024,3,4,0,3.099130872,316.511
bounty_madera,30/04/2024,01/04/2024 4:00,01/04/2024,4,5,0,3.181143327,304.206
bounty_madera,30/04/2024,01/04/2024 5:00,01/04/2024,5,6,0,3.151047353,330.255
bounty_madera,30/04/2024,01/04/2024 6:00,01/04/2024,6,7,0,2.323456367,349.571
bounty_madera,30/04/2024,01/04/2024 7:00,01/04/2024,7,8,0,2.476150556,439.531
bounty_madera,30/04/2024,01/04/2024 8:00,01/04/2024,8,9,0,3.548189592,511.06
bounty_madera,30/04/2024,01/04/2024 9:00,01/04/2024,9,10,0,3.497725771,576.694
bounty_madera,30/04/2024,01/04/2024 10:00,01/04/2024,10,11,0,3.603231547,594.893
bounty_madera,30/04/2024,01/04/2024 11:00,01/04/2024,11,12,0,3.986646151,582.011
bounty_madera,30/04/2024,01/04/2024 12:00,01/04/2024,12,13,0,3.831170391,590.081
bounty_madera,30/04/2024,01/04/2024 13:00,01/04/2024,13,14,0,8.5146844,615.045
bounty_madera,30/04/2024,01/04/2024 14:00,01/04/2024,14,15,0,5.743602522,611.133
bounty_madera,30/04/2024,01/04/2024 15:00,01/04/2024,15,16,0,10.28081672,591.015
bounty_madera,30/04/2024,01/04/2024 16:00,01/04/2024,16,17,0,9.201473318,587.467
bounty_madera,30/04/2024,01/04/2024 17:00,01/04/2024,17,18,0,4.792232708,567.31
bounty_madera,30/04/2024,01/04/2024 18:00,01/04/2024,18,19,0,6.257552076,492.576
bounty_madera,30/04/2024,01/04/2024 19:00,01/04/2024,19,20,0,6.86168269,489.369
bounty_madera,30/04/2024,01/04/2024 20:00,01/04/2024,20,21,0,8.386918457,463.622
bounty_madera,30/04/2024,01/04/2024 21:00,01/04/2024,21,22,0,6.307620204,472.689
bounty_madera,30/04/2024,01/04/2024 22:00,01/04/2024,22,23,0,7.462759588,457.938
bounty_madera,30/04/2024,01/04/2024 23:00,01/04/2024,23,24,0,5.446194619,469.72
bounty_madera,30/04/2024,02/04/2024 0:00,02/04/2024,0,1,1,8.683997321,428.975
bounty_madera,30/04/2024,02/04/2024 1:00,02/04/2024,1,2,1,4.19395061,369.121
bounty_madera,30/04/2024,02/04/2024 2:00,02/04/2024,2,3,1,3.559619804,324.327
bounty_madera,30/04/2024,02/04/2024 3:00,02/04/2024,3,4,1,3.54154335,298.44
bounty_madera,30/04/2024,02/04/2024 4:00,02/04/2024,4,5,1,3.911315233,292.368
bounty_madera,30/04/2024,02/04/2024 5:00,02/04/2024,5,6,1,3.659555811,310.758
bounty_madera,30/04/2024,02/04/2024 6:00,02/04/2024,6,7,1,2.42135643,336.89
bounty_madera,30/04/2024,02/04/2024 7:00,02/04/2024,7,8,1,2.560525354,471.172
bounty_madera,30/04/2024,02/04/2024 8:00,02/04/2024,8,9,1,3.566350534,528.496
bounty_madera,30/04/2024,02/04/2024 9:00,02/04/2024,9,10,1,3.461798995,563.129
bounty_madera,30/04/2024,02/04/2024 10:00,02/04/2024,10,11,1,4.042067924,592.808
bounty_madera,30/04/2024,02/04/2024 11:00,02/04/2024,11,12,1,3.548537937,593.878
bounty_madera,30/04/2024,02/04/2024 12:00,02/04/2024,12,13,1,3.317923391,603.057
bounty_madera,30/04/2024,02/04/2024 13:00,02/04/2024,13,14,1,6.171985543,609.004
bounty_madera,30/04/2024,02/04/2024 14:00,02/04/2024,14,15,1,7.562007652,600.793
bounty_madera,30/04/2024,02/04/2024 15:00,02/04/2024,15,16,1,12.04959065,609.61
bounty_madera,30/04/2024,02/04/2024 16:00,02/04/2024,16,17,1,7.797387985,576.924
bounty_madera,30/04/2024,02/04/2024 17:00,02/04/2024,17,18,1,5.320942899,556.223
bounty_madera,30/04/2024,02/04/2024 18:00,02/04/2024,18,19,1,5.835763618,503.277
bounty_madera,30/04/2024,02/04/2024 19:00,02/04/2024,19,20,1,4.954410287,443.704
bounty_madera,30/04/2024,02/04/2024 20:00,02/04/2024,20,21,1,9.261094421,426.338
bounty_madera,30/04/2024,02/04/2024 21:00,02/04/2024,21,22,1,7.95837089,418.653
bounty_madera,30/04/2024,02/04/2024 22:00,02/04/2024,22,23,1,7.981922688,394.581
bounty_madera,30/04/2024,02/04/2024 23:00,02/04/2024,23,24,1,5.270574926,416.467
bounty_madera,30/04/2024,03/04/2024 0:00,03/04/2024,0,1,2,5.938567095,324.488
bounty_madera,30/04/2024,03/04/2024 1:00,03/04/2024,1,2,2,3.964954929,271.705
bounty_madera,30/04/2024,03/04/2024 2:00,03/04/2024,2,3,2,3.607348444,253.497
bounty_madera,30/04/2024,03/04/2024 3:00,03/04/2024,3,4,2,3.72579006,258.729
bounty_madera,30/04/2024,03/04/2024 4:00,03/04/2024,4,5,2,3.991843195,242.743
bounty_madera,30/04/2024,03/04/2024 5:00,03/04/2024,5,6,2,3.620265476,2.848
bounty_madera,30/04/2024,03/04/2024 6:00,03/04/2024,6,7,2,2.185522845,0
bounty_madera,30/04/2024,03/04/2024 7:00,03/04/2024,7,8,2,2.924572085,0
bounty_madera,30/04/2024,03/04/2024 8:00,03/04/2024,8,9,2,3.424582605,0
bounty_madera,30/04/2024,03/04/2024 9:00,03/04/2024,9,10,2,2.944718687,0
bounty_madera,30/04/2024,03/04/2024 10:00,03/04/2024,10,11,2,3.647364932,0
bounty_madera,30/04/2024,03/04/2024 11:00,03/04/2024,11,12,2,3.586340174,0
bounty_madera,30/04/2024,03/04/2024 12:00,03/04/2024,12,13,2,3.513313164,0
bounty_madera,30/04/2024,03/04/2024 13:00,03/04/2024,13,14,2,7.532191249,0
bounty_madera,30/04/2024,03/04/2024 14:00,03/04/2024,14,15,2,7.513096561,0
bounty_madera,30/04/2024,03/04/2024 15:00,03/04/2024,15,16,2,9.171275639,0
bounty_madera,30/04/2024,03/04/2024 16:00,03/04/2024,16,17,2,9.613777439,0
bounty_madera,30/04/2024,03/04/2024 17:00,03/04/2024,17,18,2,4.141470707,0
bounty_madera,30/04/2024,03/04/2024 18:00,03/04/2024,18,19,2,9.6691888,0
bounty_madera,30/04/2024,03/04/2024 19:00,03/04/2024,19,20,2,7.225969108,404.892
bounty_madera,30/04/2024,03/04/2024 20:00,03/04/2024,20,21,2,10.23285464,435.522
bounty_madera,30/04/2024,03/04/2024 21:00,03/04/2024,21,22,2,6.714904047,435.619
bounty_madera,30/04/2024,03/04/2024 22:00,03/04/2024,22,23,2,5.542912271,412.96
bounty_madera,30/04/2024,03/04/2024 23:00,03/04/2024,23,24,2,6.337010476,419.169
bounty_madera,30/04/2024,04/04/2024 0:00,04/04/2024,0,1,3,6.79217387,375.361
bounty_madera,30/04/2024,04/04/2024 1:00,04/04/2024,1,2,3,4.100810931,296.983
bounty_madera,30/04/2024,04/04/2024 2:00,04/04/2024,2,3,3,3.587538597,280.87
bounty_madera,30/04/2024,04/04/2024 3:00,04/04/2024,3,4,3,3.616651458,269.695
bounty_madera,30/04/2024,04/04/2024 4:00,04/04/2024,4,5,3,4.680216028,277.179
bounty_madera,30/04/2024,04/04/2024 5:00,04/04/2024,5,6,3,3.641409786,297.015
bounty_madera,30/04/2024,04/04/2024 6:00,04/04/2024,6,7,3,2.88856822,325.222
bounty_madera,30/04/2024,04/04/2024 7:00,04/04/2024,7,8,3,3.169438866,442.672
bounty_madera,30/04/2024,04/04/2024 8:00,04/04/2024,8,9,3,3.723537242,473.348
bounty_madera,30/04/2024,04/04/2024 9:00,04/04/2024,9,10,3,3.689137548,526.092
bounty_madera,30/04/2024,04/04/2024 10:00,04/04/2024,10,11,3,6.421757902,569.284
bounty_madera,30/04/2024,04/04/2024 11:00,04/04/2024,11,12,3,4.736013446,554.29
bounty_madera,30/04/2024,04/04/2024 12:00,04/04/2024,12,13,3,4.179103842,581.635
bounty_madera,30/04/2024,04/04/2024 13:00,04/04/2024,13,14,3,10.23823282,604.654
bounty_madera,30/04/2024,04/04/2024 14:00,04/04/2024,14,15,3,10.14943989,597.551
bounty_madera,30/04/2024,04/04/2024 15:00,04/04/2024,15,16,3,8.882909862,587.232
bounty_madera,30/04/2024,04/04/2024 16:00,04/04/2024,16,17,3,16.02930855,619.984
bounty_madera,30/04/2024,04/04/2024 17:00,04/04/2024,17,18,3,9.963851247,577.874
bounty_madera,30/04/2024,04/04/2024 18:00,04/04/2024,18,19,3,19.02026593,531.637
bounty_madera,30/04/2024,04/04/2024 19:00,04/04/2024,19,20,3,23.72781115,518.824
bounty_madera,30/04/2024,04/04/2024 20:00,04/04/2024,20,21,3,27.05885805,478.915
bounty_madera,30/04/2024,04/04/2024 21:00,04/04/2024,21,22,3,29.89579533,461.955
bounty_madera,30/04/2024,04/04/2024 22:00,04/04/2024,22,23,3,18.35584579,454.386
bounty_madera,30/04/2024,04/04/2024 23:00,04/04/2024,23,24,3,12.18082941,480.942
bounty_madera,30/04/2024,05/04/2024 0:00,05/04/2024,0,1,4,7.354231407,462.848
bounty_madera,30/04/2024,05/04/2024 1:00,05/04/2024,1,2,4,6.073189542,404.375
bounty_madera,30/04/2024,05/04/2024 2:00,05/04/2024,2,3,4,6.684148399,368.142
bounty_madera,30/04/2024,05/04/2024 3:00,05/04/2024,3,4,4,4.038060418,323.752
bounty_madera,30/04/2024,05/04/2024 4:00,05/04/2024,4,5,4,4.192391317,307.586
bounty_madera,30/04/2024,05/04/2024 5:00,05/04/2024,5,6,4,4.584170045,316.299
bounty_madera,30/04/2024,05/04/2024 6:00,05/04/2024,6,7,4,2.735471296,346.254
bounty_madera,30/04/2024,05/04/2024 7:00,05/04/2024,7,8,4,3.339880284,491.371
bounty_madera,30/04/2024,05/04/2024 8:00,05/04/2024,8,9,4,5.418179779,500.206
bounty_madera,30/04/2024,05/04/2024 9:00,05/04/2024,9,10,4,3.853550893,536.559
bounty_madera,30/04/2024,05/04/2024 10:00,05/04/2024,10,11,4,4.44784268,572.879
bounty_madera,30/04/2024,05/04/2024 11:00,05/04/2024,11,12,4,4.591618605,552.382
bounty_madera,30/04/2024,05/04/2024 12:00,05/04/2024,12,13,4,9.060800924,576.185
bounty_madera,30/04/2024,05/04/2024 13:00,05/04/2024,13,14,4,11.02398787,619.33
bounty_madera,30/04/2024,05/04/2024 14:00,05/04/2024,14,15,4,9.481708284,614.6
bounty_madera,30/04/2024,05/04/2024 15:00,05/04/2024,15,16,4,11.79584411,589.474
bounty_madera,30/04/2024,05/04/2024 16:00,05/04/2024,16,17,4,7.059310864,595.759
bounty_madera,30/04/2024,05/04/2024 17:00,05/04/2024,17,18,4,4.589243173,552.418
bounty_madera,30/04/2024,05/04/2024 18:00,05/04/2024,18,19,4,6.910145887,489.066
bounty_madera,30/04/2024,05/04/2024 19:00,05/04/2024,19,20,4,4.266125576,456.552
bounty_madera,30/04/2024,05/04/2024 20:00,05/04/2024,20,21,4,11.39511032,427.543
bounty_madera,30/04/2024,05/04/2024 21:00,05/04/2024,21,22,4,9.321319344,444.003
bounty_madera,30/04/2024,05/04/2024 22:00,05/04/2024,22,23,4,6.967696467,422.152
bounty_madera,30/04/2024,05/04/2024 23:00,05/04/2024,23,24,4,8.871371071,447.139
bounty_madera,30/04/2024,06/04/2024 0:00,06/04/2024,0,1,5,4.189928369,400.234
bounty_madera,30/04/2024,06/04/2024 1:00,06/04/2024,1,2,5,4.713167482,329.159
bounty_madera,30/04/2024,06/04/2024 2:00,06/04/2024,2,3,5,4.816718407,315.332
bounty_madera,30/04/2024,06/04/2024 3:00,06/04/2024,3,4,5,4.426971271,312.875
bounty_madera,30/04/2024,06/04/2024 4:00,06/04/2024,4,5,5,4.128585722,350.459
bounty_madera,30/04/2024,06/04/2024 5:00,06/04/2024,5,6,5,3.591956937,379.075
bounty_madera,30/04/2024,06/04/2024 6:00,06/04/2024,6,7,5,2.867599522,394.422
bounty_madera,30/04/2024,06/04/2024 7:00,06/04/2024,7,8,5,2.878210511,471.807
bounty_madera,30/04/2024,06/04/2024 8:00,06/04/2024,8,9,5,3.423318317,490.359
bounty_madera,30/04/2024,06/04/2024 9:00,06/04/2024,9,10,5,3.549704043,548.787
bounty_madera,30/04/2024,06/04/2024 10:00,06/04/2024,10,11,5,3.744949062,597.034
bounty_madera,30/04/2024,06/04/2024 11:00,06/04/2024,11,12,5,3.872227331,573.144
bounty_madera,30/04/2024,06/04/2024 12:00,06/04/2024,12,13,5,3.569914085,577.919
bounty_madera,30/04/2024,06/04/2024 13:00,06/04/2024,13,14,5,3.874251482,592.255
bounty_madera,30/04/2024,06/04/2024 14:00,06/04/2024,14,15,5,5.208364118,586.831
bounty_madera,30/04/2024,06/04/2024 15:00,06/04/2024,15,16,5,4.789176094,569.718
bounty_madera,30/04/2024,06/04/2024 16:00,06/04/2024,16,17,5,4.508967853,555.464
bounty_madera,30/04/2024,06/04/2024 17:00,06/04/2024,17,18,5,3.570699576,529.76
bounty_madera,30/04/2024,06/04/2024 18:00,06/04/2024,18,19,5,6.390536647,497.649
bounty_madera,30/04/2024,06/04/2024 19:00,06/04/2024,19,20,5,5.611504156,463
bounty_madera,30/04/2024,06/04/2024 20:00,06/04/2024,20,21,5,10.96562661,441.374
bounty_madera,30/04/2024,06/04/2024 21:00,06/04/2024,21,22,5,5.60692407,429.81
bounty_madera,30/04/2024,06/04/2024 22:00,06/04/2024,22,23,5,5.598375796,394.077
bounty_madera,30/04/2024,06/04/2024 23:00,06/04/2024,23,24,5,5.383877321,403.456
bounty_madera,30/04/2024,07/04/2024 0:00,07/04/2024,0,1,6,5.170800779,340.649
bounty_madera,30/04/2024,07/04/2024 1:00,07/04/2024,1,2,6,4.807732428,272.219
bounty_madera,30/04/2024,07/04/2024 2:00,07/04/2024,2,3,6,4.929935689,263.122
bounty_madera,30/04/2024,07/04/2024 3:00,07/04/2024,3,4,6,4.977483274,262.209
bounty_madera,30/04/2024,07/04/2024 4:00,07/04/2024,4,5,6,4.481446773,279.426
bounty_madera,30/04/2024,07/04/2024 5:00,07/04/2024,5,6,6,4.399757518,310.121
bounty_madera,30/04/2024,07/04/2024 6:00,07/04/2024,6,7,6,3.990325058,340.032
bounty_madera,30/04/2024,07/04/2024 7:00,07/04/2024,7,8,6,3.395812486,464.949
bounty_madera,30/04/2024,07/04/2024 8:00,07/04/2024,8,9,6,4.020978589,507.47
bounty_madera,30/04/2024,07/04/2024 9:00,07/04/2024,9,10,6,4.095373575,553.619
bounty_madera,30/04/2024,07/04/2024 10:00,07/04/2024,10,11,6,3.859729091,582.636
bounty_madera,30/04/2024,07/04/2024 11:00,07/04/2024,11,12,6,3.398885599,567.732
bounty_madera,30/04/2024,07/04/2024 12:00,07/04/2024,12,13,6,3.752939308,594.819
bounty_madera,30/04/2024,07/04/2024 13:00,07/04/2024,13,14,6,4.288413733,604.225
bounty_madera,30/04/2024,07/04/2024 14:00,07/04/2024,14,15,6,6.1278606,599.294
bounty_madera,30/04/2024,07/04/2024 15:00,07/04/2024,15,16,6,6.488192992,585.788
bounty_madera,30/04/2024,07/04/2024 16:00,07/04/2024,16,17,6,4.33858718,584.564
bounty_madera,30/04/2024,07/04/2024 17:00,07/04/2024,17,18,6,4.784529759,562.603
bounty_madera,30/04/2024,07/04/2024 18:00,07/04/2024,18,19,6,5.311664352,532.661
bounty_madera,30/04/2024,07/04/2024 19:00,07/04/2024,19,20,6,5.294217931,513.442
bounty_madera,30/04/2024,07/04/2024 20:00,07/04/2024,20,21,6,6.815693947,481.333
bounty_madera,30/04/2024,07/04/2024 21:00,07/04/2024,21,22,6,10.3486119,484.507
bounty_madera,30/04/2024,07/04/2024 22:00,07/04/2024,22,23,6,5.970062317,465.162
bounty_madera,30/04/2024,07/04/2024 23:00,07/04/2024,23,24,6,5.07199471,493.584
bounty_madera,30/04/2024,08/04/2024 0:00,08/04/2024,0,1,0,4.254545175,455.468
bounty_madera,30/04/2024,08/04/2024 1:00,08/04/2024,1,2,0,4.268171717,392.974
bounty_madera,30/04/2024,08/04/2024 2:00,08/04/2024,2,3,0,3.881325634,359.151
bounty_madera,30/04/2024,08/04/2024 3:00,08/04/2024,3,4,0,3.554888608,321.219
bounty_madera,30/04/2024,08/04/2024 4:00,08/04/2024,4,5,0,5.161840707,325.18
bounty_madera,30/04/2024,08/04/2024 5:00,08/04/2024,5,6,0,3.692223559,318.286
bounty_madera,30/04/2024,08/04/2024 6:00,08/04/2024,6,7,0,2.191865922,364.06
bounty_madera,30/04/2024,08/04/2024 7:00,08/04/2024,7,8,0,2.941970093,458.685
bounty_madera,30/04/2024,08/04/2024 8:00,08/04/2024,8,9,0,3.435162324,516.142
bounty_madera,30/04/2024,08/04/2024 9:00,08/04/2024,9,10,0,3.184991971,570.868
bounty_madera,30/04/2024,08/04/2024 10:00,08/04/2024,10,11,0,10.67319664,610.306
bounty_madera,30/04/2024,08/04/2024 11:00,08/04/2024,11,12,0,5.506466375,581.523
bounty_madera,30/04/2024,08/04/2024 12:00,08/04/2024,12,13,0,7.756603733,594.034
bounty_madera,30/04/2024,08/04/2024 13:00,08/04/2024,13,14,0,20.1019397,616.24
bounty_madera,30/04/2024,08/04/2024 14:00,08/04/2024,14,15,0,27.18219841,601.797
bounty_madera,30/04/2024,08/04/2024 15:00,08/04/2024,15,16,0,25.06849312,600.406
bounty_madera,30/04/2024,08/04/2024 16:00,08/04/2024,16,17,0,11.43187443,600.257
bounty_madera,30/04/2024,08/04/2024 17:00,08/04/2024,17,18,0,4.842463984,585.101
bounty_madera,30/04/2024,08/04/2024 18:00,08/04/2024,18,19,0,6.22470608,558.227
bounty_madera,30/04/2024,08/04/2024 19:00,08/04/2024,19,20,0,8.720103552,535.847
bounty_madera,30/04/2024,08/04/2024 20:00,08/04/2024,20,21,0,14.07811859,513.491
bounty_madera,30/04/2024,08/04/2024 21:00,08/04/2024,21,22,0,10.14327363,485.436
bounty_madera,30/04/2024,08/04/2024 22:00,08/04/2024,22,23,0,8.901482,452.247
bounty_madera,30/04/2024,08/04/2024 23:00,08/04/2024,23,24,0,7.834460927,486.385
bounty_madera,30/04/2024,09/04/2024 0:00,09/04/2024,0,1,1,5.427172176,463.629
bounty_madera,30/04/2024,09/04/2024 1:00,09/04/2024,1,2,1,4.978745654,407.463
bounty_madera,30/04/2024,09/04/2024 2:00,09/04/2024,2,3,1,4.86249157,388.189
bounty_madera,30/04/2024,09/04/2024 3:00,09/04/2024,3,4,1,4.605980096,345.072
bounty_madera,30/04/2024,09/04/2024 4:00,09/04/2024,4,5,1,4.259117751,339.324
bounty_madera,30/04/2024,09/04/2024 5:00,09/04/2024,5,6,1,3.843805499,356.657
bounty_madera,30/04/2024,09/04/2024 6:00,09/04/2024,6,7,1,3.183056268,390.545
bounty_madera,30/04/2024,09/04/2024 7:00,09/04/2024,7,8,1,2.728382463,473.357
bounty_madera,30/04/2024,09/04/2024 8:00,09/04/2024,8,9,1,3.235943136,505.912
bounty_madera,30/04/2024,09/04/2024 9:00,09/04/2024,9,10,1,3.198990142,562.842
bounty_madera,30/04/2024,09/04/2024 10:00,09/04/2024,10,11,1,5.334837475,595.207
bounty_madera,30/04/2024,09/04/2024 11:00,09/04/2024,11,12,1,3.699599381,574.4
bounty_madera,30/04/2024,09/04/2024 12:00,09/04/2024,12,13,1,3.093136178,552.142
bounty_madera,30/04/2024,09/04/2024 13:00,09/04/2024,13,14,1,5.633600786,595.632
bounty_madera,30/04/2024,09/04/2024 14:00,09/04/2024,14,15,1,8.790116347,588.407
bounty_madera,30/04/2024,09/04/2024 15:00,09/04/2024,15,16,1,10.06041053,587.071
bounty_madera,30/04/2024,09/04/2024 16:00,09/04/2024,16,17,1,7.666332162,600.029
bounty_madera,30/04/2024,09/04/2024 17:00,09/04/2024,17,18,1,5.075655072,590.445
bounty_madera,30/04/2024,09/04/2024 18:00,09/04/2024,18,19,1,8.429827951,561.692
bounty_madera,30/04/2024,09/04/2024 19:00,09/04/2024,19,20,1,4.690254146,521.153
bounty_madera,30/04/2024,09/04/2024 20:00,09/04/2024,20,21,1,11.39189628,504.785
bounty_madera,30/04/2024,09/04/2024 21:00,09/04/2024,21,22,1,7.845066853,479.44
bounty_madera,30/04/2024,09/04/2024 22:00,09/04/2024,22,23,1,6.833400405,476.68
bounty_madera,30/04/2024,09/04/2024 23:00,09/04/2024,23,24,1,4.701494554,523.354
bounty_madera,30/04/2024,10/04/2024 0:00,10/04/2024,0,1,2,4.800498716,498.023
bounty_madera,30/04/2024,10/04/2024 1:00,10/04/2024,1,2,2,4.844441834,474.791
bounty_madera,30/04/2024,10/04/2024 2:00,10/04/2024,2,3,2,4.890183831,465.386
bounty_madera,30/04/2024,10/04/2024 3:00,10/04/2024,3,4,2,4.382100781,456.875
bounty_madera,30/04/2024,10/04/2024 4:00,10/04/2024,4,5,2,4.037097926,473.348
bounty_madera,30/04/2024,10/04/2024 5:00,10/04/2024,5,6,2,3.337538893,497.986
bounty_madera,30/04/2024,10/04/2024 6:00,10/04/2024,6,7,2,2.386447477,503.035
bounty_madera,30/04/2024,10/04/2024 7:00,10/04/2024,7,8,2,2.193052005,542.267
bounty_madera,30/04/2024,10/04/2024 8:00,10/04/2024,8,9,2,2.776991643,563.917
bounty_madera,30/04/2024,10/04/2024 9:00,10/04/2024,9,10,2,2.833269282,591.816
bounty_madera,30/04/2024,10/04/2024 10:00,10/04/2024,10,11,2,3.467148593,596.489
bounty_madera,30/04/2024,10/04/2024 11:00,10/04/2024,11,12,2,3.008848739,555.61
bounty_madera,30/04/2024,10/04/2024 12:00,10/04/2024,12,13,2,2.564995887,587.168
bounty_madera,30/04/2024,10/04/2024 13:00,10/04/2024,13,14,2,3.627418353,616.262
bounty_madera,30/04/2024,10/04/2024 14:00,10/04/2024,14,15,2,3.893159312,607.283
bounty_madera,30/04/2024,10/04/2024 15:00,10/04/2024,15,16,2,4.16908032,599.76
bounty_madera,30/04/2024,10/04/2024 16:00,10/04/2024,16,17,2,4.294791709,590.651
bounty_madera,30/04/2024,10/04/2024 17:00,10/04/2024,17,18,2,4.327005133,566.479
bounty_madera,30/04/2024,10/04/2024 18:00,10/04/2024,18,19,2,4.92065954,507.116
bounty_madera,30/04/2024,10/04/2024 19:00,10/04/2024,19,20,2,4.381932586,472.231
bounty_madera,30/04/2024,10/04/2024 20:00,10/04/2024,20,21,2,9.58818172,475.692
bounty_madera,30/04/2024,10/04/2024 21:00,10/04/2024,21,22,2,5.294837239,460.904
bounty_madera,30/04/2024,10/04/2024 22:00,10/04/2024,22,23,2,4.953519169,468.788
bounty_madera,30/04/2024,10/04/2024 23:00,10/04/2024,23,24,2,4.559471098,489.351
bounty_madera,30/04/2024,11/04/2024 0:00,11/04/2024,0,1,3,6.265636704,479.572
bounty_madera,30/04/2024,11/04/2024 1:00,11/04/2024,1,2,3,3.912478118,463.43
bounty_madera,30/04/2024,11/04/2024 2:00,11/04/2024,2,3,3,3.860276385,450.643
bounty_madera,30/04/2024,11/04/2024 3:00,11/04/2024,3,4,3,3.558318751,445.051
bounty_madera,30/04/2024,11/04/2024 4:00,11/04/2024,4,5,3,3.44348715,431.627
bounty_madera,30/04/2024,11/04/2024 5:00,11/04/2024,5,6,3,3.297971231,443.105
bounty_madera,30/04/2024,11/04/2024 6:00,11/04/2024,6,7,3,1.895322653,472.687
bounty_madera,30/04/2024,11/04/2024 7:00,11/04/2024,7,8,3,2.625229478,534.147
bounty_madera,30/04/2024,11/04/2024 8:00,11/04/2024,8,9,3,3.379869348,556.268
bounty_madera,30/04/2024,11/04/2024 9:00,11/04/2024,9,10,3,3.101178278,603.167
bounty_madera,30/04/2024,11/04/2024 10:00,11/04/2024,10,11,3,3.98177265,618.492
bounty_madera,30/04/2024,11/04/2024 11:00,11/04/2024,11,12,3,3.79478539,570.253
bounty_madera,30/04/2024,11/04/2024 12:00,11/04/2024,12,13,3,3.599318605,595.741
bounty_madera,30/04/2024,11/04/2024 13:00,11/04/2024,13,14,3,6.384740253,627.551
bounty_madera,30/04/2024,11/04/2024 14:00,11/04/2024,14,15,3,6.457460559,617.796
bounty_madera,30/04/2024,11/04/2024 15:00,11/04/2024,15,16,3,11.94440777,605.633
bounty_madera,30/04/2024,11/04/2024 16:00,11/04/2024,16,17,3,7.411426829,622.104
bounty_madera,30/04/2024,11/04/2024 17:00,11/04/2024,17,18,3,3.835426473,595.482
bounty_madera,30/04/2024,11/04/2024 18:00,11/04/2024,18,19,3,8.273481186,537.936
bounty_madera,30/04/2024,11/04/2024 19:00,11/04/2024,19,20,3,4.895438974,504.051
bounty_madera,30/04/2024,11/04/2024 20:00,11/04/2024,20,21,3,8.025459821,464.483
bounty_madera,30/04/2024,11/04/2024 21:00,11/04/2024,21,22,3,8.949476811,462.629
bounty_madera,30/04/2024,11/04/2024 22:00,11/04/2024,22,23,3,5.817725034,433.482
bounty_madera,30/04/2024,11/04/2024 23:00,11/04/2024,23,24,3,4.500704268,465.121
bounty_madera,30/04/2024,12/04/2024 0:00,12/04/2024,0,1,4,4.870063855,469.112
bounty_madera,30/04/2024,12/04/2024 1:00,12/04/2024,1,2,4,3.556221752,451.692
bounty_madera,30/04/2024,12/04/2024 2:00,12/04/2024,2,3,4,3.509381025,435.827
bounty_madera,30/04/2024,12/04/2024 3:00,12/04/2024,3,4,4,3.262477299,416.304
bounty_madera,30/04/2024,12/04/2024 4:00,12/04/2024,4,5,4,3.381605703,394.023
bounty_madera,30/04/2024,12/04/2024 5:00,12/04/2024,5,6,4,3.107323119,383.065
bounty_madera,30/04/2024,12/04/2024 6:00,12/04/2024,6,7,4,2.564978323,429.758
bounty_madera,30/04/2024,12/04/2024 7:00,12/04/2024,7,8,4,2.9498938,520.358
bounty_madera,30/04/2024,12/04/2024 8:00,12/04/2024,8,9,4,3.898953999,558.807
bounty_madera,30/04/2024,12/04/2024 9:00,12/04/2024,9,10,4,3.899321955,606.445
bounty_madera,30/04/2024,12/04/2024 10:00,12/04/2024,10,11,4,4.322773421,615.107
bounty_madera,30/04/2024,12/04/2024 11:00,12/04/2024,11,12,4,4.035703212,583.738
bounty_madera,30/04/2024,12/04/2024 12:00,12/04/2024,12,13,4,3.781865352,594.93
bounty_madera,30/04/2024,12/04/2024 13:00,12/04/2024,13,14,4,9.420843853,627.938
bounty_madera,30/04/2024,12/04/2024 14:00,12/04/2024,14,15,4,12.80359072,627.002
bounty_madera,30/04/2024,12/04/2024 15:00,12/04/2024,15,16,4,15.47586161,612.502
bounty_madera,30/04/2024,12/04/2024 16:00,12/04/2024,16,17,4,11.76168124,602.372
bounty_madera,30/04/2024,12/04/2024 17:00,12/04/2024,17,18,4,4.767052613,591.936
bounty_madera,30/04/2024,12/04/2024 18:00,12/04/2024,18,19,4,7.675636067,505.135
bounty_madera,30/04/2024,12/04/2024 19:00,12/04/2024,19,20,4,7.798494511,443.675
bounty_madera,30/04/2024,12/04/2024 20:00,12/04/2024,20,21,4,9.297643689,453.457
bounty_madera,30/04/2024,12/04/2024 21:00,12/04/2024,21,22,4,10.50148375,452.107
bounty_madera,30/04/2024,12/04/2024 22:00,12/04/2024,22,23,4,4.57232967,413.524
bounty_madera,30/04/2024,12/04/2024 23:00,12/04/2024,23,24,4,4.420743832,442.936
bounty_madera,30/04/2024,13/04/2024 0:00,13/04/2024,0,1,5,4.671510483,411.461
bounty_madera,30/04/2024,13/04/2024 1:00,13/04/2024,1,2,5,4.727874375,337.938
bounty_madera,30/04/2024,13/04/2024 2:00,13/04/2024,2,3,5,4.218961038,320.091
bounty_madera,30/04/2024,13/04/2024 3:00,13/04/2024,3,4,5,3.721220944,311.633
bounty_madera,30/04/2024,13/04/2024 4:00,13/04/2024,4,5,5,3.642625549,314.828
bounty_madera,30/04/2024,13/04/2024 5:00,13/04/2024,5,6,5,3.268032012,351.926
bounty_madera,30/04/2024,13/04/2024 6:00,13/04/2024,6,7,5,2.844890222,391.356
bounty_madera,30/04/2024,13/04/2024 7:00,13/04/2024,7,8,5,2.971433525,496.393
bounty_madera,30/04/2024,13/04/2024 8:00,13/04/2024,8,9,5,3.357893226,518.384
bounty_madera,30/04/2024,13/04/2024 9:00,13/04/2024,9,10,5,4.183187707,581.235
bounty_madera,30/04/2024,13/04/2024 10:00,13/04/2024,10,11,5,4.606656121,602.313
bounty_madera,30/04/2024,13/04/2024 11:00,13/04/2024,11,12,5,4.135279157,582.602
bounty_madera,30/04/2024,13/04/2024 12:00,13/04/2024,12,13,5,3.332245518,587.379
bounty_madera,30/04/2024,13/04/2024 13:00,13/04/2024,13,14,5,7.388059206,611.634
bounty_madera,30/04/2024,13/04/2024 14:00,13/04/2024,14,15,5,7.3905062,613.041
bounty_madera,30/04/2024,13/04/2024 15:00,13/04/2024,15,16,5,10.99362712,619.851
bounty_madera,30/04/2024,13/04/2024 16:00,13/04/2024,16,17,5,5.623746796,621.012
bounty_madera,30/04/2024,13/04/2024 17:00,13/04/2024,17,18,5,5.537958115,593.821
bounty_madera,30/04/2024,13/04/2024 18:00,13/04/2024,18,19,5,6.833826362,551.726
bounty_madera,30/04/2024,13/04/2024 19:00,13/04/2024,19,20,5,5.233105555,490.005
bounty_madera,30/04/2024,13/04/2024 20:00,13/04/2024,20,21,5,8.95364625,469.417
bounty_madera,30/04/2024,13/04/2024 21:00,13/04/2024,21,22,5,5.234639648,450.048
bounty_madera,30/04/2024,13/04/2024 22:00,13/04/2024,22,23,5,7.563490346,434.154
bounty_madera,30/04/2024,13/04/2024 23:00,13/04/2024,23,24,5,7.290290254,466.248
bounty_madera,30/04/2024,14/04/2024 0:00,14/04/2024,0,1,6,5.877556417,445.54
bounty_madera,30/04/2024,14/04/2024 1:00,14/04/2024,1,2,6,4.898486081,422.402
bounty_madera,30/04/2024,14/04/2024 2:00,14/04/2024,2,3,6,4.782103697,394.643
bounty_madera,30/04/2024,14/04/2024 3:00,14/04/2024,3,4,6,4.301759134,372.853
bounty_madera,30/04/2024,14/04/2024 4:00,14/04/2024,4,5,6,4.261750514,354.434
bounty_madera,30/04/2024,14/04/2024 5:00,14/04/2024,5,6,6,4.282757942,369.995
bounty_madera,30/04/2024,14/04/2024 6:00,14/04/2024,6,7,6,3.789868425,419.103
bounty_madera,30/04/2024,14/04/2024 7:00,14/04/2024,7,8,6,2.908554486,497.906
bounty_madera,30/04/2024,14/04/2024 8:00,14/04/2024,8,9,6,3.471282525,558.23
bounty_madera,30/04/2024,14/04/2024 9:00,14/04/2024,9,10,6,5.108079407,591.273
bounty_madera,30/04/2024,14/04/2024 10:00,14/04/2024,10,11,6,13.62781528,612.187
bounty_madera,30/04/2024,14/04/2024 11:00,14/04/2024,11,12,6,10.50681557,586.142
bounty_madera,30/04/2024,14/04/2024 12:00,14/04/2024,12,13,6,3.166537387,588.105
bounty_madera,30/04/2024,14/04/2024 13:00,14/04/2024,13,14,6,6.416634162,619.854
bounty_madera,30/04/2024,14/04/2024 14:00,14/04/2024,14,15,6,8.43940714,598.87
bounty_madera,30/04/2024,14/04/2024 15:00,14/04/2024,15,16,6,18.54276891,594.086
bounty_madera,30/04/2024,14/04/2024 16:00,14/04/2024,16,17,6,19.14227089,599.613
bounty_madera,30/04/2024,14/04/2024 17:00,14/04/2024,17,18,6,5.965432955,589.604
bounty_madera,30/04/2024,14/04/2024 18:00,14/04/2024,18,19,6,15.02574365,539.956
bounty_madera,30/04/2024,14/04/2024 19:00,14/04/2024,19,20,6,15.62342905,489.539
bounty_madera,30/04/2024,14/04/2024 20:00,14/04/2024,20,21,6,20.35594567,476.432
bounty_madera,30/04/2024,14/04/2024 21:00,14/04/2024,21,22,6,15.22816617,442.402
bounty_madera,30/04/2024,14/04/2024 22:00,14/04/2024,22,23,6,13.04155992,442.126
bounty_madera,30/04/2024,14/04/2024 23:00,14/04/2024,23,24,6,7.327995868,484.222
bounty_madera,30/04/2024,15/04/2024 0:00,15/04/2024,0,1,0,4.750937769,478.15
bounty_madera,30/04/2024,15/04/2024 1:00,15/04/2024,1,2,0,4.078465346,429.17
bounty_madera,30/04/2024,15/04/2024 2:00,15/04/2024,2,3,0,4.135911876,384.875
bounty_madera,30/04/2024,15/04/2024 3:00,15/04/2024,3,4,0,4.205766387,359.343
bounty_madera,30/04/2024,15/04/2024 4:00,15/04/2024,4,5,0,4.317262267,340.38
bounty_madera,30/04/2024,15/04/2024 5:00,15/04/2024,5,6,0,4.218954277,374.662
bounty_madera,30/04/2024,15/04/2024 6:00,15/04/2024,6,7,0,3.229180988,438.676
bounty_madera,30/04/2024,15/04/2024 7:00,15/04/2024,7,8,0,4.045908341,523.379
bounty_madera,30/04/2024,15/04/2024 8:00,15/04/2024,8,9,0,10.04187225,552.245
bounty_madera,30/04/2024,15/04/2024 9:00,15/04/2024,9,10,0,5.636573609,591.466
bounty_madera,30/04/2024,15/04/2024 10:00,15/04/2024,10,11,0,10.53288142,584.551
bounty_madera,30/04/2024,15/04/2024 11:00,15/04/2024,11,12,0,5.163472733,583.514
bounty_madera,30/04/2024,15/04/2024 12:00,15/04/2024,12,13,0,4.839399786,586.519
bounty_madera,30/04/2024,15/04/2024 13:00,15/04/2024,13,14,0,21.37825837,613.394
bounty_madera,30/04/2024,15/04/2024 14:00,15/04/2024,14,15,0,30.82263714,609.223
bounty_madera,30/04/2024,15/04/2024 15:00,15/04/2024,15,16,0,32.91251885,595.698
bounty_madera,30/04/2024,15/04/2024 16:00,15/04/2024,16,17,0,31.11345893,591.972
bounty_madera,30/04/2024,15/04/2024 17:00,15/04/2024,17,18,0,14.13859457,589.223
bounty_madera,30/04/2024,15/04/2024 18:00,15/04/2024,18,19,0,27.39591858,577.291
bounty_madera,30/04/2024,15/04/2024 19:00,15/04/2024,19,20,0,22.79692171,531.27
bounty_madera,30/04/2024,15/04/2024 20:00,15/04/2024,20,21,0,31.2569471,542.149
bounty_madera,30/04/2024,15/04/2024 21:00,15/04/2024,21,22,0,29.94467973,538.347
bounty_madera,30/04/2024,15/04/2024 22:00,15/04/2024,22,23,0,6.193910635,532.577
bounty_madera,30/04/2024,15/04/2024 23:00,15/04/2024,23,24,0,6.193341686,521.366
bounty_madera,30/04/2024,16/04/2024 0:00,16/04/2024,0,1,1,6.189029983,510.082
bounty_madera,30/04/2024,16/04/2024 1:00,16/04/2024,1,2,1,5.279211835,475.554
bounty_madera,30/04/2024,16/04/2024 2:00,16/04/2024,2,3,1,5.126439461,453.433
bounty_madera,30/04/2024,16/04/2024 3:00,16/04/2024,3,4,1,4.776102499,419.731
bounty_madera,30/04/2024,16/04/2024 4:00,16/04/2024,4,5,1,5.117166216,424.875
bounty_madera,30/04/2024,16/04/2024 5:00,16/04/2024,5,6,1,4.683970356,425.825
bounty_madera,30/04/2024,16/04/2024 6:00,16/04/2024,6,7,1,3.741355064,452.928
bounty_madera,30/04/2024,16/04/2024 7:00,16/04/2024,7,8,1,4.375259408,502.274
bounty_madera,30/04/2024,16/04/2024 8:00,16/04/2024,8,9,1,5.207044504,530.328
bounty_madera,30/04/2024,16/04/2024 9:00,16/04/2024,9,10,1,5.578678135,581.133
bounty_madera,30/04/2024,16/04/2024 10:00,16/04/2024,10,11,1,5.70028758,568.454
bounty_madera,30/04/2024,16/04/2024 11:00,16/04/2024,11,12,1,5.987721885,559.434
bounty_madera,30/04/2024,16/04/2024 12:00,16/04/2024,12,13,1,5.730106606,579.18
bounty_madera,30/04/2024,16/04/2024 13:00,16/04/2024,13,14,1,6.246797568,598.308
bounty_madera,30/04/2024,16/04/2024 14:00,16/04/2024,14,15,1,6.26035275,593.766
bounty_madera,30/04/2024,16/04/2024 15:00,16/04/2024,15,16,1,6.201703369,584.867
bounty_madera,30/04/2024,16/04/2024 16:00,16/04/2024,16,17,1,6.006087628,603.305
bounty_madera,30/04/2024,16/04/2024 17:00,16/04/2024,17,18,1,4.728904347,581.898
bounty_madera,30/04/2024,16/04/2024 18:00,16/04/2024,18,19,1,6.198222711,544.344
bounty_madera,30/04/2024,16/04/2024 19:00,16/04/2024,19,20,1,6.241243006,524.193
bounty_madera,30/04/2024,16/04/2024 20:00,16/04/2024,20,21,1,6.201661478,267.376
bounty_madera,30/04/2024,16/04/2024 21:00,16/04/2024,21,22,1,6.192394935,503.876
bounty_madera,30/04/2024,16/04/2024 22:00,16/04/2024,22,23,1,6.190420497,466.674
bounty_madera,30/04/2024,16/04/2024 23:00,16/04/2024,23,24,1,6.188245652,503.494
bounty_madera,30/04/2024,17/04/2024 0:00,17/04/2024,0,1,2,6.186583543,495.365
bounty_madera,30/04/2024,17/04/2024 1:00,17/04/2024,1,2,2,5.760138998,440.732
bounty_madera,30/04/2024,17/04/2024 2:00,17/04/2024,2,3,2,4.569542689,424.784
bounty_madera,30/04/2024,17/04/2024 3:00,17/04/2024,3,4,2,4.426230925,386.65
bounty_madera,30/04/2024,17/04/2024 4:00,17/04/2024,4,5,2,4.405694433,366.211
bounty_madera,30/04/2024,17/04/2024 5:00,17/04/2024,5,6,2,4.144061954,379.986
bounty_madera,30/04/2024,17/04/2024 6:00,17/04/2024,6,7,2,3.015492503,426.238
bounty_madera,30/04/2024,17/04/2024 7:00,17/04/2024,7,8,2,3.024082515,484.004
bounty_madera,30/04/2024,17/04/2024 8:00,17/04/2024,8,9,2,4.462764537,538.705
bounty_madera,30/04/2024,17/04/2024 9:00,17/04/2024,9,10,2,3.949686163,580.969
bounty_madera,30/04/2024,17/04/2024 10:00,17/04/2024,10,11,2,5.182428736,601.818
bounty_madera,30/04/2024,17/04/2024 11:00,17/04/2024,11,12,2,4.174929017,577.094
bounty_madera,30/04/2024,17/04/2024 12:00,17/04/2024,12,13,2,4.637240489,588.634
bounty_madera,30/04/2024,17/04/2024 13:00,17/04/2024,13,14,2,6.249648594,589.305
bounty_madera,30/04/2024,17/04/2024 14:00,17/04/2024,14,15,2,6.258195383,596.432
bounty_madera,30/04/2024,17/04/2024 15:00,17/04/2024,15,16,2,2.080371438,594.602
bounty_madera,30/04/2024,17/04/2024 16:00,17/04/2024,16,17,2,23.83306753,596.911
bounty_madera,30/04/2024,17/04/2024 17:00,17/04/2024,17,18,2,11.61431038,602.992
bounty_madera,30/04/2024,17/04/2024 18:00,17/04/2024,18,19,2,14.40220423,536.046
bounty_madera,30/04/2024,17/04/2024 19:00,17/04/2024,19,20,2,14.86756091,530.389
bounty_madera,30/04/2024,17/04/2024 20:00,17/04/2024,20,21,2,23.44715575,516.387
bounty_madera,30/04/2024,17/04/2024 21:00,17/04/2024,21,22,2,12.63490767,504.961
bounty_madera,30/04/2024,17/04/2024 22:00,17/04/2024,22,23,2,12.61275998,501.423
bounty_madera,30/04/2024,17/04/2024 23:00,17/04/2024,23,24,2,10.06214588,514.286
bounty_madera,30/04/2024,18/04/2024 0:00,18/04/2024,0,1,3,6.062919239,497.138
bounty_madera,30/04/2024,18/04/2024 1:00,18/04/2024,1,2,3,5.519674091,458.253
bounty_madera,30/04/2024,18/04/2024 2:00,18/04/2024,2,3,3,5.474839339,441.882
bounty_madera,30/04/2024,18/04/2024 3:00,18/04/2024,3,4,3,5.221362519,379.735
bounty_madera,30/04/2024,18/04/2024 4:00,18/04/2024,4,5,3,4.769082074,374.034
bounty_madera,30/04/2024,18/04/2024 5:00,18/04/2024,5,6,3,4.279946433,390.265
bounty_madera,30/04/2024,18/04/2024 6:00,18/04/2024,6,7,3,2.926169456,417.484
bounty_madera,30/04/2024,18/04/2024 7:00,18/04/2024,7,8,3,3.526517955,525.864
bounty_madera,30/04/2024,18/04/2024 8:00,18/04/2024,8,9,3,4.831288606,567.684
bounty_madera,30/04/2024,18/04/2024 9:00,18/04/2024,9,10,3,4.148399253,594.337
bounty_madera,30/04/2024,18/04/2024 10:00,18/04/2024,10,11,3,4.773648316,610.954
bounty_madera,30/04/2024,18/04/2024 11:00,18/04/2024,11,12,3,4.859341347,605.858
bounty_madera,30/04/2024,18/04/2024 12:00,18/04/2024,12,13,3,6.634104701,614.638
bounty_madera,30/04/2024,18/04/2024 13:00,18/04/2024,13,14,3,17.47168199,621.276
bounty_madera,30/04/2024,18/04/2024 14:00,18/04/2024,14,15,3,32.28943858,623.166
bounty_madera,30/04/2024,18/04/2024 15:00,18/04/2024,15,16,3,35.06335708,620.09
bounty_madera,30/04/2024,18/04/2024 16:00,18/04/2024,16,17,3,29.306628,631.873
bounty_madera,30/04/2024,18/04/2024 17:00,18/04/2024,17,18,3,19.87018797,607.449
bounty_madera,30/04/2024,18/04/2024 18:00,18/04/2024,18,19,3,21.89258191,593.775
bounty_madera,30/04/2024,18/04/2024 19:00,18/04/2024,19,20,3,21.1371714,545.225
bounty_madera,30/04/2024,18/04/2024 20:00,18/04/2024,20,21,3,29.79089781,549.649
bounty_madera,30/04/2024,18/04/2024 21:00,18/04/2024,21,22,3,29.91423876,554.048
bounty_madera,30/04/2024,18/04/2024 22:00,18/04/2024,22,23,3,16.18323651,534.278
bounty_madera,30/04/2024,18/04/2024 23:00,18/04/2024,23,24,3,6.21935037,542.626
bounty_madera,30/04/2024,19/04/2024 0:00,19/04/2024,0,1,4,6.222815534,536.35
bounty_madera,30/04/2024,19/04/2024 1:00,19/04/2024,1,2,4,5.444504097,515.491
bounty_madera,30/04/2024,19/04/2024 2:00,19/04/2024,2,3,4,4.818965156,491.653
bounty_madera,30/04/2024,19/04/2024 3:00,19/04/2024,3,4,4,4.75796213,480.742
bounty_madera,30/04/2024,19/04/2024 4:00,19/04/2024,4,5,4,4.661591895,469.047
bounty_madera,30/04/2024,19/04/2024 5:00,19/04/2024,5,6,4,4.660828536,475.082
bounty_madera,30/04/2024,19/04/2024 6:00,19/04/2024,6,7,4,3.084779589,511.409
bounty_madera,30/04/2024,19/04/2024 7:00,19/04/2024,7,8,4,3.778387677,547.592
bounty_madera,30/04/2024,19/04/2024 8:00,19/04/2024,8,9,4,7.807801886,577.962
bounty_madera,30/04/2024,19/04/2024 9:00,19/04/2024,9,10,4,4.626700853,584.798
bounty_madera,30/04/2024,19/04/2024 10:00,19/04/2024,10,11,4,5.179732434,614.829
bounty_madera,30/04/2024,19/04/2024 11:00,19/04/2024,11,12,4,4.935283939,577.471
bounty_madera,30/04/2024,19/04/2024 12:00,19/04/2024,12,13,4,5.899967649,589.879
bounty_madera,30/04/2024,19/04/2024 13:00,19/04/2024,13,14,4,6.20405479,618.152
bounty_madera,30/04/2024,19/04/2024 14:00,19/04/2024,14,15,4,6.27389862,604.688
bounty_madera,30/04/2024,19/04/2024 15:00,19/04/2024,15,16,4,6.24224729,597.741
bounty_madera,30/04/2024,19/04/2024 16:00,19/04/2024,16,17,4,10.57876269,622.535
bounty_madera,30/04/2024,19/04/2024 17:00,19/04/2024,17,18,4,6.247060968,618.726
bounty_madera,30/04/2024,19/04/2024 18:00,19/04/2024,18,19,4,6.265399605,548.556
bounty_madera,30/04/2024,19/04/2024 19:00,19/04/2024,19,20,4,6.245502546,499.409
bounty_madera,30/04/2024,19/04/2024 20:00,19/04/2024,20,21,4,8.381085866,458.698
bounty_madera,30/04/2024,19/04/2024 21:00,19/04/2024,21,22,4,6.195492278,432.436
bounty_madera,30/04/2024,19/04/2024 22:00,19/04/2024,22,23,4,6.196450857,428.95
bounty_madera,30/04/2024,19/04/2024 23:00,19/04/2024,23,24,4,6.197432208,451.985
bounty_madera,30/04/2024,20/04/2024 0:00,20/04/2024,0,1,5,5.787467646,432.857
bounty_madera,30/04/2024,20/04/2024 1:00,20/04/2024,1,2,5,4.829264175,382.212
bounty_madera,30/04/2024,20/04/2024 2:00,20/04/2024,2,3,5,4.863284082,373.128
bounty_madera,30/04/2024,20/04/2024 3:00,20/04/2024,3,4,5,4.426962818,366.59
bounty_madera,30/04/2024,20/04/2024 4:00,20/04/2024,4,5,5,3.991070602,368.832
bounty_madera,30/04/2024,20/04/2024 5:00,20/04/2024,5,6,5,3.948336964,358.731
bounty_madera,30/04/2024,20/04/2024 6:00,20/04/2024,6,7,5,2.538486883,409.235
bounty_madera,30/04/2024,20/04/2024 7:00,20/04/2024,7,8,5,2.562154479,462.412
bounty_madera,30/04/2024,20/04/2024 8:00,20/04/2024,8,9,5,2.915391329,510.754
bounty_madera,30/04/2024,20/04/2024 9:00,20/04/2024,9,10,5,2.985611941,562.284
bounty_madera,30/04/2024,20/04/2024 10:00,20/04/2024,10,11,5,4.740655034,576.447
bounty_madera,30/04/2024,20/04/2024 11:00,20/04/2024,11,12,5,4.060053951,562.456
bounty_madera,30/04/2024,20/04/2024 12:00,20/04/2024,12,13,5,3.464143478,570.237
bounty_madera,30/04/2024,20/04/2024 13:00,20/04/2024,13,14,5,5.966520607,586.203
bounty_madera,30/04/2024,20/04/2024 14:00,20/04/2024,14,15,5,5.410695846,585.8
bounty_madera,30/04/2024,20/04/2024 15:00,20/04/2024,15,16,5,6.922325872,595.652
bounty_madera,30/04/2024,20/04/2024 16:00,20/04/2024,16,17,5,11.47165343,585.644
bounty_madera,30/04/2024,20/04/2024 17:00,20/04/2024,17,18,5,11.97484402,576.269
bounty_madera,30/04/2024,20/04/2024 18:00,20/04/2024,18,19,5,24.33195065,529.243
bounty_madera,30/04/2024,20/04/2024 19:00,20/04/2024,19,20,5,8.435128454,475.07
bounty_madera,30/04/2024,20/04/2024 20:00,20/04/2024,20,21,5,22.21648642,446.58
bounty_madera,30/04/2024,20/04/2024 21:00,20/04/2024,21,22,5,16.96464344,427.051
bounty_madera,30/04/2024,20/04/2024 22:00,20/04/2024,22,23,5,10.62951608,444.398
bounty_madera,30/04/2024,20/04/2024 23:00,20/04/2024,23,24,5,6.423623985,469.21
bounty_madera,30/04/2024,21/04/2024 0:00,21/04/2024,0,1,6,5.279773159,448.208
bounty_madera,30/04/2024,21/04/2024 1:00,21/04/2024,1,2,6,7.174099694,389.244
bounty_madera,30/04/2024,21/04/2024 2:00,21/04/2024,2,3,6,7.05042222,357.919
bounty_madera,30/04/2024,21/04/2024 3:00,21/04/2024,3,4,6,4.854878732,330.658
bounty_madera,30/04/2024,21/04/2024 4:00,21/04/2024,4,5,6,4.499877499,332.459
bounty_madera,30/04/2024,21/04/2024 5:00,21/04/2024,5,6,6,4.20476899,330.457
bounty_madera,30/04/2024,21/04/2024 6:00,21/04/2024,6,7,6,2.813755706,363.975
bounty_madera,30/04/2024,21/04/2024 7:00,21/04/2024,7,8,6,5.502078236,391.838
bounty_madera,30/04/2024,21/04/2024 8:00,21/04/2024,8,9,6,2.705563478,523.593
bounty_madera,30/04/2024,21/04/2024 9:00,21/04/2024,9,10,6,2.647355654,585.5
bounty_madera,30/04/2024,21/04/2024 10:00,21/04/2024,10,11,6,3.069286143,586.61
bounty_madera,30/04/2024,21/04/2024 11:00,21/04/2024,11,12,6,3.476745471,578.289
bounty_madera,30/04/2024,21/04/2024 12:00,21/04/2024,12,13,6,3.123230448,587.026
bounty_madera,30/04/2024,21/04/2024 13:00,21/04/2024,13,14,6,4.377662713,596.921
bounty_madera,30/04/2024,21/04/2024 14:00,21/04/2024,14,15,6,5.972121953,597.323
bounty_madera,30/04/2024,21/04/2024 15:00,21/04/2024,15,16,6,4.98724953,600.175
bounty_madera,30/04/2024,21/04/2024 16:00,21/04/2024,16,17,6,6.955522322,606.234
bounty_madera,30/04/2024,21/04/2024 17:00,21/04/2024,17,18,6,7.030329769,592.726
bounty_madera,30/04/2024,21/04/2024 18:00,21/04/2024,18,19,6,10.26501304,527.687
bounty_madera,30/04/2024,21/04/2024 19:00,21/04/2024,19,20,6,9.868766018,495.383
bounty_madera,30/04/2024,21/04/2024 20:00,21/04/2024,20,21,6,10.44190889,464.474
bounty_madera,30/04/2024,21/04/2024 21:00,21/04/2024,21,22,6,11.14971818,463.166
bounty_madera,30/04/2024,21/04/2024 22:00,21/04/2024,22,23,6,5.280359664,448.723
bounty_madera,30/04/2024,21/04/2024 23:00,21/04/2024,23,24,6,8.070610427,470.384
bounty_madera,30/04/2024,22/04/2024 0:00,22/04/2024,0,1,0,5.082390172,451.617
bounty_madera,30/04/2024,22/04/2024 1:00,22/04/2024,1,2,0,4.088430324,397.556
bounty_madera,30/04/2024,22/04/2024 2:00,22/04/2024,2,3,0,3.60964999,369.046
bounty_madera,30/04/2024,22/04/2024 3:00,22/04/2024,3,4,0,3.572650664,363.212
bounty_madera,30/04/2024,22/04/2024 4:00,22/04/2024,4,5,0,3.507489567,350.659
bounty_madera,30/04/2024,22/04/2024 5:00,22/04/2024,5,6,0,3.381533621,366.991
bounty_madera,30/04/2024,22/04/2024 6:00,22/04/2024,6,7,0,2.239413,410.676
bounty_madera,30/04/2024,22/04/2024 7:00,22/04/2024,7,8,0,2.959819256,493.717
bounty_madera,30/04/2024,22/04/2024 8:00,22/04/2024,8,9,0,3.855266901,512.211
bounty_madera,30/04/2024,22/04/2024 9:00,22/04/2024,9,10,0,4.956393992,578.404
bounty_madera,30/04/2024,22/04/2024 10:00,22/04/2024,10,11,0,11.8938164,604.14
bounty_madera,30/04/2024,22/04/2024 11:00,22/04/2024,11,12,0,6.317058963,578.322
bounty_madera,30/04/2024,22/04/2024 12:00,22/04/2024,12,13,0,4.561043249,600.066
bounty_madera,30/04/2024,22/04/2024 13:00,22/04/2024,13,14,0,18.33909927,612.276
bounty_madera,30/04/2024,22/04/2024 14:00,22/04/2024,14,15,0,22.93022398,610.263
bounty_madera,30/04/2024,22/04/2024 15:00,22/04/2024,15,16,0,28.45036957,613.753
bounty_madera,30/04/2024,22/04/2024 16:00,22/04/2024,16,17,0,17.52107405,629.995
bounty_madera,30/04/2024,22/04/2024 17:00,22/04/2024,17,18,0,11.82091671,607.723
bounty_madera,30/04/2024,22/04/2024 18:00,22/04/2024,18,19,0,15.9369105,576.412
bounty_madera,30/04/2024,22/04/2024 19:00,22/04/2024,19,20,0,13.92394074,543.135
bounty_madera,30/04/2024,22/04/2024 20:00,22/04/2024,20,21,0,20.36478541,528.024
bounty_madera,30/04/2024,22/04/2024 21:00,22/04/2024,21,22,0,15.98818345,519.118
bounty_madera,30/04/2024,22/04/2024 22:00,22/04/2024,22,23,0,13.53864611,505.209
bounty_madera,30/04/2024,22/04/2024 23:00,22/04/2024,23,24,0,11.40936963,522.779
bounty_madera,30/04/2024,23/04/2024 0:00,23/04/2024,0,1,1,11.66211206,505.247
bounty_madera,30/04/2024,23/04/2024 1:00,23/04/2024,1,2,1,5.569324632,463.564
bounty_madera,30/04/2024,23/04/2024 2:00,23/04/2024,2,3,1,5.402220531,449.119
bounty_madera,30/04/2024,23/04/2024 3:00,23/04/2024,3,4,1,5.492078283,444.776
bounty_madera,30/04/2024,23/04/2024 4:00,23/04/2024,4,5,1,4.396602266,455.151
bounty_madera,30/04/2024,23/04/2024 5:00,23/04/2024,5,6,1,4.736291639,453.671
bounty_madera,30/04/2024,23/04/2024 6:00,23/04/2024,6,7,1,3.366833249,476.28
bounty_madera,30/04/2024,23/04/2024 7:00,23/04/2024,7,8,1,3.499693298,516.978
bounty_madera,30/04/2024,23/04/2024 8:00,23/04/2024,8,9,1,5.709654949,536.194
bounty_madera,30/04/2024,23/04/2024 9:00,23/04/2024,9,10,1,4.69011058,596.202
bounty_madera,30/04/2024,23/04/2024 10:00,23/04/2024,10,11,1,5.456862415,609.298
bounty_madera,30/04/2024,23/04/2024 11:00,23/04/2024,11,12,1,5.151919996,592.515
bounty_madera,30/04/2024,23/04/2024 12:00,23/04/2024,12,13,1,7.744727871,595.679
bounty_madera,30/04/2024,23/04/2024 13:00,23/04/2024,13,14,1,20.48700135,604.625
bounty_madera,30/04/2024,23/04/2024 14:00,23/04/2024,14,15,1,23.18245992,612.687
bounty_madera,30/04/2024,23/04/2024 15:00,23/04/2024,15,16,1,23.0999673,371.275
bounty_madera,30/04/2024,23/04/2024 16:00,23/04/2024,16,17,1,7.630728134,629.131
bounty_madera,30/04/2024,23/04/2024 17:00,23/04/2024,17,18,1,27.44892782,619.764
bounty_madera,30/04/2024,23/04/2024 18:00,23/04/2024,18,19,1,32.11107901,533.531
bounty_madera,30/04/2024,23/04/2024 19:00,23/04/2024,19,20,1,23.40697528,494.899
bounty_madera,30/04/2024,23/04/2024 20:00,23/04/2024,20,21,1,12.82325964,456.435
bounty_madera,30/04/2024,23/04/2024 21:00,23/04/2024,21,22,1,20.75408192,434.474
bounty_madera,30/04/2024,23/04/2024 22:00,23/04/2024,22,23,1,12.24311232,434.435
bounty_madera,30/04/2024,23/04/2024 23:00,23/04/2024,23,24,1,6.209782544,484.361
bounty_madera,30/04/2024,24/04/2024 0:00,24/04/2024,0,1,2,5.81396218,475.109
bounty_madera,30/04/2024,24/04/2024 1:00,24/04/2024,1,2,2,5.764141915,455.26
bounty_madera,30/04/2024,24/04/2024 2:00,24/04/2024,2,3,2,7.510981102,456.1
bounty_madera,30/04/2024,24/04/2024 3:00,24/04/2024,3,4,2,5.467767615,448.431
bounty_madera,30/04/2024,24/04/2024 4:00,24/04/2024,4,5,2,5.304255293,443.985
bounty_madera,30/04/2024,24/04/2024 5:00,24/04/2024,5,6,2,5.477533624,464.072
bounty_madera,30/04/2024,24/04/2024 6:00,24/04/2024,6,7,2,3.484908507,501.149
bounty_madera,30/04/2024,24/04/2024 7:00,24/04/2024,7,8,2,3.922303514,558.991
bounty_madera,30/04/2024,24/04/2024 8:00,24/04/2024,8,9,2,5.977122074,563.71
bounty_madera,30/04/2024,24/04/2024 9:00,24/04/2024,9,10,2,4.730460004,587.922
bounty_madera,30/04/2024,24/04/2024 10:00,24/04/2024,10,11,2,5.80500499,604.388
bounty_madera,30/04/2024,24/04/2024 11:00,24/04/2024,11,12,2,5.294436587,578.836
bounty_madera,30/04/2024,24/04/2024 12:00,24/04/2024,12,13,2,5.270533471,592.178
bounty_madera,30/04/2024,24/04/2024 13:00,24/04/2024,13,14,2,6.308503702,610.793
bounty_madera,30/04/2024,24/04/2024 14:00,24/04/2024,14,15,2,6.29193966,605.933
bounty_madera,30/04/2024,24/04/2024 15:00,24/04/2024,15,16,2,6.273226663,607.556
bounty_madera,30/04/2024,24/04/2024 16:00,24/04/2024,16,17,2,6.268015187,616.753
bounty_madera,30/04/2024,24/04/2024 17:00,24/04/2024,17,18,2,6.287971082,606.822
bounty_madera,30/04/2024,24/04/2024 18:00,24/04/2024,18,19,2,6.280421787,460.659
bounty_madera,30/04/2024,24/04/2024 19:00,24/04/2024,19,20,2,6.278004777,450.53
bounty_madera,30/04/2024,24/04/2024 20:00,24/04/2024,20,21,2,6.268231524,441.014
bounty_madera,30/04/2024,24/04/2024 21:00,24/04/2024,21,22,2,3.119197478,448.183
bounty_madera,30/04/2024,24/04/2024 22:00,24/04/2024,22,23,2,6.149729509,466.348
bounty_madera,30/04/2024,24/04/2024 23:00,24/04/2024,23,24,2,6.157192463,489.324
bounty_madera,30/04/2024,25/04/2024 0:00,25/04/2024,0,1,3,9.862288099,490.056
bounty_madera,30/04/2024,25/04/2024 1:00,25/04/2024,1,2,3,6.146585959,459.534
bounty_madera,30/04/2024,25/04/2024 2:00,25/04/2024,2,3,3,5.940998276,457.79
bounty_madera,30/04/2024,25/04/2024 3:00,25/04/2024,3,4,3,5.439703962,457.894
bounty_madera,30/04/2024,25/04/2024 4:00,25/04/2024,4,5,3,5.253464278,458.054
bounty_madera,30/04/2024,25/04/2024 5:00,25/04/2024,5,6,3,4.443514013,460.312
bounty_madera,30/04/2024,25/04/2024 6:00,25/04/2024,6,7,3,2.898794484,503.647
bounty_madera,30/04/2024,25/04/2024 7:00,25/04/2024,7,8,3,3.014012709,551.84
bounty_madera,30/04/2024,25/04/2024 8:00,25/04/2024,8,9,3,4.26478633,560.056
bounty_madera,30/04/2024,25/04/2024 9:00,25/04/2024,9,10,3,4.056683577,582.481
bounty_madera,30/04/2024,25/04/2024 10:00,25/04/2024,10,11,3,5.247221717,590.053
bounty_madera,30/04/2024,25/04/2024 11:00,25/04/2024,11,12,3,5.260869169,572.998
bounty_madera,30/04/2024,25/04/2024 12:00,25/04/2024,12,13,3,5.09246048,581.476
bounty_madera,30/04/2024,25/04/2024 13:00,25/04/2024,13,14,3,8.413632708,598.899
bounty_madera,30/04/2024,25/04/2024 14:00,25/04/2024,14,15,3,27.2376081,589.574
bounty_madera,30/04/2024,25/04/2024 15:00,25/04/2024,15,16,3,25.95170671,586.867
bounty_madera,30/04/2024,25/04/2024 16:00,25/04/2024,16,17,3,17.00273023,588.71
bounty_madera,30/04/2024,25/04/2024 17:00,25/04/2024,17,18,3,6.56349832,565.64
bounty_madera,30/04/2024,25/04/2024 18:00,25/04/2024,18,19,3,8.498812853,528.696
bounty_madera,30/04/2024,25/04/2024 19:00,25/04/2024,19,20,3,11.92655659,497.811
bounty_madera,30/04/2024,25/04/2024 20:00,25/04/2024,20,21,3,18.75849884,483.554
bounty_madera,30/04/2024,25/04/2024 21:00,25/04/2024,21,22,3,11.76908029,492.434
bounty_madera,30/04/2024,25/04/2024 22:00,25/04/2024,22,23,3,11.78248442,464.488
bounty_madera,30/04/2024,25/04/2024 23:00,25/04/2024,23,24,3,14.0636334,503.522
bounty_madera,31/05/2024,26/04/2024 0:00,26/04/2024,0,1,4,8.217913392,493.848
bounty_madera,31/05/2024,26/04/2024 1:00,26/04/2024,1,2,4,5.287377601,464.809
bounty_madera,31/05/2024,26/04/2024 2:00,26/04/2024,2,3,4,5.165481231,459.516
bounty_madera,31/05/2024,26/04/2024 3:00,26/04/2024,3,4,4,4.847688792,451.947
bounty_madera,31/05/2024,26/04/2024 4:00,26/04/2024,4,5,4,4.884495493,464.037
bounty_madera,31/05/2024,26/04/2024 5:00,26/04/2024,5,6,4,4.758570749,479.24
bounty_madera,31/05/2024,26/04/2024 6:00,26/04/2024,6,7,4,3.183510183,498.285
bounty_madera,31/05/2024,26/04/2024 7:00,26/04/2024,7,8,4,3.413891262,537.001
bounty_madera,31/05/2024,26/04/2024 8:00,26/04/2024,8,9,4,4.772342755,542.266
bounty_madera,31/05/2024,26/04/2024 9:00,26/04/2024,9,10,4,4.887508548,598.512
bounty_madera,31/05/2024,26/04/2024 10:00,26/04/2024,10,11,4,6.618809026,609.479
bounty_madera,31/05/2024,26/04/2024 11:00,26/04/2024,11,12,4,4.884705257,570.158
bounty_madera,31/05/2024,26/04/2024 12:00,26/04/2024,12,13,4,9.337181673,581.863
bounty_madera,31/05/2024,26/04/2024 13:00,26/04/2024,13,14,4,13.35656349,613.599
bounty_madera,31/05/2024,26/04/2024 14:00,26/04/2024,14,15,4,22.00684738,607.037
bounty_madera,31/05/2024,26/04/2024 15:00,26/04/2024,15,16,4,32.91554929,603.691
bounty_madera,31/05/2024,26/04/2024 16:00,26/04/2024,16,17,4,27.00761725,629.548
bounty_madera,31/05/2024,26/04/2024 17:00,26/04/2024,17,18,4,8.931584034,601.873
bounty_madera,31/05/2024,26/04/2024 18:00,26/04/2024,18,19,4,15.20221644,564.628
bounty_madera,31/05/2024,26/04/2024 19:00,26/04/2024,19,20,4,13.79246784,547.344
bounty_madera,31/05/2024,26/04/2024 20:00,26/04/2024,20,21,4,28.90668974,510.078
bounty_madera,31/05/2024,26/04/2024 21:00,26/04/2024,21,22,4,26.38485405,505.293
bounty_madera,31/05/2024,26/04/2024 22:00,26/04/2024,22,23,4,17.91774171,489.888
bounty_madera,31/05/2024,26/04/2024 23:00,26/04/2024,23,24,4,18.56220302,509.345
bounty_madera,31/05/2024,27/04/2024 0:00,27/04/2024,0,1,5,5.701079494,503.903
bounty_madera,31/05/2024,27/04/2024 1:00,27/04/2024,1,2,5,5.748025784,469.455
bounty_madera,31/05/2024,27/04/2024 2:00,27/04/2024,2,3,5,5.296063375,450.605
bounty_madera,31/05/2024,27/04/2024 3:00,27/04/2024,3,4,5,4.941391279,434.018
bounty_madera,31/05/2024,27/04/2024 4:00,27/04/2024,4,5,5,5.005210041,416.379
bounty_madera,31/05/2024,27/04/2024 5:00,27/04/2024,5,6,5,4.650989082,446.995
bounty_madera,31/05/2024,27/04/2024 6:00,27/04/2024,6,7,5,2.463301637,477.493
bounty_madera,31/05/2024,27/04/2024 7:00,27/04/2024,7,8,5,2.503369868,526.294
bounty_madera,31/05/2024,27/04/2024 8:00,27/04/2024,8,9,5,3.306947265,555.97
bounty_madera,31/05/2024,27/04/2024 9:00,27/04/2024,9,10,5,3.475430198,586.533
bounty_madera,31/05/2024,27/04/2024 10:00,27/04/2024,10,11,5,4.28054494,595.224
bounty_madera,31/05/2024,27/04/2024 11:00,27/04/2024,11,12,5,4.076107525,584.258
bounty_madera,31/05/2024,27/04/2024 12:00,27/04/2024,12,13,5,3.361699042,576.425
bounty_madera,31/05/2024,27/04/2024 13:00,27/04/2024,13,14,5,6.360770321,610.814
bounty_madera,31/05/2024,27/04/2024 14:00,27/04/2024,14,15,5,8.677703347,616.733
bounty_madera,31/05/2024,27/04/2024 15:00,27/04/2024,15,16,5,13.58791314,599.386
bounty_madera,31/05/2024,27/04/2024 16:00,27/04/2024,16,17,5,6.908698725,584.977
bounty_madera,31/05/2024,27/04/2024 17:00,27/04/2024,17,18,5,4.888518505,581.839
bounty_madera,31/05/2024,27/04/2024 18:00,27/04/2024,18,19,5,7.807433419,538.55
bounty_madera,31/05/2024,27/04/2024 19:00,27/04/2024,19,20,5,8.998290143,519.407
bounty_madera,31/05/2024,27/04/2024 20:00,27/04/2024,20,21,5,6.287215022,490.563
bounty_madera,31/05/2024,27/04/2024 21:00,27/04/2024,21,22,5,6.263642457,492.455
bounty_madera,31/05/2024,27/04/2024 22:00,27/04/2024,22,23,5,6.244233561,494.127
bounty_madera,31/05/2024,27/04/2024 23:00,27/04/2024,23,24,5,6.073953901,512.894
bounty_madera,31/05/2024,28/04/2024 0:00,28/04/2024,0,1,6,5.44347099,498.54
bounty_madera,31/05/2024,28/04/2024 1:00,28/04/2024,1,2,6,5.498628327,465.718
bounty_madera,31/05/2024,28/04/2024 2:00,28/04/2024,2,3,6,5.693741612,459.525
bounty_madera,31/05/2024,28/04/2024 3:00,28/04/2024,3,4,6,5.125162271,460.287
bounty_madera,31/05/2024,28/04/2024 4:00,28/04/2024,4,5,6,4.789804369,478.422
bounty_madera,31/05/2024,28/04/2024 5:00,28/04/2024,5,6,6,3.884389429,504.285
bounty_madera,31/05/2024,28/04/2024 6:00,28/04/2024,6,7,6,3.087392594,515.338
bounty_madera,31/05/2024,28/04/2024 7:00,28/04/2024,7,8,6,2.848254555,552.897
bounty_madera,31/05/2024,28/04/2024 8:00,28/04/2024,8,9,6,3.320805099,557.945
bounty_madera,31/05/2024,28/04/2024 9:00,28/04/2024,9,10,6,3.662848031,597.261
bounty_madera,31/05/2024,28/04/2024 10:00,28/04/2024,10,11,6,3.754960299,607.055
bounty_madera,31/05/2024,28/04/2024 11:00,28/04/2024,11,12,6,3.844147573,583.08
bounty_madera,31/05/2024,28/04/2024 12:00,28/04/2024,12,13,6,3.808576518,594.241
bounty_madera,31/05/2024,28/04/2024 13:00,28/04/2024,13,14,6,6.727250474,611.621
bounty_madera,31/05/2024,28/04/2024 14:00,28/04/2024,14,15,6,6.130554119,593.577
bounty_madera,31/05/2024,28/04/2024 15:00,28/04/2024,15,16,6,5.728907012,573.586
bounty_madera,31/05/2024,28/04/2024 16:00,28/04/2024,16,17,6,6.190294472,581.712
bounty_madera,31/05/2024,28/04/2024 17:00,28/04/2024,17,18,6,7.681049179,577.302
bounty_madera,31/05/2024,28/04/2024 18:00,28/04/2024,18,19,6,13.33623268,560.724
bounty_madera,31/05/2024,28/04/2024 19:00,28/04/2024,19,20,6,14.34415467,547.386
bounty_madera,31/05/2024,28/04/2024 20:00,28/04/2024,20,21,6,23.27780744,533.53
bounty_madera,31/05/2024,28/04/2024 21:00,28/04/2024,21,22,6,18.84332022,527.21
bounty_madera,31/05/2024,28/04/2024 22:00,28/04/2024,22,23,6,13.7235918,531.293
bounty_madera,31/05/2024,28/04/2024 23:00,28/04/2024,23,24,6,9.574611549,535.269
bounty_madera,31/05/2024,29/04/2024 0:00,29/04/2024,0,1,0,5.464376173,526.942
bounty_madera,31/05/2024,29/04/2024 1:00,29/04/2024,1,2,0,5.29413419,506.978
bounty_madera,31/05/2024,29/04/2024 2:00,29/04/2024,2,3,0,4.380812269,492.958
bounty_madera,31/05/2024,29/04/2024 3:00,29/04/2024,3,4,0,3.803939961,480.86
bounty_madera,31/05/2024,29/04/2024 4:00,29/04/2024,4,5,0,3.882761054,489.916
bounty_madera,31/05/2024,29/04/2024 5:00,29/04/2024,5,6,0,4.2327369,517.036
bounty_madera,31/05/2024,29/04/2024 6:00,29/04/2024,6,7,0,2.843267113,540.141
bounty_madera,31/05/2024,29/04/2024 7:00,29/04/2024,7,8,0,3.68597044,541.829
bounty_madera,31/05/2024,29/04/2024 8:00,29/04/2024,8,9,0,5.169238611,559.185
bounty_madera,31/05/2024,29/04/2024 9:00,29/04/2024,9,10,0,8.555957054,590.609
bounty_madera,31/05/2024,29/04/2024 10:00,29/04/2024,10,11,0,11.47853402,604.339
bounty_madera,31/05/2024,29/04/2024 11:00,29/04/2024,11,12,0,7.12123515,583.143
bounty_madera,31/05/2024,29/04/2024 12:00,29/04/2024,12,13,0,7.27762471,603.234
bounty_madera,31/05/2024,29/04/2024 13:00,29/04/2024,13,14,0,23.87082202,608.875
bounty_madera,31/05/2024,29/04/2024 14:00,29/04/2024,14,15,0,30.90985348,603.885
bounty_madera,31/05/2024,29/04/2024 15:00,29/04/2024,15,16,0,30.97314825,607.611
bounty_madera,31/05/2024,29/04/2024 16:00,29/04/2024,16,17,0,26.17529244,619.646
bounty_madera,31/05/2024,29/04/2024 17:00,29/04/2024,17,18,0,10.52921601,606.166
bounty_madera,31/05/2024,29/04/2024 18:00,29/04/2024,18,19,0,16.32059873,537.65
bounty_madera,31/05/2024,29/04/2024 19:00,29/04/2024,19,20,0,16.78191512,553.904
bounty_madera,31/05/2024,29/04/2024 20:00,29/04/2024,20,21,0,27.56604819,528.528
bounty_madera,31/05/2024,29/04/2024 21:00,29/04/2024,21,22,0,25.79390952,532.312
bounty_madera,31/05/2024,29/04/2024 22:00,29/04/2024,22,23,0,17.32754301,529.196
bounty_madera,31/05/2024,29/04/2024 23:00,29/04/2024,23,24,0,15.99974999,540.58
bounty_madera,31/05/2024,30/04/2024 0:00,30/04/2024,0,1,1,11.39147861,509.335
bounty_madera,31/05/2024,30/04/2024 1:00,30/04/2024,1,2,1,7.433600152,485.99
bounty_madera,31/05/2024,30/04/2024 2:00,30/04/2024,2,3,1,4.643251504,465.971
bounty_madera,31/05/2024,30/04/2024 3:00,30/04/2024,3,4,1,4.497049298,465.217
bounty_madera,31/05/2024,30/04/2024 4:00,30/04/2024,4,5,1,4.649460149,478.796
bounty_madera,31/05/2024,30/04/2024 5:00,30/04/2024,5,6,1,4.341129086,488.767
bounty_madera,31/05/2024,30/04/2024 6:00,30/04/2024,6,7,1,2.782524618,512.716
bounty_madera,31/05/2024,30/04/2024 7:00,30/04/2024,7,8,1,3.617593669,538.738
bounty_madera,31/05/2024,30/04/2024 8:00,30/04/2024,8,9,1,7.033609625,561.767
bounty_madera,31/05/2024,30/04/2024 9:00,30/04/2024,9,10,1,5.702470431,599.142
bounty_madera,31/05/2024,30/04/2024 10:00,30/04/2024,10,11,1,6.46863836,606.43
bounty_madera,31/05/2024,30/04/2024 11:00,30/04/2024,11,12,1,4.434333912,580.839
bounty_madera,31/05/2024,30/04/2024 12:00,30/04/2024,12,13,1,5.366671796,578.747
bounty_madera,31/05/2024,30/04/2024 13:00,30/04/2024,13,14,1,13.36466354,600.595
bounty_madera,31/05/2024,30/04/2024 14:00,30/04/2024,14,15,1,15.19055928,599.121
bounty_madera,31/05/2024,30/04/2024 15:00,30/04/2024,15,16,1,20.62928198,594.746
bounty_madera,31/05/2024,30/04/2024 16:00,30/04/2024,16,17,1,10.42534895,609.68
bounty_madera,31/05/2024,30/04/2024 17:00,30/04/2024,17,18,1,6.207726763,602.834
bounty_madera,31/05/2024,30/04/2024 18:00,30/04/2024,18,19,1,6.087967085,572.941
bounty_madera,31/05/2024,30/04/2024 19:00,30/04/2024,19,20,1,9.232359708,531.417
bounty_madera,31/05/2024,30/04/2024 20:00,30/04/2024,20,21,1,8.264307149,497.944
bounty_madera,31/05/2024,30/04/2024 21:00,30/04/2024,21,22,1,6.211924543,508.381
bounty_madera,31/05/2024,30/04/2024 22:00,30/04/2024,22,23,1,6.176169494,507.279
bounty_madera,31/05/2024,30/04/2024 23:00,30/04/2024,23,24,1,6.159198915,517.898
bounty_madera,31/05/2024,01/05/2024 0:00,01/05/2024,0,1,2,5.713646315,504.651
bounty_madera,31/05/2024,01/05/2024 1:00,01/05/2024,1,2,2,5.434464621,481.279
bounty_madera,31/05/2024,01/05/2024 2:00,01/05/2024,2,3,2,5.427586283,477.137
bounty_madera,31/05/2024,01/05/2024 3:00,01/05/2024,3,4,2,4.093977999,470.426
bounty_madera,31/05/2024,01/05/2024 4:00,01/05/2024,4,5,2,3.870785827,472.739
bounty_madera,31/05/2024,01/05/2024 5:00,01/05/2024,5,6,2,3.455204993,474.306
bounty_madera,31/05/2024,01/05/2024 6:00,01/05/2024,6,7,2,1.845907468,512.569
bounty_madera,31/05/2024,01/05/2024 7:00,01/05/2024,7,8,2,-0.016068099,549.083
bounty_madera,31/05/2024,01/05/2024 8:00,01/05/2024,8,9,2,1.883568688,584.541
bounty_madera,31/05/2024,01/05/2024 9:00,01/05/2024,9,10,2,1.870292729,627.976
bounty_madera,31/05/2024,01/05/2024 10:00,01/05/2024,10,11,2,3.257035415,633.581
bounty_madera,31/05/2024,01/05/2024 11:00,01/05/2024,11,12,2,2.980538016,605.929
bounty_madera,31/05/2024,01/05/2024 12:00,01/05/2024,12,13,2,2.903190466,620.826
bounty_madera,31/05/2024,01/05/2024 13:00,01/05/2024,13,14,2,3.775743598,650.668
bounty_madera,31/05/2024,01/05/2024 14:00,01/05/2024,14,15,2,4.238200432,655.342
bounty_madera,31/05/2024,01/05/2024 15:00,01/05/2024,15,16,2,3.690877289,635.591
bounty_madera,31/05/2024,01/05/2024 16:00,01/05/2024,16,17,2,3.804259149,641.256
bounty_madera,31/05/2024,01/05/2024 17:00,01/05/2024,17,18,2,3.527578319,634.237
bounty_madera,31/05/2024,01/05/2024 18:00,01/05/2024,18,19,2,6.776018425,601.007
bounty_madera,31/05/2024,01/05/2024 19:00,01/05/2024,19,20,2,4.436928731,569.818
bounty_madera,31/05/2024,01/05/2024 20:00,01/05/2024,20,21,2,7.148739737,535.012
bounty_madera,31/05/2024,01/05/2024 21:00,01/05/2024,21,22,2,6.377226393,540.166
bounty_madera,31/05/2024,01/05/2024 22:00,01/05/2024,22,23,2,5.208605611,553.544
bounty_madera,31/05/2024,01/05/2024 23:00,01/05/2024,23,24,2,5.738298265,563.359
bounty_madera,31/05/2024,02/05/2024 0:00,02/05/2024,0,1,3,4.819453393,536.395
bounty_madera,31/05/2024,02/05/2024 1:00,02/05/2024,1,2,3,5.858518065,503.866
bounty_madera,31/05/2024,02/05/2024 2:00,02/05/2024,2,3,3,4.634027654,498.797
bounty_madera,31/05/2024,02/05/2024 3:00,02/05/2024,3,4,3,4.218631672,496.892
bounty_madera,31/05/2024,02/05/2024 4:00,02/05/2024,4,5,3,3.909499772,498.654
bounty_madera,31/05/2024,02/05/2024 5:00,02/05/2024,5,6,3,3.804728736,511.827
bounty_madera,31/05/2024,02/05/2024 6:00,02/05/2024,6,7,3,2.490729737,528.301
bounty_madera,31/05/2024,02/05/2024 7:00,02/05/2024,7,8,3,2.822716097,558.621
bounty_madera,31/05/2024,02/05/2024 8:00,02/05/2024,8,9,3,5.205293786,580.272
bounty_madera,31/05/2024,02/05/2024 9:00,02/05/2024,9,10,3,5.956844359,621.914
bounty_madera,31/05/2024,02/05/2024 10:00,02/05/2024,10,11,3,7.892388164,639.08
bounty_madera,31/05/2024,02/05/2024 11:00,02/05/2024,11,12,3,3.900569542,622.46
bounty_madera,31/05/2024,02/05/2024 12:00,02/05/2024,12,13,3,4.494701541,625.745
bounty_madera,31/05/2024,02/05/2024 13:00,02/05/2024,13,14,3,14.19044817,654.201
bounty_madera,31/05/2024,02/05/2024 14:00,02/05/2024,14,15,3,17.96144067,650.228
bounty_madera,31/05/2024,02/05/2024 15:00,02/05/2024,15,16,3,23.37928028,621.966
bounty_madera,31/05/2024,02/05/2024 16:00,02/05/2024,16,17,3,12.51637975,643.77
bounty_madera,31/05/2024,02/05/2024 17:00,02/05/2024,17,18,3,7.996478565,620.617
bounty_madera,31/05/2024,02/05/2024 18:00,02/05/2024,18,19,3,8.081080575,571.303
bounty_madera,31/05/2024,02/05/2024 19:00,02/05/2024,19,20,3,6.562986783,522.502
bounty_madera,31/05/2024,02/05/2024 20:00,02/05/2024,20,21,3,10.04644754,491.212
bounty_madera,31/05/2024,02/05/2024 21:00,02/05/2024,21,22,3,14.07529579,486.35
bounty_madera,31/05/2024,02/05/2024 22:00,02/05/2024,22,23,3,8.462622877,497.44
bounty_madera,31/05/2024,02/05/2024 23:00,02/05/2024,23,24,3,6.694705384,523.185
bounty_madera,31/05/2024,03/05/2024 0:00,03/05/2024,0,1,4,5.562002754,492.363
bounty_madera,31/05/2024,03/05/2024 1:00,03/05/2024,1,2,4,4.476420872,422.949
bounty_madera,31/05/2024,03/05/2024 2:00,03/05/2024,2,3,4,4.174748376,411.881
bounty_madera,31/05/2024,03/05/2024 3:00,03/05/2024,3,4,4,3.971666922,402.528
bounty_madera,31/05/2024,03/05/2024 4:00,03/05/2024,4,5,4,4.166091046,412.786
bounty_madera,31/05/2024,03/05/2024 5:00,03/05/2024,5,6,4,4.045824764,432.109
bounty_madera,31/05/2024,03/05/2024 6:00,03/05/2024,6,7,4,2.36545302,468.011
bounty_madera,31/05/2024,03/05/2024 7:00,03/05/2024,7,8,4,3.162201388,530.033
bounty_madera,31/05/2024,03/05/2024 8:00,03/05/2024,8,9,4,2.97101434,569.536
bounty_madera,31/05/2024,03/05/2024 9:00,03/05/2024,9,10,4,3.375469407,629.776
bounty_madera,31/05/2024,03/05/2024 10:00,03/05/2024,10,11,4,4.247911626,636.544
bounty_madera,31/05/2024,03/05/2024 11:00,03/05/2024,11,12,4,3.992350474,616.463
bounty_madera,31/05/2024,03/05/2024 12:00,03/05/2024,12,13,4,3.861127249,621.945
bounty_madera,31/05/2024,03/05/2024 13:00,03/05/2024,13,14,4,9.303102648,635.679
bounty_madera,31/05/2024,03/05/2024 14:00,03/05/2024,14,15,4,11.40239028,649.271
bounty_madera,31/05/2024,03/05/2024 15:00,03/05/2024,15,16,4,19.67526551,636.119
bounty_madera,31/05/2024,03/05/2024 16:00,03/05/2024,16,17,4,13.49120505,627.898
bounty_madera,31/05/2024,03/05/2024 17:00,03/05/2024,17,18,4,4.557512993,607.93
bounty_madera,31/05/2024,03/05/2024 18:00,03/05/2024,18,19,4,6.582028238,564.729
bounty_madera,31/05/2024,03/05/2024 19:00,03/05/2024,19,20,4,5.431172135,518.572
bounty_madera,31/05/2024,03/05/2024 20:00,03/05/2024,20,21,4,11.82143833,487.335
bounty_madera,31/05/2024,03/05/2024 21:00,03/05/2024,21,22,4,7.955969201,482.143
bounty_madera,31/05/2024,03/05/2024 22:00,03/05/2024,22,23,4,5.064945861,497.772
bounty_madera,31/05/2024,03/05/2024 23:00,03/05/2024,23,24,4,7.103914875,533.757
bounty_madera,31/05/2024,04/05/2024 0:00,04/05/2024,0,1,5,5.429235432,540.654
bounty_madera,31/05/2024,04/05/2024 1:00,04/05/2024,1,2,5,5.119402373,508.837
bounty_madera,31/05/2024,04/05/2024 2:00,04/05/2024,2,3,5,3.936855073,486.468
bounty_madera,31/05/2024,04/05/2024 3:00,04/05/2024,3,4,5,3.797938676,458.676
bounty_madera,31/05/2024,04/05/2024 4:00,04/05/2024,4,5,5,3.705625197,421.78
bounty_madera,31/05/2024,04/05/2024 5:00,04/05/2024,5,6,5,4.267930404,425.183
bounty_madera,31/05/2024,04/05/2024 6:00,04/05/2024,6,7,5,1.378010467,477.881
bounty_madera,31/05/2024,04/05/2024 7:00,04/05/2024,7,8,5,2.932055801,545.753
bounty_madera,31/05/2024,04/05/2024 8:00,04/05/2024,8,9,5,3.019189706,579.778
bounty_madera,31/05/2024,04/05/2024 9:00,04/05/2024,9,10,5,2.600588993,619.336
bounty_madera,31/05/2024,04/05/2024 10:00,04/05/2024,10,11,5,3.417568871,614.259
bounty_madera,31/05/2024,04/05/2024 11:00,04/05/2024,11,12,5,3.706867124,574.69
bounty_madera,31/05/2024,04/05/2024 12:00,04/05/2024,12,13,5,7.044214179,602.895
bounty_madera,31/05/2024,04/05/2024 13:00,04/05/2024,13,14,5,11.63596321,617.658
bounty_madera,31/05/2024,04/05/2024 14:00,04/05/2024,14,15,5,7.044156164,611.772
bounty_madera,31/05/2024,04/05/2024 15:00,04/05/2024,15,16,5,7.937312045,614.834
bounty_madera,31/05/2024,04/05/2024 16:00,04/05/2024,16,17,5,8.350772149,607.618
bounty_madera,31/05/2024,04/05/2024 17:00,04/05/2024,17,18,5,5.034143236,601.272
bounty_madera,31/05/2024,04/05/2024 18:00,04/05/2024,18,19,5,7.013526887,580.647
bounty_madera,31/05/2024,04/05/2024 19:00,04/05/2024,19,20,5,5.352997116,543.032
bounty_madera,31/05/2024,04/05/2024 20:00,04/05/2024,20,21,5,9.016415032,505.973
bounty_madera,31/05/2024,04/05/2024 21:00,04/05/2024,21,22,5,7.575426378,483.462
bounty_madera,31/05/2024,04/05/2024 22:00,04/05/2024,22,23,5,5.435359768,500.152
bounty_madera,31/05/2024,04/05/2024 23:00,04/05/2024,23,24,5,5.722050344,544.113
bounty_madera,31/05/2024,05/05/2024 0:00,05/05/2024,0,1,6,5.782003176,531.825
bounty_madera,31/05/2024,05/05/2024 1:00,05/05/2024,1,2,6,5.913531596,480.946
bounty_madera,31/05/2024,05/05/2024 2:00,05/05/2024,2,3,6,4.871642979,446.145
bounty_madera,31/05/2024,05/05/2024 3:00,05/05/2024,3,4,6,4.454298751,412.739
bounty_madera,31/05/2024,05/05/2024 4:00,05/05/2024,4,5,6,4.021743142,392.764
bounty_madera,31/05/2024,05/05/2024 5:00,05/05/2024,5,6,6,3.745272508,384.023
bounty_madera,31/05/2024,05/05/2024 6:00,05/05/2024,6,7,6,3.207152972,438.392
bounty_madera,31/05/2024,05/05/2024 7:00,05/05/2024,7,8,6,2.234313148,524.5
bounty_madera,31/05/2024,05/05/2024 8:00,05/05/2024,8,9,6,2.167841406,563.637
bounty_madera,31/05/2024,05/05/2024 9:00,05/05/2024,9,10,6,3.454284671,615.341
bounty_madera,31/05/2024,05/05/2024 10:00,05/05/2024,10,11,6,3.425833567,611.444
bounty_madera,31/05/2024,05/05/2024 11:00,05/05/2024,11,12,6,3.282502785,604.976
bounty_madera,31/05/2024,05/05/2024 12:00,05/05/2024,12,13,6,3.289080291,620.541
bounty_madera,31/05/2024,05/05/2024 13:00,05/05/2024,13,14,6,3.645086677,627.031
bounty_madera,31/05/2024,05/05/2024 14:00,05/05/2024,14,15,6,6.018204589,634.948
bounty_madera,31/05/2024,05/05/2024 15:00,05/05/2024,15,16,6,5.849118098,625.386
bounty_madera,31/05/2024,05/05/2024 16:00,05/05/2024,16,17,6,4.459669138,624.59
bounty_madera,31/05/2024,05/05/2024 17:00,05/05/2024,17,18,6,3.895112212,621.197
bounty_madera,31/05/2024,05/05/2024 18:00,05/05/2024,18,19,6,7.495446714,568.424
bounty_madera,31/05/2024,05/05/2024 19:00,05/05/2024,19,20,6,5.180314309,541.976
bounty_madera,31/05/2024,05/05/2024 20:00,05/05/2024,20,21,6,7.936426182,511.756
bounty_madera,31/05/2024,05/05/2024 21:00,05/05/2024,21,22,6,10.09236395,516.81
bounty_madera,31/05/2024,05/05/2024 22:00,05/05/2024,22,23,6,7.921376184,515.223
bounty_madera,31/05/2024,05/05/2024 23:00,05/05/2024,23,24,6,5.071854251,529.334
bounty_madera,31/05/2024,06/05/2024 0:00,06/05/2024,0,1,0,6.804791305,518.739
bounty_madera,31/05/2024,06/05/2024 1:00,06/05/2024,1,2,0,5.03213508,486.932
bounty_madera,31/05/2024,06/05/2024 2:00,06/05/2024,2,3,0,4.990309416,465.114
bounty_madera,31/05/2024,06/05/2024 3:00,06/05/2024,3,4,0,4.502704261,454.256
bounty_madera,31/05/2024,06/05/2024 4:00,06/05/2024,4,5,0,4.056208648,438.744
bounty_madera,31/05/2024,06/05/2024 5:00,06/05/2024,5,6,0,4.056551915,450.834
bounty_madera,31/05/2024,06/05/2024 6:00,06/05/2024,6,7,0,2.97611848,526.239
bounty_madera,31/05/2024,06/05/2024 7:00,06/05/2024,7,8,0,2.982553303,559.466
bounty_madera,31/05/2024,06/05/2024 8:00,06/05/2024,8,9,0,3.573394462,601.053
bounty_madera,31/05/2024,06/05/2024 9:00,06/05/2024,9,10,0,4.398188417,627.493
bounty_madera,31/05/2024,06/05/2024 10:00,06/05/2024,10,11,0,8.540611916,646.881
bounty_madera,31/05/2024,06/05/2024 11:00,06/05/2024,11,12,0,4.727656659,607.579
bounty_madera,31/05/2024,06/05/2024 12:00,06/05/2024,12,13,0,5.197115624,603.897
bounty_madera,31/05/2024,06/05/2024 13:00,06/05/2024,13,14,0,16.75520775,639.846
bounty_madera,31/05/2024,06/05/2024 14:00,06/05/2024,14,15,0,21.21209589,632.949
bounty_madera,31/05/2024,06/05/2024 15:00,06/05/2024,15,16,0,30.93878877,621.177
bounty_madera,31/05/2024,06/05/2024 16:00,06/05/2024,16,17,0,27.54893746,641.109
bounty_madera,31/05/2024,06/05/2024 17:00,06/05/2024,17,18,0,13.06777239,646.73
bounty_madera,31/05/2024,06/05/2024 18:00,06/05/2024,18,19,0,16.00700573,613.146
bounty_madera,31/05/2024,06/05/2024 19:00,06/05/2024,19,20,0,16.85798651,574.111
bounty_madera,31/05/2024,06/05/2024 20:00,06/05/2024,20,21,0,21.47828617,553.363
bounty_madera,31/05/2024,06/05/2024 21:00,06/05/2024,21,22,0,16.8378501,528.524
bounty_madera,31/05/2024,06/05/2024 22:00,06/05/2024,22,23,0,17.78483664,516.155
bounty_madera,31/05/2024,06/05/2024 23:00,06/05/2024,23,24,0,14.04823405,542.958
bounty_madera,31/05/2024,07/05/2024 0:00,07/05/2024,0,1,1,5.698637417,526.109
bounty_madera,31/05/2024,07/05/2024 1:00,07/05/2024,1,2,1,6.319702569,507.583
bounty_madera,31/05/2024,07/05/2024 2:00,07/05/2024,2,3,1,5.180994293,495.805
bounty_madera,31/05/2024,07/05/2024 3:00,07/05/2024,3,4,1,5.046067961,489.854
bounty_madera,31/05/2024,07/05/2024 4:00,07/05/2024,4,5,1,5.11130962,508.6
bounty_madera,31/05/2024,07/05/2024 5:00,07/05/2024,5,6,1,4.818393105,535.277
bounty_madera,31/05/2024,07/05/2024 6:00,07/05/2024,6,7,1,3.250193009,529.974
bounty_madera,31/05/2024,07/05/2024 7:00,07/05/2024,7,8,1,3.357607926,561.2
bounty_madera,31/05/2024,07/05/2024 8:00,07/05/2024,8,9,1,4.503273905,582.72
bounty_madera,31/05/2024,07/05/2024 9:00,07/05/2024,9,10,1,5.482034229,607.316
bounty_madera,31/05/2024,07/05/2024 10:00,07/05/2024,10,11,1,5.739233603,617.619
bounty_madera,31/05/2024,07/05/2024 11:00,07/05/2024,11,12,1,4.139054087,596.358
bounty_madera,31/05/2024,07/05/2024 12:00,07/05/2024,12,13,1,4.823704423,620.314
bounty_madera,31/05/2024,07/05/2024 13:00,07/05/2024,13,14,1,12.73489543,644.802
bounty_madera,31/05/2024,07/05/2024 14:00,07/05/2024,14,15,1,12.94190473,633.673
bounty_madera,31/05/2024,07/05/2024 15:00,07/05/2024,15,16,1,15.8792441,618.449
bounty_madera,31/05/2024,07/05/2024 16:00,07/05/2024,16,17,1,14.45234357,622.096
bounty_madera,31/05/2024,07/05/2024 17:00,07/05/2024,17,18,1,5.159641049,618.817
bounty_madera,31/05/2024,07/05/2024 18:00,07/05/2024,18,19,1,10.41948684,593.334
bounty_madera,31/05/2024,07/05/2024 19:00,07/05/2024,19,20,1,8.818151401,569.34
bounty_madera,31/05/2024,07/05/2024 20:00,07/05/2024,20,21,1,12.61813483,490.862
bounty_madera,31/05/2024,07/05/2024 21:00,07/05/2024,21,22,1,10.2235767,452.772
bounty_madera,31/05/2024,07/05/2024 22:00,07/05/2024,22,23,1,6.408333038,467.179
bounty_madera,31/05/2024,07/05/2024 23:00,07/05/2024,23,24,1,7.139084771,530.349
bounty_madera,31/05/2024,08/05/2024 0:00,08/05/2024,0,1,2,5.525597965,521.195
bounty_madera,31/05/2024,08/05/2024 1:00,08/05/2024,1,2,2,5.241955917,461.953
bounty_madera,31/05/2024,08/05/2024 2:00,08/05/2024,2,3,2,4.611054297,447.308
bounty_madera,31/05/2024,08/05/2024 3:00,08/05/2024,3,4,2,4.245894515,406.376
bounty_madera,31/05/2024,08/05/2024 4:00,08/05/2024,4,5,2,4.367876733,388.291
bounty_madera,31/05/2024,08/05/2024 5:00,08/05/2024,5,6,2,5.181065305,417.565
bounty_madera,31/05/2024,08/05/2024 6:00,08/05/2024,6,7,2,3.317939224,488.569
bounty_madera,31/05/2024,08/05/2024 7:00,08/05/2024,7,8,2,3.739129058,540.956
bounty_madera,31/05/2024,08/05/2024 8:00,08/05/2024,8,9,2,4.031681941,559.839
bounty_madera,31/05/2024,08/05/2024 9:00,08/05/2024,9,10,2,4.171833539,622.152
bounty_madera,31/05/2024,08/05/2024 10:00,08/05/2024,10,11,2,5.577154911,614.763
bounty_madera,31/05/2024,08/05/2024 11:00,08/05/2024,11,12,2,9.440771619,591.696
bounty_madera,31/05/2024,08/05/2024 12:00,08/05/2024,12,13,2,4.470063571,600.234
bounty_madera,31/05/2024,08/05/2024 13:00,08/05/2024,13,14,2,15.66932257,626.425
bounty_madera,31/05/2024,08/05/2024 14:00,08/05/2024,14,15,2,16.18669743,620.081
bounty_madera,31/05/2024,08/05/2024 15:00,08/05/2024,15,16,2,15.32546534,624.919
bounty_madera,31/05/2024,08/05/2024 16:00,08/05/2024,16,17,2,12.20914061,631.962
bounty_madera,31/05/2024,08/05/2024 17:00,08/05/2024,17,18,2,4.549549265,625.733
bounty_madera,31/05/2024,08/05/2024 18:00,08/05/2024,18,19,2,6.511249602,599.034
bounty_madera,31/05/2024,08/05/2024 19:00,08/05/2024,19,20,2,6.151331324,561.608
bounty_madera,31/05/2024,08/05/2024 20:00,08/05/2024,20,21,2,7.694846473,505.073
bounty_madera,31/05/2024,08/05/2024 21:00,08/05/2024,21,22,2,11.23336427,493.693
bounty_madera,31/05/2024,08/05/2024 22:00,08/05/2024,22,23,2,8.028372841,507.342
bounty_madera,31/05/2024,08/05/2024 23:00,08/05/2024,23,24,2,7.065047039,517.922
bounty_madera,31/05/2024,09/05/2024 0:00,09/05/2024,0,1,3,5.705375833,521.342
bounty_madera,31/05/2024,09/05/2024 1:00,09/05/2024,1,2,3,5.943209866,504.924
bounty_madera,31/05/2024,09/05/2024 2:00,09/05/2024,2,3,3,4.913239358,483.559
bounty_madera,31/05/2024,09/05/2024 3:00,09/05/2024,3,4,3,4.885613157,461.243
bounty_madera,31/05/2024,09/05/2024 4:00,09/05/2024,4,5,3,4.504041101,458.489
bounty_madera,31/05/2024,09/05/2024 5:00,09/05/2024,5,6,3,4.385453632,483.983
bounty_madera,31/05/2024,09/05/2024 6:00,09/05/2024,6,7,3,3.656771899,530.712
bounty_madera,31/05/2024,09/05/2024 7:00,09/05/2024,7,8,3,3.342864747,545.875
bounty_madera,31/05/2024,09/05/2024 8:00,09/05/2024,8,9,3,3.598339603,557.749
bounty_madera,31/05/2024,09/05/2024 9:00,09/05/2024,9,10,3,3.379014936,609.798
bounty_madera,31/05/2024,09/05/2024 10:00,09/05/2024,10,11,3,4.224536664,623.591
bounty_madera,31/05/2024,09/05/2024 11:00,09/05/2024,11,12,3,4.175465926,594.289
bounty_madera,31/05/2024,09/05/2024 12:00,09/05/2024,12,13,3,4.834863086,600.646
bounty_madera,31/05/2024,09/05/2024 13:00,09/05/2024,13,14,3,13.49397086,632.5
bounty_madera,31/05/2024,09/05/2024 14:00,09/05/2024,14,15,3,19.49532894,619.703
bounty_madera,31/05/2024,09/05/2024 15:00,09/05/2024,15,16,3,16.37359426,582.493
bounty_madera,31/05/2024,09/05/2024 16:00,09/05/2024,16,17,3,11.30807383,622.672
bounty_madera,31/05/2024,09/05/2024 17:00,09/05/2024,17,18,3,5.057477599,597.184
bounty_madera,31/05/2024,09/05/2024 18:00,09/05/2024,18,19,3,7.589936013,558.769
bounty_madera,31/05/2024,09/05/2024 19:00,09/05/2024,19,20,3,5.624822916,528.903
bounty_madera,31/05/2024,09/05/2024 20:00,09/05/2024,20,21,3,10.63397654,500.341
bounty_madera,31/05/2024,09/05/2024 21:00,09/05/2024,21,22,3,8.182153171,491.566
bounty_madera,31/05/2024,09/05/2024 22:00,09/05/2024,22,23,3,5.879666014,489.813
bounty_madera,31/05/2024,09/05/2024 23:00,09/05/2024,23,24,3,5.043927863,532.139
bounty_madera,31/05/2024,10/05/2024 0:00,10/05/2024,0,1,4,5.571156197,515.89
bounty_madera,31/05/2024,10/05/2024 1:00,10/05/2024,1,2,4,4.857253786,498.192
bounty_madera,31/05/2024,10/05/2024 2:00,10/05/2024,2,3,4,4.393022387,499.265
bounty_madera,31/05/2024,10/05/2024 3:00,10/05/2024,3,4,4,4.26113939,500.058
bounty_madera,31/05/2024,10/05/2024 4:00,10/05/2024,4,5,4,4.359398068,500.38
bounty_madera,31/05/2024,10/05/2024 5:00,10/05/2024,5,6,4,4.160067191,507.412
bounty_madera,31/05/2024,10/05/2024 6:00,10/05/2024,6,7,4,2.95207585,518.765
bounty_madera,31/05/2024,10/05/2024 7:00,10/05/2024,7,8,4,2.571235977,548.708
bounty_madera,31/05/2024,10/05/2024 8:00,10/05/2024,8,9,4,3.221883198,547.774
bounty_madera,31/05/2024,10/05/2024 9:00,10/05/2024,9,10,4,3.271744161,578.873
bounty_madera,31/05/2024,10/05/2024 10:00,10/05/2024,10,11,4,3.946875043,609.764
bounty_madera,31/05/2024,10/05/2024 11:00,10/05/2024,11,12,4,3.735905811,576.744
bounty_madera,31/05/2024,10/05/2024 12:00,10/05/2024,12,13,4,3.954596726,596.342
bounty_madera,31/05/2024,10/05/2024 13:00,10/05/2024,13,14,4,8.302132587,610.761
bounty_madera,31/05/2024,10/05/2024 14:00,10/05/2024,14,15,4,10.70659663,602.879
bounty_madera,31/05/2024,10/05/2024 15:00,10/05/2024,15,16,4,11.95471964,610.826
bounty_madera,31/05/2024,10/05/2024 16:00,10/05/2024,16,17,4,8.434147414,614.938
bounty_madera,31/05/2024,10/05/2024 17:00,10/05/2024,17,18,4,4.219171559,592.124
bounty_madera,31/05/2024,10/05/2024 18:00,10/05/2024,18,19,4,5.058206723,543.463
bounty_madera,31/05/2024,10/05/2024 19:00,10/05/2024,19,20,4,4.717752151,511.769
bounty_madera,31/05/2024,10/05/2024 20:00,10/05/2024,20,21,4,10.50571645,488.935
bounty_madera,31/05/2024,10/05/2024 21:00,10/05/2024,21,22,4,11.80269931,480.018
bounty_madera,31/05/2024,10/05/2024 22:00,10/05/2024,22,23,4,8.138509206,475.117
bounty_madera,31/05/2024,10/05/2024 23:00,10/05/2024,23,24,4,5.290787666,517.423
bounty_madera,31/05/2024,11/05/2024 0:00,11/05/2024,0,1,5,10.39612326,524.547
bounty_madera,31/05/2024,11/05/2024 1:00,11/05/2024,1,2,5,4.916176954,503.921
bounty_madera,31/05/2024,11/05/2024 2:00,11/05/2024,2,3,5,6.389297365,498.633
bounty_madera,31/05/2024,11/05/2024 3:00,11/05/2024,3,4,5,4.964314508,479.529
bounty_madera,31/05/2024,11/05/2024 4:00,11/05/2024,4,5,5,4.44903064,480.631
bounty_madera,31/05/2024,11/05/2024 5:00,11/05/2024,5,6,5,4.070244683,501.568
bounty_madera,31/05/2024,11/05/2024 6:00,11/05/2024,6,7,5,3.199024782,521.027
bounty_madera,31/05/2024,11/05/2024 7:00,11/05/2024,7,8,5,3.147492675,559.356
bounty_madera,31/05/2024,11/05/2024 8:00,11/05/2024,8,9,5,2.618047066,585.909
bounty_madera,31/05/2024,11/05/2024 9:00,11/05/2024,9,10,5,4.029264177,603.875
bounty_madera,31/05/2024,11/05/2024 10:00,11/05/2024,10,11,5,4.036123526,614.337
bounty_madera,31/05/2024,11/05/2024 11:00,11/05/2024,11,12,5,4.128189626,582.385
bounty_madera,31/05/2024,11/05/2024 12:00,11/05/2024,12,13,5,3.436958023,587.644
bounty_madera,31/05/2024,11/05/2024 13:00,11/05/2024,13,14,5,7.14297626,612.99
bounty_madera,31/05/2024,11/05/2024 14:00,11/05/2024,14,15,5,8.041630236,603.385
bounty_madera,31/05/2024,11/05/2024 15:00,11/05/2024,15,16,5,9.082546262,604.993
bounty_madera,31/05/2024,11/05/2024 16:00,11/05/2024,16,17,5,8.533615122,576.215
bounty_madera,31/05/2024,11/05/2024 17:00,11/05/2024,17,18,5,5.698088561,560.453
bounty_madera,31/05/2024,11/05/2024 18:00,11/05/2024,18,19,5,11.77163023,543.069
bounty_madera,31/05/2024,11/05/2024 19:00,11/05/2024,19,20,5,12.19568451,520.545
bounty_madera,31/05/2024,11/05/2024 20:00,11/05/2024,20,21,5,12.26701936,502.562
bounty_madera,31/05/2024,11/05/2024 21:00,11/05/2024,21,22,5,14.94269823,507.919
bounty_madera,31/05/2024,11/05/2024 22:00,11/05/2024,22,23,5,7.832793222,513.397
bounty_madera,31/05/2024,11/05/2024 23:00,11/05/2024,23,24,5,6.415825286,526.231
bounty_madera,31/05/2024,12/05/2024 0:00,12/05/2024,0,1,6,5.209590363,504.135
bounty_madera,31/05/2024,12/05/2024 1:00,12/05/2024,1,2,6,5.914251132,475.122
bounty_madera,31/05/2024,12/05/2024 2:00,12/05/2024,2,3,6,6.547685097,439.126
bounty_madera,31/05/2024,12/05/2024 3:00,12/05/2024,3,4,6,4.483875629,412.211
bounty_madera,31/05/2024,12/05/2024 4:00,12/05/2024,4,5,6,5.125531192,411.598
bounty_madera,31/05/2024,12/05/2024 5:00,12/05/2024,5,6,6,4.000666666,428.547
bounty_madera,31/05/2024,12/05/2024 6:00,12/05/2024,6,7,6,2.79094628,496.2
bounty_madera,31/05/2024,12/05/2024 7:00,12/05/2024,7,8,6,2.706798219,555.009
bounty_madera,31/05/2024,12/05/2024 8:00,12/05/2024,8,9,6,3.312753798,578.587
bounty_madera,31/05/2024,12/05/2024 9:00,12/05/2024,9,10,6,3.445451199,624.11
bounty_madera,31/05/2024,12/05/2024 10:00,12/05/2024,10,11,6,2.838994506,624.25
bounty_madera,31/05/2024,12/05/2024 11:00,12/05/2024,11,12,6,2.933286011,604.828
bounty_madera,31/05/2024,12/05/2024 12:00,12/05/2024,12,13,6,3.085804446,621.031
bounty_madera,31/05/2024,12/05/2024 13:00,12/05/2024,13,14,6,3.693766483,645.376
bounty_madera,31/05/2024,12/05/2024 14:00,12/05/2024,14,15,6,4.279268785,640.299
bounty_madera,31/05/2024,12/05/2024 15:00,12/05/2024,15,16,6,5.179737322,643.071
bounty_madera,31/05/2024,12/05/2024 16:00,12/05/2024,16,17,6,5.585397999,638.609
bounty_madera,31/05/2024,12/05/2024 17:00,12/05/2024,17,18,6,5.676601848,634.02
bounty_madera,31/05/2024,12/05/2024 18:00,12/05/2024,18,19,6,8.969373567,605.332
bounty_madera,31/05/2024,12/05/2024 19:00,12/05/2024,19,20,6,11.73447173,599.121
bounty_madera,31/05/2024,12/05/2024 20:00,12/05/2024,20,21,6,18.92058328,580.544
bounty_madera,31/05/2024,12/05/2024 21:00,12/05/2024,21,22,6,17.6560302,567.142
bounty_madera,31/05/2024,12/05/2024 22:00,12/05/2024,22,23,6,16.56671374,550.174
bounty_madera,31/05/2024,12/05/2024 23:00,12/05/2024,23,24,6,20.59884695,558.94
bounty_madera,31/05/2024,13/05/2024 0:00,13/05/2024,0,1,0,15.57634009,545.419
bounty_madera,31/05/2024,13/05/2024 1:00,13/05/2024,1,2,0,5.617886577,518.468
bounty_madera,31/05/2024,13/05/2024 2:00,13/05/2024,2,3,0,4.90153285,507.62
bounty_madera,31/05/2024,13/05/2024 3:00,13/05/2024,3,4,0,4.513411419,510.729
bounty_madera,31/05/2024,13/05/2024 4:00,13/05/2024,4,5,0,4.326319295,528.957
bounty_madera,31/05/2024,13/05/2024 5:00,13/05/2024,5,6,0,4.229338189,545.936
bounty_madera,31/05/2024,13/05/2024 6:00,13/05/2024,6,7,0,3.563620237,572.501
bounty_madera,31/05/2024,13/05/2024 7:00,13/05/2024,7,8,0,4.091859044,599.841
bounty_madera,31/05/2024,13/05/2024 8:00,13/05/2024,8,9,0,10.44008862,614.632
bounty_madera,31/05/2024,13/05/2024 9:00,13/05/2024,9,10,0,9.331824394,631.219
bounty_madera,31/05/2024,13/05/2024 10:00,13/05/2024,10,11,0,13.85271323,651.81
bounty_madera,31/05/2024,13/05/2024 11:00,13/05/2024,11,12,0,13.13364645,619.185
bounty_madera,31/05/2024,13/05/2024 12:00,13/05/2024,12,13,0,16.21120979,627.329
bounty_madera,31/05/2024,13/05/2024 13:00,13/05/2024,13,14,0,30.3175,644.101
bounty_madera,31/05/2024,13/05/2024 14:00,13/05/2024,14,15,0,78.8070753,635.415
bounty_madera,31/05/2024,13/05/2024 15:00,13/05/2024,15,16,0,35.72466519,642.523
bounty_madera,31/05/2024,13/05/2024 16:00,13/05/2024,16,17,0,38.9427227,649.71
bounty_madera,31/05/2024,13/05/2024 17:00,13/05/2024,17,18,0,6.734126708,636.35
bounty_madera,31/05/2024,13/05/2024 18:00,13/05/2024,18,19,0,6.259601397,591.619
bounty_madera,31/05/2024,13/05/2024 19:00,13/05/2024,19,20,0,6.261697649,542.709
bounty_madera,31/05/2024,13/05/2024 20:00,13/05/2024,20,21,0,6.266911539,527.994
bounty_madera,31/05/2024,13/05/2024 21:00,13/05/2024,21,22,0,12.76272771,517.816
bounty_madera,31/05/2024,13/05/2024 22:00,13/05/2024,22,23,0,6.260133861,534.024
bounty_madera,31/05/2024,13/05/2024 23:00,13/05/2024,23,24,0,8.291785127,544.639
bounty_madera,31/05/2024,14/05/2024 0:00,14/05/2024,0,1,1,4.865802996,519.132
bounty_madera,31/05/2024,14/05/2024 1:00,14/05/2024,1,2,1,4.503651627,485.049
bounty_madera,31/05/2024,14/05/2024 2:00,14/05/2024,2,3,1,4.390832318,470.636
bounty_madera,31/05/2024,14/05/2024 3:00,14/05/2024,3,4,1,4.344239929,451.073
bounty_madera,31/05/2024,14/05/2024 4:00,14/05/2024,4,5,1,4.262375205,477.927
bounty_madera,31/05/2024,14/05/2024 5:00,14/05/2024,5,6,1,4.17419532,492.399
bounty_madera,31/05/2024,14/05/2024 6:00,14/05/2024,6,7,1,3.068408252,531.758
bounty_madera,31/05/2024,14/05/2024 7:00,14/05/2024,7,8,1,3.747427333,549.112
bounty_madera,31/05/2024,14/05/2024 8:00,14/05/2024,8,9,1,3.89524898,560.918
bounty_madera,31/05/2024,14/05/2024 9:00,14/05/2024,9,10,1,3.708819901,619.14
bounty_madera,31/05/2024,14/05/2024 10:00,14/05/2024,10,11,1,5.004163716,633.765
bounty_madera,31/05/2024,14/05/2024 11:00,14/05/2024,11,12,1,5.555828063,605.999
bounty_madera,31/05/2024,14/05/2024 12:00,14/05/2024,12,13,1,5.303318052,619.908
bounty_madera,31/05/2024,14/05/2024 13:00,14/05/2024,13,14,1,6.265353714,642.02
bounty_madera,31/05/2024,14/05/2024 14:00,14/05/2024,14,15,1,6.263627909,642.357
bounty_madera,31/05/2024,14/05/2024 15:00,14/05/2024,15,16,1,10.53789598,592.781
bounty_madera,31/05/2024,14/05/2024 16:00,14/05/2024,16,17,1,6.261200715,586.404
bounty_madera,31/05/2024,14/05/2024 17:00,14/05/2024,17,18,1,5.970767196,589.667
bounty_madera,31/05/2024,14/05/2024 18:00,14/05/2024,18,19,1,11.4714651,577.979
bounty_madera,31/05/2024,14/05/2024 19:00,14/05/2024,19,20,1,11.02627409,534.004
bounty_madera,31/05/2024,14/05/2024 20:00,14/05/2024,20,21,1,12.25573629,533.869
bounty_madera,31/05/2024,14/05/2024 21:00,14/05/2024,21,22,1,16.61408606,545.826
bounty_madera,31/05/2024,14/05/2024 22:00,14/05/2024,22,23,1,6.263894101,555.76
bounty_madera,31/05/2024,14/05/2024 23:00,14/05/2024,23,24,1,8.779170184,556.516
bounty_madera,31/05/2024,15/05/2024 0:00,15/05/2024,0,1,2,5.240943949,536.058
bounty_madera,31/05/2024,15/05/2024 1:00,15/05/2024,1,2,2,5.596824173,507.074
bounty_madera,31/05/2024,15/05/2024 2:00,15/05/2024,2,3,2,5.462046481,480.199
bounty_madera,31/05/2024,15/05/2024 3:00,15/05/2024,3,4,2,5.335095083,476.099
bounty_madera,31/05/2024,15/05/2024 4:00,15/05/2024,4,5,2,4.893287716,493.928
bounty_madera,31/05/2024,15/05/2024 5:00,15/05/2024,5,6,2,4.346553002,513.791
bounty_madera,31/05/2024,15/05/2024 6:00,15/05/2024,6,7,2,3.211608045,531.031
bounty_madera,31/05/2024,15/05/2024 7:00,15/05/2024,7,8,2,3.265776667,571.169
bounty_madera,31/05/2024,15/05/2024 8:00,15/05/2024,8,9,2,4.043246975,599.718
bounty_madera,31/05/2024,15/05/2024 9:00,15/05/2024,9,10,2,3.464028067,611.18
bounty_madera,31/05/2024,15/05/2024 10:00,15/05/2024,10,11,2,4.653898766,637.123
bounty_madera,31/05/2024,15/05/2024 11:00,15/05/2024,11,12,2,5.036452313,612.91
bounty_madera,31/05/2024,15/05/2024 12:00,15/05/2024,12,13,2,4.88724133,628.113
bounty_madera,31/05/2024,15/05/2024 13:00,15/05/2024,13,14,2,6.267737809,655.351
bounty_madera,31/05/2024,15/05/2024 14:00,15/05/2024,14,15,2,6.269945036,644.412
bounty_madera,31/05/2024,15/05/2024 15:00,15/05/2024,15,16,2,6.268744549,642.017
bounty_madera,31/05/2024,15/05/2024 16:00,15/05/2024,16,17,2,6.266191424,628.658
bounty_madera,31/05/2024,15/05/2024 17:00,15/05/2024,17,18,2,5.256382271,621.937
bounty_madera,31/05/2024,15/05/2024 18:00,15/05/2024,18,19,2,5.69275073,603.755
bounty_madera,31/05/2024,15/05/2024 19:00,15/05/2024,19,20,2,5.723300966,534.949
bounty_madera,31/05/2024,15/05/2024 20:00,15/05/2024,20,21,2,6.08816142,424.938
bounty_madera,31/05/2024,15/05/2024 21:00,15/05/2024,21,22,2,7.6919008,399.55
bounty_madera,31/05/2024,15/05/2024 22:00,15/05/2024,22,23,2,6.305611431,401.852
bounty_madera,31/05/2024,15/05/2024 23:00,15/05/2024,23,24,2,7.914270739,441.66
bounty_madera,31/05/2024,16/05/2024 0:00,16/05/2024,0,1,3,5.013343357,434.825
bounty_madera,31/05/2024,16/05/2024 1:00,16/05/2024,1,2,3,10.52326395,400.332
bounty_madera,31/05/2024,16/05/2024 2:00,16/05/2024,2,3,3,4.733156107,390.398
bounty_madera,31/05/2024,16/05/2024 3:00,16/05/2024,3,4,3,4.030937697,392.731
bounty_madera,31/05/2024,16/05/2024 4:00,16/05/2024,4,5,3,4.343317686,392.041
bounty_madera,31/05/2024,16/05/2024 5:00,16/05/2024,5,6,3,3.76019063,422.247
bounty_madera,31/05/2024,16/05/2024 6:00,16/05/2024,6,7,3,2.509544577,483.689
bounty_madera,31/05/2024,16/05/2024 7:00,16/05/2024,7,8,3,2.698262957,536.012
bounty_madera,31/05/2024,16/05/2024 8:00,16/05/2024,8,9,3,3.48498461,580.758
bounty_madera,31/05/2024,16/05/2024 9:00,16/05/2024,9,10,3,3.159492826,630.884
bounty_madera,31/05/2024,16/05/2024 10:00,16/05/2024,10,11,3,6.260522933,643.087
bounty_madera,31/05/2024,16/05/2024 11:00,16/05/2024,11,12,3,4.350122321,591.2
bounty_madera,31/05/2024,16/05/2024 12:00,16/05/2024,12,13,3,4.699809746,641.677
bounty_madera,31/05/2024,16/05/2024 13:00,16/05/2024,13,14,3,13.58389128,640.71
bounty_madera,31/05/2024,16/05/2024 14:00,16/05/2024,14,15,3,18.89239942,648.128
bounty_madera,31/05/2024,16/05/2024 15:00,16/05/2024,15,16,3,19.31576226,649.803
bounty_madera,31/05/2024,16/05/2024 16:00,16/05/2024,16,17,3,11.43692703,647.7
bounty_madera,31/05/2024,16/05/2024 17:00,16/05/2024,17,18,3,5.219953562,648.761
bounty_madera,31/05/2024,16/05/2024 18:00,16/05/2024,18,19,3,8.803413007,33.331
bounty_madera,31/05/2024,16/05/2024 19:00,16/05/2024,19,20,3,9.119673284,212.943
bounty_madera,31/05/2024,16/05/2024 20:00,16/05/2024,20,21,3,22.24412234,0
bounty_madera,31/05/2024,16/05/2024 21:00,16/05/2024,21,22,3,18.70173543,0
bounty_madera,31/05/2024,16/05/2024 22:00,16/05/2024,22,23,3,12.85106299,56.746
bounty_madera,31/05/2024,16/05/2024 23:00,16/05/2024,23,24,3,16.28413414,415.939
bounty_madera,31/05/2024,17/05/2024 0:00,17/05/2024,0,1,4,12.59705438,417.231
bounty_madera,31/05/2024,17/05/2024 1:00,17/05/2024,1,2,4,5.971804193,391.351
bounty_madera,31/05/2024,17/05/2024 2:00,17/05/2024,2,3,4,4.869323991,386.877
bounty_madera,31/05/2024,17/05/2024 3:00,17/05/2024,3,4,4,4.761488923,386.037
bounty_madera,31/05/2024,17/05/2024 4:00,17/05/2024,4,5,4,4.976427348,405.796
bounty_madera,31/05/2024,17/05/2024 5:00,17/05/2024,5,6,4,4.696073307,432.74
bounty_madera,31/05/2024,17/05/2024 6:00,17/05/2024,6,7,4,3.574560627,497.197
bounty_madera,31/05/2024,17/05/2024 7:00,17/05/2024,7,8,4,4.154202781,420.719
bounty_madera,31/05/2024,17/05/2024 8:00,17/05/2024,8,9,4,5.968957596,131.742
bounty_madera,31/05/2024,17/05/2024 9:00,17/05/2024,9,10,4,6.006710724,607.375
bounty_madera,31/05/2024,17/05/2024 10:00,17/05/2024,10,11,4,8.709846418,620.926
bounty_madera,31/05/2024,17/05/2024 11:00,17/05/2024,11,12,4,8.110874142,585.404
bounty_madera,31/05/2024,17/05/2024 12:00,17/05/2024,12,13,4,8.126456163,607.408
bounty_madera,31/05/2024,17/05/2024 13:00,17/05/2024,13,14,4,19.380712,607.363
bounty_madera,31/05/2024,17/05/2024 14:00,17/05/2024,14,15,4,32.80776849,609.193
bounty_madera,31/05/2024,17/05/2024 15:00,17/05/2024,15,16,4,32.39399173,608.802
bounty_madera,31/05/2024,17/05/2024 16:00,17/05/2024,16,17,4,22.95317744,583.112
bounty_madera,31/05/2024,17/05/2024 17:00,17/05/2024,17,18,4,10.37561289,567.378
bounty_madera,31/05/2024,17/05/2024 18:00,17/05/2024,18,19,4,14.22993559,551.45
bounty_madera,31/05/2024,17/05/2024 19:00,17/05/2024,19,20,4,11.48311483,520.962
bounty_madera,31/05/2024,17/05/2024 20:00,17/05/2024,20,21,4,9.198934232,509.762
bounty_madera,31/05/2024,17/05/2024 21:00,17/05/2024,21,22,4,8.459855613,515.404
bounty_madera,31/05/2024,17/05/2024 22:00,17/05/2024,22,23,4,8.671555768,510.853
bounty_madera,31/05/2024,17/05/2024 23:00,17/05/2024,23,24,4,7.524110078,530.208
bounty_madera,31/05/2024,18/05/2024 0:00,18/05/2024,0,1,5,5.860474803,512.912
bounty_madera,31/05/2024,18/05/2024 1:00,18/05/2024,1,2,5,6.253831342,486.783
bounty_madera,31/05/2024,18/05/2024 2:00,18/05/2024,2,3,5,5.057434145,467.561
bounty_madera,31/05/2024,18/05/2024 3:00,18/05/2024,3,4,5,4.719301668,448.145
bounty_madera,31/05/2024,18/05/2024 4:00,18/05/2024,4,5,5,4.665476491,459.01
bounty_madera,31/05/2024,18/05/2024 5:00,18/05/2024,5,6,5,4.412164595,491.161
bounty_madera,31/05/2024,18/05/2024 6:00,18/05/2024,6,7,5,3.168164815,503.58
bounty_madera,31/05/2024,18/05/2024 7:00,18/05/2024,7,8,5,3.18359434,536.819
bounty_madera,31/05/2024,18/05/2024 8:00,18/05/2024,8,9,5,3.123433663,595.719
bounty_madera,31/05/2024,18/05/2024 9:00,18/05/2024,9,10,5,4.341239814,590.159
bounty_madera,31/05/2024,18/05/2024 10:00,18/05/2024,10,11,5,4.160946145,599.937
bounty_madera,31/05/2024,18/05/2024 11:00,18/05/2024,11,12,5,4.198174045,588.762
bounty_madera,31/05/2024,18/05/2024 12:00,18/05/2024,12,13,5,4.213794874,593.915
bounty_madera,31/05/2024,18/05/2024 13:00,18/05/2024,13,14,5,21.02590939,610.479
bounty_madera,31/05/2024,18/05/2024 14:00,18/05/2024,14,15,5,19.32926072,601.327
bounty_madera,31/05/2024,18/05/2024 15:00,18/05/2024,15,16,5,17.32329779,590.382
bounty_madera,31/05/2024,18/05/2024 16:00,18/05/2024,16,17,5,22.95454522,585.769
bounty_madera,31/05/2024,18/05/2024 17:00,18/05/2024,17,18,5,11.47403628,578.218
bounty_madera,31/05/2024,18/05/2024 18:00,18/05/2024,18,19,5,17.7031863,540.246
bounty_madera,31/05/2024,18/05/2024 19:00,18/05/2024,19,20,5,6.249826661,502.744
bounty_madera,31/05/2024,18/05/2024 20:00,18/05/2024,20,21,5,6.251254626,470.72
bounty_madera,31/05/2024,18/05/2024 21:00,18/05/2024,21,22,5,6.253332601,472.627
bounty_madera,31/05/2024,18/05/2024 22:00,18/05/2024,22,23,5,6.273354221,480.008
bounty_madera,31/05/2024,18/05/2024 23:00,18/05/2024,23,24,5,6.251855733,496.544
bounty_madera,31/05/2024,19/05/2024 0:00,19/05/2024,0,1,6,6.251229457,484.328
bounty_madera,31/05/2024,19/05/2024 1:00,19/05/2024,1,2,6,10.2732551,457.245
bounty_madera,31/05/2024,19/05/2024 2:00,19/05/2024,2,3,6,5.477775256,454.255
bounty_madera,31/05/2024,19/05/2024 3:00,19/05/2024,3,4,6,5.314792334,452.179
bounty_madera,31/05/2024,19/05/2024 4:00,19/05/2024,4,5,6,4.407976766,456.595
bounty_madera,31/05/2024,19/05/2024 5:00,19/05/2024,5,6,6,3.539700578,472.266
bounty_madera,31/05/2024,19/05/2024 6:00,19/05/2024,6,7,6,3.001333325,512.47
bounty_madera,31/05/2024,19/05/2024 7:00,19/05/2024,7,8,6,3.001085396,537.49
bounty_madera,31/05/2024,19/05/2024 8:00,19/05/2024,8,9,6,3.441053805,535.118
bounty_madera,31/05/2024,19/05/2024 9:00,19/05/2024,9,10,6,4.146791689,557.939
bounty_madera,31/05/2024,19/05/2024 10:00,19/05/2024,10,11,6,4.082140934,582.568
bounty_madera,31/05/2024,19/05/2024 11:00,19/05/2024,11,12,6,4.170754749,568.445
bounty_madera,31/05/2024,19/05/2024 12:00,19/05/2024,12,13,6,4.019829499,593.586
bounty_madera,31/05/2024,19/05/2024 13:00,19/05/2024,13,14,6,10.50464058,618.412
bounty_madera,31/05/2024,19/05/2024 14:00,19/05/2024,14,15,6,15.43692247,578.533
bounty_madera,31/05/2024,19/05/2024 15:00,19/05/2024,15,16,6,4.277843063,557.785
bounty_madera,31/05/2024,19/05/2024 16:00,19/05/2024,16,17,6,5.062441471,554.256
bounty_madera,31/05/2024,19/05/2024 17:00,19/05/2024,17,18,6,8.539798282,562.405
bounty_madera,31/05/2024,19/05/2024 18:00,19/05/2024,18,19,6,26.72536094,542.454
bounty_madera,31/05/2024,19/05/2024 19:00,19/05/2024,19,20,6,12.1193967,505.861
bounty_madera,31/05/2024,19/05/2024 20:00,19/05/2024,20,21,6,21.17726933,488.389
bounty_madera,31/05/2024,19/05/2024 21:00,19/05/2024,21,22,6,13.0083775,479.845
bounty_madera,31/05/2024,19/05/2024 22:00,19/05/2024,22,23,6,8.133374308,477.396
bounty_madera,31/05/2024,19/05/2024 23:00,19/05/2024,23,24,6,7.378091684,488.519
bounty_madera,31/05/2024,20/05/2024 0:00,20/05/2024,0,1,0,3.516528996,474.621
bounty_madera,31/05/2024,20/05/2024 1:00,20/05/2024,1,2,0,3.872538064,429.382
bounty_madera,31/05/2024,20/05/2024 2:00,20/05/2024,2,3,0,4.308378441,396.047
bounty_madera,31/05/2024,20/05/2024 3:00,20/05/2024,3,4,0,4.247487539,389.126
bounty_madera,31/05/2024,20/05/2024 4:00,20/05/2024,4,5,0,3.797370525,408.03
bounty_madera,31/05/2024,20/05/2024 5:00,20/05/2024,5,6,0,2.838062629,407.369
bounty_madera,31/05/2024,20/05/2024 6:00,20/05/2024,6,7,0,2.097964684,431.869
bounty_madera,31/05/2024,20/05/2024 7:00,20/05/2024,7,8,0,3.221084362,506.78
bounty_madera,31/05/2024,20/05/2024 8:00,20/05/2024,8,9,0,4.402222348,578.37
bounty_madera,31/05/2024,20/05/2024 9:00,20/05/2024,9,10,0,6.146367439,619.818
bounty_madera,31/05/2024,20/05/2024 10:00,20/05/2024,10,11,0,8.146545823,616.618
bounty_madera,31/05/2024,20/05/2024 11:00,20/05/2024,11,12,0,8.504030533,606.809
bounty_madera,31/05/2024,20/05/2024 12:00,20/05/2024,12,13,0,11.26872847,617.725
bounty_madera,31/05/2024,20/05/2024 13:00,20/05/2024,13,14,0,27.26343493,617.329
bounty_madera,31/05/2024,20/05/2024 14:00,20/05/2024,14,15,0,31.94406923,643.188
bounty_madera,31/05/2024,20/05/2024 15:00,20/05/2024,15,16,0,40.5698559,626.385
bounty_madera,31/05/2024,20/05/2024 16:00,20/05/2024,16,17,0,32.24379444,633.718
bounty_madera,31/05/2024,20/05/2024 17:00,20/05/2024,17,18,0,14.24445691,624.91
bounty_madera,31/05/2024,20/05/2024 18:00,20/05/2024,18,19,0,14.85489451,572.784
bounty_madera,31/05/2024,20/05/2024 19:00,20/05/2024,19,20,0,10.2695732,555.24
bounty_madera,31/05/2024,20/05/2024 20:00,20/05/2024,20,21,0,10.55831977,530.868
bounty_madera,31/05/2024,20/05/2024 21:00,20/05/2024,21,22,0,10.62893513,507.655
bounty_madera,31/05/2024,20/05/2024 22:00,20/05/2024,22,23,0,12.31342795,503.63
bounty_madera,31/05/2024,20/05/2024 23:00,20/05/2024,23,24,0,6.265989409,515.702
bounty_madera,31/05/2024,21/05/2024 0:00,21/05/2024,0,1,1,6.159035552,514.641
bounty_madera,31/05/2024,21/05/2024 1:00,21/05/2024,1,2,1,5.520228896,475.407
bounty_madera,31/05/2024,21/05/2024 2:00,21/05/2024,2,3,1,4.551424611,460.74
bounty_madera,31/05/2024,21/05/2024 3:00,21/05/2024,3,4,1,4.246882222,464.793
bounty_madera,31/05/2024,21/05/2024 4:00,21/05/2024,4,5,1,4.380030963,463.213
bounty_madera,31/05/2024,21/05/2024 5:00,21/05/2024,5,6,1,4.319003578,489.834
bounty_madera,31/05/2024,21/05/2024 6:00,21/05/2024,6,7,1,3.725633247,508.061
bounty_madera,31/05/2024,21/05/2024 7:00,21/05/2024,7,8,1,4.150737207,534.409
bounty_madera,31/05/2024,21/05/2024 8:00,21/05/2024,8,9,1,5.134529755,563.539
bounty_madera,31/05/2024,21/05/2024 9:00,21/05/2024,9,10,1,4.50434042,576.082
bounty_madera,31/05/2024,21/05/2024 10:00,21/05/2024,10,11,1,5.230150554,614.381
bounty_madera,31/05/2024,21/05/2024 11:00,21/05/2024,11,12,1,5.817672536,596.861
bounty_madera,31/05/2024,21/05/2024 12:00,21/05/2024,12,13,1,5.630682319,623.981
bounty_madera,31/05/2024,21/05/2024 13:00,21/05/2024,13,14,1,6.26348798,641.688
bounty_madera,31/05/2024,21/05/2024 14:00,21/05/2024,14,15,1,21.53422172,632.497
bounty_madera,31/05/2024,21/05/2024 15:00,21/05/2024,15,16,1,17.29692577,629.429
bounty_madera,31/05/2024,21/05/2024 16:00,21/05/2024,16,17,1,23.51298518,629.987
bounty_madera,31/05/2024,21/05/2024 17:00,21/05/2024,17,18,1,11.45041913,617.088
bounty_madera,31/05/2024,21/05/2024 18:00,21/05/2024,18,19,1,20.02498107,549.297
bounty_madera,31/05/2024,21/05/2024 19:00,21/05/2024,19,20,1,6.261985866,535.567
bounty_madera,31/05/2024,21/05/2024 20:00,21/05/2024,20,21,1,6.265224172,512.218
bounty_madera,31/05/2024,21/05/2024 21:00,21/05/2024,21,22,1,6.265210629,497.247
bounty_madera,31/05/2024,21/05/2024 22:00,21/05/2024,22,23,1,6.262742457,490.904
bounty_madera,31/05/2024,21/05/2024 23:00,21/05/2024,23,24,1,6.26145018,508.102
bounty_madera,31/05/2024,22/05/2024 0:00,22/05/2024,0,1,2,6.260014566,486.13
bounty_madera,31/05/2024,22/05/2024 1:00,22/05/2024,1,2,2,8.536488804,442.314
bounty_madera,31/05/2024,22/05/2024 2:00,22/05/2024,2,3,2,4.815295839,417.375
bounty_madera,31/05/2024,22/05/2024 3:00,22/05/2024,3,4,2,4.406024034,414.137
bounty_madera,31/05/2024,22/05/2024 4:00,22/05/2024,4,5,2,4.836143135,422.835
bounty_madera,31/05/2024,22/05/2024 5:00,22/05/2024,5,6,2,4.235412009,438.472
bounty_madera,31/05/2024,22/05/2024 6:00,22/05/2024,6,7,2,3.74109903,507.197
bounty_madera,31/05/2024,22/05/2024 7:00,22/05/2024,7,8,2,4.953049455,565.015
bounty_madera,31/05/2024,22/05/2024 8:00,22/05/2024,8,9,2,4.986327993,571.75
bounty_madera,31/05/2024,22/05/2024 9:00,22/05/2024,9,10,2,4.660575776,590.542
bounty_madera,31/05/2024,22/05/2024 10:00,22/05/2024,10,11,2,5.808154109,608.299
bounty_madera,31/05/2024,22/05/2024 11:00,22/05/2024,11,12,2,6.166784437,592.493
bounty_madera,31/05/2024,22/05/2024 12:00,22/05/2024,12,13,2,6.259467853,601.436
bounty_madera,31/05/2024,22/05/2024 13:00,22/05/2024,13,14,2,6.264533611,613.265
bounty_madera,31/05/2024,22/05/2024 14:00,22/05/2024,14,15,2,14.74540403,616.009
bounty_madera,31/05/2024,22/05/2024 15:00,22/05/2024,15,16,2,6.267354952,606.668
bounty_madera,31/05/2024,22/05/2024 16:00,22/05/2024,16,17,2,6.262012511,598.84
bounty_madera,31/05/2024,22/05/2024 17:00,22/05/2024,17,18,2,6.258933418,595.855
bounty_madera,31/05/2024,22/05/2024 18:00,22/05/2024,18,19,2,18.91090407,549.562
bounty_madera,31/05/2024,22/05/2024 19:00,22/05/2024,19,20,2,16.72439714,526.737
bounty_madera,31/05/2024,22/05/2024 20:00,22/05/2024,20,21,2,22.72472512,502.35
bounty_madera,31/05/2024,22/05/2024 21:00,22/05/2024,21,22,2,13.32491419,484.071
bounty_madera,31/05/2024,22/05/2024 22:00,22/05/2024,22,23,2,10.67765473,483.628
bounty_madera,31/05/2024,22/05/2024 23:00,22/05/2024,23,24,2,6.25875926,515.746
bounty_madera,31/05/2024,23/05/2024 0:00,23/05/2024,0,1,3,6.25847432,509.745
bounty_madera,31/05/2024,23/05/2024 1:00,23/05/2024,1,2,3,6.258483441,482.546
bounty_madera,31/05/2024,23/05/2024 2:00,23/05/2024,2,3,3,6.255839129,460.677
bounty_madera,31/05/2024,23/05/2024 3:00,23/05/2024,3,4,3,5.531675544,440.144
bounty_madera,31/05/2024,23/05/2024 4:00,23/05/2024,4,5,3,5.260551537,449.572
bounty_madera,31/05/2024,23/05/2024 5:00,23/05/2024,5,6,3,4.735029381,462.568
bounty_madera,31/05/2024,23/05/2024 6:00,23/05/2024,6,7,3,3.761555639,499.855
bounty_madera,31/05/2024,23/05/2024 7:00,23/05/2024,7,8,3,5.13522071,518.431
bounty_madera,31/05/2024,23/05/2024 8:00,23/05/2024,8,9,3,5.832527307,539.046
bounty_madera,31/05/2024,23/05/2024 9:00,23/05/2024,9,10,3,6.075011927,564.271
bounty_madera,31/05/2024,23/05/2024 10:00,23/05/2024,10,11,3,6.165515698,599.139
bounty_madera,31/05/2024,23/05/2024 11:00,23/05/2024,11,12,3,6.255833939,576.367
bounty_madera,31/05/2024,23/05/2024 12:00,23/05/2024,12,13,3,6.270985446,594.927
bounty_madera,31/05/2024,23/05/2024 13:00,23/05/2024,13,14,3,10.53277371,632.756
bounty_madera,31/05/2024,23/05/2024 14:00,23/05/2024,14,15,3,20.64054628,630.34
bounty_madera,31/05/2024,23/05/2024 15:00,23/05/2024,15,16,3,21.46693447,621.013
bounty_madera,31/05/2024,23/05/2024 16:00,23/05/2024,16,17,3,14.22227688,616.409
bounty_madera,31/05/2024,23/05/2024 17:00,23/05/2024,17,18,3,6.176705756,587.899
bounty_madera,31/05/2024,23/05/2024 18:00,23/05/2024,18,19,3,9.225599936,548.961
bounty_madera,31/05/2024,23/05/2024 19:00,23/05/2024,19,20,3,8.847936302,515.091
bounty_madera,31/05/2024,23/05/2024 20:00,23/05/2024,20,21,3,15.83630376,489.208
bounty_madera,31/05/2024,23/05/2024 21:00,23/05/2024,21,22,3,13.34511866,484.44
bounty_madera,31/05/2024,23/05/2024 22:00,23/05/2024,22,23,3,9.890166071,106.214
bounty_madera,31/05/2024,23/05/2024 23:00,23/05/2024,23,24,3,10.95289101,33.298
bounty_madera,31/05/2024,24/05/2024 0:00,24/05/2024,0,1,4,8.169537905,505.043
bounty_madera,31/05/2024,24/05/2024 1:00,24/05/2024,1,2,4,4.789492875,492.634
bounty_madera,31/05/2024,24/05/2024 2:00,24/05/2024,2,3,4,4.120061156,474.565
bounty_madera,31/05/2024,24/05/2024 3:00,24/05/2024,3,4,4,4.428386637,449.875
bounty_madera,31/05/2024,24/05/2024 4:00,24/05/2024,4,5,4,4.497957251,466.604
bounty_madera,31/05/2024,24/05/2024 5:00,24/05/2024,5,6,4,4.330213643,497.158
bounty_madera,31/05/2024,24/05/2024 6:00,24/05/2024,6,7,4,2.990509672,513.693
bounty_madera,31/05/2024,24/05/2024 7:00,24/05/2024,7,8,4,3.30245079,554.35
bounty_madera,31/05/2024,24/05/2024 8:00,24/05/2024,8,9,4,4.259149599,543.198
bounty_madera,31/05/2024,24/05/2024 9:00,24/05/2024,9,10,4,4.580193577,562.745
bounty_madera,31/05/2024,24/05/2024 10:00,24/05/2024,10,11,4,6.116164389,604.85
bounty_madera,31/05/2024,24/05/2024 11:00,24/05/2024,11,12,4,5.621984568,577.957
bounty_madera,31/05/2024,24/05/2024 12:00,24/05/2024,12,13,4,6.581779734,590.426
bounty_madera,31/05/2024,24/05/2024 13:00,24/05/2024,13,14,4,13.10004855,612.171
bounty_madera,31/05/2024,24/05/2024 14:00,24/05/2024,14,15,4,19.79219052,607.493
bounty_madera,31/05/2024,24/05/2024 15:00,24/05/2024,15,16,4,23.75605659,605.375
bounty_madera,31/05/2024,24/05/2024 16:00,24/05/2024,16,17,4,15.03176416,601.423
bounty_madera,31/05/2024,24/05/2024 17:00,24/05/2024,17,18,4,7.335884169,574.484
bounty_madera,31/05/2024,24/05/2024 18:00,24/05/2024,18,19,4,10.81064515,539.161
bounty_madera,31/05/2024,24/05/2024 19:00,24/05/2024,19,20,4,8.984793667,525.921
bounty_madera,31/05/2024,24/05/2024 20:00,24/05/2024,20,21,4,14.87052656,490.156
bounty_madera,31/05/2024,24/05/2024 21:00,24/05/2024,21,22,4,13.65396789,484.63
bounty_madera,31/05/2024,24/05/2024 22:00,24/05/2024,22,23,4,10.0651311,492.153
bounty_madera,31/05/2024,24/05/2024 23:00,24/05/2024,23,24,4,7.968772914,513.668
bounty_madera,31/05/2024,25/05/2024 0:00,25/05/2024,0,1,5,7.653298644,489.145
bounty_madera,31/05/2024,25/05/2024 1:00,25/05/2024,1,2,5,18.57580371,468.111
bounty_madera,31/05/2024,25/05/2024 2:00,25/05/2024,2,3,5,14.31554488,458.908
bounty_madera,31/05/2024,25/05/2024 3:00,25/05/2024,3,4,5,5.380782505,439.933
bounty_madera,31/05/2024,25/05/2024 4:00,25/05/2024,4,5,5,7.864493133,455.185
bounty_madera,31/05/2024,25/05/2024 5:00,25/05/2024,5,6,5,4.921107858,489.238
bounty_madera,31/05/2024,25/05/2024 6:00,25/05/2024,6,7,5,3.583953991,498.687
bounty_madera,31/05/2024,25/05/2024 7:00,25/05/2024,7,8,5,3.715142155,533.199
bounty_madera,31/05/2024,25/05/2024 8:00,25/05/2024,8,9,5,3.920116006,534.951
bounty_madera,31/05/2024,25/05/2024 9:00,25/05/2024,9,10,5,3.449196969,542.487
bounty_madera,31/05/2024,25/05/2024 10:00,25/05/2024,10,11,5,4.436307703,560.855
bounty_madera,31/05/2024,25/05/2024 11:00,25/05/2024,11,12,5,3.797149247,540.168
bounty_madera,31/05/2024,25/05/2024 12:00,25/05/2024,12,13,5,3.6124868,548.025
bounty_madera,31/05/2024,25/05/2024 13:00,25/05/2024,13,14,5,4.237816286,576.97
bounty_madera,31/05/2024,25/05/2024 14:00,25/05/2024,14,15,5,7.725390841,568.031
bounty_madera,31/05/2024,25/05/2024 15:00,25/05/2024,15,16,5,5.319232728,565.059
bounty_madera,31/05/2024,25/05/2024 16:00,25/05/2024,16,17,5,13.90760035,562.491
bounty_madera,31/05/2024,25/05/2024 17:00,25/05/2024,17,18,5,19.91774029,534.701
bounty_madera,31/05/2024,25/05/2024 18:00,25/05/2024,18,19,5,29.73641697,518.885
bounty_madera,31/05/2024,25/05/2024 19:00,25/05/2024,19,20,5,19.84143203,491.076
bounty_madera,31/05/2024,25/05/2024 20:00,25/05/2024,20,21,5,18.82103845,456.897
bounty_madera,31/05/2024,25/05/2024 21:00,25/05/2024,21,22,5,17.30084585,442.592
bounty_madera,31/05/2024,25/05/2024 22:00,25/05/2024,22,23,5,8.727936072,441.959
bounty_madera,31/05/2024,25/05/2024 23:00,25/05/2024,23,24,5,5.638622329,470.754
bounty_madera,30/06/2024,26/05/2024 0:00,26/05/2024,0,1,6,7.140693864,457.116
bounty_madera,30/06/2024,26/05/2024 1:00,26/05/2024,1,2,6,4.964284062,430.816
bounty_madera,30/06/2024,26/05/2024 2:00,26/05/2024,2,3,6,4.380727357,414.938
bounty_madera,30/06/2024,26/05/2024 3:00,26/05/2024,3,4,6,4.0647495,408.876
bounty_madera,30/06/2024,26/05/2024 4:00,26/05/2024,4,5,6,8.831585861,295.494
bounty_madera,30/06/2024,26/05/2024 5:00,26/05/2024,5,6,6,7.400754328,439.245
bounty_madera,30/06/2024,26/05/2024 6:00,26/05/2024,6,7,6,2.762442441,90.25
bounty_madera,30/06/2024,26/05/2024 7:00,26/05/2024,7,8,6,2.944047871,0
bounty_madera,30/06/2024,26/05/2024 8:00,26/05/2024,8,9,6,2.943510596,0
bounty_madera,30/06/2024,26/05/2024 9:00,26/05/2024,9,10,6,6.290139611,0
bounty_madera,30/06/2024,26/05/2024 10:00,26/05/2024,10,11,6,4.184238176,0
bounty_madera,30/06/2024,26/05/2024 11:00,26/05/2024,11,12,6,3.552047741,0
bounty_madera,30/06/2024,26/05/2024 12:00,26/05/2024,12,13,6,4.072245411,0
bounty_madera,30/06/2024,26/05/2024 13:00,26/05/2024,13,14,6,8.698666632,0
bounty_madera,30/06/2024,26/05/2024 14:00,26/05/2024,14,15,6,4.857063806,0
bounty_madera,30/06/2024,26/05/2024 15:00,26/05/2024,15,16,6,4.58080992,0
bounty_madera,30/06/2024,26/05/2024 16:00,26/05/2024,16,17,6,4.447573979,0
bounty_madera,30/06/2024,26/05/2024 17:00,26/05/2024,17,18,6,5.330672908,444.718
bounty_madera,30/06/2024,26/05/2024 18:00,26/05/2024,18,19,6,14.25174702,442.077
bounty_madera,30/06/2024,26/05/2024 19:00,26/05/2024,19,20,6,21.02680305,448.027
bounty_madera,30/06/2024,26/05/2024 20:00,26/05/2024,20,21,6,18.2755905,427.874
bounty_madera,30/06/2024,26/05/2024 21:00,26/05/2024,21,22,6,9.071283171,429.921
bounty_madera,30/06/2024,26/05/2024 22:00,26/05/2024,22,23,6,5.03467673,435.856
bounty_madera,30/06/2024,26/05/2024 23:00,26/05/2024,23,24,6,4.256721111,457.829
bounty_madera,30/06/2024,27/05/2024 0:00,27/05/2024,0,1,0,3.545162473,435.848
bounty_madera,30/06/2024,27/05/2024 1:00,27/05/2024,1,2,0,3.713449281,406.739
bounty_madera,30/06/2024,27/05/2024 2:00,27/05/2024,2,3,0,3.504713163,396.611
bounty_madera,30/06/2024,27/05/2024 3:00,27/05/2024,3,4,0,3.662497651,400.544
bounty_madera,30/06/2024,27/05/2024 4:00,27/05/2024,4,5,0,4.049807044,417.962
bounty_madera,30/06/2024,27/05/2024 5:00,27/05/2024,5,6,0,4.204270387,428.276
bounty_madera,30/06/2024,27/05/2024 6:00,27/05/2024,6,7,0,4.148706064,451.727
bounty_madera,30/06/2024,27/05/2024 7:00,27/05/2024,7,8,0,6.38193868,488.423
bounty_madera,30/06/2024,27/05/2024 8:00,27/05/2024,8,9,0,15.68258067,515.219
bounty_madera,30/06/2024,27/05/2024 9:00,27/05/2024,9,10,0,23.90711194,555.422
bounty_madera,30/06/2024,27/05/2024 10:00,27/05/2024,10,11,0,30.21807283,546.147
bounty_madera,30/06/2024,27/05/2024 11:00,27/05/2024,11,12,0,12.35883931,513.842
bounty_madera,30/06/2024,27/05/2024 12:00,27/05/2024,12,13,0,6.202274875,539.805
bounty_madera,30/06/2024,27/05/2024 13:00,27/05/2024,13,14,0,9.815215324,479.282
bounty_madera,30/06/2024,27/05/2024 14:00,27/05/2024,14,15,0,17.73478223,544.639
bounty_madera,30/06/2024,27/05/2024 15:00,27/05/2024,15,16,0,22.22832049,540.066
bounty_madera,30/06/2024,27/05/2024 16:00,27/05/2024,16,17,0,16.22044493,571.242
bounty_madera,30/06/2024,27/05/2024 17:00,27/05/2024,17,18,0,6.194152954,558.383
bounty_madera,30/06/2024,27/05/2024 18:00,27/05/2024,18,19,0,11.08871144,525.143
bounty_madera,30/06/2024,27/05/2024 19:00,27/05/2024,19,20,0,7.419979078,498.276
bounty_madera,30/06/2024,27/05/2024 20:00,27/05/2024,20,21,0,13.1833306,489.892
bounty_madera,30/06/2024,27/05/2024 21:00,27/05/2024,21,22,0,12.26189804,483.949
bounty_madera,30/06/2024,27/05/2024 22:00,27/05/2024,22,23,0,9.069459335,506.75
bounty_madera,30/06/2024,27/05/2024 23:00,27/05/2024,23,24,0,9.64778917,520.012
bounty_madera,30/06/2024,28/05/2024 0:00,28/05/2024,0,1,1,7.158026933,512.618
bounty_madera,30/06/2024,28/05/2024 1:00,28/05/2024,1,2,1,5.87581378,474.696
bounty_madera,30/06/2024,28/05/2024 2:00,28/05/2024,2,3,1,4.618624722,465.444
bounty_madera,30/06/2024,28/05/2024 3:00,28/05/2024,3,4,1,4.481738193,449.447
bounty_madera,30/06/2024,28/05/2024 4:00,28/05/2024,4,5,1,4.575865924,449.838
bounty_madera,30/06/2024,28/05/2024 5:00,28/05/2024,5,6,1,4.407146778,476.633
bounty_madera,30/06/2024,28/05/2024 6:00,28/05/2024,6,7,1,3.257066742,492.311
bounty_madera,30/06/2024,28/05/2024 7:00,28/05/2024,7,8,1,3.763456945,476.431
bounty_madera,30/06/2024,28/05/2024 8:00,28/05/2024,8,9,1,5.287785917,291.552
bounty_madera,30/06/2024,28/05/2024 9:00,28/05/2024,9,10,1,4.9512196,449.972
bounty_madera,30/06/2024,28/05/2024 10:00,28/05/2024,10,11,1,6.084055548,562.489
bounty_madera,30/06/2024,28/05/2024 11:00,28/05/2024,11,12,1,5.5195068,549.029
bounty_madera,30/06/2024,28/05/2024 12:00,28/05/2024,12,13,1,5.68157156,547.912
bounty_madera,30/06/2024,28/05/2024 13:00,28/05/2024,13,14,1,8.484714498,555.857
bounty_madera,30/06/2024,28/05/2024 14:00,28/05/2024,14,15,1,6.215707809,555.894
bounty_madera,30/06/2024,28/05/2024 15:00,28/05/2024,15,16,1,6.211105611,541.301
bounty_madera,30/06/2024,28/05/2024 16:00,28/05/2024,16,17,1,8.106224484,550.373
bounty_madera,30/06/2024,28/05/2024 17:00,28/05/2024,17,18,1,7.816200865,528.157
bounty_madera,30/06/2024,28/05/2024 18:00,28/05/2024,18,19,1,11.99857946,509.817
bounty_madera,30/06/2024,28/05/2024 19:00,28/05/2024,19,20,1,8.521081222,496.718
bounty_madera,30/06/2024,28/05/2024 20:00,28/05/2024,20,21,1,10.2753144,488.952
bounty_madera,30/06/2024,28/05/2024 21:00,28/05/2024,21,22,1,10.59285936,474.798
bounty_madera,30/06/2024,28/05/2024 22:00,28/05/2024,22,23,1,6.944621865,476.409
bounty_madera,30/06/2024,28/05/2024 23:00,28/05/2024,23,24,1,7.400351268,500.754
bounty_madera,30/06/2024,29/05/2024 0:00,29/05/2024,0,1,2,5.837863887,472.282
bounty_madera,30/06/2024,29/05/2024 1:00,29/05/2024,1,2,2,5.926508848,438.768
bounty_madera,30/06/2024,29/05/2024 2:00,29/05/2024,2,3,2,4.877822726,419.77
bounty_madera,30/06/2024,29/05/2024 3:00,29/05/2024,3,4,2,4.550429964,416.753
bounty_madera,30/06/2024,29/05/2024 4:00,29/05/2024,4,5,2,4.499693478,415.891
bounty_madera,30/06/2024,29/05/2024 5:00,29/05/2024,5,6,2,4.327453584,432.034
bounty_madera,30/06/2024,29/05/2024 6:00,29/05/2024,6,7,2,3.119389116,445.844
bounty_madera,30/06/2024,29/05/2024 7:00,29/05/2024,7,8,2,3.186206111,495.269
bounty_madera,30/06/2024,29/05/2024 8:00,29/05/2024,8,9,2,4.352536104,514.899
bounty_madera,30/06/2024,29/05/2024 9:00,29/05/2024,9,10,2,4.11376142,530.341
bounty_madera,30/06/2024,29/05/2024 10:00,29/05/2024,10,11,2,6.010163737,551.959
bounty_madera,30/06/2024,29/05/2024 11:00,29/05/2024,11,12,2,6.063666901,541.329
bounty_madera,30/06/2024,29/05/2024 12:00,29/05/2024,12,13,2,5.140705414,555.437
bounty_madera,30/06/2024,29/05/2024 13:00,29/05/2024,13,14,2,14.60276494,571.3
bounty_madera,30/06/2024,29/05/2024 14:00,29/05/2024,14,15,2,11.40779343,572.274
bounty_madera,30/06/2024,29/05/2024 15:00,29/05/2024,15,16,2,6.188955847,555.162
bounty_madera,30/06/2024,29/05/2024 16:00,29/05/2024,16,17,2,6.071574925,544.928
bounty_madera,30/06/2024,29/05/2024 17:00,29/05/2024,17,18,2,5.29179653,530.448
bounty_madera,30/06/2024,29/05/2024 18:00,29/05/2024,18,19,2,6.029040213,510.641
bounty_madera,30/06/2024,29/05/2024 19:00,29/05/2024,19,20,2,8.562079372,475.422
bounty_madera,30/06/2024,29/05/2024 20:00,29/05/2024,20,21,2,11.98404834,413.674
bounty_madera,30/06/2024,29/05/2024 21:00,29/05/2024,21,22,2,10.30583013,405.985
bounty_madera,30/06/2024,29/05/2024 22:00,29/05/2024,22,23,2,8.171524153,407.799
bounty_madera,30/06/2024,29/05/2024 23:00,29/05/2024,23,24,2,6.849489107,439.92
bounty_madera,30/06/2024,30/05/2024 0:00,30/05/2024,0,1,3,5.109474314,422.391
bounty_madera,30/06/2024,30/05/2024 1:00,30/05/2024,1,2,3,5.540870557,395.863
bounty_madera,30/06/2024,30/05/2024 2:00,30/05/2024,2,3,3,5.117738144,366.438
bounty_madera,30/06/2024,30/05/2024 3:00,30/05/2024,3,4,3,4.616884826,372.489
bounty_madera,30/06/2024,30/05/2024 4:00,30/05/2024,4,5,3,4.10888697,387.445
bounty_madera,30/06/2024,30/05/2024 5:00,30/05/2024,5,6,3,3.585119462,413.095
bounty_madera,30/06/2024,30/05/2024 6:00,30/05/2024,6,7,3,3.055013357,436.625
bounty_madera,30/06/2024,30/05/2024 7:00,30/05/2024,7,8,3,3.40820512,489.759
bounty_madera,30/06/2024,30/05/2024 8:00,30/05/2024,8,9,3,4.564110599,519.412
bounty_madera,30/06/2024,30/05/2024 9:00,30/05/2024,9,10,3,4.855222418,552.173
bounty_madera,30/06/2024,30/05/2024 10:00,30/05/2024,10,11,3,5.943586887,553.829
bounty_madera,30/06/2024,30/05/2024 11:00,30/05/2024,11,12,3,5.151713921,536.852
bounty_madera,30/06/2024,30/05/2024 12:00,30/05/2024,12,13,3,5.554550944,555.009
bounty_madera,30/06/2024,30/05/2024 13:00,30/05/2024,13,14,3,14.35207884,578.402
bounty_madera,30/06/2024,30/05/2024 14:00,30/05/2024,14,15,3,19.62825945,573.375
bounty_madera,30/06/2024,30/05/2024 15:00,30/05/2024,15,16,3,20.18216875,574.677
bounty_madera,30/06/2024,30/05/2024 16:00,30/05/2024,16,17,3,12.090138,564.011
bounty_madera,30/06/2024,30/05/2024 17:00,30/05/2024,17,18,3,6.465524374,546.187
bounty_madera,30/06/2024,30/05/2024 18:00,30/05/2024,18,19,3,25.14712376,517
bounty_madera,30/06/2024,30/05/2024 19:00,30/05/2024,19,20,3,28.95148238,491.944
bounty_madera,30/06/2024,30/05/2024 20:00,30/05/2024,20,21,3,16.0966645,474.188
bounty_madera,30/06/2024,30/05/2024 21:00,30/05/2024,21,22,3,15.65492144,457.993
bounty_madera,30/06/2024,30/05/2024 22:00,30/05/2024,22,23,3,10.56452795,442.311
bounty_madera,30/06/2024,30/05/2024 23:00,30/05/2024,23,24,3,10.27095944,416.686
bounty_madera,30/06/2024,31/05/2024 0:00,31/05/2024,0,1,4,6.200740393,423.345
bounty_madera,30/06/2024,31/05/2024 1:00,31/05/2024,1,2,4,5.716181213,393.781
bounty_madera,30/06/2024,31/05/2024 2:00,31/05/2024,2,3,4,5.341706932,366.801
bounty_madera,30/06/2024,31/05/2024 3:00,31/05/2024,3,4,4,4.302360365,369.982
bounty_madera,30/06/2024,31/05/2024 4:00,31/05/2024,4,5,4,4.384859818,363.123
bounty_madera,30/06/2024,31/05/2024 5:00,31/05/2024,5,6,4,4.097673768,374.469
bounty_madera,30/06/2024,31/05/2024 6:00,31/05/2024,6,7,4,3.707754991,427.326
bounty_madera,30/06/2024,31/05/2024 7:00,31/05/2024,7,8,4,4.315708739,499.945
bounty_madera,30/06/2024,31/05/2024 8:00,31/05/2024,8,9,4,5.505164614,510.042
bounty_madera,30/06/2024,31/05/2024 9:00,31/05/2024,9,10,4,5.845787047,525.44
bounty_madera,30/06/2024,31/05/2024 10:00,31/05/2024,10,11,4,9.532357845,544.113
bounty_madera,30/06/2024,31/05/2024 11:00,31/05/2024,11,12,4,9.327933374,528.166
bounty_madera,30/06/2024,31/05/2024 12:00,31/05/2024,12,13,4,9.066584303,539.732
bounty_madera,30/06/2024,31/05/2024 13:00,31/05/2024,13,14,4,16.47457797,562.879
bounty_madera,30/06/2024,31/05/2024 14:00,31/05/2024,14,15,4,6.213136044,557.785
bounty_madera,30/06/2024,31/05/2024 15:00,31/05/2024,15,16,4,6.21172104,556.936
bounty_madera,30/06/2024,31/05/2024 16:00,31/05/2024,16,17,4,6.207429218,572.558
bounty_madera,30/06/2024,31/05/2024 17:00,31/05/2024,17,18,4,10.49635576,561.725
bounty_madera,30/06/2024,31/05/2024 18:00,31/05/2024,18,19,4,13.81143324,513.966
bounty_madera,30/06/2024,31/05/2024 19:00,31/05/2024,19,20,4,6.873286365,498.487
bounty_madera,30/06/2024,31/05/2024 20:00,31/05/2024,20,21,4,10.74469732,491.48
bounty_madera,30/06/2024,31/05/2024 21:00,31/05/2024,21,22,4,9.749279858,480.653
bounty_madera,30/06/2024,31/05/2024 22:00,31/05/2024,22,23,4,7.884986728,478.325
bounty_madera,30/06/2024,31/05/2024 23:00,31/05/2024,23,24,4,7.143216658,494.697
bounty_madera,30/06/2024,01/06/2024 0:00,01/06/2024,0,1,5,6.742899585,478.757
bounty_madera,30/06/2024,01/06/2024 1:00,01/06/2024,1,2,5,5.947520726,470.576
bounty_madera,30/06/2024,01/06/2024 2:00,01/06/2024,2,3,5,5.767540073,455.638
bounty_madera,30/06/2024,01/06/2024 3:00,01/06/2024,3,4,5,4.680989734,454.403
bounty_madera,30/06/2024,01/06/2024 4:00,01/06/2024,4,5,5,4.600300674,458.51
bounty_madera,30/06/2024,01/06/2024 5:00,01/06/2024,5,6,5,4.165404203,475.818
bounty_madera,30/06/2024,01/06/2024 6:00,01/06/2024,6,7,5,2.864903281,481.299
bounty_madera,30/06/2024,01/06/2024 7:00,01/06/2024,7,8,5,3.273883574,515.559
bounty_madera,30/06/2024,01/06/2024 8:00,01/06/2024,8,9,5,3.19227854,516.34
bounty_madera,30/06/2024,01/06/2024 9:00,01/06/2024,9,10,5,3.468679788,531.914
bounty_madera,30/06/2024,01/06/2024 10:00,01/06/2024,10,11,5,4.053215078,540.654
bounty_madera,30/06/2024,01/06/2024 11:00,01/06/2024,11,12,5,4.17901244,530.355
bounty_madera,30/06/2024,01/06/2024 12:00,01/06/2024,12,13,5,4.687828703,543.228
bounty_madera,30/06/2024,01/06/2024 13:00,01/06/2024,13,14,5,11.74174354,577.399
bounty_madera,30/06/2024,01/06/2024 14:00,01/06/2024,14,15,5,11.37099642,556.756
bounty_madera,30/06/2024,01/06/2024 15:00,01/06/2024,15,16,5,10.12283763,559.188
bounty_madera,30/06/2024,01/06/2024 16:00,01/06/2024,16,17,5,13.89160737,2.188
bounty_madera,30/06/2024,01/06/2024 17:00,01/06/2024,17,18,5,10.06127904,0
bounty_madera,30/06/2024,01/06/2024 18:00,01/06/2024,18,19,5,6.186562793,316.075
bounty_madera,30/06/2024,01/06/2024 19:00,01/06/2024,19,20,5,8.826746953,470.048
bounty_madera,30/06/2024,01/06/2024 20:00,01/06/2024,20,21,5,13.23327943,475.806
bounty_madera,30/06/2024,01/06/2024 21:00,01/06/2024,21,22,5,11.28262989,467.67
bounty_madera,30/06/2024,01/06/2024 22:00,01/06/2024,22,23,5,7.763795639,475.058
bounty_madera,30/06/2024,01/06/2024 23:00,01/06/2024,23,24,5,6.549138125,492.299
bounty_madera,30/06/2024,02/06/2024 0:00,02/06/2024,0,1,6,5.477144796,481.942
bounty_madera,30/06/2024,02/06/2024 1:00,02/06/2024,1,2,6,5.496979339,453.516
bounty_madera,30/06/2024,02/06/2024 2:00,02/06/2024,2,3,6,5.221416261,452.705
bounty_madera,30/06/2024,02/06/2024 3:00,02/06/2024,3,4,6,4.53660823,441.255
bounty_madera,30/06/2024,02/06/2024 4:00,02/06/2024,4,5,6,4.417981487,437.187
bounty_madera,30/06/2024,02/06/2024 5:00,02/06/2024,5,6,6,3.951708591,468.204
bounty_madera,30/06/2024,02/06/2024 6:00,02/06/2024,6,7,6,2.543215576,489.312
bounty_madera,30/06/2024,02/06/2024 7:00,02/06/2024,7,8,6,2.472920054,507.285
bounty_madera,30/06/2024,02/06/2024 8:00,02/06/2024,8,9,6,2.722315987,513.218
bounty_madera,30/06/2024,02/06/2024 9:00,02/06/2024,9,10,6,4.306739892,529.901
bounty_madera,30/06/2024,02/06/2024 10:00,02/06/2024,10,11,6,3.769749185,551.769
bounty_madera,30/06/2024,02/06/2024 11:00,02/06/2024,11,12,6,3.568570252,519.271
bounty_madera,30/06/2024,02/06/2024 12:00,02/06/2024,12,13,6,3.696612955,539.82
bounty_madera,30/06/2024,02/06/2024 13:00,02/06/2024,13,14,6,5.565648732,570.298
bounty_madera,30/06/2024,02/06/2024 14:00,02/06/2024,14,15,6,8.243018554,561.368
bounty_madera,30/06/2024,02/06/2024 15:00,02/06/2024,15,16,6,5.241949478,542.48
bounty_madera,30/06/2024,02/06/2024 16:00,02/06/2024,16,17,6,4.906576583,312.748
bounty_madera,30/06/2024,02/06/2024 17:00,02/06/2024,17,18,6,5.940761074,473.208
bounty_madera,30/06/2024,02/06/2024 18:00,02/06/2024,18,19,6,14.57085908,471.661
bounty_madera,30/06/2024,02/06/2024 19:00,02/06/2024,19,20,6,13.00184044,476.624
bounty_madera,30/06/2024,02/06/2024 20:00,02/06/2024,20,21,6,17.14501579,461.912
bounty_madera,30/06/2024,02/06/2024 21:00,02/06/2024,21,22,6,12.72631134,460.286
bounty_madera,30/06/2024,02/06/2024 22:00,02/06/2024,22,23,6,9.085304274,449.236
bounty_madera,30/06/2024,02/06/2024 23:00,02/06/2024,23,24,6,8.969893377,465.616
bounty_madera,30/06/2024,03/06/2024 0:00,03/06/2024,0,1,0,7.815138686,440.546
bounty_madera,30/06/2024,03/06/2024 1:00,03/06/2024,1,2,0,5.239708565,417.406
bounty_madera,30/06/2024,03/06/2024 2:00,03/06/2024,2,3,0,5.765294555,411.747
bounty_madera,30/06/2024,03/06/2024 3:00,03/06/2024,3,4,0,4.711543183,403.613
bounty_madera,30/06/2024,03/06/2024 4:00,03/06/2024,4,5,0,4.290680008,419.908
bounty_madera,30/06/2024,03/06/2024 5:00,03/06/2024,5,6,0,3.218233739,426.216
bounty_madera,30/06/2024,03/06/2024 6:00,03/06/2024,6,7,0,3.06794722,466.052
bounty_madera,30/06/2024,03/06/2024 7:00,03/06/2024,7,8,0,6.110693913,504.928
bounty_madera,30/06/2024,03/06/2024 8:00,03/06/2024,8,9,0,11.0467295,545.103
bounty_madera,30/06/2024,03/06/2024 9:00,03/06/2024,9,10,0,5.612763272,573.677
bounty_madera,30/06/2024,03/06/2024 10:00,03/06/2024,10,11,0,7.325226467,566.721
bounty_madera,30/06/2024,03/06/2024 11:00,03/06/2024,11,12,0,8.639890555,545.736
bounty_madera,30/06/2024,03/06/2024 12:00,03/06/2024,12,13,0,7.075874416,555.641
bounty_madera,30/06/2024,03/06/2024 13:00,03/06/2024,13,14,0,21.61050423,582.934
bounty_madera,30/06/2024,03/06/2024 14:00,03/06/2024,14,15,0,29.62337154,570.701
bounty_madera,30/06/2024,03/06/2024 15:00,03/06/2024,15,16,0,31.70666657,533.903
bounty_madera,30/06/2024,03/06/2024 16:00,03/06/2024,16,17,0,28.15418184,541.938
bounty_madera,30/06/2024,03/06/2024 17:00,03/06/2024,17,18,0,14.04256362,548.633
bounty_madera,30/06/2024,03/06/2024 18:00,03/06/2024,18,19,0,19.21092765,526.921
bounty_madera,30/06/2024,03/06/2024 19:00,03/06/2024,19,20,0,10.10203578,489.339
bounty_madera,30/06/2024,03/06/2024 20:00,03/06/2024,20,21,0,11.08830622,489.689
bounty_madera,30/06/2024,03/06/2024 21:00,03/06/2024,21,22,0,14.80865465,474.382
bounty_madera,30/06/2024,03/06/2024 22:00,03/06/2024,22,23,0,12.65665211,460.021
bounty_madera,30/06/2024,03/06/2024 23:00,03/06/2024,23,24,0,10.65024466,474.046
bounty_madera,30/06/2024,04/06/2024 0:00,04/06/2024,0,1,1,10.43059622,462.635
bounty_madera,30/06/2024,04/06/2024 1:00,04/06/2024,1,2,1,6.231058406,408.727
bounty_madera,30/06/2024,04/06/2024 2:00,04/06/2024,2,3,1,6.25625889,377.886
bounty_madera,30/06/2024,04/06/2024 3:00,04/06/2024,3,4,1,5.790095581,358.954
bounty_madera,30/06/2024,04/06/2024 4:00,04/06/2024,4,5,1,5.584636598,367.805
bounty_madera,30/06/2024,04/06/2024 5:00,04/06/2024,5,6,1,4.179679157,409.016
bounty_madera,30/06/2024,04/06/2024 6:00,04/06/2024,6,7,1,3.301586817,454.958
bounty_madera,30/06/2024,04/06/2024 7:00,04/06/2024,7,8,1,4.148782732,516.961
bounty_madera,30/06/2024,04/06/2024 8:00,04/06/2024,8,9,1,5.380451331,525.996
bounty_madera,30/06/2024,04/06/2024 9:00,04/06/2024,9,10,1,4.913726969,558.554
bounty_madera,30/06/2024,04/06/2024 10:00,04/06/2024,10,11,1,5.717689563,550.927
bounty_madera,30/06/2024,04/06/2024 11:00,04/06/2024,11,12,1,6.166349631,540.46
bounty_madera,30/06/2024,04/06/2024 12:00,04/06/2024,12,13,1,5.773678924,560.041
bounty_madera,30/06/2024,04/06/2024 13:00,04/06/2024,13,14,1,6.213769706,571.749
bounty_madera,30/06/2024,04/06/2024 14:00,04/06/2024,14,15,1,10.94107704,563.853
bounty_madera,30/06/2024,04/06/2024 15:00,04/06/2024,15,16,1,10.48006183,344.395
bounty_madera,30/06/2024,04/06/2024 16:00,04/06/2024,16,17,1,16.3055403,436.628
bounty_madera,30/06/2024,04/06/2024 17:00,04/06/2024,17,18,1,6.047466067,457.165
bounty_madera,30/06/2024,04/06/2024 18:00,04/06/2024,18,19,1,14.56826241,428.308
bounty_madera,30/06/2024,04/06/2024 19:00,04/06/2024,19,20,1,9.617667737,424.628
bounty_madera,30/06/2024,04/06/2024 20:00,04/06/2024,20,21,1,11.38030693,423.146
bounty_madera,30/06/2024,04/06/2024 21:00,04/06/2024,21,22,1,14.38177085,421.298
bounty_madera,30/06/2024,04/06/2024 22:00,04/06/2024,22,23,1,10.7674744,414.677
bounty_madera,30/06/2024,04/06/2024 23:00,04/06/2024,23,24,1,8.281535132,432.338
bounty_madera,30/06/2024,05/06/2024 0:00,05/06/2024,0,1,2,6.908560672,402.285
bounty_madera,30/06/2024,05/06/2024 1:00,05/06/2024,1,2,2,4.369640723,370.273
bounty_madera,30/06/2024,05/06/2024 2:00,05/06/2024,2,3,2,4.258096034,367.457
bounty_madera,30/06/2024,05/06/2024 3:00,05/06/2024,3,4,2,4.380364071,372.598
bounty_madera,30/06/2024,05/06/2024 4:00,05/06/2024,4,5,2,4.381630939,409.59
bounty_madera,30/06/2024,05/06/2024 5:00,05/06/2024,5,6,2,3.7719053,414.799
bounty_madera,30/06/2024,05/06/2024 6:00,05/06/2024,6,7,2,3.443046317,432.778
bounty_madera,30/06/2024,05/06/2024 7:00,05/06/2024,7,8,2,3.091969817,463.412
bounty_madera,30/06/2024,05/06/2024 8:00,05/06/2024,8,9,2,3.960337262,503.231
bounty_madera,30/06/2024,05/06/2024 9:00,05/06/2024,9,10,2,4.541053241,533.633
bounty_madera,30/06/2024,05/06/2024 10:00,05/06/2024,10,11,2,5.218887784,532.996
bounty_madera,30/06/2024,05/06/2024 11:00,05/06/2024,11,12,2,4.632600183,512.673
bounty_madera,30/06/2024,05/06/2024 12:00,05/06/2024,12,13,2,5.177860182,545.409
bounty_madera,30/06/2024,05/06/2024 13:00,05/06/2024,13,14,2,6.812137742,556.825
bounty_madera,30/06/2024,05/06/2024 14:00,05/06/2024,14,15,2,5.067846911,547.6
bounty_madera,30/06/2024,05/06/2024 15:00,05/06/2024,15,16,2,3.953668507,523.907
bounty_madera,30/06/2024,05/06/2024 16:00,05/06/2024,16,17,2,3.711770366,518.548
bounty_madera,30/06/2024,05/06/2024 17:00,05/06/2024,17,18,2,3.338305747,483.911
bounty_madera,30/06/2024,05/06/2024 18:00,05/06/2024,18,19,2,3.910050934,407.4
bounty_madera,30/06/2024,05/06/2024 19:00,05/06/2024,19,20,2,4.261533703,382.415
bounty_madera,30/06/2024,05/06/2024 20:00,05/06/2024,20,21,2,4.6701647,378.868
bounty_madera,30/06/2024,05/06/2024 21:00,05/06/2024,21,22,2,4.611036312,374.828
bounty_madera,30/06/2024,05/06/2024 22:00,05/06/2024,22,23,2,4.378812782,360.863
bounty_madera,30/06/2024,05/06/2024 23:00,05/06/2024,23,24,2,3.987849455,362.75
bounty_madera,30/06/2024,06/06/2024 0:00,06/06/2024,0,1,3,4.742577861,360.326
bounty_madera,30/06/2024,06/06/2024 1:00,06/06/2024,1,2,3,4.549954432,329.704
bounty_madera,30/06/2024,06/06/2024 2:00,06/06/2024,2,3,3,3.475094134,328.884
bounty_madera,30/06/2024,06/06/2024 3:00,06/06/2024,3,4,3,3.015366132,321.059
bounty_madera,30/06/2024,06/06/2024 4:00,06/06/2024,4,5,3,2.894605331,342.667
bounty_madera,30/06/2024,06/06/2024 5:00,06/06/2024,5,6,3,2.890713802,353.949
bounty_madera,30/06/2024,06/06/2024 6:00,06/06/2024,6,7,3,1.968657172,375.602
bounty_madera,30/06/2024,06/06/2024 7:00,06/06/2024,7,8,3,2.570212494,415.866
bounty_madera,30/06/2024,06/06/2024 8:00,06/06/2024,8,9,3,3.290447865,491.362
bounty_madera,30/06/2024,06/06/2024 9:00,06/06/2024,9,10,3,3.225900496,515.495
bounty_madera,30/06/2024,06/06/2024 10:00,06/06/2024,10,11,3,3.271669858,522.266
bounty_madera,30/06/2024,06/06/2024 11:00,06/06/2024,11,12,3,3.38744178,513.247
bounty_madera,30/06/2024,06/06/2024 12:00,06/06/2024,12,13,3,4.068014492,535.458
bounty_madera,30/06/2024,06/06/2024 13:00,06/06/2024,13,14,3,7.543023367,586.105
bounty_madera,30/06/2024,06/06/2024 14:00,06/06/2024,14,15,3,6.126442987,565.328
bounty_madera,30/06/2024,06/06/2024 15:00,06/06/2024,15,16,3,6.418286512,559.525
bounty_madera,30/06/2024,06/06/2024 16:00,06/06/2024,16,17,3,4.252400165,554.395
bounty_madera,30/06/2024,06/06/2024 17:00,06/06/2024,17,18,3,3.3532536,514.799
bounty_madera,30/06/2024,06/06/2024 18:00,06/06/2024,18,19,3,3.746994027,461.355
bounty_madera,30/06/2024,06/06/2024 19:00,06/06/2024,19,20,3,3.587303911,399.995
bounty_madera,30/06/2024,06/06/2024 20:00,06/06/2024,20,21,3,3.453061608,371.123
bounty_madera,30/06/2024,06/06/2024 21:00,06/06/2024,21,22,3,3.575703544,362.846
bounty_madera,30/06/2024,06/06/2024 22:00,06/06/2024,22,23,3,3.754150895,359.886
bounty_madera,30/06/2024,06/06/2024 23:00,06/06/2024,23,24,3,3.442278407,364.392
bounty_madera,30/06/2024,07/06/2024 0:00,07/06/2024,0,1,4,3.353756037,351.374
bounty_madera,30/06/2024,07/06/2024 1:00,07/06/2024,1,2,4,3.535620548,316.416
bounty_madera,30/06/2024,07/06/2024 2:00,07/06/2024,2,3,4,3.183680193,313.349
bounty_madera,30/06/2024,07/06/2024 3:00,07/06/2024,3,4,4,2.842126978,320.336
bounty_madera,30/06/2024,07/06/2024 4:00,07/06/2024,4,5,4,2.864499559,353.206
bounty_madera,30/06/2024,07/06/2024 5:00,07/06/2024,5,6,4,2.794362506,385.623
bounty_madera,30/06/2024,07/06/2024 6:00,07/06/2024,6,7,4,1.933945934,396.421
bounty_madera,30/06/2024,07/06/2024 7:00,07/06/2024,7,8,4,2.181724719,455.526
bounty_madera,30/06/2024,07/06/2024 8:00,07/06/2024,8,9,4,2.685627576,518.137
bounty_madera,30/06/2024,07/06/2024 9:00,07/06/2024,9,10,4,2.662625974,524.719
bounty_madera,30/06/2024,07/06/2024 10:00,07/06/2024,10,11,4,3.28642354,542.652
bounty_madera,30/06/2024,07/06/2024 11:00,07/06/2024,11,12,4,3.538424375,512.832
bounty_madera,30/06/2024,07/06/2024 12:00,07/06/2024,12,13,4,4.775468132,530.353
bounty_madera,30/06/2024,07/06/2024 13:00,07/06/2024,13,14,4,6.920759975,572.993
bounty_madera,30/06/2024,07/06/2024 14:00,07/06/2024,14,15,4,7.163993589,568.414
bounty_madera,30/06/2024,07/06/2024 15:00,07/06/2024,15,16,4,6.629478842,543.172
bounty_madera,30/06/2024,07/06/2024 16:00,07/06/2024,16,17,4,5.723877886,568.634
bounty_madera,30/06/2024,07/06/2024 17:00,07/06/2024,17,18,4,3.854561082,557.172
bounty_madera,30/06/2024,07/06/2024 18:00,07/06/2024,18,19,4,4.709457801,501.489
bounty_madera,30/06/2024,07/06/2024 19:00,07/06/2024,19,20,4,4.250415385,484.987
bounty_madera,30/06/2024,07/06/2024 20:00,07/06/2024,20,21,4,7.068071616,462.37
bounty_madera,30/06/2024,07/06/2024 21:00,07/06/2024,21,22,4,8.984050861,430.877
bounty_madera,30/06/2024,07/06/2024 22:00,07/06/2024,22,23,4,4.230421051,388.617
bounty_madera,30/06/2024,07/06/2024 23:00,07/06/2024,23,24,4,3.689486695,385.044
bounty_madera,30/06/2024,08/06/2024 0:00,08/06/2024,0,1,5,3.662206863,382.385
bounty_madera,30/06/2024,08/06/2024 1:00,08/06/2024,1,2,5,5.10654441,355.649
bounty_madera,30/06/2024,08/06/2024 2:00,08/06/2024,2,3,5,3.630071689,345.178
bounty_madera,30/06/2024,08/06/2024 3:00,08/06/2024,3,4,5,3.024138981,345.53
bounty_madera,30/06/2024,08/06/2024 4:00,08/06/2024,4,5,5,3.516589503,345.915
bounty_madera,30/06/2024,08/06/2024 5:00,08/06/2024,5,6,5,3.218775805,388.949
bounty_madera,30/06/2024,08/06/2024 6:00,08/06/2024,6,7,5,2.411410695,413.992
bounty_madera,30/06/2024,08/06/2024 7:00,08/06/2024,7,8,5,2.066106592,449.953
bounty_madera,30/06/2024,08/06/2024 8:00,08/06/2024,8,9,5,2.534624586,502.557
bounty_madera,30/06/2024,08/06/2024 9:00,08/06/2024,9,10,5,3.24195091,550.039
bounty_madera,30/06/2024,08/06/2024 10:00,08/06/2024,10,11,5,4.002319292,549.588
bounty_madera,30/06/2024,08/06/2024 11:00,08/06/2024,11,12,5,3.622027765,543.361
bounty_madera,30/06/2024,08/06/2024 12:00,08/06/2024,12,13,5,3.632011533,546.259
bounty_madera,30/06/2024,08/06/2024 13:00,08/06/2024,13,14,5,3.598728219,565.845
bounty_madera,30/06/2024,08/06/2024 14:00,08/06/2024,14,15,5,5.374849422,548.823
bounty_madera,30/06/2024,08/06/2024 15:00,08/06/2024,15,16,5,5.009159304,559.827
bounty_madera,30/06/2024,08/06/2024 16:00,08/06/2024,16,17,5,4.181031379,537.066
bounty_madera,30/06/2024,08/06/2024 17:00,08/06/2024,17,18,5,3.977150085,535.756
bounty_madera,30/06/2024,08/06/2024 18:00,08/06/2024,18,19,5,4.489462589,509.702
bounty_madera,30/06/2024,08/06/2024 19:00,08/06/2024,19,20,5,4.330242042,473.55
bounty_madera,30/06/2024,08/06/2024 20:00,08/06/2024,20,21,5,8.68091658,433.857
bounty_madera,30/06/2024,08/06/2024 21:00,08/06/2024,21,22,5,10.08523565,379.78
bounty_madera,30/06/2024,08/06/2024 22:00,08/06/2024,22,23,5,6.455560664,390.637
bounty_madera,30/06/2024,08/06/2024 23:00,08/06/2024,23,24,5,0.399888814,423.923
bounty_madera,30/06/2024,09/06/2024 0:00,09/06/2024,0,1,6,-3.350878677,413.914
bounty_madera,30/06/2024,09/06/2024 1:00,09/06/2024,1,2,6,16.69155287,358.33
bounty_madera,30/06/2024,09/06/2024 2:00,09/06/2024,2,3,6,3.338831074,345.87
bounty_madera,30/06/2024,09/06/2024 3:00,09/06/2024,3,4,6,3.035372677,343.628
bounty_madera,30/06/2024,09/06/2024 4:00,09/06/2024,4,5,6,2.107406397,363.384
bounty_madera,30/06/2024,09/06/2024 5:00,09/06/2024,5,6,6,1.716718191,399.402
bounty_madera,30/06/2024,09/06/2024 6:00,09/06/2024,6,7,6,-1.195484529,422.894
bounty_madera,30/06/2024,09/06/2024 7:00,09/06/2024,7,8,6,3.020774768,477.51
bounty_madera,30/06/2024,09/06/2024 8:00,09/06/2024,8,9,6,-1.240909023,510.824
bounty_madera,30/06/2024,09/06/2024 9:00,09/06/2024,9,10,6,42.4395273,537.376
bounty_madera,30/06/2024,09/06/2024 10:00,09/06/2024,10,11,6,29.81294649,547.681
bounty_madera,30/06/2024,09/06/2024 11:00,09/06/2024,11,12,6,28.36750429,518.007
bounty_madera,30/06/2024,09/06/2024 12:00,09/06/2024,12,13,6,8.224561212,542.965
bounty_madera,30/06/2024,09/06/2024 13:00,09/06/2024,13,14,6,3.488644622,564.089
bounty_madera,30/06/2024,09/06/2024 14:00,09/06/2024,14,15,6,4.286536968,511.79
bounty_madera,30/06/2024,09/06/2024 15:00,09/06/2024,15,16,6,4.121577234,512.765
bounty_madera,30/06/2024,09/06/2024 16:00,09/06/2024,16,17,6,3.9704361,180.307
bounty_madera,30/06/2024,09/06/2024 17:00,09/06/2024,17,18,6,4.338895173,0
bounty_madera,30/06/2024,09/06/2024 18:00,09/06/2024,18,19,6,5.19259698,0
bounty_madera,30/06/2024,09/06/2024 19:00,09/06/2024,19,20,6,4.864244521,0
bounty_madera,30/06/2024,09/06/2024 20:00,09/06/2024,20,21,6,5.281241202,0
bounty_madera,30/06/2024,09/06/2024 21:00,09/06/2024,21,22,6,5.347090725,0
bounty_madera,30/06/2024,09/06/2024 22:00,09/06/2024,22,23,6,3.930235229,17.594
bounty_madera,30/06/2024,09/06/2024 23:00,09/06/2024,23,24,6,3.370163595,358.328
bounty_madera,30/06/2024,10/06/2024 0:00,10/06/2024,0,1,0,3.466887628,320.456
bounty_madera,30/06/2024,10/06/2024 1:00,10/06/2024,1,2,0,3.392690985,286.227
bounty_madera,30/06/2024,10/06/2024 2:00,10/06/2024,2,3,0,3.047361722,286.251
bounty_madera,30/06/2024,10/06/2024 3:00,10/06/2024,3,4,0,2.933739102,287.742
bounty_madera,30/06/2024,10/06/2024 4:00,10/06/2024,4,5,0,2.932176415,289.753
bounty_madera,30/06/2024,10/06/2024 5:00,10/06/2024,5,6,0,2.368164627,316.775
bounty_madera,30/06/2024,10/06/2024 6:00,10/06/2024,6,7,0,2.076831051,360.684
bounty_madera,30/06/2024,10/06/2024 7:00,10/06/2024,7,8,0,2.703052404,413.003
bounty_madera,30/06/2024,10/06/2024 8:00,10/06/2024,8,9,0,3.634714075,464.713
bounty_madera,30/06/2024,10/06/2024 9:00,10/06/2024,9,10,0,4.342720936,517.136
bounty_madera,30/06/2024,10/06/2024 10:00,10/06/2024,10,11,0,5.038439735,528.955
bounty_madera,30/06/2024,10/06/2024 11:00,10/06/2024,11,12,0,4.354115629,510.086
bounty_madera,30/06/2024,10/06/2024 12:00,10/06/2024,12,13,0,3.606559826,532.119
bounty_madera,30/06/2024,10/06/2024 13:00,10/06/2024,13,14,0,9.81216838,566.236
bounty_madera,30/06/2024,10/06/2024 14:00,10/06/2024,14,15,0,6.889223571,542.929
bounty_madera,30/06/2024,10/06/2024 15:00,10/06/2024,15,16,0,6.195628355,529.629
bounty_madera,30/06/2024,10/06/2024 16:00,10/06/2024,16,17,0,4.551905104,412.136
bounty_madera,30/06/2024,10/06/2024 17:00,10/06/2024,17,18,0,12.90693127,528.298
bounty_madera,30/06/2024,10/06/2024 18:00,10/06/2024,18,19,0,10.69992775,491.483
bounty_madera,30/06/2024,10/06/2024 19:00,10/06/2024,19,20,0,6.277304197,439.711
bounty_madera,30/06/2024,10/06/2024 20:00,10/06/2024,20,21,0,9.95978002,448.683
bounty_madera,30/06/2024,10/06/2024 21:00,10/06/2024,21,22,0,7.698232112,436.612
bounty_madera,30/06/2024,10/06/2024 22:00,10/06/2024,22,23,0,8.442768049,421.339
bounty_madera,30/06/2024,10/06/2024 23:00,10/06/2024,23,24,0,7.846735292,426.161
bounty_madera,30/06/2024,11/06/2024 0:00,11/06/2024,0,1,1,7.273920177,405.946
bounty_madera,30/06/2024,11/06/2024 1:00,11/06/2024,1,2,1,5.299821475,365.257
bounty_madera,30/06/2024,11/06/2024 2:00,11/06/2024,2,3,1,5.249136925,355.756
bounty_madera,30/06/2024,11/06/2024 3:00,11/06/2024,3,4,1,4.585909132,340.434
bounty_madera,30/06/2024,11/06/2024 4:00,11/06/2024,4,5,1,4.329360765,336.939
bounty_madera,30/06/2024,11/06/2024 5:00,11/06/2024,5,6,1,3.853185744,368.725
bounty_madera,30/06/2024,11/06/2024 6:00,11/06/2024,6,7,1,2.508482387,414.099
bounty_madera,30/06/2024,11/06/2024 7:00,11/06/2024,7,8,1,3.531894491,522.594
bounty_madera,30/06/2024,11/06/2024 8:00,11/06/2024,8,9,1,4.047221237,531.631
bounty_madera,30/06/2024,11/06/2024 9:00,11/06/2024,9,10,1,3.772185949,545.244
bounty_madera,30/06/2024,11/06/2024 10:00,11/06/2024,10,11,1,3.570650827,532.981
bounty_madera,30/06/2024,11/06/2024 11:00,11/06/2024,11,12,1,3.680852465,528.155
bounty_madera,30/06/2024,11/06/2024 12:00,11/06/2024,12,13,1,4.311615435,534.303
bounty_madera,30/06/2024,11/06/2024 13:00,11/06/2024,13,14,1,8.617231412,555.895
bounty_madera,30/06/2024,11/06/2024 14:00,11/06/2024,14,15,1,9.551509816,574.245
bounty_madera,30/06/2024,11/06/2024 15:00,11/06/2024,15,16,1,8.122124185,563.333
bounty_madera,30/06/2024,11/06/2024 16:00,11/06/2024,16,17,1,4.992320356,567.316
bounty_madera,30/06/2024,11/06/2024 17:00,11/06/2024,17,18,1,5.506251786,552.439
bounty_madera,30/06/2024,11/06/2024 18:00,11/06/2024,18,19,1,5.401638107,511.591
bounty_madera,30/06/2024,11/06/2024 19:00,11/06/2024,19,20,1,5.356993863,473.825
bounty_madera,30/06/2024,11/06/2024 20:00,11/06/2024,20,21,1,16.34446463,469.186
bounty_madera,30/06/2024,11/06/2024 21:00,11/06/2024,21,22,1,9.796836623,461.893
bounty_madera,30/06/2024,11/06/2024 22:00,11/06/2024,22,23,1,9.259827028,451.613
bounty_madera,30/06/2024,11/06/2024 23:00,11/06/2024,23,24,1,5.521916816,456.617
bounty_madera,30/06/2024,12/06/2024 0:00,12/06/2024,0,1,2,5.310803462,442.437
bounty_madera,30/06/2024,12/06/2024 1:00,12/06/2024,1,2,2,4.340461562,414.595
bounty_madera,30/06/2024,12/06/2024 2:00,12/06/2024,2,3,2,4.05774999,406.242
bounty_madera,30/06/2024,12/06/2024 3:00,12/06/2024,3,4,2,3.147062145,397.64
bounty_madera,30/06/2024,12/06/2024 4:00,12/06/2024,4,5,2,3.625119971,409.47
bounty_madera,30/06/2024,12/06/2024 5:00,12/06/2024,5,6,2,2.423776634,450.236
bounty_madera,30/06/2024,12/06/2024 6:00,12/06/2024,6,7,2,1.416999334,475.848
bounty_madera,30/06/2024,12/06/2024 7:00,12/06/2024,7,8,2,1.789468416,521.598
bounty_madera,30/06/2024,12/06/2024 8:00,12/06/2024,8,9,2,3.060127827,545.636
bounty_madera,30/06/2024,12/06/2024 9:00,12/06/2024,9,10,2,2.129492919,557.407
bounty_madera,30/06/2024,12/06/2024 10:00,12/06/2024,10,11,2,2.50299247,544.772
bounty_madera,30/06/2024,12/06/2024 11:00,12/06/2024,11,12,2,3.288536671,534.273
bounty_madera,30/06/2024,12/06/2024 12:00,12/06/2024,12,13,2,3.060804901,548.377
bounty_madera,30/06/2024,12/06/2024 13:00,12/06/2024,13,14,2,3.773543249,550.742
bounty_madera,30/06/2024,12/06/2024 14:00,12/06/2024,14,15,2,6.290026076,558.835
bounty_madera,30/06/2024,12/06/2024 15:00,12/06/2024,15,16,2,4.969038372,400.433
bounty_madera,30/06/2024,12/06/2024 16:00,12/06/2024,16,17,2,3.970499424,340.599
bounty_madera,30/06/2024,12/06/2024 17:00,12/06/2024,17,18,2,3.372534636,465.545
bounty_madera,30/06/2024,12/06/2024 18:00,12/06/2024,18,19,2,4.671759102,449.517
bounty_madera,30/06/2024,12/06/2024 19:00,12/06/2024,19,20,2,5.034155452,452.18
bounty_madera,30/06/2024,12/06/2024 20:00,12/06/2024,20,21,2,12.5506433,446.321
bounty_madera,30/06/2024,12/06/2024 21:00,12/06/2024,21,22,2,9.938459145,441.986
bounty_madera,30/06/2024,12/06/2024 22:00,12/06/2024,22,23,2,5.025496898,419.126
bounty_madera,30/06/2024,12/06/2024 23:00,12/06/2024,23,24,2,4.797126316,413.877
bounty_madera,30/06/2024,13/06/2024 0:00,13/06/2024,0,1,3,4.576367127,381.663
bounty_madera,30/06/2024,13/06/2024 1:00,13/06/2024,1,2,3,4.305630448,359.624
bounty_madera,30/06/2024,13/06/2024 2:00,13/06/2024,2,3,3,4.00242704,348.242
bounty_madera,30/06/2024,13/06/2024 3:00,13/06/2024,3,4,3,3.890016606,327.406
bounty_madera,30/06/2024,13/06/2024 4:00,13/06/2024,4,5,3,3.982046226,325.795
bounty_madera,30/06/2024,13/06/2024 5:00,13/06/2024,5,6,3,3.459896287,352.197
bounty_madera,30/06/2024,13/06/2024 6:00,13/06/2024,6,7,3,3.018417726,392.281
bounty_madera,30/06/2024,13/06/2024 7:00,13/06/2024,7,8,3,2.893252581,504.08
bounty_madera,30/06/2024,13/06/2024 8:00,13/06/2024,8,9,3,3.86876107,535.848
bounty_madera,30/06/2024,13/06/2024 9:00,13/06/2024,9,10,3,3.474972051,547.019
bounty_madera,30/06/2024,13/06/2024 10:00,13/06/2024,10,11,3,4.143676808,547.794
bounty_madera,30/06/2024,13/06/2024 11:00,13/06/2024,11,12,3,4.072362962,541.198
bounty_madera,30/06/2024,13/06/2024 12:00,13/06/2024,12,13,3,3.823142915,552.926
bounty_madera,30/06/2024,13/06/2024 13:00,13/06/2024,13,14,3,7.975503722,576.948
bounty_madera,30/06/2024,13/06/2024 14:00,13/06/2024,14,15,3,2.111150106,564.976
bounty_madera,30/06/2024,13/06/2024 15:00,13/06/2024,15,16,3,6.734563527,546.631
bounty_madera,30/06/2024,13/06/2024 16:00,13/06/2024,16,17,3,5.106600366,504.773
bounty_madera,30/06/2024,13/06/2024 17:00,13/06/2024,17,18,3,4.505142511,535.639
bounty_madera,30/06/2024,13/06/2024 18:00,13/06/2024,18,19,3,4.836884983,499.135
bounty_madera,30/06/2024,13/06/2024 19:00,13/06/2024,19,20,3,4.898588947,475.658
bounty_madera,30/06/2024,13/06/2024 20:00,13/06/2024,20,21,3,13.19391413,477.75
bounty_madera,30/06/2024,13/06/2024 21:00,13/06/2024,21,22,3,8.392647762,476.726
bounty_madera,30/06/2024,13/06/2024 22:00,13/06/2024,22,23,3,7.828790419,456.994
bounty_madera,30/06/2024,13/06/2024 23:00,13/06/2024,23,24,3,6.900186427,440.698
bounty_madera,30/06/2024,14/06/2024 0:00,14/06/2024,0,1,4,7.35040809,430.618
bounty_madera,30/06/2024,14/06/2024 1:00,14/06/2024,1,2,4,4.269171563,389.609
bounty_madera,30/06/2024,14/06/2024 2:00,14/06/2024,2,3,4,4.072008428,380.361
bounty_madera,30/06/2024,14/06/2024 3:00,14/06/2024,3,4,4,3.889467796,366.631
bounty_madera,30/06/2024,14/06/2024 4:00,14/06/2024,4,5,4,3.869956798,361.782
bounty_madera,30/06/2024,14/06/2024 5:00,14/06/2024,5,6,4,3.593719873,377.764
bounty_madera,30/06/2024,14/06/2024 6:00,14/06/2024,6,7,4,3.061059678,424.688
bounty_madera,30/06/2024,14/06/2024 7:00,14/06/2024,7,8,4,3.294492827,514.714
bounty_madera,30/06/2024,14/06/2024 8:00,14/06/2024,8,9,4,3.662841692,541.35
bounty_madera,30/06/2024,14/06/2024 9:00,14/06/2024,9,10,4,5.100395062,545.508
bounty_madera,30/06/2024,14/06/2024 10:00,14/06/2024,10,11,4,6.754309098,538.803
bounty_madera,30/06/2024,14/06/2024 11:00,14/06/2024,11,12,4,4.645107908,533.555
bounty_madera,30/06/2024,14/06/2024 12:00,14/06/2024,12,13,4,4.15185961,563.829
bounty_madera,30/06/2024,14/06/2024 13:00,14/06/2024,13,14,4,6.810032758,581.364
bounty_madera,30/06/2024,14/06/2024 14:00,14/06/2024,14,15,4,4.595317848,579.008
bounty_madera,30/06/2024,14/06/2024 15:00,14/06/2024,15,16,4,4.97665854,572.119
bounty_madera,30/06/2024,14/06/2024 16:00,14/06/2024,16,17,4,4.418528465,577.437
bounty_madera,30/06/2024,14/06/2024 17:00,14/06/2024,17,18,4,3.906676637,544.866
bounty_madera,30/06/2024,14/06/2024 18:00,14/06/2024,18,19,4,4.210896377,477.976
bounty_madera,30/06/2024,14/06/2024 19:00,14/06/2024,19,20,4,4.46355279,462.94
bounty_madera,30/06/2024,14/06/2024 20:00,14/06/2024,20,21,4,4.710439563,456.351
bounty_madera,30/06/2024,14/06/2024 21:00,14/06/2024,21,22,4,7.565690441,452.416
bounty_madera,30/06/2024,14/06/2024 22:00,14/06/2024,22,23,4,4.59416891,439.406
bounty_madera,30/06/2024,14/06/2024 23:00,14/06/2024,23,24,4,4.408377255,430.446
bounty_madera,30/06/2024,15/06/2024 0:00,15/06/2024,0,1,5,4.398860094,403.752
bounty_madera,30/06/2024,15/06/2024 1:00,15/06/2024,1,2,5,4.366377169,381.705
bounty_madera,30/06/2024,15/06/2024 2:00,15/06/2024,2,3,5,4.360585267,371.923
bounty_madera,30/06/2024,15/06/2024 3:00,15/06/2024,3,4,5,3.291644418,371.393
bounty_madera,30/06/2024,15/06/2024 4:00,15/06/2024,4,5,5,3.267852557,373.855
bounty_madera,30/06/2024,15/06/2024 5:00,15/06/2024,5,6,5,2.712157787,388.209
bounty_madera,30/06/2024,15/06/2024 6:00,15/06/2024,6,7,5,2.206496389,409.443
bounty_madera,30/06/2024,15/06/2024 7:00,15/06/2024,7,8,5,2.650170877,479.826
bounty_madera,30/06/2024,15/06/2024 8:00,15/06/2024,8,9,5,2.671239052,497.424
bounty_madera,30/06/2024,15/06/2024 9:00,15/06/2024,9,10,5,2.382186234,510.706
bounty_madera,30/06/2024,15/06/2024 10:00,15/06/2024,10,11,5,3.465653466,507.088
bounty_madera,30/06/2024,15/06/2024 11:00,15/06/2024,11,12,5,3.481791671,502.479
bounty_madera,30/06/2024,15/06/2024 12:00,15/06/2024,12,13,5,2.915849466,514.018
bounty_madera,30/06/2024,15/06/2024 13:00,15/06/2024,13,14,5,7.733756732,533.557
bounty_madera,30/06/2024,15/06/2024 14:00,15/06/2024,14,15,5,5.020360265,531.93
bounty_madera,30/06/2024,15/06/2024 15:00,15/06/2024,15,16,5,4.58462069,520.984
bounty_madera,30/06/2024,15/06/2024 16:00,15/06/2024,16,17,5,4.660911228,526.839
bounty_madera,30/06/2024,15/06/2024 17:00,15/06/2024,17,18,5,4.673197517,533.854
bounty_madera,30/06/2024,15/06/2024 18:00,15/06/2024,18,19,5,4.956295548,502.854
bounty_madera,30/06/2024,15/06/2024 19:00,15/06/2024,19,20,5,4.935451142,472.692
bounty_madera,30/06/2024,15/06/2024 20:00,15/06/2024,20,21,5,5.144273269,462.19
bounty_madera,30/06/2024,15/06/2024 21:00,15/06/2024,21,22,5,8.765790882,462.583
bounty_madera,30/06/2024,15/06/2024 22:00,15/06/2024,22,23,5,10.82210893,451.209
bounty_madera,30/06/2024,15/06/2024 23:00,15/06/2024,23,24,5,17.29404336,421.214
bounty_madera,30/06/2024,16/06/2024 0:00,16/06/2024,0,1,6,10.45704177,396.3
bounty_madera,30/06/2024,16/06/2024 1:00,16/06/2024,1,2,6,7.471063407,365.673
bounty_madera,30/06/2024,16/06/2024 2:00,16/06/2024,2,3,6,4.985177746,372.57
bounty_madera,30/06/2024,16/06/2024 3:00,16/06/2024,3,4,6,4.467838398,377.416
bounty_madera,30/06/2024,16/06/2024 4:00,16/06/2024,4,5,6,4.327643822,394.201
bounty_madera,30/06/2024,16/06/2024 5:00,16/06/2024,5,6,6,3.723865554,413.142
bounty_madera,30/06/2024,16/06/2024 6:00,16/06/2024,6,7,6,2.586287432,441.938
bounty_madera,30/06/2024,16/06/2024 7:00,16/06/2024,7,8,6,2.278059139,492.424
bounty_madera,30/06/2024,16/06/2024 8:00,16/06/2024,8,9,6,2.702101159,495.079
bounty_madera,30/06/2024,16/06/2024 9:00,16/06/2024,9,10,6,3.107342652,509.259
bounty_madera,30/06/2024,16/06/2024 10:00,16/06/2024,10,11,6,3.367896241,494.141
bounty_madera,30/06/2024,16/06/2024 11:00,16/06/2024,11,12,6,3.337221798,485.017
bounty_madera,30/06/2024,16/06/2024 12:00,16/06/2024,12,13,6,2.808783143,503.657
bounty_madera,30/06/2024,16/06/2024 13:00,16/06/2024,13,14,6,3.8103772,529.023
bounty_madera,30/06/2024,16/06/2024 14:00,16/06/2024,14,15,6,3.818209807,511.385
bounty_madera,30/06/2024,16/06/2024 15:00,16/06/2024,15,16,6,3.809350608,502.361
bounty_madera,30/06/2024,16/06/2024 16:00,16/06/2024,16,17,6,3.959921513,524.637
bounty_madera,30/06/2024,16/06/2024 17:00,16/06/2024,17,18,6,4.149027051,519.373
bounty_madera,30/06/2024,16/06/2024 18:00,16/06/2024,18,19,6,4.575022139,476.839
bounty_madera,30/06/2024,16/06/2024 19:00,16/06/2024,19,20,6,4.664978613,471.749
bounty_madera,30/06/2024,16/06/2024 20:00,16/06/2024,20,21,6,4.583947565,472.614
bounty_madera,30/06/2024,16/06/2024 21:00,16/06/2024,21,22,6,4.829790223,471.105
bounty_madera,30/06/2024,16/06/2024 22:00,16/06/2024,22,23,6,4.498535102,470.973
bounty_madera,30/06/2024,16/06/2024 23:00,16/06/2024,23,24,6,4.408079743,465.881
bounty_madera,30/06/2024,17/06/2024 0:00,17/06/2024,0,1,0,3.931213009,446.848
bounty_madera,30/06/2024,17/06/2024 1:00,17/06/2024,1,2,0,3.717693799,431.172
bounty_madera,30/06/2024,17/06/2024 2:00,17/06/2024,2,3,0,3.749506612,417.212
bounty_madera,30/06/2024,17/06/2024 3:00,17/06/2024,3,4,0,3.162424526,390.194
bounty_madera,30/06/2024,17/06/2024 4:00,17/06/2024,4,5,0,2.881969802,381.187
bounty_madera,30/06/2024,17/06/2024 5:00,17/06/2024,5,6,0,2.389216698,405.939
bounty_madera,30/06/2024,17/06/2024 6:00,17/06/2024,6,7,0,1.432343924,425.857
bounty_madera,30/06/2024,17/06/2024 7:00,17/06/2024,7,8,0,1.408326225,482.604
bounty_madera,30/06/2024,17/06/2024 8:00,17/06/2024,8,9,0,2.152994846,474.818
bounty_madera,30/06/2024,17/06/2024 9:00,17/06/2024,9,10,0,2.790399198,490.299
bounty_madera,30/06/2024,17/06/2024 10:00,17/06/2024,10,11,0,3.147613592,504.444
bounty_madera,30/06/2024,17/06/2024 11:00,17/06/2024,11,12,0,3.158196751,485.326
bounty_madera,30/06/2024,17/06/2024 12:00,17/06/2024,12,13,0,3.34710846,508.224
bounty_madera,30/06/2024,17/06/2024 13:00,17/06/2024,13,14,0,3.733651481,530.158
bounty_madera,30/06/2024,17/06/2024 14:00,17/06/2024,14,15,0,2.486797953,515.681
bounty_madera,30/06/2024,17/06/2024 15:00,17/06/2024,15,16,0,3.053428946,499.149
bounty_madera,30/06/2024,17/06/2024 16:00,17/06/2024,16,17,0,3.056852898,503.188
bounty_madera,30/06/2024,17/06/2024 17:00,17/06/2024,17,18,0,3.39061679,488.413
bounty_madera,30/06/2024,17/06/2024 18:00,17/06/2024,18,19,0,4.20991708,465.789
bounty_madera,30/06/2024,17/06/2024 19:00,17/06/2024,19,20,0,4.437946961,454.756
bounty_madera,30/06/2024,17/06/2024 20:00,17/06/2024,20,21,0,8.180404078,445.342
bounty_madera,30/06/2024,17/06/2024 21:00,17/06/2024,21,22,0,6.955468078,441.089
bounty_madera,30/06/2024,17/06/2024 22:00,17/06/2024,22,23,0,6.618098411,438.35
bounty_madera,30/06/2024,17/06/2024 23:00,17/06/2024,23,24,0,6.781330856,440.009
bounty_madera,30/06/2024,18/06/2024 0:00,18/06/2024,0,1,1,6.533538918,428.057
bounty_madera,30/06/2024,18/06/2024 1:00,18/06/2024,1,2,1,3.744825972,396.517
bounty_madera,30/06/2024,18/06/2024 2:00,18/06/2024,2,3,1,2.95613599,386.458
bounty_madera,30/06/2024,18/06/2024 3:00,18/06/2024,3,4,1,2.950659246,380.991
bounty_madera,30/06/2024,18/06/2024 4:00,18/06/2024,4,5,1,2.971299348,403.134
bounty_madera,30/06/2024,18/06/2024 5:00,18/06/2024,5,6,1,2.373496738,422.83
bounty_madera,30/06/2024,18/06/2024 6:00,18/06/2024,6,7,1,2.268121807,436.893
bounty_madera,30/06/2024,18/06/2024 7:00,18/06/2024,7,8,1,3.093044978,483.126
bounty_madera,30/06/2024,18/06/2024 8:00,18/06/2024,8,9,1,3.879304129,513.981
bounty_madera,30/06/2024,18/06/2024 9:00,18/06/2024,9,10,1,4.273548795,548.889
bounty_madera,30/06/2024,18/06/2024 10:00,18/06/2024,10,11,1,4.943477128,545.898
bounty_madera,30/06/2024,18/06/2024 11:00,18/06/2024,11,12,1,4.861866865,528.499
bounty_madera,30/06/2024,18/06/2024 12:00,18/06/2024,12,13,1,4.60069843,548.032
bounty_madera,30/06/2024,18/06/2024 13:00,18/06/2024,13,14,1,8.257244773,569.306
bounty_madera,30/06/2024,18/06/2024 14:00,18/06/2024,14,15,1,8.397069179,564.815
bounty_madera,30/06/2024,18/06/2024 15:00,18/06/2024,15,16,1,9.326172816,551.067
bounty_madera,30/06/2024,18/06/2024 16:00,18/06/2024,16,17,1,4.956564769,533.022
bounty_madera,30/06/2024,18/06/2024 17:00,18/06/2024,17,18,1,4.34260348,482.842
bounty_madera,30/06/2024,18/06/2024 18:00,18/06/2024,18,19,1,4.812290679,474.079
bounty_madera,30/06/2024,18/06/2024 19:00,18/06/2024,19,20,1,4.562603048,421.09
bounty_madera,30/06/2024,18/06/2024 20:00,18/06/2024,20,21,1,5.092205238,396.308
bounty_madera,30/06/2024,18/06/2024 21:00,18/06/2024,21,22,1,4.426910251,399.235
bounty_madera,30/06/2024,18/06/2024 22:00,18/06/2024,22,23,1,4.217677531,377.037
bounty_madera,30/06/2024,18/06/2024 23:00,18/06/2024,23,24,1,3.916614144,394.137
bounty_madera,30/06/2024,19/06/2024 0:00,19/06/2024,0,1,2,4.345559077,373.544
bounty_madera,30/06/2024,19/06/2024 1:00,19/06/2024,1,2,2,3.99100878,347.957
bounty_madera,30/06/2024,19/06/2024 2:00,19/06/2024,2,3,2,3.516075632,336.961
bounty_madera,30/06/2024,19/06/2024 3:00,19/06/2024,3,4,2,3.519578303,329.149
bounty_madera,30/06/2024,19/06/2024 4:00,19/06/2024,4,5,2,3.434057468,335.66
bounty_madera,30/06/2024,19/06/2024 5:00,19/06/2024,5,6,2,3.226061639,377.765
bounty_madera,30/06/2024,19/06/2024 6:00,19/06/2024,6,7,2,2.463788619,398.198
bounty_madera,30/06/2024,19/06/2024 7:00,19/06/2024,7,8,2,3.30039171,440.943
bounty_madera,30/06/2024,19/06/2024 8:00,19/06/2024,8,9,2,4.167221386,499.972
bounty_madera,30/06/2024,19/06/2024 9:00,19/06/2024,9,10,2,3.507566719,522.618
bounty_madera,30/06/2024,19/06/2024 10:00,19/06/2024,10,11,2,4.34998939,539.226
bounty_madera,30/06/2024,19/06/2024 11:00,19/06/2024,11,12,2,4.050233702,522.459
bounty_madera,30/06/2024,19/06/2024 12:00,19/06/2024,12,13,2,4.132399792,531.077
bounty_madera,30/06/2024,19/06/2024 13:00,19/06/2024,13,14,2,8.724071487,559.116
bounty_madera,30/06/2024,19/06/2024 14:00,19/06/2024,14,15,2,8.744928062,549.927
bounty_madera,30/06/2024,19/06/2024 15:00,19/06/2024,15,16,2,9.810098891,541.402
bounty_madera,30/06/2024,19/06/2024 16:00,19/06/2024,16,17,2,5.345968431,552.829
bounty_madera,30/06/2024,19/06/2024 17:00,19/06/2024,17,18,2,4.462760134,536.077
bounty_madera,30/06/2024,19/06/2024 18:00,19/06/2024,18,19,2,4.635146878,496.868
bounty_madera,30/06/2024,19/06/2024 19:00,19/06/2024,19,20,2,5.139482258,458.052
bounty_madera,30/06/2024,19/06/2024 20:00,19/06/2024,20,21,2,11.16973643,444.457
bounty_madera,30/06/2024,19/06/2024 21:00,19/06/2024,21,22,2,8.093751918,450.534
bounty_madera,30/06/2024,19/06/2024 22:00,19/06/2024,22,23,2,6.869546992,441.96
bounty_madera,30/06/2024,19/06/2024 23:00,19/06/2024,23,24,2,5.39719882,433.196
bounty_madera,30/06/2024,20/06/2024 0:00,20/06/2024,0,1,3,5.321394679,423.744
bounty_madera,30/06/2024,20/06/2024 1:00,20/06/2024,1,2,3,4.654168378,404.309
bounty_madera,30/06/2024,20/06/2024 2:00,20/06/2024,2,3,3,4.088773998,381.901
bounty_madera,30/06/2024,20/06/2024 3:00,20/06/2024,3,4,3,3.330653238,373.851
bounty_madera,30/06/2024,20/06/2024 4:00,20/06/2024,4,5,3,3.211157741,381.142
bounty_madera,30/06/2024,20/06/2024 5:00,20/06/2024,5,6,3,2.682040228,405.855
bounty_madera,30/06/2024,20/06/2024 6:00,20/06/2024,6,7,3,2.11458478,423.842
bounty_madera,30/06/2024,20/06/2024 7:00,20/06/2024,7,8,3,2.905025939,489.763
bounty_madera,30/06/2024,20/06/2024 8:00,20/06/2024,8,9,3,3.17333926,511.721
bounty_madera,30/06/2024,20/06/2024 9:00,20/06/2024,9,10,3,3.226321614,520.317
bounty_madera,30/06/2024,20/06/2024 10:00,20/06/2024,10,11,3,3.473153983,523.609
bounty_madera,30/06/2024,20/06/2024 11:00,20/06/2024,11,12,3,4.100425803,508.011
bounty_madera,30/06/2024,20/06/2024 12:00,20/06/2024,12,13,3,3.503771713,524.461
bounty_madera,30/06/2024,20/06/2024 13:00,20/06/2024,13,14,3,12.57869432,569.45
bounty_madera,30/06/2024,20/06/2024 14:00,20/06/2024,14,15,3,9.595408758,562.42
bounty_madera,30/06/2024,20/06/2024 15:00,20/06/2024,15,16,3,9.575235413,544.507
bounty_madera,30/06/2024,20/06/2024 16:00,20/06/2024,16,17,3,5.18259543,545.633
bounty_madera,30/06/2024,20/06/2024 17:00,20/06/2024,17,18,3,5.071819381,532.577
bounty_madera,30/06/2024,20/06/2024 18:00,20/06/2024,18,19,3,5.134358703,498.629
bounty_madera,30/06/2024,20/06/2024 19:00,20/06/2024,19,20,3,11.12575319,461.758
bounty_madera,30/06/2024,20/06/2024 20:00,20/06/2024,20,21,3,17.00651988,453.512
bounty_madera,30/06/2024,20/06/2024 21:00,20/06/2024,21,22,3,7.845104638,453.949
bounty_madera,30/06/2024,20/06/2024 22:00,20/06/2024,22,23,3,7.87080829,446.923
bounty_madera,30/06/2024,20/06/2024 23:00,20/06/2024,23,24,3,5.870964131,430.151
bounty_madera,30/06/2024,21/06/2024 0:00,21/06/2024,0,1,4,5.186110983,429.911
bounty_madera,30/06/2024,21/06/2024 1:00,21/06/2024,1,2,4,4.815569871,396.355
bounty_madera,30/06/2024,21/06/2024 2:00,21/06/2024,2,3,4,4.211661002,357.794
bounty_madera,30/06/2024,21/06/2024 3:00,21/06/2024,3,4,4,3.415605482,353.733
bounty_madera,30/06/2024,21/06/2024 4:00,21/06/2024,4,5,4,3.400622226,362.082
bounty_madera,30/06/2024,21/06/2024 5:00,21/06/2024,5,6,4,2.719628227,386.732
bounty_madera,30/06/2024,21/06/2024 6:00,21/06/2024,6,7,4,1.993953591,410.496
bounty_madera,30/06/2024,21/06/2024 7:00,21/06/2024,7,8,4,2.699814326,460.854
bounty_madera,30/06/2024,21/06/2024 8:00,21/06/2024,8,9,4,3.463153224,489.292
bounty_madera,30/06/2024,21/06/2024 9:00,21/06/2024,9,10,4,4.307571813,521.838
bounty_madera,30/06/2024,21/06/2024 10:00,21/06/2024,10,11,4,4.636826405,521.089
bounty_madera,30/06/2024,21/06/2024 11:00,21/06/2024,11,12,4,4.448133177,523.652
bounty_madera,30/06/2024,21/06/2024 12:00,21/06/2024,12,13,4,4.099967453,523.392
bounty_madera,30/06/2024,21/06/2024 13:00,21/06/2024,13,14,4,7.184114632,552.476
bounty_madera,30/06/2024,21/06/2024 14:00,21/06/2024,14,15,4,9.44670926,547.379
bounty_madera,30/06/2024,21/06/2024 15:00,21/06/2024,15,16,4,8.640830119,550.586
bounty_madera,30/06/2024,21/06/2024 16:00,21/06/2024,16,17,4,5.187366329,564.311
bounty_madera,30/06/2024,21/06/2024 17:00,21/06/2024,17,18,4,4.817338723,526.613
bounty_madera,30/06/2024,21/06/2024 18:00,21/06/2024,18,19,4,5.005661157,492.332
bounty_madera,30/06/2024,21/06/2024 19:00,21/06/2024,19,20,4,5.200475552,419.551
bounty_madera,30/06/2024,21/06/2024 20:00,21/06/2024,20,21,4,5.320141938,418.265
bounty_madera,30/06/2024,21/06/2024 21:00,21/06/2024,21,22,4,10.13290052,409.802
bounty_madera,30/06/2024,21/06/2024 22:00,21/06/2024,22,23,4,4.134174199,399.822
bounty_madera,30/06/2024,21/06/2024 23:00,21/06/2024,23,24,4,4.832896067,419.941
bounty_madera,30/06/2024,22/06/2024 0:00,22/06/2024,0,1,5,4.720014001,404.167
bounty_madera,30/06/2024,22/06/2024 1:00,22/06/2024,1,2,5,4.463881814,381.084
bounty_madera,30/06/2024,22/06/2024 2:00,22/06/2024,2,3,5,4.200980809,375.727
bounty_madera,30/06/2024,22/06/2024 3:00,22/06/2024,3,4,5,-0.823188314,371.376
bounty_madera,30/06/2024,22/06/2024 4:00,22/06/2024,4,5,5,3.997755837,363.409
bounty_madera,30/06/2024,22/06/2024 5:00,22/06/2024,5,6,5,2.87848211,408.6
bounty_madera,30/06/2024,22/06/2024 6:00,22/06/2024,6,7,5,2.123654432,426.097
bounty_madera,30/06/2024,22/06/2024 7:00,22/06/2024,7,8,5,2.605854292,485.215
bounty_madera,30/06/2024,22/06/2024 8:00,22/06/2024,8,9,5,3.622612127,520.09
bounty_madera,30/06/2024,22/06/2024 9:00,22/06/2024,9,10,5,3.805765211,523.345
bounty_madera,30/06/2024,22/06/2024 10:00,22/06/2024,10,11,5,4.393733288,529.3
bounty_madera,30/06/2024,22/06/2024 11:00,22/06/2024,11,12,5,3.981764652,525.461
bounty_madera,30/06/2024,22/06/2024 12:00,22/06/2024,12,13,5,4.146207499,527.129
bounty_madera,30/06/2024,22/06/2024 13:00,22/06/2024,13,14,5,5.070957946,558.529
bounty_madera,30/06/2024,22/06/2024 14:00,22/06/2024,14,15,5,5.133781145,553.703
bounty_madera,30/06/2024,22/06/2024 15:00,22/06/2024,15,16,5,8.237004551,549.037
bounty_madera,30/06/2024,22/06/2024 16:00,22/06/2024,16,17,5,4.311031651,524.968
bounty_madera,30/06/2024,22/06/2024 17:00,22/06/2024,17,18,5,4.256755157,514.911
bounty_madera,30/06/2024,22/06/2024 18:00,22/06/2024,18,19,5,4.876981748,478.505
bounty_madera,30/06/2024,22/06/2024 19:00,22/06/2024,19,20,5,4.843070207,460.773
bounty_madera,30/06/2024,22/06/2024 20:00,22/06/2024,20,21,5,5.012120621,456.044
bounty_madera,30/06/2024,22/06/2024 21:00,22/06/2024,21,22,5,8.299638606,443.905
bounty_madera,30/06/2024,22/06/2024 22:00,22/06/2024,22,23,5,4.773189636,434.922
bounty_madera,30/06/2024,22/06/2024 23:00,22/06/2024,23,24,5,4.708630044,426.786
bounty_madera,30/06/2024,23/06/2024 0:00,23/06/2024,0,1,6,4.132243296,405.263
bounty_madera,30/06/2024,23/06/2024 1:00,23/06/2024,1,2,6,3.409466506,366.806
bounty_madera,30/06/2024,23/06/2024 2:00,23/06/2024,2,3,6,2.982737912,357.936
bounty_madera,30/06/2024,23/06/2024 3:00,23/06/2024,3,4,6,2.85750984,364.796
bounty_madera,30/06/2024,23/06/2024 4:00,23/06/2024,4,5,6,2.939294748,365.564
bounty_madera,30/06/2024,23/06/2024 5:00,23/06/2024,5,6,6,2.422092361,391.771
bounty_madera,30/06/2024,23/06/2024 6:00,23/06/2024,6,7,6,2.034789478,408.562
bounty_madera,30/06/2024,23/06/2024 7:00,23/06/2024,7,8,6,2.259139145,476.549
bounty_madera,30/06/2024,23/06/2024 8:00,23/06/2024,8,9,6,2.009006251,485.37
bounty_madera,30/06/2024,23/06/2024 9:00,23/06/2024,9,10,6,3.030894483,517.704
bounty_madera,30/06/2024,23/06/2024 10:00,23/06/2024,10,11,6,2.646779205,519.481
bounty_madera,30/06/2024,23/06/2024 11:00,23/06/2024,11,12,6,2.673761507,517.513
bounty_madera,30/06/2024,23/06/2024 12:00,23/06/2024,12,13,6,3.498503681,535.693
bounty_madera,30/06/2024,23/06/2024 13:00,23/06/2024,13,14,6,3.72145731,562.758
bounty_madera,30/06/2024,23/06/2024 14:00,23/06/2024,14,15,6,3.747194228,565.819
bounty_madera,30/06/2024,23/06/2024 15:00,23/06/2024,15,16,6,3.652543928,545.241
bounty_madera,30/06/2024,23/06/2024 16:00,23/06/2024,16,17,6,3.72957501,538.841
bounty_madera,30/06/2024,23/06/2024 17:00,23/06/2024,17,18,6,3.723598423,537.508
bounty_madera,30/06/2024,23/06/2024 18:00,23/06/2024,18,19,6,6.420045362,496.554
bounty_madera,30/06/2024,23/06/2024 19:00,23/06/2024,19,20,6,4.050196501,476.948
bounty_madera,30/06/2024,23/06/2024 20:00,23/06/2024,20,21,6,5.147696989,471.952
bounty_madera,30/06/2024,23/06/2024 21:00,23/06/2024,21,22,6,5.632196467,459.955
bounty_madera,30/06/2024,23/06/2024 22:00,23/06/2024,22,23,6,3.983463787,434.062
bounty_madera,30/06/2024,23/06/2024 23:00,23/06/2024,23,24,6,3.956209656,428.313
bounty_madera,30/06/2024,24/06/2024 0:00,24/06/2024,0,1,0,3.928824476,419.82
bounty_madera,30/06/2024,24/06/2024 1:00,24/06/2024,1,2,0,3.916028287,399.799
bounty_madera,30/06/2024,24/06/2024 2:00,24/06/2024,2,3,0,3.312675576,394.099
bounty_madera,30/06/2024,24/06/2024 3:00,24/06/2024,3,4,0,2.994910152,385.206
bounty_madera,30/06/2024,24/06/2024 4:00,24/06/2024,4,5,0,2.772904065,389.44
bounty_madera,30/06/2024,24/06/2024 5:00,24/06/2024,5,6,0,2.192650647,400.817
bounty_madera,30/06/2024,24/06/2024 6:00,24/06/2024,6,7,0,2.151226665,437.211
bounty_madera,30/06/2024,24/06/2024 7:00,24/06/2024,7,8,0,3.099964296,497.687
bounty_madera,30/06/2024,24/06/2024 8:00,24/06/2024,8,9,0,3.340322987,540.533
bounty_madera,30/06/2024,24/06/2024 9:00,24/06/2024,9,10,0,3.355512156,549.974
bounty_madera,30/06/2024,24/06/2024 10:00,24/06/2024,10,11,0,4.095924461,556.345
bounty_madera,30/06/2024,24/06/2024 11:00,24/06/2024,11,12,0,3.920365388,550.805
bounty_madera,30/06/2024,24/06/2024 12:00,24/06/2024,12,13,0,3.964933097,566.866
bounty_madera,30/06/2024,24/06/2024 13:00,24/06/2024,13,14,0,5.74250945,583.716
bounty_madera,30/06/2024,24/06/2024 14:00,24/06/2024,14,15,0,4.393399924,580.183
bounty_madera,30/06/2024,24/06/2024 15:00,24/06/2024,15,16,0,5.130883266,577.102
bounty_madera,30/06/2024,24/06/2024 16:00,24/06/2024,16,17,0,4.080063835,585.841
bounty_madera,30/06/2024,24/06/2024 17:00,24/06/2024,17,18,0,3.022961406,534.06
bounty_madera,30/06/2024,24/06/2024 18:00,24/06/2024,18,19,0,4.030279751,516.142
bounty_madera,30/06/2024,24/06/2024 19:00,24/06/2024,19,20,0,4.143425769,449.321
bounty_madera,30/06/2024,24/06/2024 20:00,24/06/2024,20,21,0,4.194524798,425.267
bounty_madera,30/06/2024,24/06/2024 21:00,24/06/2024,21,22,0,6.446103916,399.841
bounty_madera,30/06/2024,24/06/2024 22:00,24/06/2024,22,23,0,4.320900205,364.384
bounty_madera,30/06/2024,24/06/2024 23:00,24/06/2024,23,24,0,3.1408531,392.641
bounty_madera,30/06/2024,25/06/2024 0:00,25/06/2024,0,1,1,3.496314574,373.501
bounty_madera,30/06/2024,25/06/2024 1:00,25/06/2024,1,2,1,3.716961936,348.214
bounty_madera,30/06/2024,25/06/2024 2:00,25/06/2024,2,3,1,3.382077667,335.92
bounty_madera,30/06/2024,25/06/2024 3:00,25/06/2024,3,4,1,2.938389844,340.304
bounty_madera,30/06/2024,25/06/2024 4:00,25/06/2024,4,5,1,2.924791481,354.947
bounty_madera,30/06/2024,25/06/2024 5:00,25/06/2024,5,6,1,1.890494972,365.122
bounty_madera,30/06/2024,25/06/2024 6:00,25/06/2024,6,7,1,2.411223739,389.583
bounty_madera,30/06/2024,25/06/2024 7:00,25/06/2024,7,8,1,2.996853167,486.189
bounty_madera,30/06/2024,25/06/2024 8:00,25/06/2024,8,9,1,3.326803577,533.543
bounty_madera,30/06/2024,25/06/2024 9:00,25/06/2024,9,10,1,3.765676858,562.664
bounty_madera,30/06/2024,25/06/2024 10:00,25/06/2024,10,11,1,4.008400354,564.13
bounty_madera,30/06/2024,25/06/2024 11:00,25/06/2024,11,12,1,3.628259347,530.095
bounty_madera,30/06/2024,25/06/2024 12:00,25/06/2024,12,13,1,3.274288973,561.59
bounty_madera,30/06/2024,25/06/2024 13:00,25/06/2024,13,14,1,5.631833548,577.041
bounty_madera,30/06/2024,25/06/2024 14:00,25/06/2024,14,15,1,5.389228294,580.844
bounty_madera,30/06/2024,25/06/2024 15:00,25/06/2024,15,16,1,5.717877411,572.704
bounty_madera,30/06/2024,25/06/2024 16:00,25/06/2024,16,17,1,4.50300845,572.43
bounty_madera,30/06/2024,25/06/2024 17:00,25/06/2024,17,18,1,4.20899272,542.758
bounty_madera,30/06/2024,25/06/2024 18:00,25/06/2024,18,19,1,4.339335202,498.358
bounty_madera,30/06/2024,25/06/2024 19:00,25/06/2024,19,20,1,4.53139787,467.963
bounty_madera,30/06/2024,25/06/2024 20:00,25/06/2024,20,21,1,4.929908629,464.248
bounty_madera,30/06/2024,25/06/2024 21:00,25/06/2024,21,22,1,8.25220713,469.639
bounty_madera,30/06/2024,25/06/2024 22:00,25/06/2024,22,23,1,5.451904636,462.311
bounty_madera,30/06/2024,25/06/2024 23:00,25/06/2024,23,24,1,4.437091215,456.946
bounty_madera,31/07/2024,26/06/2024 0:00,26/06/2024,0,1,2,4.097520944,426.594
bounty_madera,31/07/2024,26/06/2024 1:00,26/06/2024,1,2,2,3.904017047,395.177
bounty_madera,31/07/2024,26/06/2024 2:00,26/06/2024,2,3,2,3.677852976,373.522
bounty_madera,31/07/2024,26/06/2024 3:00,26/06/2024,3,4,2,3.331449769,362.98
bounty_madera,31/07/2024,26/06/2024 4:00,26/06/2024,4,5,2,3.348803409,376.611
bounty_madera,31/07/2024,26/06/2024 5:00,26/06/2024,5,6,2,3.190450793,397.497
bounty_madera,31/07/2024,26/06/2024 6:00,26/06/2024,6,7,2,1.633215075,401.263
bounty_madera,31/07/2024,26/06/2024 7:00,26/06/2024,7,8,2,2.858790639,483.055
bounty_madera,31/07/2024,26/06/2024 8:00,26/06/2024,8,9,2,3.442899047,511.8
bounty_madera,31/07/2024,26/06/2024 9:00,26/06/2024,9,10,2,3.485336588,516.991
bounty_madera,31/07/2024,26/06/2024 10:00,26/06/2024,10,11,2,3.793201023,525.773
bounty_madera,31/07/2024,26/06/2024 11:00,26/06/2024,11,12,2,3.705234253,489.784
bounty_madera,31/07/2024,26/06/2024 12:00,26/06/2024,12,13,2,2.025938673,503.83
bounty_madera,31/07/2024,26/06/2024 13:00,26/06/2024,13,14,2,3.390725514,531.019
bounty_madera,31/07/2024,26/06/2024 14:00,26/06/2024,14,15,2,2.818469937,529.354
bounty_madera,31/07/2024,26/06/2024 15:00,26/06/2024,15,16,2,3.580408321,523.425
bounty_madera,31/07/2024,26/06/2024 16:00,26/06/2024,16,17,2,4.381499044,529.565
bounty_madera,31/07/2024,26/06/2024 17:00,26/06/2024,17,18,2,3.268157474,533.16
bounty_madera,31/07/2024,26/06/2024 18:00,26/06/2024,18,19,2,4.194117173,503.987
bounty_madera,31/07/2024,26/06/2024 19:00,26/06/2024,19,20,2,3.922603372,476.611
bounty_madera,31/07/2024,26/06/2024 20:00,26/06/2024,20,21,2,4.402962271,466.348
bounty_madera,31/07/2024,26/06/2024 21:00,26/06/2024,21,22,2,3.688222147,458.774
bounty_madera,31/07/2024,26/06/2024 22:00,26/06/2024,22,23,2,3.595329292,439.338
bounty_madera,31/07/2024,26/06/2024 23:00,26/06/2024,23,24,2,3.237590698,448.09
bounty_madera,31/07/2024,27/06/2024 0:00,27/06/2024,0,1,3,3.252965343,368.46
bounty_madera,31/07/2024,27/06/2024 1:00,27/06/2024,1,2,3,3.799236213,323.593
bounty_madera,31/07/2024,27/06/2024 2:00,27/06/2024,2,3,3,3.408855684,312.067
bounty_madera,31/07/2024,27/06/2024 3:00,27/06/2024,3,4,3,2.903428448,312.265
bounty_madera,31/07/2024,27/06/2024 4:00,27/06/2024,4,5,3,3.267421311,323.737
bounty_madera,31/07/2024,27/06/2024 5:00,27/06/2024,5,6,3,2.60243194,353.85
bounty_madera,31/07/2024,27/06/2024 6:00,27/06/2024,6,7,3,1.533650541,379.42
bounty_madera,31/07/2024,27/06/2024 7:00,27/06/2024,7,8,3,2.649645782,465.658
bounty_madera,31/07/2024,27/06/2024 8:00,27/06/2024,8,9,3,3.285649868,509.497
bounty_madera,31/07/2024,27/06/2024 9:00,27/06/2024,9,10,3,3.379819131,545.454
bounty_madera,31/07/2024,27/06/2024 10:00,27/06/2024,10,11,3,3.466184073,547.912
bounty_madera,31/07/2024,27/06/2024 11:00,27/06/2024,11,12,3,3.505949291,508.456
bounty_madera,31/07/2024,27/06/2024 12:00,27/06/2024,12,13,3,2.703759016,527.527
bounty_madera,31/07/2024,27/06/2024 13:00,27/06/2024,13,14,3,5.471754467,563.825
bounty_madera,31/07/2024,27/06/2024 14:00,27/06/2024,14,15,3,5.749847061,569.108
bounty_madera,31/07/2024,27/06/2024 15:00,27/06/2024,15,16,3,5.035795749,554.769
bounty_madera,31/07/2024,27/06/2024 16:00,27/06/2024,16,17,3,4.055142408,545.964
bounty_madera,31/07/2024,27/06/2024 17:00,27/06/2024,17,18,3,3.644817873,539.195
bounty_madera,31/07/2024,27/06/2024 18:00,27/06/2024,18,19,3,5.893652776,492.235
bounty_madera,31/07/2024,27/06/2024 19:00,27/06/2024,19,20,3,5.490286654,457.698
bounty_madera,31/07/2024,27/06/2024 20:00,27/06/2024,20,21,3,7.163987055,426.497
bounty_madera,31/07/2024,27/06/2024 21:00,27/06/2024,21,22,3,5.949209135,406.745
bounty_madera,31/07/2024,27/06/2024 22:00,27/06/2024,22,23,3,6.068041558,398.584
bounty_madera,31/07/2024,27/06/2024 23:00,27/06/2024,23,24,3,4.802446063,399.874
bounty_madera,31/07/2024,28/06/2024 0:00,28/06/2024,0,1,4,4.284891018,374.325
bounty_madera,31/07/2024,28/06/2024 1:00,28/06/2024,1,2,4,4.447984853,355.35
bounty_madera,31/07/2024,28/06/2024 2:00,28/06/2024,2,3,4,4.012578603,353.195
bounty_madera,31/07/2024,28/06/2024 3:00,28/06/2024,3,4,4,3.936951451,350.479
bounty_madera,31/07/2024,28/06/2024 4:00,28/06/2024,4,5,4,3.815139261,367.13
bounty_madera,31/07/2024,28/06/2024 5:00,28/06/2024,5,6,4,3.207212657,389.106
bounty_madera,31/07/2024,28/06/2024 6:00,28/06/2024,6,7,4,2.450091643,424.591
bounty_madera,31/07/2024,28/06/2024 7:00,28/06/2024,7,8,4,2.836005524,495.898
bounty_madera,31/07/2024,28/06/2024 8:00,28/06/2024,8,9,4,3.823502631,511.862
bounty_madera,31/07/2024,28/06/2024 9:00,28/06/2024,9,10,4,4.150730186,554.724
bounty_madera,31/07/2024,28/06/2024 10:00,28/06/2024,10,11,4,5.310435626,550.599
bounty_madera,31/07/2024,28/06/2024 11:00,28/06/2024,11,12,4,5.701005332,532.241
bounty_madera,31/07/2024,28/06/2024 12:00,28/06/2024,12,13,4,3.997858483,541.808
bounty_madera,31/07/2024,28/06/2024 13:00,28/06/2024,13,14,4,8.093518341,566.864
bounty_madera,31/07/2024,28/06/2024 14:00,28/06/2024,14,15,4,10.39237729,564.887
bounty_madera,31/07/2024,28/06/2024 15:00,28/06/2024,15,16,4,12.32406548,554.28
bounty_madera,31/07/2024,28/06/2024 16:00,28/06/2024,16,17,4,9.191874513,565.913
bounty_madera,31/07/2024,28/06/2024 17:00,28/06/2024,17,18,4,3.787131742,530.75
bounty_madera,31/07/2024,28/06/2024 18:00,28/06/2024,18,19,4,3.862356477,505.52
bounty_madera,31/07/2024,28/06/2024 19:00,28/06/2024,19,20,4,4.834476318,483.041
bounty_madera,31/07/2024,28/06/2024 20:00,28/06/2024,20,21,4,9.835231703,473.117
bounty_madera,31/07/2024,28/06/2024 21:00,28/06/2024,21,22,4,8.5245619,462.883
bounty_madera,31/07/2024,28/06/2024 22:00,28/06/2024,22,23,4,6.996992463,457.799
bounty_madera,31/07/2024,28/06/2024 23:00,28/06/2024,23,24,4,5.134340448,454.271
bounty_madera,31/07/2024,29/06/2024 0:00,29/06/2024,0,1,5,3.53721886,432.898
bounty_madera,31/07/2024,29/06/2024 1:00,29/06/2024,1,2,5,4.105597067,406.989
bounty_madera,31/07/2024,29/06/2024 2:00,29/06/2024,2,3,5,4.112173592,397.627
bounty_madera,31/07/2024,29/06/2024 3:00,29/06/2024,3,4,5,3.4398054,384.14
bounty_madera,31/07/2024,29/06/2024 4:00,29/06/2024,4,5,5,3.402509271,386.228
bounty_madera,31/07/2024,29/06/2024 5:00,29/06/2024,5,6,5,3.188877432,420.209
bounty_madera,31/07/2024,29/06/2024 6:00,29/06/2024,6,7,5,2.151337358,448.854
bounty_madera,31/07/2024,29/06/2024 7:00,29/06/2024,7,8,5,2.510684015,540.128
bounty_madera,31/07/2024,29/06/2024 8:00,29/06/2024,8,9,5,2.486489006,522.081
bounty_madera,31/07/2024,29/06/2024 9:00,29/06/2024,9,10,5,2.192216012,528.49
bounty_madera,31/07/2024,29/06/2024 10:00,29/06/2024,10,11,5,3.896714555,521.95
bounty_madera,31/07/2024,29/06/2024 11:00,29/06/2024,11,12,5,2.838003618,524.799
bounty_madera,31/07/2024,29/06/2024 12:00,29/06/2024,12,13,5,2.969007625,541.258
bounty_madera,31/07/2024,29/06/2024 13:00,29/06/2024,13,14,5,3.829654925,558.436
bounty_madera,31/07/2024,29/06/2024 14:00,29/06/2024,14,15,5,3.664201271,557.559
bounty_madera,31/07/2024,29/06/2024 15:00,29/06/2024,15,16,5,3.670557721,549.045
bounty_madera,31/07/2024,29/06/2024 16:00,29/06/2024,16,17,5,3.069864375,523.149
bounty_madera,31/07/2024,29/06/2024 17:00,29/06/2024,17,18,5,2.879962986,507.041
bounty_madera,31/07/2024,29/06/2024 18:00,29/06/2024,18,19,5,4.057123953,473.743
bounty_madera,31/07/2024,29/06/2024 19:00,29/06/2024,19,20,5,6.251495227,452.402
bounty_madera,31/07/2024,29/06/2024 20:00,29/06/2024,20,21,5,8.757092688,451.06
bounty_madera,31/07/2024,29/06/2024 21:00,29/06/2024,21,22,5,8.647285337,445.399
bounty_madera,31/07/2024,29/06/2024 22:00,29/06/2024,22,23,5,5.736268121,446.287
bounty_madera,31/07/2024,29/06/2024 23:00,29/06/2024,23,24,5,3.567215435,445.669
bounty_madera,31/07/2024,30/06/2024 0:00,30/06/2024,0,1,6,3.556288502,414.689
bounty_madera,31/07/2024,30/06/2024 1:00,30/06/2024,1,2,6,3.479507981,390.863
bounty_madera,31/07/2024,30/06/2024 2:00,30/06/2024,2,3,6,3.593376063,379.698
bounty_madera,31/07/2024,30/06/2024 3:00,30/06/2024,3,4,6,4.426435275,375.542
bounty_madera,31/07/2024,30/06/2024 4:00,30/06/2024,4,5,6,4.780208149,381.645
bounty_madera,31/07/2024,30/06/2024 5:00,30/06/2024,5,6,6,4.420841519,404.544
bounty_madera,31/07/2024,30/06/2024 6:00,30/06/2024,6,7,6,2.771001805,446.002
bounty_madera,31/07/2024,30/06/2024 7:00,30/06/2024,7,8,6,0.969703291,497.034
bounty_madera,31/07/2024,30/06/2024 8:00,30/06/2024,8,9,6,4.552757062,508.455
bounty_madera,31/07/2024,30/06/2024 9:00,30/06/2024,9,10,6,4.555305214,518.321
bounty_madera,31/07/2024,30/06/2024 10:00,30/06/2024,10,11,6,4.396120246,528.465
bounty_madera,31/07/2024,30/06/2024 11:00,30/06/2024,11,12,6,4.101163296,512.245
bounty_madera,31/07/2024,30/06/2024 12:00,30/06/2024,12,13,6,5.472442865,533.927
bounty_madera,31/07/2024,30/06/2024 13:00,30/06/2024,13,14,6,13.05131462,548.101
bounty_madera,31/07/2024,30/06/2024 14:00,30/06/2024,14,15,6,3.668397158,553.569
bounty_madera,31/07/2024,30/06/2024 15:00,30/06/2024,15,16,6,3.523345253,547.801
bounty_madera,31/07/2024,30/06/2024 16:00,30/06/2024,16,17,6,3.54171457,547.811
bounty_madera,31/07/2024,30/06/2024 17:00,30/06/2024,17,18,6,4.182416306,479.131
bounty_madera,31/07/2024,30/06/2024 18:00,30/06/2024,18,19,6,7.02257086,411.357
bounty_madera,31/07/2024,30/06/2024 19:00,30/06/2024,19,20,6,6.06070928,388.474
bounty_madera,31/07/2024,30/06/2024 20:00,30/06/2024,20,21,6,9.515474407,372.35
bounty_madera,31/07/2024,30/06/2024 21:00,30/06/2024,21,22,6,8.491363506,355.82
bounty_madera,31/07/2024,30/06/2024 22:00,30/06/2024,22,23,6,4.50548518,356.305
bounty_madera,31/07/2024,30/06/2024 23:00,30/06/2024,23,24,6,4.015263362,378.572
bounty_madera,31/07/2024,01/07/2024 0:00,01/07/2024,0,1,0,6.621721706,388.139
bounty_madera,31/07/2024,01/07/2024 1:00,01/07/2024,1,2,0,4.212309616,360.032
bounty_madera,31/07/2024,01/07/2024 2:00,01/07/2024,2,3,0,4.288617296,349.016
bounty_madera,31/07/2024,01/07/2024 3:00,01/07/2024,3,4,0,3.586489863,345.012
bounty_madera,31/07/2024,01/07/2024 4:00,01/07/2024,4,5,0,3.569628212,344.856
bounty_madera,31/07/2024,01/07/2024 5:00,01/07/2024,5,6,0,2.964298779,355.319
bounty_madera,31/07/2024,01/07/2024 6:00,01/07/2024,6,7,0,2.298120467,378.11
bounty_madera,31/07/2024,01/07/2024 7:00,01/07/2024,7,8,0,3.85378536,413.431
bounty_madera,31/07/2024,01/07/2024 8:00,01/07/2024,8,9,0,5.451605533,489.507
bounty_madera,31/07/2024,01/07/2024 9:00,01/07/2024,9,10,0,2.769996057,534.925
bounty_madera,31/07/2024,01/07/2024 10:00,01/07/2024,10,11,0,4.138549761,526.928
bounty_madera,31/07/2024,01/07/2024 11:00,01/07/2024,11,12,0,4.182252007,518.111
bounty_madera,31/07/2024,01/07/2024 12:00,01/07/2024,12,13,0,3.73557909,529.482
bounty_madera,31/07/2024,01/07/2024 13:00,01/07/2024,13,14,0,9.577158407,570.054
bounty_madera,31/07/2024,01/07/2024 14:00,01/07/2024,14,15,0,11.70984489,564.905
bounty_madera,31/07/2024,01/07/2024 15:00,01/07/2024,15,16,0,16.96965162,550.818
bounty_madera,31/07/2024,01/07/2024 16:00,01/07/2024,16,17,0,14.31645252,550.989
bounty_madera,31/07/2024,01/07/2024 17:00,01/07/2024,17,18,0,8.003174863,333.497
bounty_madera,31/07/2024,01/07/2024 18:00,01/07/2024,18,19,0,4.689279478,395.406
bounty_madera,31/07/2024,01/07/2024 19:00,01/07/2024,19,20,0,7.092649079,468.46
bounty_madera,31/07/2024,01/07/2024 20:00,01/07/2024,20,21,0,15.56005419,464.655
bounty_madera,31/07/2024,01/07/2024 21:00,01/07/2024,21,22,0,11.49420002,466.119
bounty_madera,31/07/2024,01/07/2024 22:00,01/07/2024,22,23,0,6.224880166,442.692
bounty_madera,31/07/2024,01/07/2024 23:00,01/07/2024,23,24,0,3.926969602,443.65
bounty_madera,31/07/2024,02/07/2024 0:00,02/07/2024,0,1,1,4.333751963,419.066
bounty_madera,31/07/2024,02/07/2024 1:00,02/07/2024,1,2,1,4.081161119,392.35
bounty_madera,31/07/2024,02/07/2024 2:00,02/07/2024,2,3,1,4.171627377,382.75
bounty_madera,31/07/2024,02/07/2024 3:00,02/07/2024,3,4,1,3.624719358,379.907
bounty_madera,31/07/2024,02/07/2024 4:00,02/07/2024,4,5,1,3.889228427,382.201
bounty_madera,31/07/2024,02/07/2024 5:00,02/07/2024,5,6,1,3.455459743,386.535
bounty_madera,31/07/2024,02/07/2024 6:00,02/07/2024,6,7,1,2.718943659,419.819
bounty_madera,31/07/2024,02/07/2024 7:00,02/07/2024,7,8,1,3.129987823,509.846
bounty_madera,31/07/2024,02/07/2024 8:00,02/07/2024,8,9,1,3.893983702,535.858
bounty_madera,31/07/2024,02/07/2024 9:00,02/07/2024,9,10,1,3.225527679,572.826
bounty_madera,31/07/2024,02/07/2024 10:00,02/07/2024,10,11,1,3.631439298,576.644
bounty_madera,31/07/2024,02/07/2024 11:00,02/07/2024,11,12,1,4.228227187,552.808
bounty_madera,31/07/2024,02/07/2024 12:00,02/07/2024,12,13,1,4.487531861,581.011
bounty_madera,31/07/2024,02/07/2024 13:00,02/07/2024,13,14,1,8.795185341,573.976
bounty_madera,31/07/2024,02/07/2024 14:00,02/07/2024,14,15,1,8.571880335,550.914
bounty_madera,31/07/2024,02/07/2024 15:00,02/07/2024,15,16,1,7.053745512,543.592
bounty_madera,31/07/2024,02/07/2024 16:00,02/07/2024,16,17,1,4.78318032,533.467
bounty_madera,31/07/2024,02/07/2024 17:00,02/07/2024,17,18,1,4.365761945,517.814
bounty_madera,31/07/2024,02/07/2024 18:00,02/07/2024,18,19,1,7.683404948,491.808
bounty_madera,31/07/2024,02/07/2024 19:00,02/07/2024,19,20,1,6.835592302,466.003
bounty_madera,31/07/2024,02/07/2024 20:00,02/07/2024,20,21,1,8.990368284,458.354
bounty_madera,31/07/2024,02/07/2024 21:00,02/07/2024,21,22,1,10.84588235,444.259
bounty_madera,31/07/2024,02/07/2024 22:00,02/07/2024,22,23,1,5.79541521,412.273
bounty_madera,31/07/2024,02/07/2024 23:00,02/07/2024,23,24,1,3.727160259,409.511
bounty_madera,31/07/2024,03/07/2024 0:00,03/07/2024,0,1,2,3.926145793,389.307
bounty_madera,31/07/2024,03/07/2024 1:00,03/07/2024,1,2,2,3.767083676,356.018
bounty_madera,31/07/2024,03/07/2024 2:00,03/07/2024,2,3,2,3.876494132,357.025
bounty_madera,31/07/2024,03/07/2024 3:00,03/07/2024,3,4,2,3.31261084,356.999
bounty_madera,31/07/2024,03/07/2024 4:00,03/07/2024,4,5,2,3.141981696,381.797
bounty_madera,31/07/2024,03/07/2024 5:00,03/07/2024,5,6,2,3.976059226,395.196
bounty_madera,31/07/2024,03/07/2024 6:00,03/07/2024,6,7,2,3.391466033,419.069
bounty_madera,31/07/2024,03/07/2024 7:00,03/07/2024,7,8,2,2.92037922,499.17
bounty_madera,31/07/2024,03/07/2024 8:00,03/07/2024,8,9,2,4.738741462,504.674
bounty_madera,31/07/2024,03/07/2024 9:00,03/07/2024,9,10,2,4.785455486,533.883
bounty_madera,31/07/2024,03/07/2024 10:00,03/07/2024,10,11,2,5.309630667,529.914
bounty_madera,31/07/2024,03/07/2024 11:00,03/07/2024,11,12,2,5.6063958,521.022
bounty_madera,31/07/2024,03/07/2024 12:00,03/07/2024,12,13,2,5.263775675,528.841
bounty_madera,31/07/2024,03/07/2024 13:00,03/07/2024,13,14,2,8.789740696,563.538
bounty_madera,31/07/2024,03/07/2024 14:00,03/07/2024,14,15,2,12.69491114,557.907
bounty_madera,31/07/2024,03/07/2024 15:00,03/07/2024,15,16,2,22.55526679,504.559
bounty_madera,31/07/2024,03/07/2024 16:00,03/07/2024,16,17,2,17.14475459,519.526
bounty_madera,31/07/2024,03/07/2024 17:00,03/07/2024,17,18,2,10.90744895,533.038
bounty_madera,31/07/2024,03/07/2024 18:00,03/07/2024,18,19,2,10.3355908,472.958
bounty_madera,31/07/2024,03/07/2024 19:00,03/07/2024,19,20,2,11.5274674,469.712
bounty_madera,31/07/2024,03/07/2024 20:00,03/07/2024,20,21,2,21.16810088,462.435
bounty_madera,31/07/2024,03/07/2024 21:00,03/07/2024,21,22,2,19.50907384,451.8
bounty_madera,31/07/2024,03/07/2024 22:00,03/07/2024,22,23,2,12.24288048,430.824
bounty_madera,31/07/2024,03/07/2024 23:00,03/07/2024,23,24,2,14.99687808,415.25
bounty_madera,31/07/2024,04/07/2024 0:00,04/07/2024,0,1,3,5.897998081,393.44
bounty_madera,31/07/2024,04/07/2024 1:00,04/07/2024,1,2,3,4.928218708,361.826
bounty_madera,31/07/2024,04/07/2024 2:00,04/07/2024,2,3,3,4.139492164,334.975
bounty_madera,31/07/2024,04/07/2024 3:00,04/07/2024,3,4,3,3.892667054,320.287
bounty_madera,31/07/2024,04/07/2024 4:00,04/07/2024,4,5,3,3.992848936,322.075
bounty_madera,31/07/2024,04/07/2024 5:00,04/07/2024,5,6,3,4.190203987,348.517
bounty_madera,31/07/2024,04/07/2024 6:00,04/07/2024,6,7,3,3.566133359,396.416
bounty_madera,31/07/2024,04/07/2024 7:00,04/07/2024,7,8,3,3.485500796,488.788
bounty_madera,31/07/2024,04/07/2024 8:00,04/07/2024,8,9,3,5.925857568,517.45
bounty_madera,31/07/2024,04/07/2024 9:00,04/07/2024,9,10,3,15.27636986,531.932
bounty_madera,31/07/2024,04/07/2024 10:00,04/07/2024,10,11,3,11.02975714,542.506
bounty_madera,31/07/2024,04/07/2024 11:00,04/07/2024,11,12,3,13.78969869,517.12
bounty_madera,31/07/2024,04/07/2024 12:00,04/07/2024,12,13,3,9.56764813,542.258
bounty_madera,31/07/2024,04/07/2024 13:00,04/07/2024,13,14,3,15.53562802,569.659
bounty_madera,31/07/2024,04/07/2024 14:00,04/07/2024,14,15,3,18.15682768,543.32
bounty_madera,31/07/2024,04/07/2024 15:00,04/07/2024,15,16,3,25.81721237,537.477
bounty_madera,31/07/2024,04/07/2024 16:00,04/07/2024,16,17,3,19.02912974,534.799
bounty_madera,31/07/2024,04/07/2024 17:00,04/07/2024,17,18,3,12.20413844,396.467
bounty_madera,31/07/2024,04/07/2024 18:00,04/07/2024,18,19,3,15.91608279,354.748
bounty_madera,31/07/2024,04/07/2024 19:00,04/07/2024,19,20,3,13.0294342,319.637
bounty_madera,31/07/2024,04/07/2024 20:00,04/07/2024,20,21,3,10.40093927,309.676
bounty_madera,31/07/2024,04/07/2024 21:00,04/07/2024,21,22,3,8.914605109,318.699
bounty_madera,31/07/2024,04/07/2024 22:00,04/07/2024,22,23,3,5.901376035,329.1
bounty_madera,31/07/2024,04/07/2024 23:00,04/07/2024,23,24,3,4.670648822,309.677
bounty_madera,31/07/2024,05/07/2024 0:00,05/07/2024,0,1,4,4.601441524,313.643
bounty_madera,31/07/2024,05/07/2024 1:00,05/07/2024,1,2,4,3.959991277,298.01
bounty_madera,31/07/2024,05/07/2024 2:00,05/07/2024,2,3,4,3.524091644,283.064
bounty_madera,31/07/2024,05/07/2024 3:00,05/07/2024,3,4,4,3.306510889,289.309
bounty_madera,31/07/2024,05/07/2024 4:00,05/07/2024,4,5,4,2.821081718,304.227
bounty_madera,31/07/2024,05/07/2024 5:00,05/07/2024,5,6,4,2.929127205,336.849
bounty_madera,31/07/2024,05/07/2024 6:00,05/07/2024,6,7,4,3.217570467,347.744
bounty_madera,31/07/2024,05/07/2024 7:00,05/07/2024,7,8,4,3.074540715,379.659
bounty_madera,31/07/2024,05/07/2024 8:00,05/07/2024,8,9,4,4.577288477,428.144
bounty_madera,31/07/2024,05/07/2024 9:00,05/07/2024,9,10,4,4.046955396,486.924
bounty_madera,31/07/2024,05/07/2024 10:00,05/07/2024,10,11,4,4.669979601,509.691
bounty_madera,31/07/2024,05/07/2024 11:00,05/07/2024,11,12,4,4.028402942,497.814
bounty_madera,31/07/2024,05/07/2024 12:00,05/07/2024,12,13,4,3.399689232,520.138
bounty_madera,31/07/2024,05/07/2024 13:00,05/07/2024,13,14,4,5.29964456,541.001
bounty_madera,31/07/2024,05/07/2024 14:00,05/07/2024,14,15,4,3.90328558,524.382
bounty_madera,31/07/2024,05/07/2024 15:00,05/07/2024,15,16,4,4.598757156,529.766
bounty_madera,31/07/2024,05/07/2024 16:00,05/07/2024,16,17,4,4.011053308,530.086
bounty_madera,31/07/2024,05/07/2024 17:00,05/07/2024,17,18,4,3.583302108,543.857
bounty_madera,31/07/2024,05/07/2024 18:00,05/07/2024,18,19,4,5.828862286,474.23
bounty_madera,31/07/2024,05/07/2024 19:00,05/07/2024,19,20,4,5.12782763,445.884
bounty_madera,31/07/2024,05/07/2024 20:00,05/07/2024,20,21,4,6.713380656,436.091
bounty_madera,31/07/2024,05/07/2024 21:00,05/07/2024,21,22,4,5.970027638,433.491
bounty_madera,31/07/2024,05/07/2024 22:00,05/07/2024,22,23,4,4.290496631,405.523
bounty_madera,31/07/2024,05/07/2024 23:00,05/07/2024,23,24,4,4.326155209,365.866
bounty_madera,31/07/2024,06/07/2024 0:00,06/07/2024,0,1,5,5.160445311,370.213
bounty_madera,31/07/2024,06/07/2024 1:00,06/07/2024,1,2,5,4.168239495,361.405
bounty_madera,31/07/2024,06/07/2024 2:00,06/07/2024,2,3,5,2.94487124,358.743
bounty_madera,31/07/2024,06/07/2024 3:00,06/07/2024,3,4,5,3.565526879,357.512
bounty_madera,31/07/2024,06/07/2024 4:00,06/07/2024,4,5,5,3.428576695,364.678
bounty_madera,31/07/2024,06/07/2024 5:00,06/07/2024,5,6,5,3.21728055,352.922
bounty_madera,31/07/2024,06/07/2024 6:00,06/07/2024,6,7,5,2.525187985,344.198
bounty_madera,31/07/2024,06/07/2024 7:00,06/07/2024,7,8,5,2.522673337,402.041
bounty_madera,31/07/2024,06/07/2024 8:00,06/07/2024,8,9,5,2.799043388,449.961
bounty_madera,31/07/2024,06/07/2024 9:00,06/07/2024,9,10,5,3.121723733,466.866
bounty_madera,31/07/2024,06/07/2024 10:00,06/07/2024,10,11,5,3.225350316,497.636
bounty_madera,31/07/2024,06/07/2024 11:00,06/07/2024,11,12,5,3.441866142,493.966
bounty_madera,31/07/2024,06/07/2024 12:00,06/07/2024,12,13,5,2.668798472,511.358
bounty_madera,31/07/2024,06/07/2024 13:00,06/07/2024,13,14,5,3.726279143,536.395
bounty_madera,31/07/2024,06/07/2024 14:00,06/07/2024,14,15,5,4.227013671,528.462
bounty_madera,31/07/2024,06/07/2024 15:00,06/07/2024,15,16,5,4.402617669,516.162
bounty_madera,31/07/2024,06/07/2024 16:00,06/07/2024,16,17,5,3.999281942,494.886
bounty_madera,31/07/2024,06/07/2024 17:00,06/07/2024,17,18,5,4.035080799,501.467
bounty_madera,31/07/2024,06/07/2024 18:00,06/07/2024,18,19,5,6.874432587,493.138
bounty_madera,31/07/2024,06/07/2024 19:00,06/07/2024,19,20,5,5.92751454,469.758
bounty_madera,31/07/2024,06/07/2024 20:00,06/07/2024,20,21,5,7.524464173,439.967
bounty_madera,31/07/2024,06/07/2024 21:00,06/07/2024,21,22,5,11.27158508,413.552
bounty_madera,31/07/2024,06/07/2024 22:00,06/07/2024,22,23,5,7.659599388,415.942
bounty_madera,31/07/2024,06/07/2024 23:00,06/07/2024,23,24,5,5.896648529,419.974
bounty_madera,31/07/2024,07/07/2024 0:00,07/07/2024,0,1,6,5.665234454,391.599
bounty_madera,31/07/2024,07/07/2024 1:00,07/07/2024,1,2,6,4.740759511,365.103
bounty_madera,31/07/2024,07/07/2024 2:00,07/07/2024,2,3,6,4.098741821,360.002
bounty_madera,31/07/2024,07/07/2024 3:00,07/07/2024,3,4,6,3.65878319,359.778
bounty_madera,31/07/2024,07/07/2024 4:00,07/07/2024,4,5,6,3.660386061,361.158
bounty_madera,31/07/2024,07/07/2024 5:00,07/07/2024,5,6,6,3.088904386,379.685
bounty_madera,31/07/2024,07/07/2024 6:00,07/07/2024,6,7,6,2.91602277,415.31
bounty_madera,31/07/2024,07/07/2024 7:00,07/07/2024,7,8,6,2.933067542,494.34
bounty_madera,31/07/2024,07/07/2024 8:00,07/07/2024,8,9,6,2.368133795,501.221
bounty_madera,31/07/2024,07/07/2024 9:00,07/07/2024,9,10,6,2.972065902,521.603
bounty_madera,31/07/2024,07/07/2024 10:00,07/07/2024,10,11,6,2.807202261,525.153
bounty_madera,31/07/2024,07/07/2024 11:00,07/07/2024,11,12,6,3.146461395,500.588
bounty_madera,31/07/2024,07/07/2024 12:00,07/07/2024,12,13,6,3.41706767,523.412
bounty_madera,31/07/2024,07/07/2024 13:00,07/07/2024,13,14,6,4.335061577,545.474
bounty_madera,31/07/2024,07/07/2024 14:00,07/07/2024,14,15,6,4.292507561,519.791
bounty_madera,31/07/2024,07/07/2024 15:00,07/07/2024,15,16,6,4.806548879,523.277
bounty_madera,31/07/2024,07/07/2024 16:00,07/07/2024,16,17,6,4.449155084,515.937
bounty_madera,31/07/2024,07/07/2024 17:00,07/07/2024,17,18,6,4.375999067,494.074
bounty_madera,31/07/2024,07/07/2024 18:00,07/07/2024,18,19,6,6.22617633,452.361
bounty_madera,31/07/2024,07/07/2024 19:00,07/07/2024,19,20,6,5.298372416,427.038
bounty_madera,31/07/2024,07/07/2024 20:00,07/07/2024,20,21,6,6.565130799,420.622
bounty_madera,31/07/2024,07/07/2024 21:00,07/07/2024,21,22,6,6.529490134,405.901
bounty_madera,31/07/2024,07/07/2024 22:00,07/07/2024,22,23,6,4.838977619,403.55
bounty_madera,31/07/2024,07/07/2024 23:00,07/07/2024,23,24,6,4.495177484,398.78
bounty_madera,31/07/2024,08/07/2024 0:00,08/07/2024,0,1,0,4.260334627,388.009
bounty_madera,31/07/2024,08/07/2024 1:00,08/07/2024,1,2,0,3.826477326,348.869
bounty_madera,31/07/2024,08/07/2024 2:00,08/07/2024,2,3,0,3.653298587,332.376
bounty_madera,31/07/2024,08/07/2024 3:00,08/07/2024,3,4,0,2.926982603,332.027
bounty_madera,31/07/2024,08/07/2024 4:00,08/07/2024,4,5,0,2.960588417,333.759
bounty_madera,31/07/2024,08/07/2024 5:00,08/07/2024,5,6,0,2.922469395,339.217
bounty_madera,31/07/2024,08/07/2024 6:00,08/07/2024,6,7,0,2.952810915,373.918
bounty_madera,31/07/2024,08/07/2024 7:00,08/07/2024,7,8,0,3.479826499,477.305
bounty_madera,31/07/2024,08/07/2024 8:00,08/07/2024,8,9,0,3.950184293,499.929
bounty_madera,31/07/2024,08/07/2024 9:00,08/07/2024,9,10,0,4.509028149,505.616
bounty_madera,31/07/2024,08/07/2024 10:00,08/07/2024,10,11,0,5.477151856,515.44
bounty_madera,31/07/2024,08/07/2024 11:00,08/07/2024,11,12,0,5.205783685,499.431
bounty_madera,31/07/2024,08/07/2024 12:00,08/07/2024,12,13,0,4.864309167,508.14
bounty_madera,31/07/2024,08/07/2024 13:00,08/07/2024,13,14,0,5.554414154,559.621
bounty_madera,31/07/2024,08/07/2024 14:00,08/07/2024,14,15,0,10.88434699,554.851
bounty_madera,31/07/2024,08/07/2024 15:00,08/07/2024,15,16,0,12.47508906,550.457
bounty_madera,31/07/2024,08/07/2024 16:00,08/07/2024,16,17,0,12.4515208,531.452
bounty_madera,31/07/2024,08/07/2024 17:00,08/07/2024,17,18,0,5.884200196,528.491
bounty_madera,31/07/2024,08/07/2024 18:00,08/07/2024,18,19,0,6.510880854,488.863
bounty_madera,31/07/2024,08/07/2024 19:00,08/07/2024,19,20,0,5.814238004,427.511
bounty_madera,31/07/2024,08/07/2024 20:00,08/07/2024,20,21,0,8.870939468,412.738
bounty_madera,31/07/2024,08/07/2024 21:00,08/07/2024,21,22,0,11.51620834,402.811
bounty_madera,31/07/2024,08/07/2024 22:00,08/07/2024,22,23,0,8.895910414,389.511
bounty_madera,31/07/2024,08/07/2024 23:00,08/07/2024,23,24,0,5.809133711,385.115
bounty_madera,31/07/2024,09/07/2024 0:00,09/07/2024,0,1,1,5.417141867,379.655
bounty_madera,31/07/2024,09/07/2024 1:00,09/07/2024,1,2,1,4.626167791,358.516
bounty_madera,31/07/2024,09/07/2024 2:00,09/07/2024,2,3,1,4.244455081,354.22
bounty_madera,31/07/2024,09/07/2024 3:00,09/07/2024,3,4,1,3.954929484,348.826
bounty_madera,31/07/2024,09/07/2024 4:00,09/07/2024,4,5,1,3.653884682,349.291
bounty_madera,31/07/2024,09/07/2024 5:00,09/07/2024,5,6,1,3.028242406,361.974
bounty_madera,31/07/2024,09/07/2024 6:00,09/07/2024,6,7,1,2.523094293,388.293
bounty_madera,31/07/2024,09/07/2024 7:00,09/07/2024,7,8,1,3.145416821,387.321
bounty_madera,31/07/2024,09/07/2024 8:00,09/07/2024,8,9,1,3.713951821,459.458
bounty_madera,31/07/2024,09/07/2024 9:00,09/07/2024,9,10,1,3.214757452,489.382
bounty_madera,31/07/2024,09/07/2024 10:00,09/07/2024,10,11,1,5.064480549,511.372
bounty_madera,31/07/2024,09/07/2024 11:00,09/07/2024,11,12,1,4.88197916,485.08
bounty_madera,31/07/2024,09/07/2024 12:00,09/07/2024,12,13,1,4.681202513,501.842
bounty_madera,31/07/2024,09/07/2024 13:00,09/07/2024,13,14,1,9.110314089,526.505
bounty_madera,31/07/2024,09/07/2024 14:00,09/07/2024,14,15,1,10.94398112,535.555
bounty_madera,31/07/2024,09/07/2024 15:00,09/07/2024,15,16,1,10.18270539,551.724
bounty_madera,31/07/2024,09/07/2024 16:00,09/07/2024,16,17,1,9.034736908,559.284
bounty_madera,31/07/2024,09/07/2024 17:00,09/07/2024,17,18,1,6.275819701,527.635
bounty_madera,31/07/2024,09/07/2024 18:00,09/07/2024,18,19,1,6.460139676,414.475
bounty_madera,31/07/2024,09/07/2024 19:00,09/07/2024,19,20,1,7.130731666,370.972
bounty_madera,31/07/2024,09/07/2024 20:00,09/07/2024,20,21,1,20.20013689,398.471
bounty_madera,31/07/2024,09/07/2024 21:00,09/07/2024,21,22,1,11.81671943,405.09
bounty_madera,31/07/2024,09/07/2024 22:00,09/07/2024,22,23,1,8.241790261,400.611
bounty_madera,31/07/2024,09/07/2024 23:00,09/07/2024,23,24,1,5.470541955,402.779
bounty_madera,31/07/2024,10/07/2024 0:00,10/07/2024,0,1,2,4.918417026,398.461
bounty_madera,31/07/2024,10/07/2024 1:00,10/07/2024,1,2,2,4.713014355,350.696
bounty_madera,31/07/2024,10/07/2024 2:00,10/07/2024,2,3,2,3.741348543,361.414
bounty_madera,31/07/2024,10/07/2024 3:00,10/07/2024,3,4,2,3.137300606,372.133
bounty_madera,31/07/2024,10/07/2024 4:00,10/07/2024,4,5,2,3.500993913,387.757
bounty_madera,31/07/2024,10/07/2024 5:00,10/07/2024,5,6,2,3.619457598,398.408
bounty_madera,31/07/2024,10/07/2024 6:00,10/07/2024,6,7,2,2.975343368,389.622
bounty_madera,31/07/2024,10/07/2024 7:00,10/07/2024,7,8,2,3.30060093,410.068
bounty_madera,31/07/2024,10/07/2024 8:00,10/07/2024,8,9,2,3.609964708,442.994
bounty_madera,31/07/2024,10/07/2024 9:00,10/07/2024,9,10,2,4.0129704,457.353
bounty_madera,31/07/2024,10/07/2024 10:00,10/07/2024,10,11,2,4.565521213,486.486
bounty_madera,31/07/2024,10/07/2024 11:00,10/07/2024,11,12,2,3.859340248,467.583
bounty_madera,31/07/2024,10/07/2024 12:00,10/07/2024,12,13,2,3.602401939,469.724
bounty_madera,31/07/2024,10/07/2024 13:00,10/07/2024,13,14,2,5.214302471,474.548
bounty_madera,31/07/2024,10/07/2024 14:00,10/07/2024,14,15,2,5.450613417,505.675
bounty_madera,31/07/2024,10/07/2024 15:00,10/07/2024,15,16,2,6.533709719,528.729
bounty_madera,31/07/2024,10/07/2024 16:00,10/07/2024,16,17,2,6.497643794,543.386
bounty_madera,31/07/2024,10/07/2024 17:00,10/07/2024,17,18,2,5.59281899,527.625
bounty_madera,31/07/2024,10/07/2024 18:00,10/07/2024,18,19,2,5.899212407,489.09
bounty_madera,31/07/2024,10/07/2024 19:00,10/07/2024,19,20,2,6.314368458,475.25
bounty_madera,31/07/2024,10/07/2024 20:00,10/07/2024,20,21,2,7.187046084,461.336
bounty_madera,31/07/2024,10/07/2024 21:00,10/07/2024,21,22,2,11.64286128,461.39
bounty_madera,31/07/2024,10/07/2024 22:00,10/07/2024,22,23,2,7.631885187,470.344
bounty_madera,31/07/2024,10/07/2024 23:00,10/07/2024,23,24,2,5.069834164,477.889
bounty_madera,31/07/2024,11/07/2024 0:00,11/07/2024,0,1,3,5.185175202,464.901
bounty_madera,31/07/2024,11/07/2024 1:00,11/07/2024,1,2,3,4.76908931,455.259
bounty_madera,31/07/2024,11/07/2024 2:00,11/07/2024,2,3,3,3.623877238,445.523
bounty_madera,31/07/2024,11/07/2024 3:00,11/07/2024,3,4,3,3.296093127,428.438
bounty_madera,31/07/2024,11/07/2024 4:00,11/07/2024,4,5,3,3.350152987,427.522
bounty_madera,31/07/2024,11/07/2024 5:00,11/07/2024,5,6,3,2.895690754,442.693
bounty_madera,31/07/2024,11/07/2024 6:00,11/07/2024,6,7,3,2.682175586,443.881
bounty_madera,31/07/2024,11/07/2024 7:00,11/07/2024,7,8,3,2.888330959,476.872
bounty_madera,31/07/2024,11/07/2024 8:00,11/07/2024,8,9,3,4.472861153,480.282
bounty_madera,31/07/2024,11/07/2024 9:00,11/07/2024,9,10,3,4.057791979,507.432
bounty_madera,31/07/2024,11/07/2024 10:00,11/07/2024,10,11,3,4.333067324,513.904
bounty_madera,31/07/2024,11/07/2024 11:00,11/07/2024,11,12,3,4.183180718,501.166
bounty_madera,31/07/2024,11/07/2024 12:00,11/07/2024,12,13,3,3.57869079,522.76
bounty_madera,31/07/2024,11/07/2024 13:00,11/07/2024,13,14,3,6.129055398,546.267
bounty_madera,31/07/2024,11/07/2024 14:00,11/07/2024,14,15,3,5.701919327,563.35
bounty_madera,31/07/2024,11/07/2024 15:00,11/07/2024,15,16,3,6.259185306,554.256
bounty_madera,31/07/2024,11/07/2024 16:00,11/07/2024,16,17,3,5.837320547,560.528
bounty_madera,31/07/2024,11/07/2024 17:00,11/07/2024,17,18,3,5.390410787,526.273
bounty_madera,31/07/2024,11/07/2024 18:00,11/07/2024,18,19,3,5.579348947,492.166
bounty_madera,31/07/2024,11/07/2024 19:00,11/07/2024,19,20,3,5.781689452,460.828
bounty_madera,31/07/2024,11/07/2024 20:00,11/07/2024,20,21,3,7.38985455,453.861
bounty_madera,31/07/2024,11/07/2024 21:00,11/07/2024,21,22,3,7.114542992,450.048
bounty_madera,31/07/2024,11/07/2024 22:00,11/07/2024,22,23,3,5.510974691,450.93
bounty_madera,31/07/2024,11/07/2024 23:00,11/07/2024,23,24,3,5.770259897,447.33
bounty_madera,31/07/2024,12/07/2024 0:00,12/07/2024,0,1,4,5.012932929,421.736
bounty_madera,31/07/2024,12/07/2024 1:00,12/07/2024,1,2,4,4.507442356,378.526
bounty_madera,31/07/2024,12/07/2024 2:00,12/07/2024,2,3,4,4.014072356,369.952
bounty_madera,31/07/2024,12/07/2024 3:00,12/07/2024,3,4,4,3.000152451,353.766
bounty_madera,31/07/2024,12/07/2024 4:00,12/07/2024,4,5,4,3.426502484,353.511
bounty_madera,31/07/2024,12/07/2024 5:00,12/07/2024,5,6,4,3.082166167,386.056
bounty_madera,31/07/2024,12/07/2024 6:00,12/07/2024,6,7,4,2.459727014,414.162
bounty_madera,31/07/2024,12/07/2024 7:00,12/07/2024,7,8,4,2.614656619,449.444
bounty_madera,31/07/2024,12/07/2024 8:00,12/07/2024,8,9,4,4.126665565,510.783
bounty_madera,31/07/2024,12/07/2024 9:00,12/07/2024,9,10,4,4.149857808,540.762
bounty_madera,31/07/2024,12/07/2024 10:00,12/07/2024,10,11,4,5.525441761,576.967
bounty_madera,31/07/2024,12/07/2024 11:00,12/07/2024,11,12,4,5.658135809,544.099
bounty_madera,31/07/2024,12/07/2024 12:00,12/07/2024,12,13,4,4.263295236,564.753
bounty_madera,31/07/2024,12/07/2024 13:00,12/07/2024,13,14,4,6.851811893,585.881
bounty_madera,31/07/2024,12/07/2024 14:00,12/07/2024,14,15,4,6.399088353,591.212
bounty_madera,31/07/2024,12/07/2024 15:00,12/07/2024,15,16,4,9.041039464,567.75
bounty_madera,31/07/2024,12/07/2024 16:00,12/07/2024,16,17,4,7.760959721,573.957
bounty_madera,31/07/2024,12/07/2024 17:00,12/07/2024,17,18,4,5.595494829,562.535
bounty_madera,31/07/2024,12/07/2024 18:00,12/07/2024,18,19,4,7.232927318,519.938
bounty_madera,31/07/2024,12/07/2024 19:00,12/07/2024,19,20,4,7.895827851,507.395
bounty_madera,31/07/2024,12/07/2024 20:00,12/07/2024,20,21,4,7.536930754,460.596
bounty_madera,31/07/2024,12/07/2024 21:00,12/07/2024,21,22,4,8.564309243,439.555
bounty_madera,31/07/2024,12/07/2024 22:00,12/07/2024,22,23,4,5.734994321,415.201
bounty_madera,31/07/2024,12/07/2024 23:00,12/07/2024,23,24,4,5.849770692,429.542
bounty_madera,31/07/2024,13/07/2024 0:00,13/07/2024,0,1,5,5.320473556,419.462
bounty_madera,31/07/2024,13/07/2024 1:00,13/07/2024,1,2,5,5.365973319,393.053
bounty_madera,31/07/2024,13/07/2024 2:00,13/07/2024,2,3,5,5.029774477,390.027
bounty_madera,31/07/2024,13/07/2024 3:00,13/07/2024,3,4,5,4.765305077,389.372
bounty_madera,31/07/2024,13/07/2024 4:00,13/07/2024,4,5,5,3.859746898,396.094
bounty_madera,31/07/2024,13/07/2024 5:00,13/07/2024,5,6,5,3.761043808,410.517
bounty_madera,31/07/2024,13/07/2024 6:00,13/07/2024,6,7,5,3.187361842,436.341
bounty_madera,31/07/2024,13/07/2024 7:00,13/07/2024,7,8,5,2.825911467,517.849
bounty_madera,31/07/2024,13/07/2024 8:00,13/07/2024,8,9,5,3.372978159,530.721
bounty_madera,31/07/2024,13/07/2024 9:00,13/07/2024,9,10,5,4.55314965,531.633
bounty_madera,31/07/2024,13/07/2024 10:00,13/07/2024,10,11,5,7.960705739,521.606
bounty_madera,31/07/2024,13/07/2024 11:00,13/07/2024,11,12,5,6.382058315,529.734
bounty_madera,31/07/2024,13/07/2024 12:00,13/07/2024,12,13,5,4.871278643,541.822
bounty_madera,31/07/2024,13/07/2024 13:00,13/07/2024,13,14,5,5.697633706,553.614
bounty_madera,31/07/2024,13/07/2024 14:00,13/07/2024,14,15,5,7.001962435,473.524
bounty_madera,31/07/2024,13/07/2024 15:00,13/07/2024,15,16,5,5.95606828,406.477
bounty_madera,31/07/2024,13/07/2024 16:00,13/07/2024,16,17,5,5.655515364,490.939
bounty_madera,31/07/2024,13/07/2024 17:00,13/07/2024,17,18,5,5.76970361,503.558
bounty_madera,31/07/2024,13/07/2024 18:00,13/07/2024,18,19,5,7.565831132,482.976
bounty_madera,31/07/2024,13/07/2024 19:00,13/07/2024,19,20,5,6.375808204,470.358
bounty_madera,31/07/2024,13/07/2024 20:00,13/07/2024,20,21,5,6.959094931,466.49
bounty_madera,31/07/2024,13/07/2024 21:00,13/07/2024,21,22,5,7.629899625,459.032
bounty_madera,31/07/2024,13/07/2024 22:00,13/07/2024,22,23,5,9.289994459,444.906
bounty_madera,31/07/2024,13/07/2024 23:00,13/07/2024,23,24,5,7.786221643,448.702
bounty_madera,31/07/2024,14/07/2024 0:00,14/07/2024,0,1,6,5.763846952,427.547
bounty_madera,31/07/2024,14/07/2024 1:00,14/07/2024,1,2,6,5.335208662,409.735
bounty_madera,31/07/2024,14/07/2024 2:00,14/07/2024,2,3,6,4.970381157,406.001
bounty_madera,31/07/2024,14/07/2024 3:00,14/07/2024,3,4,6,4.993168512,397.361
bounty_madera,31/07/2024,14/07/2024 4:00,14/07/2024,4,5,6,4.405469142,396.821
bounty_madera,31/07/2024,14/07/2024 5:00,14/07/2024,5,6,6,3.213139302,432.311
bounty_madera,31/07/2024,14/07/2024 6:00,14/07/2024,6,7,6,2.831005151,446.492
bounty_madera,31/07/2024,14/07/2024 7:00,14/07/2024,7,8,6,3.406481148,506.155
bounty_madera,31/07/2024,14/07/2024 8:00,14/07/2024,8,9,6,2.606965927,541.27
bounty_madera,31/07/2024,14/07/2024 9:00,14/07/2024,9,10,6,3.643475991,570.806
bounty_madera,31/07/2024,14/07/2024 10:00,14/07/2024,10,11,6,3.506124035,570.441
bounty_madera,31/07/2024,14/07/2024 11:00,14/07/2024,11,12,6,3.637533838,548.306
bounty_madera,31/07/2024,14/07/2024 12:00,14/07/2024,12,13,6,2.700682897,576.937
bounty_madera,31/07/2024,14/07/2024 13:00,14/07/2024,13,14,6,4.990983866,599.881
bounty_madera,31/07/2024,14/07/2024 14:00,14/07/2024,14,15,6,5.318221903,588.688
bounty_madera,31/07/2024,14/07/2024 15:00,14/07/2024,15,16,6,5.621011196,569.735
bounty_madera,31/07/2024,14/07/2024 16:00,14/07/2024,16,17,6,5.357756938,564.671
bounty_madera,31/07/2024,14/07/2024 17:00,14/07/2024,17,18,6,5.29981736,551.557
bounty_madera,31/07/2024,14/07/2024 18:00,14/07/2024,18,19,6,8.984600354,531.263
bounty_madera,31/07/2024,14/07/2024 19:00,14/07/2024,19,20,6,9.483232639,498.833
bounty_madera,31/07/2024,14/07/2024 20:00,14/07/2024,20,21,6,7.953855899,492.484
bounty_madera,31/07/2024,14/07/2024 21:00,14/07/2024,21,22,6,14.14670186,493.185
bounty_madera,31/07/2024,14/07/2024 22:00,14/07/2024,22,23,6,21.07609275,503.537
bounty_madera,31/07/2024,14/07/2024 23:00,14/07/2024,23,24,6,13.07159705,485.812
bounty_madera,31/07/2024,15/07/2024 0:00,15/07/2024,0,1,0,6.160112452,467.81
bounty_madera,31/07/2024,15/07/2024 1:00,15/07/2024,1,2,0,4.537650857,451.12
bounty_madera,31/07/2024,15/07/2024 2:00,15/07/2024,2,3,0,4.131888878,447.748
bounty_madera,31/07/2024,15/07/2024 3:00,15/07/2024,3,4,0,3.847518196,434.723
bounty_madera,31/07/2024,15/07/2024 4:00,15/07/2024,4,5,0,3.790618977,464.756
bounty_madera,31/07/2024,15/07/2024 5:00,15/07/2024,5,6,0,4.000440663,472.386
bounty_madera,31/07/2024,15/07/2024 6:00,15/07/2024,6,7,0,2.902976415,488.254
bounty_madera,31/07/2024,15/07/2024 7:00,15/07/2024,7,8,0,3.918729787,492.21
bounty_madera,31/07/2024,15/07/2024 8:00,15/07/2024,8,9,0,5.207979804,543.02
bounty_madera,31/07/2024,15/07/2024 9:00,15/07/2024,9,10,0,4.648181607,565.407
bounty_madera,31/07/2024,15/07/2024 10:00,15/07/2024,10,11,0,5.039552109,568.178
bounty_madera,31/07/2024,15/07/2024 11:00,15/07/2024,11,12,0,7.133631144,559.166
bounty_madera,31/07/2024,15/07/2024 12:00,15/07/2024,12,13,0,5.312954565,573.922
bounty_madera,31/07/2024,15/07/2024 13:00,15/07/2024,13,14,0,6.145670643,597.189
bounty_madera,31/07/2024,15/07/2024 14:00,15/07/2024,14,15,0,6.070694133,589.529
bounty_madera,31/07/2024,15/07/2024 15:00,15/07/2024,15,16,0,9.200921083,582.679
bounty_madera,31/07/2024,15/07/2024 16:00,15/07/2024,16,17,0,6.823644976,513.148
bounty_madera,31/07/2024,15/07/2024 17:00,15/07/2024,17,18,0,5.87432476,469.56
bounty_madera,31/07/2024,15/07/2024 18:00,15/07/2024,18,19,0,6.041046436,444.886
bounty_madera,31/07/2024,15/07/2024 19:00,15/07/2024,19,20,0,6.116020421,410.87
bounty_madera,31/07/2024,15/07/2024 20:00,15/07/2024,20,21,0,6.333513451,394.603
bounty_madera,31/07/2024,15/07/2024 21:00,15/07/2024,21,22,0,7.350695459,394.584
bounty_madera,31/07/2024,15/07/2024 22:00,15/07/2024,22,23,0,6.123440791,393.203
bounty_madera,31/07/2024,15/07/2024 23:00,15/07/2024,23,24,0,5.317785604,374.127
bounty_madera,31/07/2024,16/07/2024 0:00,16/07/2024,0,1,1,4.610650414,377.524
bounty_madera,31/07/2024,16/07/2024 1:00,16/07/2024,1,2,1,4.277387863,344.428
bounty_madera,31/07/2024,16/07/2024 2:00,16/07/2024,2,3,1,4.779055045,334.615
bounty_madera,31/07/2024,16/07/2024 3:00,16/07/2024,3,4,1,4.303279289,316.457
bounty_madera,31/07/2024,16/07/2024 4:00,16/07/2024,4,5,1,4.203378839,333.094
bounty_madera,31/07/2024,16/07/2024 5:00,16/07/2024,5,6,1,3.531208577,341.963
bounty_madera,31/07/2024,16/07/2024 6:00,16/07/2024,6,7,1,2.978876877,354.336
bounty_madera,31/07/2024,16/07/2024 7:00,16/07/2024,7,8,1,2.92380994,448.971
bounty_madera,31/07/2024,16/07/2024 8:00,16/07/2024,8,9,1,5.077584514,525.206
bounty_madera,31/07/2024,16/07/2024 9:00,16/07/2024,9,10,1,4.70008254,550.798
bounty_madera,31/07/2024,16/07/2024 10:00,16/07/2024,10,11,1,5.530244579,583.404
bounty_madera,31/07/2024,16/07/2024 11:00,16/07/2024,11,12,1,5.748080981,573.325
bounty_madera,31/07/2024,16/07/2024 12:00,16/07/2024,12,13,1,5.489004762,579.286
bounty_madera,31/07/2024,16/07/2024 13:00,16/07/2024,13,14,1,7.632244303,589.202
bounty_madera,31/07/2024,16/07/2024 14:00,16/07/2024,14,15,1,10.10825058,559.553
bounty_madera,31/07/2024,16/07/2024 15:00,16/07/2024,15,16,1,9.066067509,518.687
bounty_madera,31/07/2024,16/07/2024 16:00,16/07/2024,16,17,1,10.97194598,536.492
bounty_madera,31/07/2024,16/07/2024 17:00,16/07/2024,17,18,1,5.948773312,516.777
bounty_madera,31/07/2024,16/07/2024 18:00,16/07/2024,18,19,1,6.72400164,466.837
bounty_madera,31/07/2024,16/07/2024 19:00,16/07/2024,19,20,1,16.04418299,434.738
bounty_madera,31/07/2024,16/07/2024 20:00,16/07/2024,20,21,1,26.20382006,432.982
bounty_madera,31/07/2024,16/07/2024 21:00,16/07/2024,21,22,1,25.56755254,438.274
bounty_madera,31/07/2024,16/07/2024 22:00,16/07/2024,22,23,1,11.33140853,423.639
bounty_madera,31/07/2024,16/07/2024 23:00,16/07/2024,23,24,1,6.109549087,408.116
bounty_madera,31/07/2024,17/07/2024 0:00,17/07/2024,0,1,2,7.176911862,386.119
bounty_madera,31/07/2024,17/07/2024 1:00,17/07/2024,1,2,2,6.604895922,351.688
bounty_madera,31/07/2024,17/07/2024 2:00,17/07/2024,2,3,2,6.097594153,326.8
bounty_madera,31/07/2024,17/07/2024 3:00,17/07/2024,3,4,2,6.072077908,323.065
bounty_madera,31/07/2024,17/07/2024 4:00,17/07/2024,4,5,2,6.406624293,319.066
bounty_madera,31/07/2024,17/07/2024 5:00,17/07/2024,5,6,2,5.412042575,337.243
bounty_madera,31/07/2024,17/07/2024 6:00,17/07/2024,6,7,2,3.48550159,364.093
bounty_madera,31/07/2024,17/07/2024 7:00,17/07/2024,7,8,2,4.891740568,399.11
bounty_madera,31/07/2024,17/07/2024 8:00,17/07/2024,8,9,2,5.716219662,480.902
bounty_madera,31/07/2024,17/07/2024 9:00,17/07/2024,9,10,2,5.67070244,541.111
bounty_madera,31/07/2024,17/07/2024 10:00,17/07/2024,10,11,2,6.015752273,554.946
bounty_madera,31/07/2024,17/07/2024 11:00,17/07/2024,11,12,2,12.68651228,544.199
bounty_madera,31/07/2024,17/07/2024 12:00,17/07/2024,12,13,2,8.069011215,550.041
bounty_madera,31/07/2024,17/07/2024 13:00,17/07/2024,13,14,2,12.93101383,577.101
bounty_madera,31/07/2024,17/07/2024 14:00,17/07/2024,14,15,2,15.92099353,577.968
bounty_madera,31/07/2024,17/07/2024 15:00,17/07/2024,15,16,2,12.85652773,561.825
bounty_madera,31/07/2024,17/07/2024 16:00,17/07/2024,16,17,2,10.00379959,566.178
bounty_madera,31/07/2024,17/07/2024 17:00,17/07/2024,17,18,2,8.420377985,527.117
bounty_madera,31/07/2024,17/07/2024 18:00,17/07/2024,18,19,2,18.06143125,512.656
bounty_madera,31/07/2024,17/07/2024 19:00,17/07/2024,19,20,2,13.14640237,475.595
bounty_madera,31/07/2024,17/07/2024 20:00,17/07/2024,20,21,2,16.67115159,452.232
bounty_madera,31/07/2024,17/07/2024 21:00,17/07/2024,21,22,2,19.95403931,462.054
bounty_madera,31/07/2024,17/07/2024 22:00,17/07/2024,22,23,2,15.33471679,476.453
bounty_madera,31/07/2024,17/07/2024 23:00,17/07/2024,23,24,2,10.880996,454.553
bounty_madera,31/07/2024,18/07/2024 0:00,18/07/2024,0,1,3,6.886199118,441.03
bounty_madera,31/07/2024,18/07/2024 1:00,18/07/2024,1,2,3,5.898217448,413.133
bounty_madera,31/07/2024,18/07/2024 2:00,18/07/2024,2,3,3,6.086225665,394.027
bounty_madera,31/07/2024,18/07/2024 3:00,18/07/2024,3,4,3,5.443039927,377.068
bounty_madera,31/07/2024,18/07/2024 4:00,18/07/2024,4,5,3,5.581142136,375.319
bounty_madera,31/07/2024,18/07/2024 5:00,18/07/2024,5,6,3,4.354726279,398.571
bounty_madera,31/07/2024,18/07/2024 6:00,18/07/2024,6,7,3,4.38502124,412.121
bounty_madera,31/07/2024,18/07/2024 7:00,18/07/2024,7,8,3,5.240238411,426.175
bounty_madera,31/07/2024,18/07/2024 8:00,18/07/2024,8,9,3,8.405612347,444.625
bounty_madera,31/07/2024,18/07/2024 9:00,18/07/2024,9,10,3,13.756427,474.243
bounty_madera,31/07/2024,18/07/2024 10:00,18/07/2024,10,11,3,8.020585392,507.697
bounty_madera,31/07/2024,18/07/2024 11:00,18/07/2024,11,12,3,9.444990618,503.541
bounty_madera,31/07/2024,18/07/2024 12:00,18/07/2024,12,13,3,5.223750975,543.337
bounty_madera,31/07/2024,18/07/2024 13:00,18/07/2024,13,14,3,10.64050666,529.15
bounty_madera,31/07/2024,18/07/2024 14:00,18/07/2024,14,15,3,9.31274304,504.081
bounty_madera,31/07/2024,18/07/2024 15:00,18/07/2024,15,16,3,9.75060027,529.043
bounty_madera,31/07/2024,18/07/2024 16:00,18/07/2024,16,17,3,9.76427672,539.322
bounty_madera,31/07/2024,18/07/2024 17:00,18/07/2024,17,18,3,6.624283126,540.679
bounty_madera,31/07/2024,18/07/2024 18:00,18/07/2024,18,19,3,11.73539372,503.475
bounty_madera,31/07/2024,18/07/2024 19:00,18/07/2024,19,20,3,11.4686137,478.478
bounty_madera,31/07/2024,18/07/2024 20:00,18/07/2024,20,21,3,19.80553752,472.269
bounty_madera,31/07/2024,18/07/2024 21:00,18/07/2024,21,22,3,21.05414773,468.484
bounty_madera,31/07/2024,18/07/2024 22:00,18/07/2024,22,23,3,11.45996779,434.822
bounty_madera,31/07/2024,18/07/2024 23:00,18/07/2024,23,24,3,6.319364738,422.601
bounty_madera,31/07/2024,19/07/2024 0:00,19/07/2024,0,1,4,5.885156083,392.389
bounty_madera,31/07/2024,19/07/2024 1:00,19/07/2024,1,2,4,6.293310514,346.302
bounty_madera,31/07/2024,19/07/2024 2:00,19/07/2024,2,3,4,6.172457497,323.52
bounty_madera,31/07/2024,19/07/2024 3:00,19/07/2024,3,4,4,6.465107772,332.023
bounty_madera,31/07/2024,19/07/2024 4:00,19/07/2024,4,5,4,6.239189567,356.56
bounty_madera,31/07/2024,19/07/2024 5:00,19/07/2024,5,6,4,5.724495672,396.69
bounty_madera,31/07/2024,19/07/2024 6:00,19/07/2024,6,7,4,5.592591627,405.8
bounty_madera,31/07/2024,19/07/2024 7:00,19/07/2024,7,8,4,5.786255797,459.48
bounty_madera,31/07/2024,19/07/2024 8:00,19/07/2024,8,9,4,6.142183681,515.126
bounty_madera,31/07/2024,19/07/2024 9:00,19/07/2024,9,10,4,5.886070512,567.021
bounty_madera,31/07/2024,19/07/2024 10:00,19/07/2024,10,11,4,5.791671474,559.708
bounty_madera,31/07/2024,19/07/2024 11:00,19/07/2024,11,12,4,6.18710412,536.625
bounty_madera,31/07/2024,19/07/2024 12:00,19/07/2024,12,13,4,5.67106649,581.815
bounty_madera,31/07/2024,19/07/2024 13:00,19/07/2024,13,14,4,6.188148329,587.991
bounty_madera,31/07/2024,19/07/2024 14:00,19/07/2024,14,15,4,6.188708698,574.9
bounty_madera,31/07/2024,19/07/2024 15:00,19/07/2024,15,16,4,10.49372076,572.494
bounty_madera,31/07/2024,19/07/2024 16:00,19/07/2024,16,17,4,10.51755916,523.338
bounty_madera,31/07/2024,19/07/2024 17:00,19/07/2024,17,18,4,6.180532442,509.127
bounty_madera,31/07/2024,19/07/2024 18:00,19/07/2024,18,19,4,6.180926161,492.095
bounty_madera,31/07/2024,19/07/2024 19:00,19/07/2024,19,20,4,10.47389556,448.813
bounty_madera,31/07/2024,19/07/2024 20:00,19/07/2024,20,21,4,27.95752052,449.491
bounty_madera,31/07/2024,19/07/2024 21:00,19/07/2024,21,22,4,28.50983877,427.375
bounty_madera,31/07/2024,19/07/2024 22:00,19/07/2024,22,23,4,13.87010975,420.126
bounty_madera,31/07/2024,19/07/2024 23:00,19/07/2024,23,24,4,6.155562545,413.598
bounty_madera,31/07/2024,20/07/2024 0:00,20/07/2024,0,1,5,6.167839019,380.604
bounty_madera,31/07/2024,20/07/2024 1:00,20/07/2024,1,2,5,5.595792269,354.875
bounty_madera,31/07/2024,20/07/2024 2:00,20/07/2024,2,3,5,5.66940357,321.007
bounty_madera,31/07/2024,20/07/2024 3:00,20/07/2024,3,4,5,5.385387295,295.988
bounty_madera,31/07/2024,20/07/2024 4:00,20/07/2024,4,5,5,5.300325671,309.053
bounty_madera,31/07/2024,20/07/2024 5:00,20/07/2024,5,6,5,4.520332805,352.544
bounty_madera,31/07/2024,20/07/2024 6:00,20/07/2024,6,7,5,3.167762957,391.323
bounty_madera,31/07/2024,20/07/2024 7:00,20/07/2024,7,8,5,3.514427699,462.629
bounty_madera,31/07/2024,20/07/2024 8:00,20/07/2024,8,9,5,3.993782005,4.477
bounty_madera,31/07/2024,20/07/2024 9:00,20/07/2024,9,10,5,4.301458987,338.36
bounty_madera,31/07/2024,20/07/2024 10:00,20/07/2024,10,11,5,5.098372586,553.969
bounty_madera,31/07/2024,20/07/2024 11:00,20/07/2024,11,12,5,5.184199337,544.39
bounty_madera,31/07/2024,20/07/2024 12:00,20/07/2024,12,13,5,6.376359695,563.147
bounty_madera,31/07/2024,20/07/2024 13:00,20/07/2024,13,14,5,9.110173124,563.79
bounty_madera,31/07/2024,20/07/2024 14:00,20/07/2024,14,15,5,13.00534971,563.497
bounty_madera,31/07/2024,20/07/2024 15:00,20/07/2024,15,16,5,8.788472535,538.328
bounty_madera,31/07/2024,20/07/2024 16:00,20/07/2024,16,17,5,9.674360363,526.958
bounty_madera,31/07/2024,20/07/2024 17:00,20/07/2024,17,18,5,8.506571434,531.616
bounty_madera,31/07/2024,20/07/2024 18:00,20/07/2024,18,19,5,10.60695631,509.88
bounty_madera,31/07/2024,20/07/2024 19:00,20/07/2024,19,20,5,11.89339744,462.416
bounty_madera,31/07/2024,20/07/2024 20:00,20/07/2024,20,21,5,16.76655867,450.243
bounty_madera,31/07/2024,20/07/2024 21:00,20/07/2024,21,22,5,33.13074151,439.105
bounty_madera,31/07/2024,20/07/2024 22:00,20/07/2024,22,23,5,16.82899032,428.224
bounty_madera,31/07/2024,20/07/2024 23:00,20/07/2024,23,24,5,14.07770624,437.287
bounty_madera,31/07/2024,21/07/2024 0:00,21/07/2024,0,1,6,16.0734083,415.039
bounty_madera,31/07/2024,21/07/2024 1:00,21/07/2024,1,2,6,9.953782545,356.369
bounty_madera,31/07/2024,21/07/2024 2:00,21/07/2024,2,3,6,7.805996937,347.207
bounty_madera,31/07/2024,21/07/2024 3:00,21/07/2024,3,4,6,5.095154864,341.334
bounty_madera,31/07/2024,21/07/2024 4:00,21/07/2024,4,5,6,5.125382331,355.146
bounty_madera,31/07/2024,21/07/2024 5:00,21/07/2024,5,6,6,3.607912222,345.841
bounty_madera,31/07/2024,21/07/2024 6:00,21/07/2024,6,7,6,2.420961167,381.375
bounty_madera,31/07/2024,21/07/2024 7:00,21/07/2024,7,8,6,2.802206768,485.372
bounty_madera,31/07/2024,21/07/2024 8:00,21/07/2024,8,9,6,3.348833428,535.959
bounty_madera,31/07/2024,21/07/2024 9:00,21/07/2024,9,10,6,3.671752629,549.798
bounty_madera,31/07/2024,21/07/2024 10:00,21/07/2024,10,11,6,3.520334728,569.517
bounty_madera,31/07/2024,21/07/2024 11:00,21/07/2024,11,12,6,3.150278618,569.852
bounty_madera,31/07/2024,21/07/2024 12:00,21/07/2024,12,13,6,2.856840469,548.755
bounty_madera,31/07/2024,21/07/2024 13:00,21/07/2024,13,14,6,3.501187379,560.39
bounty_madera,31/07/2024,21/07/2024 14:00,21/07/2024,14,15,6,4.144538423,555.206
bounty_madera,31/07/2024,21/07/2024 15:00,21/07/2024,15,16,6,3.942399804,552.888
bounty_madera,31/07/2024,21/07/2024 16:00,21/07/2024,16,17,6,3.810539403,524.32
bounty_madera,31/07/2024,21/07/2024 17:00,21/07/2024,17,18,6,4.50295265,520.959
bounty_madera,31/07/2024,21/07/2024 18:00,21/07/2024,18,19,6,5.050468098,498.133
bounty_madera,31/07/2024,21/07/2024 19:00,21/07/2024,19,20,6,4.679099764,470.728
bounty_madera,31/07/2024,21/07/2024 20:00,21/07/2024,20,21,6,5.450879857,473.706
bounty_madera,31/07/2024,21/07/2024 21:00,21/07/2024,21,22,6,4.758794142,448.895
bounty_madera,31/07/2024,21/07/2024 22:00,21/07/2024,22,23,6,4.206523528,400.377
bounty_madera,31/07/2024,21/07/2024 23:00,21/07/2024,23,24,6,4.058587823,400.545
bounty_madera,31/07/2024,22/07/2024 0:00,22/07/2024,0,1,0,3.724507827,397.463
bounty_madera,31/07/2024,22/07/2024 1:00,22/07/2024,1,2,0,3.072752147,344.408
bounty_madera,31/07/2024,22/07/2024 2:00,22/07/2024,2,3,0,2.96469286,332.372
bounty_madera,31/07/2024,22/07/2024 3:00,22/07/2024,3,4,0,2.912757503,345.517
bounty_madera,31/07/2024,22/07/2024 4:00,22/07/2024,4,5,0,3.005754213,374.187
bounty_madera,31/07/2024,22/07/2024 5:00,22/07/2024,5,6,0,2.482839319,399.689
bounty_madera,31/07/2024,22/07/2024 6:00,22/07/2024,6,7,0,2.468128884,412.301
bounty_madera,31/07/2024,22/07/2024 7:00,22/07/2024,7,8,0,3.077042323,455.863
bounty_madera,31/07/2024,22/07/2024 8:00,22/07/2024,8,9,0,4.195184482,515.455
bounty_madera,31/07/2024,22/07/2024 9:00,22/07/2024,9,10,0,4.133435337,561.273
bounty_madera,31/07/2024,22/07/2024 10:00,22/07/2024,10,11,0,5.458259734,557.275
bounty_madera,31/07/2024,22/07/2024 11:00,22/07/2024,11,12,0,4.157815647,531.564
bounty_madera,31/07/2024,22/07/2024 12:00,22/07/2024,12,13,0,3.143409251,517.256
bounty_madera,31/07/2024,22/07/2024 13:00,22/07/2024,13,14,0,4.91632913,489.855
bounty_madera,31/07/2024,22/07/2024 14:00,22/07/2024,14,15,0,3.925935917,423.842
bounty_madera,31/07/2024,22/07/2024 15:00,22/07/2024,15,16,0,5.408920885,398.803
bounty_madera,31/07/2024,22/07/2024 16:00,22/07/2024,16,17,0,3.96029572,412.814
bounty_madera,31/07/2024,22/07/2024 17:00,22/07/2024,17,18,0,4.040497949,416.11
bounty_madera,31/07/2024,22/07/2024 18:00,22/07/2024,18,19,0,4.169780211,402.94
bounty_madera,31/07/2024,22/07/2024 19:00,22/07/2024,19,20,0,3.426235667,358.034
bounty_madera,31/07/2024,22/07/2024 20:00,22/07/2024,20,21,0,3.70018768,351.531
bounty_madera,31/07/2024,22/07/2024 21:00,22/07/2024,21,22,0,3.730299142,340.044
bounty_madera,31/07/2024,22/07/2024 22:00,22/07/2024,22,23,0,3.221482539,345.711
bounty_madera,31/07/2024,22/07/2024 23:00,22/07/2024,23,24,0,2.85628412,346.26
bounty_madera,31/07/2024,23/07/2024 0:00,23/07/2024,0,1,1,3.312460537,337.39
bounty_madera,31/07/2024,23/07/2024 1:00,23/07/2024,1,2,1,3.041840324,315.428
bounty_madera,31/07/2024,23/07/2024 2:00,23/07/2024,2,3,1,2.933352795,309.266
bounty_madera,31/07/2024,23/07/2024 3:00,23/07/2024,3,4,1,2.782431913,303.195
bounty_madera,31/07/2024,23/07/2024 4:00,23/07/2024,4,5,1,2.884163739,328.187
bounty_madera,31/07/2024,23/07/2024 5:00,23/07/2024,5,6,1,2.660209187,335.713
bounty_madera,31/07/2024,23/07/2024 6:00,23/07/2024,6,7,1,2.466265684,363.211
bounty_madera,31/07/2024,23/07/2024 7:00,23/07/2024,7,8,1,2.98364724,387.624
bounty_madera,31/07/2024,23/07/2024 8:00,23/07/2024,8,9,1,3.820645956,412.184
bounty_madera,31/07/2024,23/07/2024 9:00,23/07/2024,9,10,1,3.580802814,469.497
bounty_madera,31/07/2024,23/07/2024 10:00,23/07/2024,10,11,1,4.712809518,482.923
bounty_madera,31/07/2024,23/07/2024 11:00,23/07/2024,11,12,1,2.517952323,418.739
bounty_madera,31/07/2024,23/07/2024 12:00,23/07/2024,12,13,1,2.539124092,487.77
bounty_madera,31/07/2024,23/07/2024 13:00,23/07/2024,13,14,1,3.41474526,521.228
bounty_madera,31/07/2024,23/07/2024 14:00,23/07/2024,14,15,1,2.398567527,503.051
bounty_madera,31/07/2024,23/07/2024 15:00,23/07/2024,15,16,1,3.615983702,493.307
bounty_madera,31/07/2024,23/07/2024 16:00,23/07/2024,16,17,1,2.454097762,489.092
bounty_madera,31/07/2024,23/07/2024 17:00,23/07/2024,17,18,1,3.359101365,484.789
bounty_madera,31/07/2024,23/07/2024 18:00,23/07/2024,18,19,1,4.004161775,436.875
bounty_madera,31/07/2024,23/07/2024 19:00,23/07/2024,19,20,1,3.822137904,387.202
bounty_madera,31/07/2024,23/07/2024 20:00,23/07/2024,20,21,1,4.169706293,365.232
bounty_madera,31/07/2024,23/07/2024 21:00,23/07/2024,21,22,1,3.045476621,350.671
bounty_madera,31/07/2024,23/07/2024 22:00,23/07/2024,22,23,1,3.044150152,342.997
bounty_madera,31/07/2024,23/07/2024 23:00,23/07/2024,23,24,1,2.37335438,353.814
bounty_madera,31/07/2024,24/07/2024 0:00,24/07/2024,0,1,2,2.889425725,340.133
bounty_madera,31/07/2024,24/07/2024 1:00,24/07/2024,1,2,2,2.388968944,311.082
bounty_madera,31/07/2024,24/07/2024 2:00,24/07/2024,2,3,2,1.009216136,309.401
bounty_madera,31/07/2024,24/07/2024 3:00,24/07/2024,3,4,2,0.19059988,302.408
bounty_madera,31/07/2024,24/07/2024 4:00,24/07/2024,4,5,2,0.229205007,292.438
bounty_madera,31/07/2024,24/07/2024 5:00,24/07/2024,5,6,2,2.226516517,324.181
bounty_madera,31/07/2024,24/07/2024 6:00,24/07/2024,6,7,2,2.147844064,366.365
bounty_madera,31/07/2024,24/07/2024 7:00,24/07/2024,7,8,2,3.016315496,364.01
bounty_madera,31/07/2024,24/07/2024 8:00,24/07/2024,8,9,2,3.605745613,370.515
bounty_madera,31/07/2024,24/07/2024 9:00,24/07/2024,9,10,2,2.673922934,386.893
bounty_madera,31/07/2024,24/07/2024 10:00,24/07/2024,10,11,2,3.738975819,376.713
bounty_madera,31/07/2024,24/07/2024 11:00,24/07/2024,11,12,2,2.85949425,338.133
bounty_madera,31/07/2024,24/07/2024 12:00,24/07/2024,12,13,2,2.200038607,343.529
bounty_madera,31/07/2024,24/07/2024 13:00,24/07/2024,13,14,2,1.865245368,365.359
bounty_madera,31/07/2024,24/07/2024 14:00,24/07/2024,14,15,2,1.062307151,337.626
bounty_madera,31/07/2024,24/07/2024 15:00,24/07/2024,15,16,2,3.273703246,332.36
bounty_madera,31/07/2024,24/07/2024 16:00,24/07/2024,16,17,2,1.327831659,337.012
bounty_madera,31/07/2024,24/07/2024 17:00,24/07/2024,17,18,2,2.056202833,340.652
bounty_madera,31/07/2024,24/07/2024 18:00,24/07/2024,18,19,2,3.421142457,334.509
bounty_madera,31/07/2024,24/07/2024 19:00,24/07/2024,19,20,2,3.220322431,297.621
bounty_madera,31/07/2024,24/07/2024 20:00,24/07/2024,20,21,2,3.627031419,309.766
bounty_madera,31/07/2024,24/07/2024 21:00,24/07/2024,21,22,2,3.28324261,303.115
bounty_madera,31/07/2024,24/07/2024 22:00,24/07/2024,22,23,2,3.033232039,311.199
bounty_madera,31/07/2024,24/07/2024 23:00,24/07/2024,23,24,2,2.819592277,329.473
bounty_madera,31/07/2024,25/07/2024 0:00,25/07/2024,0,1,3,2.882993807,329.028
bounty_madera,31/07/2024,25/07/2024 1:00,25/07/2024,1,2,3,2.843529768,298.323
bounty_madera,31/07/2024,25/07/2024 2:00,25/07/2024,2,3,3,2.752915093,291.823
bounty_madera,31/07/2024,25/07/2024 3:00,25/07/2024,3,4,3,2.748274482,303.938
bounty_madera,31/07/2024,25/07/2024 4:00,25/07/2024,4,5,3,2.849791771,319.022
bounty_madera,31/07/2024,25/07/2024 5:00,25/07/2024,5,6,3,3.008206532,355.089
bounty_madera,31/07/2024,25/07/2024 6:00,25/07/2024,6,7,3,2.633440839,423.437
bounty_madera,31/07/2024,25/07/2024 7:00,25/07/2024,7,8,3,3.339059323,440.323
bounty_madera,31/07/2024,25/07/2024 8:00,25/07/2024,8,9,3,4.182377524,464.309
bounty_madera,31/07/2024,25/07/2024 9:00,25/07/2024,9,10,3,5.457331403,471.728
bounty_madera,31/07/2024,25/07/2024 10:00,25/07/2024,10,11,3,4.144155388,481.447
bounty_madera,31/07/2024,25/07/2024 11:00,25/07/2024,11,12,3,3.179300433,459.703
bounty_madera,31/07/2024,25/07/2024 12:00,25/07/2024,12,13,3,3.262686617,430.059
bounty_madera,31/07/2024,25/07/2024 13:00,25/07/2024,13,14,3,5.247193059,459.287
bounty_madera,31/07/2024,25/07/2024 14:00,25/07/2024,14,15,3,3.971037424,456.269
bounty_madera,31/07/2024,25/07/2024 15:00,25/07/2024,15,16,3,5.711325354,453.57
bounty_madera,31/07/2024,25/07/2024 16:00,25/07/2024,16,17,3,3.220544,471.535
bounty_madera,31/07/2024,25/07/2024 17:00,25/07/2024,17,18,3,3.652344536,466.977
bounty_madera,31/07/2024,25/07/2024 18:00,25/07/2024,18,19,3,4.981977808,452.615
bounty_madera,31/07/2024,25/07/2024 19:00,25/07/2024,19,20,3,3.985413304,406.918
bounty_madera,31/07/2024,25/07/2024 20:00,25/07/2024,20,21,3,5.964161642,397.765
bounty_madera,31/07/2024,25/07/2024 21:00,25/07/2024,21,22,3,3.875810849,392.347
bounty_madera,31/07/2024,25/07/2024 22:00,25/07/2024,22,23,3,3.540009433,386.038
bounty_madera,31/07/2024,25/07/2024 23:00,25/07/2024,23,24,3,3.723732254,405.266
bounty_madera,31/08/2024,26/07/2024 0:00,26/07/2024,0,1,4,3.302849776,384.841
bounty_madera,31/08/2024,26/07/2024 1:00,26/07/2024,1,2,4,3.198534874,343.669
bounty_madera,31/08/2024,26/07/2024 2:00,26/07/2024,2,3,4,2.898544051,354.358
bounty_madera,31/08/2024,26/07/2024 3:00,26/07/2024,3,4,4,2.961091233,361.431
bounty_madera,31/08/2024,26/07/2024 4:00,26/07/2024,4,5,4,3.044288812,369.528
bounty_madera,31/08/2024,26/07/2024 5:00,26/07/2024,5,6,4,2.916530638,412.92
bounty_madera,31/08/2024,26/07/2024 6:00,26/07/2024,6,7,4,2.672857124,452.334
bounty_madera,31/08/2024,26/07/2024 7:00,26/07/2024,7,8,4,2.905777259,480.594
bounty_madera,31/08/2024,26/07/2024 8:00,26/07/2024,8,9,4,3.819245048,500.094
bounty_madera,31/08/2024,26/07/2024 9:00,26/07/2024,9,10,4,3.203069905,499.308
bounty_madera,31/08/2024,26/07/2024 10:00,26/07/2024,10,11,4,4.87426317,497.787
bounty_madera,31/08/2024,26/07/2024 11:00,26/07/2024,11,12,4,3.591091418,479.321
bounty_madera,31/08/2024,26/07/2024 12:00,26/07/2024,12,13,4,3.594240605,528.309
bounty_madera,31/08/2024,26/07/2024 13:00,26/07/2024,13,14,4,5.066920334,528.486
bounty_madera,31/08/2024,26/07/2024 14:00,26/07/2024,14,15,4,5.275068453,539.958
bounty_madera,31/08/2024,26/07/2024 15:00,26/07/2024,15,16,4,7.326878265,519.899
bounty_madera,31/08/2024,26/07/2024 16:00,26/07/2024,16,17,4,4.410676972,501.446
bounty_madera,31/08/2024,26/07/2024 17:00,26/07/2024,17,18,4,3.97434133,491.903
bounty_madera,31/08/2024,26/07/2024 18:00,26/07/2024,18,19,4,5.642617419,458.443
bounty_madera,31/08/2024,26/07/2024 19:00,26/07/2024,19,20,4,4.988201166,445.242
bounty_madera,31/08/2024,26/07/2024 20:00,26/07/2024,20,21,4,7.726551006,435.384
bounty_madera,31/08/2024,26/07/2024 21:00,26/07/2024,21,22,4,5.061589267,426.136
bounty_madera,31/08/2024,26/07/2024 22:00,26/07/2024,22,23,4,4.480157339,421.147
bounty_madera,31/08/2024,26/07/2024 23:00,26/07/2024,23,24,4,5.175957652,416.111
bounty_madera,31/08/2024,27/07/2024 0:00,27/07/2024,0,1,5,3.664631732,420.948
bounty_madera,31/08/2024,27/07/2024 1:00,27/07/2024,1,2,5,3.550918969,372.506
bounty_madera,31/08/2024,27/07/2024 2:00,27/07/2024,2,3,5,3.226441983,329.23
bounty_madera,31/08/2024,27/07/2024 3:00,27/07/2024,3,4,5,3.039912961,323.881
bounty_madera,31/08/2024,27/07/2024 4:00,27/07/2024,4,5,5,2.946143312,327.043
bounty_madera,31/08/2024,27/07/2024 5:00,27/07/2024,5,6,5,2.199392883,344.213
bounty_madera,31/08/2024,27/07/2024 6:00,27/07/2024,6,7,5,1.423369866,397.551
bounty_madera,31/08/2024,27/07/2024 7:00,27/07/2024,7,8,5,2.547590942,438.844
bounty_madera,31/08/2024,27/07/2024 8:00,27/07/2024,8,9,5,2.897971751,505.7
bounty_madera,31/08/2024,27/07/2024 9:00,27/07/2024,9,10,5,2.417485587,537.91
bounty_madera,31/08/2024,27/07/2024 10:00,27/07/2024,10,11,5,2.870506373,529.665
bounty_madera,31/08/2024,27/07/2024 11:00,27/07/2024,11,12,5,3.318142654,530.453
bounty_madera,31/08/2024,27/07/2024 12:00,27/07/2024,12,13,5,2.930519263,543.484
bounty_madera,31/08/2024,27/07/2024 13:00,27/07/2024,13,14,5,3.678690284,482.957
bounty_madera,31/08/2024,27/07/2024 14:00,27/07/2024,14,15,5,3.804033127,416.807
bounty_madera,31/08/2024,27/07/2024 15:00,27/07/2024,15,16,5,3.867064615,464.763
bounty_madera,31/08/2024,27/07/2024 16:00,27/07/2024,16,17,5,3.677638302,489.415
bounty_madera,31/08/2024,27/07/2024 17:00,27/07/2024,17,18,5,3.773766565,498.145
bounty_madera,31/08/2024,27/07/2024 18:00,27/07/2024,18,19,5,4.961609455,449.882
bounty_madera,31/08/2024,27/07/2024 19:00,27/07/2024,19,20,5,4.978398009,415.451
bounty_madera,31/08/2024,27/07/2024 20:00,27/07/2024,20,21,5,5.168301017,402.801
bounty_madera,31/08/2024,27/07/2024 21:00,27/07/2024,21,22,5,8.927973019,387.898
bounty_madera,31/08/2024,27/07/2024 22:00,27/07/2024,22,23,5,4.79238831,390.335
bounty_madera,31/08/2024,27/07/2024 23:00,27/07/2024,23,24,5,7.50403293,403.128
bounty_madera,31/08/2024,28/07/2024 0:00,28/07/2024,0,1,6,6.882617765,380.995
bounty_madera,31/08/2024,28/07/2024 1:00,28/07/2024,1,2,6,4.162688461,343.828
bounty_madera,31/08/2024,28/07/2024 2:00,28/07/2024,2,3,6,3.743905885,326.82
bounty_madera,31/08/2024,28/07/2024 3:00,28/07/2024,3,4,6,3.445899427,307.28
bounty_madera,31/08/2024,28/07/2024 4:00,28/07/2024,4,5,6,3.365260291,317.864
bounty_madera,31/08/2024,28/07/2024 5:00,28/07/2024,5,6,6,3.170030453,341.715
bounty_madera,31/08/2024,28/07/2024 6:00,28/07/2024,6,7,6,2.092661922,392.342
bounty_madera,31/08/2024,28/07/2024 7:00,28/07/2024,7,8,6,2.11677712,421.627
bounty_madera,31/08/2024,28/07/2024 8:00,28/07/2024,8,9,6,3.11074678,499.254
bounty_madera,31/08/2024,28/07/2024 9:00,28/07/2024,9,10,6,3.228922641,520.577
bounty_madera,31/08/2024,28/07/2024 10:00,28/07/2024,10,11,6,3.187165353,535.94
bounty_madera,31/08/2024,28/07/2024 11:00,28/07/2024,11,12,6,3.213973332,513.177
bounty_madera,31/08/2024,28/07/2024 12:00,28/07/2024,12,13,6,3.098191352,427.656
bounty_madera,31/08/2024,28/07/2024 13:00,28/07/2024,13,14,6,2.578674079,460.109
bounty_madera,31/08/2024,28/07/2024 14:00,28/07/2024,14,15,6,2.584575043,448.694
bounty_madera,31/08/2024,28/07/2024 15:00,28/07/2024,15,16,6,2.344070353,409.596
bounty_madera,31/08/2024,28/07/2024 16:00,28/07/2024,16,17,6,2.60737774,397.14
bounty_madera,31/08/2024,28/07/2024 17:00,28/07/2024,17,18,6,2.990589537,416.438
bounty_madera,31/08/2024,28/07/2024 18:00,28/07/2024,18,19,6,3.558261878,392.489
bounty_madera,31/08/2024,28/07/2024 19:00,28/07/2024,19,20,6,3.610804466,366.639
bounty_madera,31/08/2024,28/07/2024 20:00,28/07/2024,20,21,6,4.049595382,349.752
bounty_madera,31/08/2024,28/07/2024 21:00,28/07/2024,21,22,6,6.170879399,342.767
bounty_madera,31/08/2024,28/07/2024 22:00,28/07/2024,22,23,6,3.337656178,324.404
bounty_madera,31/08/2024,28/07/2024 23:00,28/07/2024,23,24,6,3.17749473,344.829
bounty_madera,31/08/2024,29/07/2024 0:00,29/07/2024,0,1,0,2.864019682,335.073
bounty_madera,31/08/2024,29/07/2024 1:00,29/07/2024,1,2,0,2.885992777,308.12
bounty_madera,31/08/2024,29/07/2024 2:00,29/07/2024,2,3,0,2.835406979,303.164
bounty_madera,31/08/2024,29/07/2024 3:00,29/07/2024,3,4,0,2.492868397,308.537
bounty_madera,31/08/2024,29/07/2024 4:00,29/07/2024,4,5,0,3.183778572,314.294
bounty_madera,31/08/2024,29/07/2024 5:00,29/07/2024,5,6,0,3.298206169,338.016
bounty_madera,31/08/2024,29/07/2024 6:00,29/07/2024,6,7,0,2.032090947,375.073
bounty_madera,31/08/2024,29/07/2024 7:00,29/07/2024,7,8,0,3.160531534,401.167
bounty_madera,31/08/2024,29/07/2024 8:00,29/07/2024,8,9,0,3.073577605,450.495
bounty_madera,31/08/2024,29/07/2024 9:00,29/07/2024,9,10,0,2.801692596,478.703
bounty_madera,31/08/2024,29/07/2024 10:00,29/07/2024,10,11,0,4.29857119,508.527
bounty_madera,31/08/2024,29/07/2024 11:00,29/07/2024,11,12,0,3.056105492,486.234
bounty_madera,31/08/2024,29/07/2024 12:00,29/07/2024,12,13,0,3.130282119,495.806
bounty_madera,31/08/2024,29/07/2024 13:00,29/07/2024,13,14,0,4.72593097,529.834
bounty_madera,31/08/2024,29/07/2024 14:00,29/07/2024,14,15,0,4.228658091,519.751
bounty_madera,31/08/2024,29/07/2024 15:00,29/07/2024,15,16,0,6.693866833,518.33
bounty_madera,31/08/2024,29/07/2024 16:00,29/07/2024,16,17,0,5.110470928,506.437
bounty_madera,31/08/2024,29/07/2024 17:00,29/07/2024,17,18,0,5.731993322,476.481
bounty_madera,31/08/2024,29/07/2024 18:00,29/07/2024,18,19,0,8.379187859,413.639
bounty_madera,31/08/2024,29/07/2024 19:00,29/07/2024,19,20,0,7.691379487,397.822
bounty_madera,31/08/2024,29/07/2024 20:00,29/07/2024,20,21,0,7.573471616,388.441
bounty_madera,31/08/2024,29/07/2024 21:00,29/07/2024,21,22,0,9.650626156,373.59
bounty_madera,31/08/2024,29/07/2024 22:00,29/07/2024,22,23,0,7.182823302,380.439
bounty_madera,31/08/2024,29/07/2024 23:00,29/07/2024,23,24,0,4.863619671,390.243
bounty_madera,31/08/2024,30/07/2024 0:00,30/07/2024,0,1,1,3.767437518,384.17
bounty_madera,31/08/2024,30/07/2024 1:00,30/07/2024,1,2,1,4.004027181,362.657
bounty_madera,31/08/2024,30/07/2024 2:00,30/07/2024,2,3,1,3.80703151,323.887
bounty_madera,31/08/2024,30/07/2024 3:00,30/07/2024,3,4,1,3.620556876,299.901
bounty_madera,31/08/2024,30/07/2024 4:00,30/07/2024,4,5,1,4.130989119,280.232
bounty_madera,31/08/2024,30/07/2024 5:00,30/07/2024,5,6,1,3.775795734,313.157
bounty_madera,31/08/2024,30/07/2024 6:00,30/07/2024,6,7,1,2.798194224,382.702
bounty_madera,31/08/2024,30/07/2024 7:00,30/07/2024,7,8,1,4.128930577,471.677
bounty_madera,31/08/2024,30/07/2024 8:00,30/07/2024,8,9,1,4.146011246,534.186
bounty_madera,31/08/2024,30/07/2024 9:00,30/07/2024,9,10,1,6.305270148,529.323
bounty_madera,31/08/2024,30/07/2024 10:00,30/07/2024,10,11,1,5.524840557,522.792
bounty_madera,31/08/2024,30/07/2024 11:00,30/07/2024,11,12,1,3.886514896,559.634
bounty_madera,31/08/2024,30/07/2024 12:00,30/07/2024,12,13,1,3.583667032,564.853
bounty_madera,31/08/2024,30/07/2024 13:00,30/07/2024,13,14,1,11.30654524,582.157
bounty_madera,31/08/2024,30/07/2024 14:00,30/07/2024,14,15,1,5.943081803,577.782
bounty_madera,31/08/2024,30/07/2024 15:00,30/07/2024,15,16,1,6.956152036,539.797
bounty_madera,31/08/2024,30/07/2024 16:00,30/07/2024,16,17,1,6.199176368,521.797
bounty_madera,31/08/2024,30/07/2024 17:00,30/07/2024,17,18,1,6.856218748,525.978
bounty_madera,31/08/2024,30/07/2024 18:00,30/07/2024,18,19,1,7.553854005,466.554
bounty_madera,31/08/2024,30/07/2024 19:00,30/07/2024,19,20,1,9.042668171,438.754
bounty_madera,31/08/2024,30/07/2024 20:00,30/07/2024,20,21,1,7.037191147,417.653
bounty_madera,31/08/2024,30/07/2024 21:00,30/07/2024,21,22,1,8.398207647,386.707
bounty_madera,31/08/2024,30/07/2024 22:00,30/07/2024,22,23,1,7.081288788,364.64
bounty_madera,31/08/2024,30/07/2024 23:00,30/07/2024,23,24,1,5.348525454,386.38
bounty_madera,31/08/2024,31/07/2024 0:00,31/07/2024,0,1,2,3.56626444,358.162
bounty_madera,31/08/2024,31/07/2024 1:00,31/07/2024,1,2,2,3.984881611,321.994
bounty_madera,31/08/2024,31/07/2024 2:00,31/07/2024,2,3,2,3.926734532,310.766
bounty_madera,31/08/2024,31/07/2024 3:00,31/07/2024,3,4,2,3.990167817,294.814
bounty_madera,31/08/2024,31/07/2024 4:00,31/07/2024,4,5,2,4.005865868,299.088
bounty_madera,31/08/2024,31/07/2024 5:00,31/07/2024,5,6,2,4.208753665,318.431
bounty_madera,31/08/2024,31/07/2024 6:00,31/07/2024,6,7,2,3.029874884,354.901
bounty_madera,31/08/2024,31/07/2024 7:00,31/07/2024,7,8,2,6.355102369,445.56
bounty_madera,31/08/2024,31/07/2024 8:00,31/07/2024,8,9,2,9.844243841,500.064
bounty_madera,31/08/2024,31/07/2024 9:00,31/07/2024,9,10,2,4.264002488,521.619
bounty_madera,31/08/2024,31/07/2024 10:00,31/07/2024,10,11,2,8.431345401,546.965
bounty_madera,31/08/2024,31/07/2024 11:00,31/07/2024,11,12,2,3.702360707,539.08
bounty_madera,31/08/2024,31/07/2024 12:00,31/07/2024,12,13,2,5.26579273,553.656
bounty_madera,31/08/2024,31/07/2024 13:00,31/07/2024,13,14,2,26.97111384,574.648
bounty_madera,31/08/2024,31/07/2024 14:00,31/07/2024,14,15,2,18.46912567,547.789
bounty_madera,31/08/2024,31/07/2024 15:00,31/07/2024,15,16,2,19.90757274,510.507
bounty_madera,31/08/2024,31/07/2024 16:00,31/07/2024,16,17,2,10.84804235,533.281
bounty_madera,31/08/2024,31/07/2024 17:00,31/07/2024,17,18,2,9.146144986,519.639
bounty_madera,31/08/2024,31/07/2024 18:00,31/07/2024,18,19,2,14.75430562,479.548
bounty_madera,31/08/2024,31/07/2024 19:00,31/07/2024,19,20,2,11.9481372,451.247
bounty_madera,31/08/2024,31/07/2024 20:00,31/07/2024,20,21,2,15.33841276,444.31
bounty_madera,31/08/2024,31/07/2024 21:00,31/07/2024,21,22,2,20.20652239,442.844
bounty_madera,31/08/2024,31/07/2024 22:00,31/07/2024,22,23,2,8.347178632,426.407
bounty_madera,31/08/2024,31/07/2024 23:00,31/07/2024,23,24,2,6.047696953,412.399
bounty_madera,31/08/2024,01/08/2024 0:00,01/08/2024,0,1,3,4.855291806,367.451
bounty_madera,31/08/2024,01/08/2024 1:00,01/08/2024,1,2,3,4.846392888,332.123
bounty_madera,31/08/2024,01/08/2024 2:00,01/08/2024,2,3,3,4.420441731,321.368
bounty_madera,31/08/2024,01/08/2024 3:00,01/08/2024,3,4,3,4.306892767,323.853
bounty_madera,31/08/2024,01/08/2024 4:00,01/08/2024,4,5,3,4.970013488,340.806
bounty_madera,31/08/2024,01/08/2024 5:00,01/08/2024,5,6,3,4.433346761,379.1
bounty_madera,31/08/2024,01/08/2024 6:00,01/08/2024,6,7,3,4.023399639,413.192
bounty_madera,31/08/2024,01/08/2024 7:00,01/08/2024,7,8,3,4.125685305,477.838
bounty_madera,31/08/2024,01/08/2024 8:00,01/08/2024,8,9,3,5.819614344,506.777
bounty_madera,31/08/2024,01/08/2024 9:00,01/08/2024,9,10,3,4.11322105,533.005
bounty_madera,31/08/2024,01/08/2024 10:00,01/08/2024,10,11,3,5.927575894,516.789
bounty_madera,31/08/2024,01/08/2024 11:00,01/08/2024,11,12,3,4.966906729,515.487
bounty_madera,31/08/2024,01/08/2024 12:00,01/08/2024,12,13,3,5.801460127,541.492
bounty_madera,31/08/2024,01/08/2024 13:00,01/08/2024,13,14,3,9.739922422,273.743
bounty_madera,31/08/2024,01/08/2024 14:00,01/08/2024,14,15,3,8.43587991,456.823
bounty_madera,31/08/2024,01/08/2024 15:00,01/08/2024,15,16,3,7.109089932,548.359
bounty_madera,31/08/2024,01/08/2024 16:00,01/08/2024,16,17,3,9.205816586,545.299
bounty_madera,31/08/2024,01/08/2024 17:00,01/08/2024,17,18,3,9.730593589,525.247
bounty_madera,31/08/2024,01/08/2024 18:00,01/08/2024,18,19,3,8.802072401,472.761
bounty_madera,31/08/2024,01/08/2024 19:00,01/08/2024,19,20,3,5.592933896,350.158
bounty_madera,31/08/2024,01/08/2024 20:00,01/08/2024,20,21,3,8.581545138,330.515
bounty_madera,31/08/2024,01/08/2024 21:00,01/08/2024,21,22,3,7.564366386,320.807
bounty_madera,31/08/2024,01/08/2024 22:00,01/08/2024,22,23,3,8.142018508,308.884
bounty_madera,31/08/2024,01/08/2024 23:00,01/08/2024,23,24,3,6.556076813,304.685
bounty_madera,31/08/2024,02/08/2024 0:00,02/08/2024,0,1,4,4.890473911,289.784
bounty_madera,31/08/2024,02/08/2024 1:00,02/08/2024,1,2,4,4.705828004,260.245
bounty_madera,31/08/2024,02/08/2024 2:00,02/08/2024,2,3,4,4.200190259,260.74
bounty_madera,31/08/2024,02/08/2024 3:00,02/08/2024,3,4,4,4.310613283,256.471
bounty_madera,31/08/2024,02/08/2024 4:00,02/08/2024,4,5,4,4.449052896,267.238
bounty_madera,31/08/2024,02/08/2024 5:00,02/08/2024,5,6,4,4.463096817,290.648
bounty_madera,31/08/2024,02/08/2024 6:00,02/08/2024,6,7,4,3.597589966,315.237
bounty_madera,31/08/2024,02/08/2024 7:00,02/08/2024,7,8,4,3.670579476,391.518
bounty_madera,31/08/2024,02/08/2024 8:00,02/08/2024,8,9,4,4.11083027,461.995
bounty_madera,31/08/2024,02/08/2024 9:00,02/08/2024,9,10,4,7.014451824,518.166
bounty_madera,31/08/2024,02/08/2024 10:00,02/08/2024,10,11,4,8.181242388,549.564
bounty_madera,31/08/2024,02/08/2024 11:00,02/08/2024,11,12,4,5.068195428,538.652
bounty_madera,31/08/2024,02/08/2024 12:00,02/08/2024,12,13,4,7.752117338,582.733
bounty_madera,31/08/2024,02/08/2024 13:00,02/08/2024,13,14,4,16.58787776,593.669
bounty_madera,31/08/2024,02/08/2024 14:00,02/08/2024,14,15,4,8.582750803,594.842
bounty_madera,31/08/2024,02/08/2024 15:00,02/08/2024,15,16,4,9.478500049,597.033
bounty_madera,31/08/2024,02/08/2024 16:00,02/08/2024,16,17,4,6.148194026,525.106
bounty_madera,31/08/2024,02/08/2024 17:00,02/08/2024,17,18,4,6.19146511,373.94
bounty_madera,31/08/2024,02/08/2024 18:00,02/08/2024,18,19,4,7.134076151,316.806
bounty_madera,31/08/2024,02/08/2024 19:00,02/08/2024,19,20,4,5.837767484,306.21
bounty_madera,31/08/2024,02/08/2024 20:00,02/08/2024,20,21,4,5.082200909,300.75
bounty_madera,31/08/2024,02/08/2024 21:00,02/08/2024,21,22,4,6.488863938,302.169
bounty_madera,31/08/2024,02/08/2024 22:00,02/08/2024,22,23,4,5.762576521,293.425
bounty_madera,31/08/2024,02/08/2024 23:00,02/08/2024,23,24,4,5.304827541,307.645
bounty_madera,31/08/2024,03/08/2024 0:00,03/08/2024,0,1,5,4.086478284,293.1
bounty_madera,31/08/2024,03/08/2024 1:00,03/08/2024,1,2,5,4.048018353,265.584
bounty_madera,31/08/2024,03/08/2024 2:00,03/08/2024,2,3,5,4.03698563,261.391
bounty_madera,31/08/2024,03/08/2024 3:00,03/08/2024,3,4,5,3.720808689,253.52
bounty_madera,31/08/2024,03/08/2024 4:00,03/08/2024,4,5,5,3.676218763,265.122
bounty_madera,31/08/2024,03/08/2024 5:00,03/08/2024,5,6,5,3.360998751,295.038
bounty_madera,31/08/2024,03/08/2024 6:00,03/08/2024,6,7,5,3.063505254,296.96
bounty_madera,31/08/2024,03/08/2024 7:00,03/08/2024,7,8,5,2.86990309,342.106
bounty_madera,31/08/2024,03/08/2024 8:00,03/08/2024,8,9,5,2.880278602,13.087
bounty_madera,31/08/2024,03/08/2024 9:00,03/08/2024,9,10,5,2.963389689,0
bounty_madera,31/08/2024,03/08/2024 10:00,03/08/2024,10,11,5,4.616424549,0
bounty_madera,31/08/2024,03/08/2024 11:00,03/08/2024,11,12,5,3.779931024,0
bounty_madera,31/08/2024,03/08/2024 12:00,03/08/2024,12,13,5,4.113017407,0
bounty_madera,31/08/2024,03/08/2024 13:00,03/08/2024,13,14,5,6.606025951,0
bounty_madera,31/08/2024,03/08/2024 14:00,03/08/2024,14,15,5,5.424892035,0
bounty_madera,31/08/2024,03/08/2024 15:00,03/08/2024,15,16,5,4.730602197,0
bounty_madera,31/08/2024,03/08/2024 16:00,03/08/2024,16,17,5,5.593768202,0
bounty_madera,31/08/2024,03/08/2024 17:00,03/08/2024,17,18,5,3.209146099,0
bounty_madera,31/08/2024,03/08/2024 18:00,03/08/2024,18,19,5,4.668375163,0
bounty_madera,31/08/2024,03/08/2024 19:00,03/08/2024,19,20,5,5.15174735,187.874
bounty_madera,31/08/2024,03/08/2024 20:00,03/08/2024,20,21,5,5.608626317,306.294
bounty_madera,31/08/2024,03/08/2024 21:00,03/08/2024,21,22,5,8.106370619,307.514
bounty_madera,31/08/2024,03/08/2024 22:00,03/08/2024,22,23,5,6.454931663,298.792
bounty_madera,31/08/2024,03/08/2024 23:00,03/08/2024,23,24,5,6.230571797,331.345
bounty_madera,31/08/2024,04/08/2024 0:00,04/08/2024,0,1,6,5.049245681,307.764
bounty_madera,31/08/2024,04/08/2024 1:00,04/08/2024,1,2,6,4.149149889,277.552
bounty_madera,31/08/2024,04/08/2024 2:00,04/08/2024,2,3,6,3.958952021,267.522
bounty_madera,31/08/2024,04/08/2024 3:00,04/08/2024,3,4,6,3.503727063,268.606
bounty_madera,31/08/2024,04/08/2024 4:00,04/08/2024,4,5,6,3.238657785,275.832
bounty_madera,31/08/2024,04/08/2024 5:00,04/08/2024,5,6,6,4.262479376,306.286
bounty_madera,31/08/2024,04/08/2024 6:00,04/08/2024,6,7,6,3.168116311,313.463
bounty_madera,31/08/2024,04/08/2024 7:00,04/08/2024,7,8,6,3.351105132,367.517
bounty_madera,31/08/2024,04/08/2024 8:00,04/08/2024,8,9,6,2.615207343,453.515
bounty_madera,31/08/2024,04/08/2024 9:00,04/08/2024,9,10,6,3.547744212,521.938
bounty_madera,31/08/2024,04/08/2024 10:00,04/08/2024,10,11,6,4.301309633,547.02
bounty_madera,31/08/2024,04/08/2024 11:00,04/08/2024,11,12,6,3.935030457,534.122
bounty_madera,31/08/2024,04/08/2024 12:00,04/08/2024,12,13,6,3.212001055,558.546
bounty_madera,31/08/2024,04/08/2024 13:00,04/08/2024,13,14,6,4.031974967,581.26
bounty_madera,31/08/2024,04/08/2024 14:00,04/08/2024,14,15,6,3.866309786,440.445
bounty_madera,31/08/2024,04/08/2024 15:00,04/08/2024,15,16,6,5.313164581,399.959
bounty_madera,31/08/2024,04/08/2024 16:00,04/08/2024,16,17,6,4.951129471,426.133
bounty_madera,31/08/2024,04/08/2024 17:00,04/08/2024,17,18,6,5.442379583,465.826
bounty_madera,31/08/2024,04/08/2024 18:00,04/08/2024,18,19,6,5.085304959,442.107
bounty_madera,31/08/2024,04/08/2024 19:00,04/08/2024,19,20,6,6.055486395,426.556
bounty_madera,31/08/2024,04/08/2024 20:00,04/08/2024,20,21,6,7.976062683,406.515
bounty_madera,31/08/2024,04/08/2024 21:00,04/08/2024,21,22,6,6.090440295,410.163
bounty_madera,31/08/2024,04/08/2024 22:00,04/08/2024,22,23,6,4.990588297,408.757
bounty_madera,31/08/2024,04/08/2024 23:00,04/08/2024,23,24,6,4.298725546,399.768
bounty_madera,31/08/2024,05/08/2024 0:00,05/08/2024,0,1,0,4.535928534,385.38
bounty_madera,31/08/2024,05/08/2024 1:00,05/08/2024,1,2,0,4.196998207,351.269
bounty_madera,31/08/2024,05/08/2024 2:00,05/08/2024,2,3,0,4.358285776,336.974
bounty_madera,31/08/2024,05/08/2024 3:00,05/08/2024,3,4,0,4.270021504,308.717
bounty_madera,31/08/2024,05/08/2024 4:00,05/08/2024,4,5,0,4.723535581,308.151
bounty_madera,31/08/2024,05/08/2024 5:00,05/08/2024,5,6,0,4.989055123,337.009
bounty_madera,31/08/2024,05/08/2024 6:00,05/08/2024,6,7,0,3.587523656,354.548
bounty_madera,31/08/2024,05/08/2024 7:00,05/08/2024,7,8,0,4.591409134,404.737
bounty_madera,31/08/2024,05/08/2024 8:00,05/08/2024,8,9,0,6.84502305,499.937
bounty_madera,31/08/2024,05/08/2024 9:00,05/08/2024,9,10,0,10.08706216,518.487
bounty_madera,31/08/2024,05/08/2024 10:00,05/08/2024,10,11,0,12.45232682,553.844
bounty_madera,31/08/2024,05/08/2024 11:00,05/08/2024,11,12,0,6.095656561,552.489
bounty_madera,31/08/2024,05/08/2024 12:00,05/08/2024,12,13,0,8.08831272,534.918
bounty_madera,31/08/2024,05/08/2024 13:00,05/08/2024,13,14,0,16.34257329,459.156
bounty_madera,31/08/2024,05/08/2024 14:00,05/08/2024,14,15,0,10.01161149,424.318
bounty_madera,31/08/2024,05/08/2024 15:00,05/08/2024,15,16,0,9.01216577,456.995
bounty_madera,31/08/2024,05/08/2024 16:00,05/08/2024,16,17,0,6.310102735,475.226
bounty_madera,31/08/2024,05/08/2024 17:00,05/08/2024,17,18,0,6.154131202,497.188
bounty_madera,31/08/2024,05/08/2024 18:00,05/08/2024,18,19,0,19.2062042,468.131
bounty_madera,31/08/2024,05/08/2024 19:00,05/08/2024,19,20,0,15.2820287,447.405
bounty_madera,31/08/2024,05/08/2024 20:00,05/08/2024,20,21,0,14.3261158,437.145
bounty_madera,31/08/2024,05/08/2024 21:00,05/08/2024,21,22,0,18.22690013,446.037
bounty_madera,31/08/2024,05/08/2024 22:00,05/08/2024,22,23,0,10.05451812,456.696
bounty_madera,31/08/2024,05/08/2024 23:00,05/08/2024,23,24,0,6.678414275,452.815
bounty_madera,31/08/2024,06/08/2024 0:00,06/08/2024,0,1,1,4.799015638,432.927
bounty_madera,31/08/2024,06/08/2024 1:00,06/08/2024,1,2,1,4.822617033,406.347
bounty_madera,31/08/2024,06/08/2024 2:00,06/08/2024,2,3,1,4.38667813,383.749
bounty_madera,31/08/2024,06/08/2024 3:00,06/08/2024,3,4,1,4.216476531,367.327
bounty_madera,31/08/2024,06/08/2024 4:00,06/08/2024,4,5,1,4.18416959,365.115
bounty_madera,31/08/2024,06/08/2024 5:00,06/08/2024,5,6,1,4.12817679,394.322
bounty_madera,31/08/2024,06/08/2024 6:00,06/08/2024,6,7,1,3.35333778,424.824
bounty_madera,31/08/2024,06/08/2024 7:00,06/08/2024,7,8,1,3.505576798,475.987
bounty_madera,31/08/2024,06/08/2024 8:00,06/08/2024,8,9,1,4.652191589,504.665
bounty_madera,31/08/2024,06/08/2024 9:00,06/08/2024,9,10,1,5.861506423,515.437
bounty_madera,31/08/2024,06/08/2024 10:00,06/08/2024,10,11,1,12.67989801,519.921
bounty_madera,31/08/2024,06/08/2024 11:00,06/08/2024,11,12,1,9.539905965,426.703
bounty_madera,31/08/2024,06/08/2024 12:00,06/08/2024,12,13,1,5.431800519,454.856
bounty_madera,31/08/2024,06/08/2024 13:00,06/08/2024,13,14,1,7.332614748,513.114
bounty_madera,31/08/2024,06/08/2024 14:00,06/08/2024,14,15,1,8.662460062,534.055
bounty_madera,31/08/2024,06/08/2024 15:00,06/08/2024,15,16,1,9.254170636,540.569
bounty_madera,31/08/2024,06/08/2024 16:00,06/08/2024,16,17,1,17.81871577,531.681
bounty_madera,31/08/2024,06/08/2024 17:00,06/08/2024,17,18,1,8.271360345,487.629
bounty_madera,31/08/2024,06/08/2024 18:00,06/08/2024,18,19,1,12.68410679,435.506
bounty_madera,31/08/2024,06/08/2024 19:00,06/08/2024,19,20,1,13.24770697,400.461
bounty_madera,31/08/2024,06/08/2024 20:00,06/08/2024,20,21,1,31.45189101,376.761
bounty_madera,31/08/2024,06/08/2024 21:00,06/08/2024,21,22,1,24.42412829,367.979
bounty_madera,31/08/2024,06/08/2024 22:00,06/08/2024,22,23,1,9.072352473,349.503
bounty_madera,31/08/2024,06/08/2024 23:00,06/08/2024,23,24,1,5.348721819,368.482
bounty_madera,31/08/2024,07/08/2024 0:00,07/08/2024,0,1,2,7.093069682,337.112
bounty_madera,31/08/2024,07/08/2024 1:00,07/08/2024,1,2,2,5.230356104,295.38
bounty_madera,31/08/2024,07/08/2024 2:00,07/08/2024,2,3,2,4.178633886,308.292
bounty_madera,31/08/2024,07/08/2024 3:00,07/08/2024,3,4,2,4.956628268,302.471
bounty_madera,31/08/2024,07/08/2024 4:00,07/08/2024,4,5,2,5.10795537,307.978
bounty_madera,31/08/2024,07/08/2024 5:00,07/08/2024,5,6,2,4.769302801,315.256
bounty_madera,31/08/2024,07/08/2024 6:00,07/08/2024,6,7,2,3.579915823,358.815
bounty_madera,31/08/2024,07/08/2024 7:00,07/08/2024,7,8,2,4.542075075,434.22
bounty_madera,31/08/2024,07/08/2024 8:00,07/08/2024,8,9,2,6.341145232,502.756
bounty_madera,31/08/2024,07/08/2024 9:00,07/08/2024,9,10,2,6.314703388,537.969
bounty_madera,31/08/2024,07/08/2024 10:00,07/08/2024,10,11,2,9.553420972,541.621
bounty_madera,31/08/2024,07/08/2024 11:00,07/08/2024,11,12,2,5.892661998,546.838
bounty_madera,31/08/2024,07/08/2024 12:00,07/08/2024,12,13,2,5.449661751,557.437
bounty_madera,31/08/2024,07/08/2024 13:00,07/08/2024,13,14,2,14.90051399,583.563
bounty_madera,31/08/2024,07/08/2024 14:00,07/08/2024,14,15,2,16.8745222,596.972
bounty_madera,31/08/2024,07/08/2024 15:00,07/08/2024,15,16,2,7.313545735,574.551
bounty_madera,31/08/2024,07/08/2024 16:00,07/08/2024,16,17,2,6.526233103,561.306
bounty_madera,31/08/2024,07/08/2024 17:00,07/08/2024,17,18,2,5.323890228,563.849
bounty_madera,31/08/2024,07/08/2024 18:00,07/08/2024,18,19,2,5.627957202,515.955
bounty_madera,31/08/2024,07/08/2024 19:00,07/08/2024,19,20,2,7.465857086,440.311
bounty_madera,31/08/2024,07/08/2024 20:00,07/08/2024,20,21,2,8.222879711,410.693
bounty_madera,31/08/2024,07/08/2024 21:00,07/08/2024,21,22,2,9.314212316,397.761
bounty_madera,31/08/2024,07/08/2024 22:00,07/08/2024,22,23,2,7.275989833,379.957
bounty_madera,31/08/2024,07/08/2024 23:00,07/08/2024,23,24,2,4.999452679,392.855
bounty_madera,31/08/2024,08/08/2024 0:00,08/08/2024,0,1,3,4.178526411,370.87
bounty_madera,31/08/2024,08/08/2024 1:00,08/08/2024,1,2,3,4.164237644,338.261
bounty_madera,31/08/2024,08/08/2024 2:00,08/08/2024,2,3,3,4.844103581,333.077
bounty_madera,31/08/2024,08/08/2024 3:00,08/08/2024,3,4,3,4.234342918,329.897
bounty_madera,31/08/2024,08/08/2024 4:00,08/08/2024,4,5,3,4.882965523,342.623
bounty_madera,31/08/2024,08/08/2024 5:00,08/08/2024,5,6,3,3.914459902,368.746
bounty_madera,31/08/2024,08/08/2024 6:00,08/08/2024,6,7,3,3.030380382,292.614
bounty_madera,31/08/2024,08/08/2024 7:00,08/08/2024,7,8,3,3.383585289,413.544
bounty_madera,31/08/2024,08/08/2024 8:00,08/08/2024,8,9,3,4.647506774,533.542
bounty_madera,31/08/2024,08/08/2024 9:00,08/08/2024,9,10,3,5.17499209,546.487
bounty_madera,31/08/2024,08/08/2024 10:00,08/08/2024,10,11,3,7.833847531,534.686
bounty_madera,31/08/2024,08/08/2024 11:00,08/08/2024,11,12,3,5.155561657,548.469
bounty_madera,31/08/2024,08/08/2024 12:00,08/08/2024,12,13,3,5.635043292,519.28
bounty_madera,31/08/2024,08/08/2024 13:00,08/08/2024,13,14,3,13.48804755,508.623
bounty_madera,31/08/2024,08/08/2024 14:00,08/08/2024,14,15,3,5.371480185,535.58
bounty_madera,31/08/2024,08/08/2024 15:00,08/08/2024,15,16,3,8.913096187,561.389
bounty_madera,31/08/2024,08/08/2024 16:00,08/08/2024,16,17,3,5.18666496,549.254
bounty_madera,31/08/2024,08/08/2024 17:00,08/08/2024,17,18,3,5.227993999,522.335
bounty_madera,31/08/2024,08/08/2024 18:00,08/08/2024,18,19,3,9.591615999,490.212
bounty_madera,31/08/2024,08/08/2024 19:00,08/08/2024,19,20,3,8.997377976,406.909
bounty_madera,31/08/2024,08/08/2024 20:00,08/08/2024,20,21,3,8.170989046,391.637
bounty_madera,31/08/2024,08/08/2024 21:00,08/08/2024,21,22,3,10.49415064,382.895
bounty_madera,31/08/2024,08/08/2024 22:00,08/08/2024,22,23,3,7.037968132,372.175
bounty_madera,31/08/2024,08/08/2024 23:00,08/08/2024,23,24,3,4.570439072,366.084
bounty_madera,31/08/2024,09/08/2024 0:00,09/08/2024,0,1,4,3.99674585,352.911
bounty_madera,31/08/2024,09/08/2024 1:00,09/08/2024,1,2,4,4.013033087,326.828
bounty_madera,31/08/2024,09/08/2024 2:00,09/08/2024,2,3,4,4.346021882,316.97
bounty_madera,31/08/2024,09/08/2024 3:00,09/08/2024,3,4,4,3.780864498,324.643
bounty_madera,31/08/2024,09/08/2024 4:00,09/08/2024,4,5,4,4.448542831,338.252
bounty_madera,31/08/2024,09/08/2024 5:00,09/08/2024,5,6,4,4.635186933,371.615
bounty_madera,31/08/2024,09/08/2024 6:00,09/08/2024,6,7,4,3.082460501,405.941
bounty_madera,31/08/2024,09/08/2024 7:00,09/08/2024,7,8,4,3.723565181,469.325
bounty_madera,31/08/2024,09/08/2024 8:00,09/08/2024,8,9,4,5.071756008,508.033
bounty_madera,31/08/2024,09/08/2024 9:00,09/08/2024,9,10,4,3.673761773,555.147
bounty_madera,31/08/2024,09/08/2024 10:00,09/08/2024,10,11,4,7.039965141,591.381
bounty_madera,31/08/2024,09/08/2024 11:00,09/08/2024,11,12,4,5.055691382,567.985
bounty_madera,31/08/2024,09/08/2024 12:00,09/08/2024,12,13,4,4.382723855,555.514
bounty_madera,31/08/2024,09/08/2024 13:00,09/08/2024,13,14,4,6.922413337,546.315
bounty_madera,31/08/2024,09/08/2024 14:00,09/08/2024,14,15,4,5.909383373,511.956
bounty_madera,31/08/2024,09/08/2024 15:00,09/08/2024,15,16,4,10.07553823,508.046
bounty_madera,31/08/2024,09/08/2024 16:00,09/08/2024,16,17,4,5.604370838,542.703
bounty_madera,31/08/2024,09/08/2024 17:00,09/08/2024,17,18,4,4.666417961,527.011
bounty_madera,31/08/2024,09/08/2024 18:00,09/08/2024,18,19,4,6.787869492,472.276
bounty_madera,31/08/2024,09/08/2024 19:00,09/08/2024,19,20,4,6.219193655,438.964
bounty_madera,31/08/2024,09/08/2024 20:00,09/08/2024,20,21,4,11.77871107,403.666
bounty_madera,31/08/2024,09/08/2024 21:00,09/08/2024,21,22,4,17.79375553,407.41
bounty_madera,31/08/2024,09/08/2024 22:00,09/08/2024,22,23,4,6.902583156,414.116
bounty_madera,31/08/2024,09/08/2024 23:00,09/08/2024,23,24,4,7.894301994,429.332
bounty_madera,31/08/2024,10/08/2024 0:00,10/08/2024,0,1,5,16.02838434,409.616
bounty_madera,31/08/2024,10/08/2024 1:00,10/08/2024,1,2,5,6.096687784,353.971
bounty_madera,31/08/2024,10/08/2024 2:00,10/08/2024,2,3,5,4.287176275,345.271
bounty_madera,31/08/2024,10/08/2024 3:00,10/08/2024,3,4,5,4.392112446,346.246
bounty_madera,31/08/2024,10/08/2024 4:00,10/08/2024,4,5,5,4.294080452,341.94
bounty_madera,31/08/2024,10/08/2024 5:00,10/08/2024,5,6,5,3.713285169,357.735
bounty_madera,31/08/2024,10/08/2024 6:00,10/08/2024,6,7,5,2.866032444,380.205
bounty_madera,31/08/2024,10/08/2024 7:00,10/08/2024,7,8,5,4.05972173,460.177
bounty_madera,31/08/2024,10/08/2024 8:00,10/08/2024,8,9,5,3.524435905,500.055
bounty_madera,31/08/2024,10/08/2024 9:00,10/08/2024,9,10,5,4.268767124,536.515
bounty_madera,31/08/2024,10/08/2024 10:00,10/08/2024,10,11,5,4.159506271,571.569
bounty_madera,31/08/2024,10/08/2024 11:00,10/08/2024,11,12,5,3.685900799,570.087
bounty_madera,31/08/2024,10/08/2024 12:00,10/08/2024,12,13,5,3.207074136,572.759
bounty_madera,31/08/2024,10/08/2024 13:00,10/08/2024,13,14,5,3.542270658,578.039
bounty_madera,31/08/2024,10/08/2024 14:00,10/08/2024,14,15,5,3.697767203,566.921
bounty_madera,31/08/2024,10/08/2024 15:00,10/08/2024,15,16,5,4.915278101,520.683
bounty_madera,31/08/2024,10/08/2024 16:00,10/08/2024,16,17,5,4.410998566,451.147
bounty_madera,31/08/2024,10/08/2024 17:00,10/08/2024,17,18,5,3.422213439,440.903
bounty_madera,31/08/2024,10/08/2024 18:00,10/08/2024,18,19,5,4.933629886,416.876
bounty_madera,31/08/2024,10/08/2024 19:00,10/08/2024,19,20,5,4.9550944,377.319
bounty_madera,31/08/2024,10/08/2024 20:00,10/08/2024,20,21,5,4.249010647,351.238
bounty_madera,31/08/2024,10/08/2024 21:00,10/08/2024,21,22,5,5.684660949,354.543
bounty_madera,31/08/2024,10/08/2024 22:00,10/08/2024,22,23,5,4.752113526,380.813
bounty_madera,31/08/2024,10/08/2024 23:00,10/08/2024,23,24,5,4.719722991,382.876
bounty_madera,31/08/2024,11/08/2024 0:00,11/08/2024,0,1,6,3.700482238,341.797
bounty_madera,31/08/2024,11/08/2024 1:00,11/08/2024,1,2,6,3.678436589,305.621
bounty_madera,31/08/2024,11/08/2024 2:00,11/08/2024,2,3,6,3.687618579,297.771
bounty_madera,31/08/2024,11/08/2024 3:00,11/08/2024,3,4,6,3.433832943,302.204
bounty_madera,31/08/2024,11/08/2024 4:00,11/08/2024,4,5,6,3.021509643,313.429
bounty_madera,31/08/2024,11/08/2024 5:00,11/08/2024,5,6,6,2.997781303,348.511
bounty_madera,31/08/2024,11/08/2024 6:00,11/08/2024,6,7,6,2.485904007,376.075
bounty_madera,31/08/2024,11/08/2024 7:00,11/08/2024,7,8,6,2.345163631,430.094
bounty_madera,31/08/2024,11/08/2024 8:00,11/08/2024,8,9,6,1.265299085,506.453
bounty_madera,31/08/2024,11/08/2024 9:00,11/08/2024,9,10,6,1.962054779,542.413
bounty_madera,31/08/2024,11/08/2024 10:00,11/08/2024,10,11,6,2.989982992,578.203
bounty_madera,31/08/2024,11/08/2024 11:00,11/08/2024,11,12,6,3.054171843,568.206
bounty_madera,31/08/2024,11/08/2024 12:00,11/08/2024,12,13,6,3.031048674,469.202
bounty_madera,31/08/2024,11/08/2024 13:00,11/08/2024,13,14,6,3.507497125,449.062
bounty_madera,31/08/2024,11/08/2024 14:00,11/08/2024,14,15,6,2.960893017,447.766
bounty_madera,31/08/2024,11/08/2024 15:00,11/08/2024,15,16,6,3.34938475,433.056
bounty_madera,31/08/2024,11/08/2024 16:00,11/08/2024,16,17,6,3.170708313,444.654
bounty_madera,31/08/2024,11/08/2024 17:00,11/08/2024,17,18,6,3.733828945,454.15
bounty_madera,31/08/2024,11/08/2024 18:00,11/08/2024,18,19,6,8.081707008,426.724
bounty_madera,31/08/2024,11/08/2024 19:00,11/08/2024,19,20,6,5.572522661,375.613
bounty_madera,31/08/2024,11/08/2024 20:00,11/08/2024,20,21,6,6.159666579,372.862
bounty_madera,31/08/2024,11/08/2024 21:00,11/08/2024,21,22,6,9.369545739,381.061
bounty_madera,31/08/2024,11/08/2024 22:00,11/08/2024,22,23,6,5.177805276,385.022
bounty_madera,31/08/2024,11/08/2024 23:00,11/08/2024,23,24,6,4.986269296,385.232
bounty_madera,31/08/2024,12/08/2024 0:00,12/08/2024,0,1,0,3.914740968,371.329
bounty_madera,31/08/2024,12/08/2024 1:00,12/08/2024,1,2,0,4.045513571,327.113
bounty_madera,31/08/2024,12/08/2024 2:00,12/08/2024,2,3,0,3.340095843,325.063
bounty_madera,31/08/2024,12/08/2024 3:00,12/08/2024,3,4,0,3.445755965,318.975
bounty_madera,31/08/2024,12/08/2024 4:00,12/08/2024,4,5,0,3.497821694,335.139
bounty_madera,31/08/2024,12/08/2024 5:00,12/08/2024,5,6,0,3.46696148,371.365
bounty_madera,31/08/2024,12/08/2024 6:00,12/08/2024,6,7,0,2.733356694,388.149
bounty_madera,31/08/2024,12/08/2024 7:00,12/08/2024,7,8,0,3.24415912,433.439
bounty_madera,31/08/2024,12/08/2024 8:00,12/08/2024,8,9,0,7.301545563,494.19
bounty_madera,31/08/2024,12/08/2024 9:00,12/08/2024,9,10,0,8.264918081,556.3
bounty_madera,31/08/2024,12/08/2024 10:00,12/08/2024,10,11,0,9.591206177,571.064
bounty_madera,31/08/2024,12/08/2024 11:00,12/08/2024,11,12,0,6.994382599,532.944
bounty_madera,31/08/2024,12/08/2024 12:00,12/08/2024,12,13,0,4.201417898,564.023
bounty_madera,31/08/2024,12/08/2024 13:00,12/08/2024,13,14,0,9.417235166,577.16
bounty_madera,31/08/2024,12/08/2024 14:00,12/08/2024,14,15,0,7.745569661,501.536
bounty_madera,31/08/2024,12/08/2024 15:00,12/08/2024,15,16,0,16.59686827,532.64
bounty_madera,31/08/2024,12/08/2024 16:00,12/08/2024,16,17,0,7.112431478,542.677
bounty_madera,31/08/2024,12/08/2024 17:00,12/08/2024,17,18,0,5.748506847,521.61
bounty_madera,31/08/2024,12/08/2024 18:00,12/08/2024,18,19,0,15.67590228,484.295
bounty_madera,31/08/2024,12/08/2024 19:00,12/08/2024,19,20,0,13.61921459,404.85
bounty_madera,31/08/2024,12/08/2024 20:00,12/08/2024,20,21,0,30.69241034,414.544
bounty_madera,31/08/2024,12/08/2024 21:00,12/08/2024,21,22,0,33.24088054,436.43
bounty_madera,31/08/2024,12/08/2024 22:00,12/08/2024,22,23,0,42.30329586,430.614
bounty_madera,31/08/2024,12/08/2024 23:00,12/08/2024,23,24,0,15.85279602,428.447
bounty_madera,31/08/2024,13/08/2024 0:00,13/08/2024,0,1,1,6.184809589,418.682
bounty_madera,31/08/2024,13/08/2024 1:00,13/08/2024,1,2,1,4.226393354,386.651
bounty_madera,31/08/2024,13/08/2024 2:00,13/08/2024,2,3,1,3.41752141,371.298
bounty_madera,31/08/2024,13/08/2024 3:00,13/08/2024,3,4,1,3.500772387,349.189
bounty_madera,31/08/2024,13/08/2024 4:00,13/08/2024,4,5,1,4.899719128,360.419
bounty_madera,31/08/2024,13/08/2024 5:00,13/08/2024,5,6,1,4.168779318,373.967
bounty_madera,31/08/2024,13/08/2024 6:00,13/08/2024,6,7,1,2.82641596,409.03
bounty_madera,31/08/2024,13/08/2024 7:00,13/08/2024,7,8,1,3.343003376,456.766
bounty_madera,31/08/2024,13/08/2024 8:00,13/08/2024,8,9,1,5.01290204,500.577
bounty_madera,31/08/2024,13/08/2024 9:00,13/08/2024,9,10,1,4.165555911,547.193
bounty_madera,31/08/2024,13/08/2024 10:00,13/08/2024,10,11,1,7.594875966,577.706
bounty_madera,31/08/2024,13/08/2024 11:00,13/08/2024,11,12,1,3.76016114,564.795
bounty_madera,31/08/2024,13/08/2024 12:00,13/08/2024,12,13,1,6.111822394,585.342
bounty_madera,31/08/2024,13/08/2024 13:00,13/08/2024,13,14,1,8.937546605,596.425
bounty_madera,31/08/2024,13/08/2024 14:00,13/08/2024,14,15,1,5.727813501,582.692
bounty_madera,31/08/2024,13/08/2024 15:00,13/08/2024,15,16,1,21.37804378,586.397
bounty_madera,31/08/2024,13/08/2024 16:00,13/08/2024,16,17,1,7.583359301,584.485
bounty_madera,31/08/2024,13/08/2024 17:00,13/08/2024,17,18,1,7.329674909,561.952
bounty_madera,31/08/2024,13/08/2024 18:00,13/08/2024,18,19,1,21.54400675,532.84
bounty_madera,31/08/2024,13/08/2024 19:00,13/08/2024,19,20,1,26.46190587,482.761
bounty_madera,31/08/2024,13/08/2024 20:00,13/08/2024,20,21,1,57.7013748,455.982
bounty_madera,31/08/2024,13/08/2024 21:00,13/08/2024,21,22,1,51.8144472,446.822
bounty_madera,31/08/2024,13/08/2024 22:00,13/08/2024,22,23,1,14.78437523,438.175
bounty_madera,31/08/2024,13/08/2024 23:00,13/08/2024,23,24,1,8.021482085,458.012
bounty_madera,31/08/2024,14/08/2024 0:00,14/08/2024,0,1,2,5.635543133,445.998
bounty_madera,31/08/2024,14/08/2024 1:00,14/08/2024,1,2,2,4.579187209,375.02
bounty_madera,31/08/2024,14/08/2024 2:00,14/08/2024,2,3,2,4.132461585,353.447
bounty_madera,31/08/2024,14/08/2024 3:00,14/08/2024,3,4,2,3.679690787,342.997
bounty_madera,31/08/2024,14/08/2024 4:00,14/08/2024,4,5,2,3.827869515,356.838
bounty_madera,31/08/2024,14/08/2024 5:00,14/08/2024,5,6,2,3.890541298,400.283
bounty_madera,31/08/2024,14/08/2024 6:00,14/08/2024,6,7,2,2.777834959,428.112
bounty_madera,31/08/2024,14/08/2024 7:00,14/08/2024,7,8,2,2.991256947,486.973
bounty_madera,31/08/2024,14/08/2024 8:00,14/08/2024,8,9,2,3.430721422,536.059
bounty_madera,31/08/2024,14/08/2024 9:00,14/08/2024,9,10,2,3.55516597,582.99
bounty_madera,31/08/2024,14/08/2024 10:00,14/08/2024,10,11,2,4.783635409,591.129
bounty_madera,31/08/2024,14/08/2024 11:00,14/08/2024,11,12,2,4.557901265,566.077
bounty_madera,31/08/2024,14/08/2024 12:00,14/08/2024,12,13,2,5.756620015,576.589
bounty_madera,31/08/2024,14/08/2024 13:00,14/08/2024,13,14,2,11.14225611,505.399
bounty_madera,31/08/2024,14/08/2024 14:00,14/08/2024,14,15,2,8.893633477,514.461
bounty_madera,31/08/2024,14/08/2024 15:00,14/08/2024,15,16,2,6.199784268,523.184
bounty_madera,31/08/2024,14/08/2024 16:00,14/08/2024,16,17,2,5.358527381,471.988
bounty_madera,31/08/2024,14/08/2024 17:00,14/08/2024,17,18,2,5.407283117,463.504
bounty_madera,31/08/2024,14/08/2024 18:00,14/08/2024,18,19,2,6.080437919,455.221
bounty_madera,31/08/2024,14/08/2024 19:00,14/08/2024,19,20,2,5.72297075,432.523
bounty_madera,31/08/2024,14/08/2024 20:00,14/08/2024,20,21,2,6.175543207,434.81
bounty_madera,31/08/2024,14/08/2024 21:00,14/08/2024,21,22,2,5.854924195,427.887
bounty_madera,31/08/2024,14/08/2024 22:00,14/08/2024,22,23,2,5.151569282,417.509
bounty_madera,31/08/2024,14/08/2024 23:00,14/08/2024,23,24,2,4.901148034,423.239
bounty_madera,31/08/2024,15/08/2024 0:00,15/08/2024,0,1,3,4.408961591,410.188
bounty_madera,31/08/2024,15/08/2024 1:00,15/08/2024,1,2,3,4.001761472,361.208
bounty_madera,31/08/2024,15/08/2024 2:00,15/08/2024,2,3,3,3.691201259,340.461
bounty_madera,31/08/2024,15/08/2024 3:00,15/08/2024,3,4,3,3.294313528,331.573
bounty_madera,31/08/2024,15/08/2024 4:00,15/08/2024,4,5,3,3.442341256,346.487
bounty_madera,31/08/2024,15/08/2024 5:00,15/08/2024,5,6,3,3.369929567,381.258
bounty_madera,31/08/2024,15/08/2024 6:00,15/08/2024,6,7,3,2.722381706,401.135
bounty_madera,31/08/2024,15/08/2024 7:00,15/08/2024,7,8,3,3.08409304,474.495
bounty_madera,31/08/2024,15/08/2024 8:00,15/08/2024,8,9,3,3.261154487,554.954
bounty_madera,31/08/2024,15/08/2024 9:00,15/08/2024,9,10,3,3.334419136,569.62
bounty_madera,31/08/2024,15/08/2024 10:00,15/08/2024,10,11,3,4.294249648,581.498
bounty_madera,31/08/2024,15/08/2024 11:00,15/08/2024,11,12,3,3.778151801,582.028
bounty_madera,31/08/2024,15/08/2024 12:00,15/08/2024,12,13,3,3.486139588,596.874
bounty_madera,31/08/2024,15/08/2024 13:00,15/08/2024,13,14,3,8.080473086,618.404
bounty_madera,31/08/2024,15/08/2024 14:00,15/08/2024,14,15,3,6.634883992,614.012
bounty_madera,31/08/2024,15/08/2024 15:00,15/08/2024,15,16,3,8.509593528,545.241
bounty_madera,31/08/2024,15/08/2024 16:00,15/08/2024,16,17,3,5.667143837,524.479
bounty_madera,31/08/2024,15/08/2024 17:00,15/08/2024,17,18,3,4.945939092,500.99
bounty_madera,31/08/2024,15/08/2024 18:00,15/08/2024,18,19,3,9.223496142,466.46
bounty_madera,31/08/2024,15/08/2024 19:00,15/08/2024,19,20,3,5.848255347,443.242
bounty_madera,31/08/2024,15/08/2024 20:00,15/08/2024,20,21,3,8.650389076,463.466
bounty_madera,31/08/2024,15/08/2024 21:00,15/08/2024,21,22,3,8.478693012,466.642
bounty_madera,31/08/2024,15/08/2024 22:00,15/08/2024,22,23,3,10.32196245,432.69
bounty_madera,31/08/2024,15/08/2024 23:00,15/08/2024,23,24,3,4.827744341,406.997
bounty_madera,31/08/2024,16/08/2024 0:00,16/08/2024,0,1,4,4.862089564,396.406
bounty_madera,31/08/2024,16/08/2024 1:00,16/08/2024,1,2,4,4.373427382,364.023
bounty_madera,31/08/2024,16/08/2024 2:00,16/08/2024,2,3,4,4.010492068,352.503
bounty_madera,31/08/2024,16/08/2024 3:00,16/08/2024,3,4,4,4.209308091,347.471
bounty_madera,31/08/2024,16/08/2024 4:00,16/08/2024,4,5,4,4.856362053,350.146
bounty_madera,31/08/2024,16/08/2024 5:00,16/08/2024,5,6,4,4.125430971,364.518
bounty_madera,31/08/2024,16/08/2024 6:00,16/08/2024,6,7,4,3.181465112,394.556
bounty_madera,31/08/2024,16/08/2024 7:00,16/08/2024,7,8,4,3.437490011,470.817
bounty_madera,31/08/2024,16/08/2024 8:00,16/08/2024,8,9,4,3.612019402,539.822
bounty_madera,31/08/2024,16/08/2024 9:00,16/08/2024,9,10,4,3.059847406,583.1
bounty_madera,31/08/2024,16/08/2024 10:00,16/08/2024,10,11,4,5.094654575,611.596
bounty_madera,31/08/2024,16/08/2024 11:00,16/08/2024,11,12,4,3.990174213,579.059
bounty_madera,31/08/2024,16/08/2024 12:00,16/08/2024,12,13,4,4.126741326,602.363
bounty_madera,31/08/2024,16/08/2024 13:00,16/08/2024,13,14,4,9.50874723,619.823
bounty_madera,31/08/2024,16/08/2024 14:00,16/08/2024,14,15,4,6.146099575,572.812
bounty_madera,31/08/2024,16/08/2024 15:00,16/08/2024,15,16,4,9.898585556,502.934
bounty_madera,31/08/2024,16/08/2024 16:00,16/08/2024,16,17,4,5.775620691,423.583
bounty_madera,31/08/2024,16/08/2024 17:00,16/08/2024,17,18,4,6.006610662,382.526
bounty_madera,31/08/2024,16/08/2024 18:00,16/08/2024,18,19,4,6.320778171,388.404
bounty_madera,31/08/2024,16/08/2024 19:00,16/08/2024,19,20,4,5.627535866,372.852
bounty_madera,31/08/2024,16/08/2024 20:00,16/08/2024,20,21,4,12.56874074,367.466
bounty_madera,31/08/2024,16/08/2024 21:00,16/08/2024,21,22,4,13.53087581,356.118
bounty_madera,31/08/2024,16/08/2024 22:00,16/08/2024,22,23,4,6.29373534,342.385
bounty_madera,31/08/2024,16/08/2024 23:00,16/08/2024,23,24,4,6.655815212,349.162
bounty_madera,31/08/2024,17/08/2024 0:00,17/08/2024,0,1,5,4.560529048,344.018
bounty_madera,31/08/2024,17/08/2024 1:00,17/08/2024,1,2,5,4.475863833,315.827
bounty_madera,31/08/2024,17/08/2024 2:00,17/08/2024,2,3,5,4.250616313,303.754
bounty_madera,31/08/2024,17/08/2024 3:00,17/08/2024,3,4,5,3.99372934,300.351
bounty_madera,31/08/2024,17/08/2024 4:00,17/08/2024,4,5,5,3.950458441,313.681
bounty_madera,31/08/2024,17/08/2024 5:00,17/08/2024,5,6,5,3.734095535,333.203
bounty_madera,31/08/2024,17/08/2024 6:00,17/08/2024,6,7,5,1.739297713,365.711
bounty_madera,31/08/2024,17/08/2024 7:00,17/08/2024,7,8,5,2.170607845,442.692
bounty_madera,31/08/2024,17/08/2024 8:00,17/08/2024,8,9,5,3.08277635,530.275
bounty_madera,31/08/2024,17/08/2024 9:00,17/08/2024,9,10,5,2.502932049,577.041
bounty_madera,31/08/2024,17/08/2024 10:00,17/08/2024,10,11,5,3.739382368,592.872
bounty_madera,31/08/2024,17/08/2024 11:00,17/08/2024,11,12,5,4.009582186,594.249
bounty_madera,31/08/2024,17/08/2024 12:00,17/08/2024,12,13,5,3.370429424,593.619
bounty_madera,31/08/2024,17/08/2024 13:00,17/08/2024,13,14,5,5.587322629,609.059
bounty_madera,31/08/2024,17/08/2024 14:00,17/08/2024,14,15,5,6.14359206,602.501
bounty_madera,31/08/2024,17/08/2024 15:00,17/08/2024,15,16,5,4.695925744,542.775
bounty_madera,31/08/2024,17/08/2024 16:00,17/08/2024,16,17,5,6.41186724,405.233
bounty_madera,31/08/2024,17/08/2024 17:00,17/08/2024,17,18,5,4.641824529,409.29
bounty_madera,31/08/2024,17/08/2024 18:00,17/08/2024,18,19,5,5.725130008,421.927
bounty_madera,31/08/2024,17/08/2024 19:00,17/08/2024,19,20,5,6.294118239,405.578
bounty_madera,31/08/2024,17/08/2024 20:00,17/08/2024,20,21,5,10.18407285,404.432
bounty_madera,31/08/2024,17/08/2024 21:00,17/08/2024,21,22,5,18.11741832,420.898
bounty_madera,31/08/2024,17/08/2024 22:00,17/08/2024,22,23,5,5.835128059,412.127
bounty_madera,31/08/2024,17/08/2024 23:00,17/08/2024,23,24,5,5.856985982,430.799
bounty_madera,31/08/2024,18/08/2024 0:00,18/08/2024,0,1,6,5.246323758,409.702
bounty_madera,31/08/2024,18/08/2024 1:00,18/08/2024,1,2,6,5.271854052,365.127
bounty_madera,31/08/2024,18/08/2024 2:00,18/08/2024,2,3,6,4.472844113,335.34
bounty_madera,31/08/2024,18/08/2024 3:00,18/08/2024,3,4,6,4.337991964,328.137
bounty_madera,31/08/2024,18/08/2024 4:00,18/08/2024,4,5,6,4.23518026,337.038
bounty_madera,31/08/2024,18/08/2024 5:00,18/08/2024,5,6,6,4.209605153,393.955
bounty_madera,31/08/2024,18/08/2024 6:00,18/08/2024,6,7,6,3.510167958,409.483
bounty_madera,31/08/2024,18/08/2024 7:00,18/08/2024,7,8,6,3.303271377,486.024
bounty_madera,31/08/2024,18/08/2024 8:00,18/08/2024,8,9,6,2.647576997,542.954
bounty_madera,31/08/2024,18/08/2024 9:00,18/08/2024,9,10,6,1.657006961,580.399
bounty_madera,31/08/2024,18/08/2024 10:00,18/08/2024,10,11,6,2.574205952,589.265
bounty_madera,31/08/2024,18/08/2024 11:00,18/08/2024,11,12,6,2.917425344,580.643
bounty_madera,31/08/2024,18/08/2024 12:00,18/08/2024,12,13,6,3.703356578,595.151
bounty_madera,31/08/2024,18/08/2024 13:00,18/08/2024,13,14,6,4.18608662,624.31
bounty_madera,31/08/2024,18/08/2024 14:00,18/08/2024,14,15,6,5.118215456,614.333
bounty_madera,31/08/2024,18/08/2024 15:00,18/08/2024,15,16,6,4.564929249,606.396
bounty_madera,31/08/2024,18/08/2024 16:00,18/08/2024,16,17,6,4.615499293,587.312
bounty_madera,31/08/2024,18/08/2024 17:00,18/08/2024,17,18,6,4.571385863,561.371
bounty_madera,31/08/2024,18/08/2024 18:00,18/08/2024,18,19,6,11.21299364,515.521
bounty_madera,31/08/2024,18/08/2024 19:00,18/08/2024,19,20,6,5.519372896,453.043
bounty_madera,31/08/2024,18/08/2024 20:00,18/08/2024,20,21,6,22.0023566,461.93
bounty_madera,31/08/2024,18/08/2024 21:00,18/08/2024,21,22,6,16.35658112,455.216
bounty_madera,31/08/2024,18/08/2024 22:00,18/08/2024,22,23,6,6.293842131,453.852
bounty_madera,31/08/2024,18/08/2024 23:00,18/08/2024,23,24,6,5.05540682,464.756
bounty_madera,31/08/2024,19/08/2024 0:00,19/08/2024,0,1,0,4.00574906,457.183
bounty_madera,31/08/2024,19/08/2024 1:00,19/08/2024,1,2,0,4.128221592,401.399
bounty_madera,31/08/2024,19/08/2024 2:00,19/08/2024,2,3,0,4.110446406,401.791
bounty_madera,31/08/2024,19/08/2024 3:00,19/08/2024,3,4,0,4.048551565,404.51
bounty_madera,31/08/2024,19/08/2024 4:00,19/08/2024,4,5,0,4.113248157,412.439
bounty_madera,31/08/2024,19/08/2024 5:00,19/08/2024,5,6,0,3.911595723,426.53
bounty_madera,31/08/2024,19/08/2024 6:00,19/08/2024,6,7,0,2.942850535,449.106
bounty_madera,31/08/2024,19/08/2024 7:00,19/08/2024,7,8,0,3.641542481,486.663
bounty_madera,31/08/2024,19/08/2024 8:00,19/08/2024,8,9,0,5.183386511,538.641
bounty_madera,31/08/2024,19/08/2024 9:00,19/08/2024,9,10,0,6.494554536,573.145
bounty_madera,31/08/2024,19/08/2024 10:00,19/08/2024,10,11,0,7.456050472,595.757
bounty_madera,31/08/2024,19/08/2024 11:00,19/08/2024,11,12,0,5.237214245,590.802
bounty_madera,31/08/2024,19/08/2024 12:00,19/08/2024,12,13,0,5.438820599,607.854
bounty_madera,31/08/2024,19/08/2024 13:00,19/08/2024,13,14,0,15.64698315,629.282
bounty_madera,31/08/2024,19/08/2024 14:00,19/08/2024,14,15,0,25.66231482,618.89
bounty_madera,31/08/2024,19/08/2024 15:00,19/08/2024,15,16,0,24.68887276,609.386
bounty_madera,31/08/2024,19/08/2024 16:00,19/08/2024,16,17,0,5.327571936,230.004
bounty_madera,31/08/2024,19/08/2024 17:00,19/08/2024,17,18,0,3.908873116,6.632
bounty_madera,31/08/2024,19/08/2024 18:00,19/08/2024,18,19,0,4.973567444,340.634
bounty_madera,31/08/2024,19/08/2024 19:00,19/08/2024,19,20,0,5.299978069,315.567
bounty_madera,31/08/2024,19/08/2024 20:00,19/08/2024,20,21,0,5.7925193,318.616
bounty_madera,31/08/2024,19/08/2024 21:00,19/08/2024,21,22,0,10.31972932,325.588
bounty_madera,31/08/2024,19/08/2024 22:00,19/08/2024,22,23,0,4.964597188,325.861
bounty_madera,31/08/2024,19/08/2024 23:00,19/08/2024,23,24,0,4.166590934,346.11
bounty_madera,31/08/2024,20/08/2024 0:00,20/08/2024,0,1,1,4.118775553,337.576
bounty_madera,31/08/2024,20/08/2024 1:00,20/08/2024,1,2,1,4.083195313,312.299
bounty_madera,31/08/2024,20/08/2024 2:00,20/08/2024,2,3,1,3.795427042,310.482
bounty_madera,31/08/2024,20/08/2024 3:00,20/08/2024,3,4,1,4.050728849,317.379
bounty_madera,31/08/2024,20/08/2024 4:00,20/08/2024,4,5,1,4.354541002,312.195
bounty_madera,31/08/2024,20/08/2024 5:00,20/08/2024,5,6,1,4.063153514,348.103
bounty_madera,31/08/2024,20/08/2024 6:00,20/08/2024,6,7,1,3.244136925,383.75
bounty_madera,31/08/2024,20/08/2024 7:00,20/08/2024,7,8,1,3.908009531,405.824
bounty_madera,31/08/2024,20/08/2024 8:00,20/08/2024,8,9,1,3.683189494,477.655
bounty_madera,31/08/2024,20/08/2024 9:00,20/08/2024,9,10,1,4.25151678,542.901
bounty_madera,31/08/2024,20/08/2024 10:00,20/08/2024,10,11,1,6.967677058,575.466
bounty_madera,31/08/2024,20/08/2024 11:00,20/08/2024,11,12,1,5.20928258,557.164
bounty_madera,31/08/2024,20/08/2024 12:00,20/08/2024,12,13,1,6.096288104,595.064
bounty_madera,31/08/2024,20/08/2024 13:00,20/08/2024,13,14,1,12.80064285,620.34
bounty_madera,31/08/2024,20/08/2024 14:00,20/08/2024,14,15,1,21.17886287,616.395
bounty_madera,31/08/2024,20/08/2024 15:00,20/08/2024,15,16,1,11.3821495,580.75
bounty_madera,31/08/2024,20/08/2024 16:00,20/08/2024,16,17,1,5.550271711,528.121
bounty_madera,31/08/2024,20/08/2024 17:00,20/08/2024,17,18,1,5.387254265,490.114
bounty_madera,31/08/2024,20/08/2024 18:00,20/08/2024,18,19,1,5.84606275,481.98
bounty_madera,31/08/2024,20/08/2024 19:00,20/08/2024,19,20,1,6.196574396,444.88
bounty_madera,31/08/2024,20/08/2024 20:00,20/08/2024,20,21,1,7.336802303,382.606
bounty_madera,31/08/2024,20/08/2024 21:00,20/08/2024,21,22,1,15.82537137,377.811
bounty_madera,31/08/2024,20/08/2024 22:00,20/08/2024,22,23,1,7.435435973,363.023
bounty_madera,31/08/2024,20/08/2024 23:00,20/08/2024,23,24,1,7.727792068,371.771
bounty_madera,31/08/2024,21/08/2024 0:00,21/08/2024,0,1,2,4.122046843,358.671
bounty_madera,31/08/2024,21/08/2024 1:00,21/08/2024,1,2,2,4.092669476,326.336
bounty_madera,31/08/2024,21/08/2024 2:00,21/08/2024,2,3,2,3.857278035,311.956
bounty_madera,31/08/2024,21/08/2024 3:00,21/08/2024,3,4,2,3.701194176,294.878
bounty_madera,31/08/2024,21/08/2024 4:00,21/08/2024,4,5,2,3.889834105,315.856
bounty_madera,31/08/2024,21/08/2024 5:00,21/08/2024,5,6,2,4.053265415,362.38
bounty_madera,31/08/2024,21/08/2024 6:00,21/08/2024,6,7,2,2.621041781,378.156
bounty_madera,31/08/2024,21/08/2024 7:00,21/08/2024,7,8,2,3.523223406,456.742
bounty_madera,31/08/2024,21/08/2024 8:00,21/08/2024,8,9,2,3.706155922,539
bounty_madera,31/08/2024,21/08/2024 9:00,21/08/2024,9,10,2,3.906902888,601.957
bounty_madera,31/08/2024,21/08/2024 10:00,21/08/2024,10,11,2,4.896273729,599.252
bounty_madera,31/08/2024,21/08/2024 11:00,21/08/2024,11,12,2,5.451301366,594.861
bounty_madera,31/08/2024,21/08/2024 12:00,21/08/2024,12,13,2,4.519739107,609.377
bounty_madera,31/08/2024,21/08/2024 13:00,21/08/2024,13,14,2,12.7914932,637.953
bounty_madera,31/08/2024,21/08/2024 14:00,21/08/2024,14,15,2,13.06282831,623.369
bounty_madera,31/08/2024,21/08/2024 15:00,21/08/2024,15,16,2,16.90853518,620.546
bounty_madera,31/08/2024,21/08/2024 16:00,21/08/2024,16,17,2,25.59434439,622.653
bounty_madera,31/08/2024,21/08/2024 17:00,21/08/2024,17,18,2,5.760363129,590.657
bounty_madera,31/08/2024,21/08/2024 18:00,21/08/2024,18,19,2,7.6768747,514.973
bounty_madera,31/08/2024,21/08/2024 19:00,21/08/2024,19,20,2,9.58104805,368.983
bounty_madera,31/08/2024,21/08/2024 20:00,21/08/2024,20,21,2,10.06036916,403.661
bounty_madera,31/08/2024,21/08/2024 21:00,21/08/2024,21,22,2,11.23980371,406.876
bounty_madera,31/08/2024,21/08/2024 22:00,21/08/2024,22,23,2,6.76214101,392.133
bounty_madera,31/08/2024,21/08/2024 23:00,21/08/2024,23,24,2,7.361932513,423.658
bounty_madera,31/08/2024,22/08/2024 0:00,22/08/2024,0,1,3,5.476894148,406.766
bounty_madera,31/08/2024,22/08/2024 1:00,22/08/2024,1,2,3,4.224126924,375.651
bounty_madera,31/08/2024,22/08/2024 2:00,22/08/2024,2,3,3,4.280184497,365.653
bounty_madera,31/08/2024,22/08/2024 3:00,22/08/2024,3,4,3,4.086958498,362.111
bounty_madera,31/08/2024,22/08/2024 4:00,22/08/2024,4,5,3,4.92413572,367.108
bounty_madera,31/08/2024,22/08/2024 5:00,22/08/2024,5,6,3,4.328590151,410.995
bounty_madera,31/08/2024,22/08/2024 6:00,22/08/2024,6,7,3,2.700607592,417.494
bounty_madera,31/08/2024,22/08/2024 7:00,22/08/2024,7,8,3,3.349947758,482.6
bounty_madera,31/08/2024,22/08/2024 8:00,22/08/2024,8,9,3,4.276632824,550.758
bounty_madera,31/08/2024,22/08/2024 9:00,22/08/2024,9,10,3,4.250500051,587.734
bounty_madera,31/08/2024,22/08/2024 10:00,22/08/2024,10,11,3,5.015111015,602.584
bounty_madera,31/08/2024,22/08/2024 11:00,22/08/2024,11,12,3,4.796330901,592.551
bounty_madera,31/08/2024,22/08/2024 12:00,22/08/2024,12,13,3,5.943076847,613.108
bounty_madera,31/08/2024,22/08/2024 13:00,22/08/2024,13,14,3,8.124329792,642.685
bounty_madera,31/08/2024,22/08/2024 14:00,22/08/2024,14,15,3,5.905329339,635.942
bounty_madera,31/08/2024,22/08/2024 15:00,22/08/2024,15,16,3,7.226273951,619.447
bounty_madera,31/08/2024,22/08/2024 16:00,22/08/2024,16,17,3,6.521293676,624.343
bounty_madera,31/08/2024,22/08/2024 17:00,22/08/2024,17,18,3,5.212406718,611.387
bounty_madera,31/08/2024,22/08/2024 18:00,22/08/2024,18,19,3,8.919895079,546.936
bounty_madera,31/08/2024,22/08/2024 19:00,22/08/2024,19,20,3,5.846377157,465.22
bounty_madera,31/08/2024,22/08/2024 20:00,22/08/2024,20,21,3,9.462175854,430.748
bounty_madera,31/08/2024,22/08/2024 21:00,22/08/2024,21,22,3,10.14673348,436.98
bounty_madera,31/08/2024,22/08/2024 22:00,22/08/2024,22,23,3,7.442546786,446.119
bounty_madera,31/08/2024,22/08/2024 23:00,22/08/2024,23,24,3,7.887302095,453.557
bounty_madera,31/08/2024,23/08/2024 0:00,23/08/2024,0,1,4,5.672938804,429.276
bounty_madera,31/08/2024,23/08/2024 1:00,23/08/2024,1,2,4,5.035169841,401.683
bounty_madera,31/08/2024,23/08/2024 2:00,23/08/2024,2,3,4,4.641313957,399.873
bounty_madera,31/08/2024,23/08/2024 3:00,23/08/2024,3,4,4,4.558638943,393.994
bounty_madera,31/08/2024,23/08/2024 4:00,23/08/2024,4,5,4,4.284371338,401.96
bounty_madera,31/08/2024,23/08/2024 5:00,23/08/2024,5,6,4,3.394224089,425.743
bounty_madera,31/08/2024,23/08/2024 6:00,23/08/2024,6,7,4,2.425015191,451.126
bounty_madera,31/08/2024,23/08/2024 7:00,23/08/2024,7,8,4,2.977387187,508.901
bounty_madera,31/08/2024,23/08/2024 8:00,23/08/2024,8,9,4,3.269579726,580.931
bounty_madera,31/08/2024,23/08/2024 9:00,23/08/2024,9,10,4,3.389980061,593.243
bounty_madera,31/08/2024,23/08/2024 10:00,23/08/2024,10,11,4,4.299647167,622.034
bounty_madera,31/08/2024,23/08/2024 11:00,23/08/2024,11,12,4,4.706361639,596.4
bounty_madera,31/08/2024,23/08/2024 12:00,23/08/2024,12,13,4,4.093536704,618.674
bounty_madera,31/08/2024,23/08/2024 13:00,23/08/2024,13,14,4,5.561577451,636.413
bounty_madera,31/08/2024,23/08/2024 14:00,23/08/2024,14,15,4,5.74018691,636.871
bounty_madera,31/08/2024,23/08/2024 15:00,23/08/2024,15,16,4,5.380312644,619.231
bounty_madera,31/08/2024,23/08/2024 16:00,23/08/2024,16,17,4,5.400623101,596.685
bounty_madera,31/08/2024,23/08/2024 17:00,23/08/2024,17,18,4,7.67356571,595.375
bounty_madera,31/08/2024,23/08/2024 18:00,23/08/2024,18,19,4,13.28471305,536.967
bounty_madera,31/08/2024,23/08/2024 19:00,23/08/2024,19,20,4,5.672317037,425.849
bounty_madera,31/08/2024,23/08/2024 20:00,23/08/2024,20,21,4,5.654381204,409.366
bounty_madera,31/08/2024,23/08/2024 21:00,23/08/2024,21,22,4,5.72095178,410.915
bounty_madera,31/08/2024,23/08/2024 22:00,23/08/2024,22,23,4,4.751472605,421.845
bounty_madera,31/08/2024,23/08/2024 23:00,23/08/2024,23,24,4,4.398530389,424.767
bounty_madera,31/08/2024,24/08/2024 0:00,24/08/2024,0,1,5,4.314642278,427.232
bounty_madera,31/08/2024,24/08/2024 1:00,24/08/2024,1,2,5,3.851236129,398.68
bounty_madera,31/08/2024,24/08/2024 2:00,24/08/2024,2,3,5,4.591055656,381.125
bounty_madera,31/08/2024,24/08/2024 3:00,24/08/2024,3,4,5,4.119429909,369.603
bounty_madera,31/08/2024,24/08/2024 4:00,24/08/2024,4,5,5,3.942669806,387.148
bounty_madera,31/08/2024,24/08/2024 5:00,24/08/2024,5,6,5,3.390806525,430.045
bounty_madera,31/08/2024,24/08/2024 6:00,24/08/2024,6,7,5,2.798044786,462.968
bounty_madera,31/08/2024,24/08/2024 7:00,24/08/2024,7,8,5,3.049865072,480.21
bounty_madera,31/08/2024,24/08/2024 8:00,24/08/2024,8,9,5,3.376777062,538.305
bounty_madera,31/08/2024,24/08/2024 9:00,24/08/2024,9,10,5,3.733286735,562.247
bounty_madera,31/08/2024,24/08/2024 10:00,24/08/2024,10,11,5,3.816390445,569.849
bounty_madera,31/08/2024,24/08/2024 11:00,24/08/2024,11,12,5,3.59465016,553.468
bounty_madera,31/08/2024,24/08/2024 12:00,24/08/2024,12,13,5,3.306109913,538.68
bounty_madera,31/08/2024,24/08/2024 13:00,24/08/2024,13,14,5,6.927130426,572.173
bounty_madera,31/08/2024,24/08/2024 14:00,24/08/2024,14,15,5,5.666371087,559.998
bounty_madera,31/08/2024,24/08/2024 15:00,24/08/2024,15,16,5,5.002252476,571.005
bounty_madera,31/08/2024,24/08/2024 16:00,24/08/2024,16,17,5,6.472723363,540.771
bounty_madera,31/08/2024,24/08/2024 17:00,24/08/2024,17,18,5,4.729579246,530.74
bounty_madera,31/08/2024,24/08/2024 18:00,24/08/2024,18,19,5,5.754240787,494.105
bounty_madera,31/08/2024,24/08/2024 19:00,24/08/2024,19,20,5,5.299904814,438.094
bounty_madera,31/08/2024,24/08/2024 20:00,24/08/2024,20,21,5,6.020892145,438.441
bounty_madera,31/08/2024,24/08/2024 21:00,24/08/2024,21,22,5,6.922832077,433.154
bounty_madera,31/08/2024,24/08/2024 22:00,24/08/2024,22,23,5,5.54635868,424.235
bounty_madera,31/08/2024,24/08/2024 23:00,24/08/2024,23,24,5,5.115166292,413.183
bounty_madera,31/08/2024,25/08/2024 0:00,25/08/2024,0,1,6,3.991525035,376.614
bounty_madera,31/08/2024,25/08/2024 1:00,25/08/2024,1,2,6,3.967188515,327.616
bounty_madera,31/08/2024,25/08/2024 2:00,25/08/2024,2,3,6,4.003236619,324.298
bounty_madera,31/08/2024,25/08/2024 3:00,25/08/2024,3,4,6,4.032498445,335.379
bounty_madera,31/08/2024,25/08/2024 4:00,25/08/2024,4,5,6,3.97947649,354.626
bounty_madera,31/08/2024,25/08/2024 5:00,25/08/2024,5,6,6,4.264308232,392.554
bounty_madera,31/08/2024,25/08/2024 6:00,25/08/2024,6,7,6,3.279440534,401.255
bounty_madera,31/08/2024,25/08/2024 7:00,25/08/2024,7,8,6,1.483720299,449.334
bounty_madera,31/08/2024,25/08/2024 8:00,25/08/2024,8,9,6,3.093768134,509.875
bounty_madera,31/08/2024,25/08/2024 9:00,25/08/2024,9,10,6,2.621370901,567.521
bounty_madera,31/08/2024,25/08/2024 10:00,25/08/2024,10,11,6,3.127777549,579.513
bounty_madera,31/08/2024,25/08/2024 11:00,25/08/2024,11,12,6,2.938145738,577.004
bounty_madera,31/08/2024,25/08/2024 12:00,25/08/2024,12,13,6,3.444068117,597.589
bounty_madera,31/08/2024,25/08/2024 13:00,25/08/2024,13,14,6,3.640273384,614.603
bounty_madera,31/08/2024,25/08/2024 14:00,25/08/2024,14,15,6,3.634262738,494.453
bounty_madera,31/08/2024,25/08/2024 15:00,25/08/2024,15,16,6,4.758993877,1.013
bounty_madera,31/08/2024,25/08/2024 16:00,25/08/2024,16,17,6,4.808475206,0.067
bounty_madera,31/08/2024,25/08/2024 17:00,25/08/2024,17,18,6,5.922910755,0
bounty_madera,31/08/2024,25/08/2024 18:00,25/08/2024,18,19,6,5.871467438,319.628
bounty_madera,31/08/2024,25/08/2024 19:00,25/08/2024,19,20,6,5.283107843,366.862
bounty_madera,31/08/2024,25/08/2024 20:00,25/08/2024,20,21,6,5.119196034,354.778
bounty_madera,31/08/2024,25/08/2024 21:00,25/08/2024,21,22,6,5.327189439,356.408
bounty_madera,31/08/2024,25/08/2024 22:00,25/08/2024,22,23,6,4.20206352,351.785
bounty_madera,31/08/2024,25/08/2024 23:00,25/08/2024,23,24,6,4.12799461,370.309
bounty_madera,30/09/2024,26/08/2024 0:00,26/08/2024,0,1,0,3.674258017,358.843
bounty_madera,30/09/2024,26/08/2024 1:00,26/08/2024,1,2,0,3.68598385,334.439
bounty_madera,30/09/2024,26/08/2024 2:00,26/08/2024,2,3,0,3.286695889,320.695
bounty_madera,30/09/2024,26/08/2024 3:00,26/08/2024,3,4,0,2.664560367,305.421
bounty_madera,30/09/2024,26/08/2024 4:00,26/08/2024,4,5,0,2.695377968,321.334
bounty_madera,30/09/2024,26/08/2024 5:00,26/08/2024,5,6,0,1.766033306,328.281
bounty_madera,30/09/2024,26/08/2024 6:00,26/08/2024,6,7,0,0.192787972,339.599
bounty_madera,30/09/2024,26/08/2024 7:00,26/08/2024,7,8,0,0.347399538,390.759
bounty_madera,30/09/2024,26/08/2024 8:00,26/08/2024,8,9,0,2.10420572,486.292
bounty_madera,30/09/2024,26/08/2024 9:00,26/08/2024,9,10,0,2.110566219,542.686
bounty_madera,30/09/2024,26/08/2024 10:00,26/08/2024,10,11,0,3.03189941,554.412
bounty_madera,30/09/2024,26/08/2024 11:00,26/08/2024,11,12,0,3.012134507,549.633
bounty_madera,30/09/2024,26/08/2024 12:00,26/08/2024,12,13,0,3.10232917,579.201
bounty_madera,30/09/2024,26/08/2024 13:00,26/08/2024,13,14,0,3.583069499,590.045
bounty_madera,30/09/2024,26/08/2024 14:00,26/08/2024,14,15,0,3.391999711,532.232
bounty_madera,30/09/2024,26/08/2024 15:00,26/08/2024,15,16,0,3.330355306,474.269
bounty_madera,30/09/2024,26/08/2024 16:00,26/08/2024,16,17,0,3.079197532,472.434
bounty_madera,30/09/2024,26/08/2024 17:00,26/08/2024,17,18,0,3.770748048,468.478
bounty_madera,30/09/2024,26/08/2024 18:00,26/08/2024,18,19,0,5.708634109,461.677
bounty_madera,30/09/2024,26/08/2024 19:00,26/08/2024,19,20,0,5.865551479,419.51
bounty_madera,30/09/2024,26/08/2024 20:00,26/08/2024,20,21,0,5.280097771,418.48
bounty_madera,30/09/2024,26/08/2024 21:00,26/08/2024,21,22,0,5.920123229,393.569
bounty_madera,30/09/2024,26/08/2024 22:00,26/08/2024,22,23,0,5.013809894,390.827
bounty_madera,30/09/2024,26/08/2024 23:00,26/08/2024,23,24,0,3.976246975,435.77
bounty_madera,30/09/2024,27/08/2024 0:00,27/08/2024,0,1,1,4.806427221,403.479
bounty_madera,30/09/2024,27/08/2024 1:00,27/08/2024,1,2,1,3.713893408,358.47
bounty_madera,30/09/2024,27/08/2024 2:00,27/08/2024,2,3,1,3.111535375,343.868
bounty_madera,30/09/2024,27/08/2024 3:00,27/08/2024,3,4,1,2.85673278,336.617
bounty_madera,30/09/2024,27/08/2024 4:00,27/08/2024,4,5,1,3.114327583,348.722
bounty_madera,30/09/2024,27/08/2024 5:00,27/08/2024,5,6,1,2.937732938,386.84
bounty_madera,30/09/2024,27/08/2024 6:00,27/08/2024,6,7,1,2.447546917,407.118
bounty_madera,30/09/2024,27/08/2024 7:00,27/08/2024,7,8,1,2.80554103,481.584
bounty_madera,30/09/2024,27/08/2024 8:00,27/08/2024,8,9,1,3.445513937,521.427
bounty_madera,30/09/2024,27/08/2024 9:00,27/08/2024,9,10,1,3.222848119,572.792
bounty_madera,30/09/2024,27/08/2024 10:00,27/08/2024,10,11,1,3.394727036,558.94
bounty_madera,30/09/2024,27/08/2024 11:00,27/08/2024,11,12,1,3.617474885,556.954
bounty_madera,30/09/2024,27/08/2024 12:00,27/08/2024,12,13,1,3.309538553,595.3
bounty_madera,30/09/2024,27/08/2024 13:00,27/08/2024,13,14,1,4.115967966,607.527
bounty_madera,30/09/2024,27/08/2024 14:00,27/08/2024,14,15,1,5.691866444,581.76
bounty_madera,30/09/2024,27/08/2024 15:00,27/08/2024,15,16,1,4.413595283,553.3
bounty_madera,30/09/2024,27/08/2024 16:00,27/08/2024,16,17,1,4.389123216,571.766
bounty_madera,30/09/2024,27/08/2024 17:00,27/08/2024,17,18,1,4.172598412,546.945
bounty_madera,30/09/2024,27/08/2024 18:00,27/08/2024,18,19,1,8.894836021,506.434
bounty_madera,30/09/2024,27/08/2024 19:00,27/08/2024,19,20,1,5.714494689,473.002
bounty_madera,30/09/2024,27/08/2024 20:00,27/08/2024,20,21,1,6.597813642,452.069
bounty_madera,30/09/2024,27/08/2024 21:00,27/08/2024,21,22,1,7.185832765,430.845
bounty_madera,30/09/2024,27/08/2024 22:00,27/08/2024,22,23,1,3.888386485,423.474
bounty_madera,30/09/2024,27/08/2024 23:00,27/08/2024,23,24,1,3.276348103,446.36
bounty_madera,30/09/2024,28/08/2024 0:00,28/08/2024,0,1,2,3.759449649,445.234
bounty_madera,30/09/2024,28/08/2024 1:00,28/08/2024,1,2,2,3.764035731,410.399
bounty_madera,30/09/2024,28/08/2024 2:00,28/08/2024,2,3,2,3.49623489,398.556
bounty_madera,30/09/2024,28/08/2024 3:00,28/08/2024,3,4,2,3.195937032,380.045
bounty_madera,30/09/2024,28/08/2024 4:00,28/08/2024,4,5,2,3.417791687,407.396
bounty_madera,30/09/2024,28/08/2024 5:00,28/08/2024,5,6,2,3.219751366,426.858
bounty_madera,30/09/2024,28/08/2024 6:00,28/08/2024,6,7,2,2.555450466,437.026
bounty_madera,30/09/2024,28/08/2024 7:00,28/08/2024,7,8,2,2.955460321,429.382
bounty_madera,30/09/2024,28/08/2024 8:00,28/08/2024,8,9,2,3.243556578,480.55
bounty_madera,30/09/2024,28/08/2024 9:00,28/08/2024,9,10,2,3.520671998,530.358
bounty_madera,30/09/2024,28/08/2024 10:00,28/08/2024,10,11,2,3.672387928,528.137
bounty_madera,30/09/2024,28/08/2024 11:00,28/08/2024,11,12,2,3.493531684,544.506
bounty_madera,30/09/2024,28/08/2024 12:00,28/08/2024,12,13,2,2.836780218,563.074
bounty_madera,30/09/2024,28/08/2024 13:00,28/08/2024,13,14,2,3.267228119,599.336
bounty_madera,30/09/2024,28/08/2024 14:00,28/08/2024,14,15,2,2.98549035,585.236
bounty_madera,30/09/2024,28/08/2024 15:00,28/08/2024,15,16,2,2.89230782,588.446
bounty_madera,30/09/2024,28/08/2024 16:00,28/08/2024,16,17,2,3.138285084,529.982
bounty_madera,30/09/2024,28/08/2024 17:00,28/08/2024,17,18,2,2.971765865,492.769
bounty_madera,30/09/2024,28/08/2024 18:00,28/08/2024,18,19,2,4.283577066,447.9
bounty_madera,30/09/2024,28/08/2024 19:00,28/08/2024,19,20,2,3.788407093,379.621
bounty_madera,30/09/2024,28/08/2024 20:00,28/08/2024,20,21,2,4.133031949,368.285
bounty_madera,30/09/2024,28/08/2024 21:00,28/08/2024,21,22,2,3.922087207,369.498
bounty_madera,30/09/2024,28/08/2024 22:00,28/08/2024,22,23,2,3.354415465,369.126
bounty_madera,30/09/2024,28/08/2024 23:00,28/08/2024,23,24,2,3.002983395,402.881
bounty_madera,30/09/2024,29/08/2024 0:00,29/08/2024,0,1,3,3.21638531,385.436
bounty_madera,30/09/2024,29/08/2024 1:00,29/08/2024,1,2,3,3.055465212,353.244
bounty_madera,30/09/2024,29/08/2024 2:00,29/08/2024,2,3,3,3.064834013,340.225
bounty_madera,30/09/2024,29/08/2024 3:00,29/08/2024,3,4,3,2.95940201,345.471
bounty_madera,30/09/2024,29/08/2024 4:00,29/08/2024,4,5,3,3.157904576,379.33
bounty_madera,30/09/2024,29/08/2024 5:00,29/08/2024,5,6,3,3.20020998,384.945
bounty_madera,30/09/2024,29/08/2024 6:00,29/08/2024,6,7,3,2.943958078,398.143
bounty_madera,30/09/2024,29/08/2024 7:00,29/08/2024,7,8,3,3.050175849,419.048
bounty_madera,30/09/2024,29/08/2024 8:00,29/08/2024,8,9,3,3.332402969,488.073
bounty_madera,30/09/2024,29/08/2024 9:00,29/08/2024,9,10,3,3.342837714,557.029
bounty_madera,30/09/2024,29/08/2024 10:00,29/08/2024,10,11,3,3.295979547,589.562
bounty_madera,30/09/2024,29/08/2024 11:00,29/08/2024,11,12,3,3.797823555,554.391
bounty_madera,30/09/2024,29/08/2024 12:00,29/08/2024,12,13,3,3.437555129,574.346
bounty_madera,30/09/2024,29/08/2024 13:00,29/08/2024,13,14,3,7.280934265,622.136
bounty_madera,30/09/2024,29/08/2024 14:00,29/08/2024,14,15,3,5.818819752,616.026
bounty_madera,30/09/2024,29/08/2024 15:00,29/08/2024,15,16,3,5.13315322,606.434
bounty_madera,30/09/2024,29/08/2024 16:00,29/08/2024,16,17,3,5.301439994,587.761
bounty_madera,30/09/2024,29/08/2024 17:00,29/08/2024,17,18,3,4.518753985,566.386
bounty_madera,30/09/2024,29/08/2024 18:00,29/08/2024,18,19,3,6.591044329,540.858
bounty_madera,30/09/2024,29/08/2024 19:00,29/08/2024,19,20,3,5.429322824,494.714
bounty_madera,30/09/2024,29/08/2024 20:00,29/08/2024,20,21,3,8.989627622,466.331
bounty_madera,30/09/2024,29/08/2024 21:00,29/08/2024,21,22,3,6.272666184,459.568
bounty_madera,30/09/2024,29/08/2024 22:00,29/08/2024,22,23,3,6.232858764,459.008
bounty_madera,30/09/2024,29/08/2024 23:00,29/08/2024,23,24,3,3.581104445,462.852
bounty_madera,30/09/2024,30/08/2024 0:00,30/08/2024,0,1,4,6.000615896,448.418
bounty_madera,30/09/2024,30/08/2024 1:00,30/08/2024,1,2,4,4.094408646,400.534
bounty_madera,30/09/2024,30/08/2024 2:00,30/08/2024,2,3,4,3.679212171,389.974
bounty_madera,30/09/2024,30/08/2024 3:00,30/08/2024,3,4,4,3.467038904,378.684
bounty_madera,30/09/2024,30/08/2024 4:00,30/08/2024,4,5,4,3.461751895,394.602
bounty_madera,30/09/2024,30/08/2024 5:00,30/08/2024,5,6,4,3.320528061,421.217
bounty_madera,30/09/2024,30/08/2024 6:00,30/08/2024,6,7,4,2.983889287,454.726
bounty_madera,30/09/2024,30/08/2024 7:00,30/08/2024,7,8,4,2.95071005,493.588
bounty_madera,30/09/2024,30/08/2024 8:00,30/08/2024,8,9,4,3.134239422,552.843
bounty_madera,30/09/2024,30/08/2024 9:00,30/08/2024,9,10,4,3.804116316,601.376
bounty_madera,30/09/2024,30/08/2024 10:00,30/08/2024,10,11,4,4.671074731,604.14
bounty_madera,30/09/2024,30/08/2024 11:00,30/08/2024,11,12,4,3.44473316,582.414
bounty_madera,30/09/2024,30/08/2024 12:00,30/08/2024,12,13,4,3.203082647,614.771
bounty_madera,30/09/2024,30/08/2024 13:00,30/08/2024,13,14,4,4.925794191,638.096
bounty_madera,30/09/2024,30/08/2024 14:00,30/08/2024,14,15,4,10.4042547,643.793
bounty_madera,30/09/2024,30/08/2024 15:00,30/08/2024,15,16,4,6.633661622,612.452
bounty_madera,30/09/2024,30/08/2024 16:00,30/08/2024,16,17,4,5.533366538,595.976
bounty_madera,30/09/2024,30/08/2024 17:00,30/08/2024,17,18,4,4.864414298,596.634
bounty_madera,30/09/2024,30/08/2024 18:00,30/08/2024,18,19,4,7.327113534,561.087
bounty_madera,30/09/2024,30/08/2024 19:00,30/08/2024,19,20,4,5.070550632,505.495
bounty_madera,30/09/2024,30/08/2024 20:00,30/08/2024,20,21,4,9.330429594,470.237
bounty_madera,30/09/2024,30/08/2024 21:00,30/08/2024,21,22,4,10.57174248,460.274
bounty_madera,30/09/2024,30/08/2024 22:00,30/08/2024,22,23,4,5.45783969,460.446
bounty_madera,30/09/2024,30/08/2024 23:00,30/08/2024,23,24,4,4.664545426,470.615
bounty_madera,30/09/2024,31/08/2024 0:00,31/08/2024,0,1,5,7.612802521,461.673
bounty_madera,30/09/2024,31/08/2024 1:00,31/08/2024,1,2,5,4.466507356,429.864
bounty_madera,30/09/2024,31/08/2024 2:00,31/08/2024,2,3,5,4.248295559,412.23
bounty_madera,30/09/2024,31/08/2024 3:00,31/08/2024,3,4,5,4.100537685,409.07
bounty_madera,30/09/2024,31/08/2024 4:00,31/08/2024,4,5,5,3.559833524,407.106
bounty_madera,30/09/2024,31/08/2024 5:00,31/08/2024,5,6,5,2.999969878,433.209
bounty_madera,30/09/2024,31/08/2024 6:00,31/08/2024,6,7,5,2.549893839,451.189
bounty_madera,30/09/2024,31/08/2024 7:00,31/08/2024,7,8,5,2.529915036,491.212
bounty_madera,30/09/2024,31/08/2024 8:00,31/08/2024,8,9,5,2.801458217,521.908
bounty_madera,30/09/2024,31/08/2024 9:00,31/08/2024,9,10,5,3.016230162,569.648
bounty_madera,30/09/2024,31/08/2024 10:00,31/08/2024,10,11,5,3.159429512,591.448
bounty_madera,30/09/2024,31/08/2024 11:00,31/08/2024,11,12,5,3.160220356,591.715
bounty_madera,30/09/2024,31/08/2024 12:00,31/08/2024,12,13,5,3.264772131,602.969
bounty_madera,30/09/2024,31/08/2024 13:00,31/08/2024,13,14,5,4.26021529,643.33
bounty_madera,30/09/2024,31/08/2024 14:00,31/08/2024,14,15,5,5.441835778,614.291
bounty_madera,30/09/2024,31/08/2024 15:00,31/08/2024,15,16,5,5.656757453,615.528
bounty_madera,30/09/2024,31/08/2024 16:00,31/08/2024,16,17,5,6.866756886,610.794
bounty_madera,30/09/2024,31/08/2024 17:00,31/08/2024,17,18,5,6.08887451,603.318
bounty_madera,30/09/2024,31/08/2024 18:00,31/08/2024,18,19,5,15.17324746,563.539
bounty_madera,30/09/2024,31/08/2024 19:00,31/08/2024,19,20,5,9.179185957,501.892
bounty_madera,30/09/2024,31/08/2024 20:00,31/08/2024,20,21,5,20.71911846,492.242
bounty_madera,30/09/2024,31/08/2024 21:00,31/08/2024,21,22,5,23.8108531,490.349
bounty_madera,30/09/2024,31/08/2024 22:00,31/08/2024,22,23,5,12.44349421,482.639
bounty_madera,30/09/2024,31/08/2024 23:00,31/08/2024,23,24,5,12.84244927,501.043
bounty_madera,30/09/2024,01/09/2024 0:00,01/09/2024,0,1,6,5.536757929,472.592
bounty_madera,30/09/2024,01/09/2024 1:00,01/09/2024,1,2,6,5.654530308,425.574
bounty_madera,30/09/2024,01/09/2024 2:00,01/09/2024,2,3,6,4.758996275,426.338
bounty_madera,30/09/2024,01/09/2024 3:00,01/09/2024,3,4,6,3.862629281,432.647
bounty_madera,30/09/2024,01/09/2024 4:00,01/09/2024,4,5,6,4.029247163,429.449
bounty_madera,30/09/2024,01/09/2024 5:00,01/09/2024,5,6,6,4.610808295,452.639
bounty_madera,30/09/2024,01/09/2024 6:00,01/09/2024,6,7,6,3.208567622,488.501
bounty_madera,30/09/2024,01/09/2024 7:00,01/09/2024,7,8,6,2.457139816,515.319
bounty_madera,30/09/2024,01/09/2024 8:00,01/09/2024,8,9,6,2.757413843,577.286
bounty_madera,30/09/2024,01/09/2024 9:00,01/09/2024,9,10,6,2.766988806,605.78
bounty_madera,30/09/2024,01/09/2024 10:00,01/09/2024,10,11,6,3.557712485,606.506
bounty_madera,30/09/2024,01/09/2024 11:00,01/09/2024,11,12,6,4.36376255,591.529
bounty_madera,30/09/2024,01/09/2024 12:00,01/09/2024,12,13,6,3.375791996,625.776
bounty_madera,30/09/2024,01/09/2024 13:00,01/09/2024,13,14,6,3.438732798,633.916
bounty_madera,30/09/2024,01/09/2024 14:00,01/09/2024,14,15,6,3.203096192,622.722
bounty_madera,30/09/2024,01/09/2024 15:00,01/09/2024,15,16,6,3.343371765,620.156
bounty_madera,30/09/2024,01/09/2024 16:00,01/09/2024,16,17,6,3.338615951,326.08
bounty_madera,30/09/2024,01/09/2024 17:00,01/09/2024,17,18,6,4.044835701,270.03
bounty_madera,30/09/2024,01/09/2024 18:00,01/09/2024,18,19,6,4.751493963,506.634
bounty_madera,30/09/2024,01/09/2024 19:00,01/09/2024,19,20,6,4.516408526,435.783
bounty_madera,30/09/2024,01/09/2024 20:00,01/09/2024,20,21,6,4.499593164,426.506
bounty_madera,30/09/2024,01/09/2024 21:00,01/09/2024,21,22,6,4.30398587,428.001
bounty_madera,30/09/2024,01/09/2024 22:00,01/09/2024,22,23,6,3.817721547,432.546
bounty_madera,30/09/2024,01/09/2024 23:00,01/09/2024,23,24,6,2.896547764,446.389
bounty_madera,30/09/2024,02/09/2024 0:00,02/09/2024,0,1,0,2.439381557,432.818
bounty_madera,30/09/2024,02/09/2024 1:00,02/09/2024,1,2,0,2.416559262,402.053
bounty_madera,30/09/2024,02/09/2024 2:00,02/09/2024,2,3,0,2.485680784,377.569
bounty_madera,30/09/2024,02/09/2024 3:00,02/09/2024,3,4,0,2.153132994,369.653
bounty_madera,30/09/2024,02/09/2024 4:00,02/09/2024,4,5,0,2.084573453,376.247
bounty_madera,30/09/2024,02/09/2024 5:00,02/09/2024,5,6,0,2.35156596,397.428
bounty_madera,30/09/2024,02/09/2024 6:00,02/09/2024,6,7,0,2.453145555,417.064
bounty_madera,30/09/2024,02/09/2024 7:00,02/09/2024,7,8,0,2.783397482,435.088
bounty_madera,30/09/2024,02/09/2024 8:00,02/09/2024,8,9,0,2.414396917,488.517
bounty_madera,30/09/2024,02/09/2024 9:00,02/09/2024,9,10,0,2.570629312,511.152
bounty_madera,30/09/2024,02/09/2024 10:00,02/09/2024,10,11,0,1.986089249,493.283
bounty_madera,30/09/2024,02/09/2024 11:00,02/09/2024,11,12,0,2.961987496,453.801
bounty_madera,30/09/2024,02/09/2024 12:00,02/09/2024,12,13,0,2.364264823,466.438
bounty_madera,30/09/2024,02/09/2024 13:00,02/09/2024,13,14,0,1.614679782,494.651
bounty_madera,30/09/2024,02/09/2024 14:00,02/09/2024,14,15,0,1.423385154,474.087
bounty_madera,30/09/2024,02/09/2024 15:00,02/09/2024,15,16,0,0.104683215,444.969
bounty_madera,30/09/2024,02/09/2024 16:00,02/09/2024,16,17,0,2.057042785,455.229
bounty_madera,30/09/2024,02/09/2024 17:00,02/09/2024,17,18,0,2.436928611,453.965
bounty_madera,30/09/2024,02/09/2024 18:00,02/09/2024,18,19,0,4.00052938,439.996
bounty_madera,30/09/2024,02/09/2024 19:00,02/09/2024,19,20,0,2.910037387,404.99
bounty_madera,30/09/2024,02/09/2024 20:00,02/09/2024,20,21,0,2.74645658,376.561
bounty_madera,30/09/2024,02/09/2024 21:00,02/09/2024,21,22,0,2.693141342,363.853
bounty_madera,30/09/2024,02/09/2024 22:00,02/09/2024,22,23,0,2.519006737,365.56
bounty_madera,30/09/2024,02/09/2024 23:00,02/09/2024,23,24,0,2.301881254,376.883
bounty_madera,30/09/2024,03/09/2024 0:00,03/09/2024,0,1,1,2.697937926,380.003
bounty_madera,30/09/2024,03/09/2024 1:00,03/09/2024,1,2,1,2.596576712,345.189
bounty_madera,30/09/2024,03/09/2024 2:00,03/09/2024,2,3,1,2.320891622,335.937
bounty_madera,30/09/2024,03/09/2024 3:00,03/09/2024,3,4,1,2.529991681,325.165
bounty_madera,30/09/2024,03/09/2024 4:00,03/09/2024,4,5,1,2.716840182,337.501
bounty_madera,30/09/2024,03/09/2024 5:00,03/09/2024,5,6,1,2.522225202,373.01
bounty_madera,30/09/2024,03/09/2024 6:00,03/09/2024,6,7,1,2.176638764,408.064
bounty_madera,30/09/2024,03/09/2024 7:00,03/09/2024,7,8,1,1.963899615,437.969
bounty_madera,30/09/2024,03/09/2024 8:00,03/09/2024,8,9,1,2.77792856,461.757
bounty_madera,30/09/2024,03/09/2024 9:00,03/09/2024,9,10,1,2.010301726,460.295
bounty_madera,30/09/2024,03/09/2024 10:00,03/09/2024,10,11,1,2.898263312,497.301
bounty_madera,30/09/2024,03/09/2024 11:00,03/09/2024,11,12,1,3.596321534,477.956
bounty_madera,30/09/2024,03/09/2024 12:00,03/09/2024,12,13,1,2.699152399,479.849
bounty_madera,30/09/2024,03/09/2024 13:00,03/09/2024,13,14,1,2.241124573,516.483
bounty_madera,30/09/2024,03/09/2024 14:00,03/09/2024,14,15,1,2.886981389,498.222
bounty_madera,30/09/2024,03/09/2024 15:00,03/09/2024,15,16,1,4.116057305,510.471
bounty_madera,30/09/2024,03/09/2024 16:00,03/09/2024,16,17,1,3.328503545,514.507
bounty_madera,30/09/2024,03/09/2024 17:00,03/09/2024,17,18,1,2.888674658,519.215
bounty_madera,30/09/2024,03/09/2024 18:00,03/09/2024,18,19,1,6.831952507,491.353
bounty_madera,30/09/2024,03/09/2024 19:00,03/09/2024,19,20,1,3.412976301,422.23
bounty_madera,30/09/2024,03/09/2024 20:00,03/09/2024,20,21,1,3.398844016,414.25
bounty_madera,30/09/2024,03/09/2024 21:00,03/09/2024,21,22,1,3.454582764,400.382
bounty_madera,30/09/2024,03/09/2024 22:00,03/09/2024,22,23,1,2.993451193,404.85
bounty_madera,30/09/2024,03/09/2024 23:00,03/09/2024,23,24,1,2.469271134,419.55
bounty_madera,30/09/2024,04/09/2024 0:00,04/09/2024,0,1,2,2.609073397,409.887
bounty_madera,30/09/2024,04/09/2024 1:00,04/09/2024,1,2,2,2.393899816,371.54
bounty_madera,30/09/2024,04/09/2024 2:00,04/09/2024,2,3,2,2.291741196,356.576
bounty_madera,30/09/2024,04/09/2024 3:00,04/09/2024,3,4,2,2.22760345,345.314
bounty_madera,30/09/2024,04/09/2024 4:00,04/09/2024,4,5,2,2.421563382,346.706
bounty_madera,30/09/2024,04/09/2024 5:00,04/09/2024,5,6,2,2.268186037,377.94
bounty_madera,30/09/2024,04/09/2024 6:00,04/09/2024,6,7,2,2.329679036,395.585
bounty_madera,30/09/2024,04/09/2024 7:00,04/09/2024,7,8,2,4.675621238,426.543
bounty_madera,30/09/2024,04/09/2024 8:00,04/09/2024,8,9,2,4.223100603,466.326
bounty_madera,30/09/2024,04/09/2024 9:00,04/09/2024,9,10,2,4.524028179,483.79
bounty_madera,30/09/2024,04/09/2024 10:00,04/09/2024,10,11,2,4.563769648,491.134
bounty_madera,30/09/2024,04/09/2024 11:00,04/09/2024,11,12,2,3.420094211,461.08
bounty_madera,30/09/2024,04/09/2024 12:00,04/09/2024,12,13,2,1.510097529,467.49
bounty_madera,30/09/2024,04/09/2024 13:00,04/09/2024,13,14,2,2.769378047,494.399
bounty_madera,30/09/2024,04/09/2024 14:00,04/09/2024,14,15,2,3.49616616,475.755
bounty_madera,30/09/2024,04/09/2024 15:00,04/09/2024,15,16,2,3.487932137,451.676
bounty_madera,30/09/2024,04/09/2024 16:00,04/09/2024,16,17,2,3.544800296,430.451
bounty_madera,30/09/2024,04/09/2024 17:00,04/09/2024,17,18,2,4.01645582,415.544
bounty_madera,30/09/2024,04/09/2024 18:00,04/09/2024,18,19,2,3.901624409,393.516
bounty_madera,30/09/2024,04/09/2024 19:00,04/09/2024,19,20,2,1.961450758,356.786
bounty_madera,30/09/2024,04/09/2024 20:00,04/09/2024,20,21,2,2.938590195,362.779
bounty_madera,30/09/2024,04/09/2024 21:00,04/09/2024,21,22,2,2.99321043,345.583
bounty_madera,30/09/2024,04/09/2024 22:00,04/09/2024,22,23,2,2.433262667,339.523
bounty_madera,30/09/2024,04/09/2024 23:00,04/09/2024,23,24,2,2.007770499,373.237
bounty_madera,30/09/2024,05/09/2024 0:00,05/09/2024,0,1,3,2.434838705,377.708
bounty_madera,30/09/2024,05/09/2024 1:00,05/09/2024,1,2,3,2.354812691,351.452
bounty_madera,30/09/2024,05/09/2024 2:00,05/09/2024,2,3,3,2.284359363,340.583
bounty_madera,30/09/2024,05/09/2024 3:00,05/09/2024,3,4,3,2.169322234,345.995
bounty_madera,30/09/2024,05/09/2024 4:00,05/09/2024,4,5,3,2.387042518,347.214
bounty_madera,30/09/2024,05/09/2024 5:00,05/09/2024,5,6,3,2.235062991,378.806
bounty_madera,30/09/2024,05/09/2024 6:00,05/09/2024,6,7,3,2.168861516,394.292
bounty_madera,30/09/2024,05/09/2024 7:00,05/09/2024,7,8,3,2.124591808,416.89
bounty_madera,30/09/2024,05/09/2024 8:00,05/09/2024,8,9,3,2.88573373,434.856
bounty_madera,30/09/2024,05/09/2024 9:00,05/09/2024,9,10,3,2.93570777,448.656
bounty_madera,30/09/2024,05/09/2024 10:00,05/09/2024,10,11,3,3.828935689,476.214
bounty_madera,30/09/2024,05/09/2024 11:00,05/09/2024,11,12,3,4.301900653,452.537
bounty_madera,30/09/2024,05/09/2024 12:00,05/09/2024,12,13,3,3.256590153,468.724
bounty_madera,30/09/2024,05/09/2024 13:00,05/09/2024,13,14,3,4.506169999,482.843
bounty_madera,30/09/2024,05/09/2024 14:00,05/09/2024,14,15,3,3.559239213,463.626
bounty_madera,30/09/2024,05/09/2024 15:00,05/09/2024,15,16,3,3.493225343,450.777
bounty_madera,30/09/2024,05/09/2024 16:00,05/09/2024,16,17,3,3.518146597,465.629
bounty_madera,30/09/2024,05/09/2024 17:00,05/09/2024,17,18,3,3.903008612,473.496
bounty_madera,30/09/2024,05/09/2024 18:00,05/09/2024,18,19,3,4.39080439,452.193
bounty_madera,30/09/2024,05/09/2024 19:00,05/09/2024,19,20,3,3.375072733,403.971
bounty_madera,30/09/2024,05/09/2024 20:00,05/09/2024,20,21,3,5.856093682,407.279
bounty_madera,30/09/2024,05/09/2024 21:00,05/09/2024,21,22,3,3.439460691,412.39
bounty_madera,30/09/2024,05/09/2024 22:00,05/09/2024,22,23,3,3.079583072,404.32
bounty_madera,30/09/2024,05/09/2024 23:00,05/09/2024,23,24,3,2.857440852,405.028
bounty_madera,30/09/2024,06/09/2024 0:00,06/09/2024,0,1,4,2.474253355,402.208
bounty_madera,30/09/2024,06/09/2024 1:00,06/09/2024,1,2,4,2.421680825,308.834
bounty_madera,30/09/2024,06/09/2024 2:00,06/09/2024,2,3,4,2.37178109,318.561
bounty_madera,30/09/2024,06/09/2024 3:00,06/09/2024,3,4,4,2.494082215,312.363
bounty_madera,30/09/2024,06/09/2024 4:00,06/09/2024,4,5,4,2.667798909,331.286
bounty_madera,30/09/2024,06/09/2024 5:00,06/09/2024,5,6,4,2.853222603,382.335
bounty_madera,30/09/2024,06/09/2024 6:00,06/09/2024,6,7,4,2.483522472,408.988
bounty_madera,30/09/2024,06/09/2024 7:00,06/09/2024,7,8,4,2.768157001,425.255
bounty_madera,30/09/2024,06/09/2024 8:00,06/09/2024,8,9,4,3.115720835,444.527
bounty_madera,30/09/2024,06/09/2024 9:00,06/09/2024,9,10,4,3.839923607,462.326
bounty_madera,30/09/2024,06/09/2024 10:00,06/09/2024,10,11,4,3.9063774,492.873
bounty_madera,30/09/2024,06/09/2024 11:00,06/09/2024,11,12,4,3.473399329,476.128
bounty_madera,30/09/2024,06/09/2024 12:00,06/09/2024,12,13,4,2.477829403,470.191
bounty_madera,30/09/2024,06/09/2024 13:00,06/09/2024,13,14,4,3.624185027,507.176
bounty_madera,30/09/2024,06/09/2024 14:00,06/09/2024,14,15,4,3.546285432,499.305
bounty_madera,30/09/2024,06/09/2024 15:00,06/09/2024,15,16,4,3.741932289,504.874
bounty_madera,30/09/2024,06/09/2024 16:00,06/09/2024,16,17,4,3.826721773,506.062
bounty_madera,30/09/2024,06/09/2024 17:00,06/09/2024,17,18,4,3.685721358,471.282
bounty_madera,30/09/2024,06/09/2024 18:00,06/09/2024,18,19,4,4.969118397,441.84
bounty_madera,30/09/2024,06/09/2024 19:00,06/09/2024,19,20,4,5.167483165,416.22
bounty_madera,30/09/2024,06/09/2024 20:00,06/09/2024,20,21,4,7.451254148,399.774
bounty_madera,30/09/2024,06/09/2024 21:00,06/09/2024,21,22,4,4.751476762,392.414
bounty_madera,30/09/2024,06/09/2024 22:00,06/09/2024,22,23,4,3.508249347,381.768
bounty_madera,30/09/2024,06/09/2024 23:00,06/09/2024,23,24,4,3.263873392,407.956
bounty_madera,30/09/2024,07/09/2024 0:00,07/09/2024,0,1,5,3.412651419,391.772
bounty_madera,30/09/2024,07/09/2024 1:00,07/09/2024,1,2,5,3.051592956,347.819
bounty_madera,30/09/2024,07/09/2024 2:00,07/09/2024,2,3,5,2.886366025,317.175
bounty_madera,30/09/2024,07/09/2024 3:00,07/09/2024,3,4,5,2.819956285,311.961
bounty_madera,30/09/2024,07/09/2024 4:00,07/09/2024,4,5,5,2.646172137,330.305
bounty_madera,30/09/2024,07/09/2024 5:00,07/09/2024,5,6,5,2.38213543,367.642
bounty_madera,30/09/2024,07/09/2024 6:00,07/09/2024,6,7,5,2.007065559,389.114
bounty_madera,30/09/2024,07/09/2024 7:00,07/09/2024,7,8,5,1.359946107,425.348
bounty_madera,30/09/2024,07/09/2024 8:00,07/09/2024,8,9,5,1.332695331,520.178
bounty_madera,30/09/2024,07/09/2024 9:00,07/09/2024,9,10,5,2.418270971,530.498
bounty_madera,30/09/2024,07/09/2024 10:00,07/09/2024,10,11,5,3.980896889,564.774
bounty_madera,30/09/2024,07/09/2024 11:00,07/09/2024,11,12,5,3.55908811,563.583
bounty_madera,30/09/2024,07/09/2024 12:00,07/09/2024,12,13,5,2.830688176,562.418
bounty_madera,30/09/2024,07/09/2024 13:00,07/09/2024,13,14,5,3.809965353,586.572
bounty_madera,30/09/2024,07/09/2024 14:00,07/09/2024,14,15,5,3.440611888,590.288
bounty_madera,30/09/2024,07/09/2024 15:00,07/09/2024,15,16,5,3.521709792,582.04
bounty_madera,30/09/2024,07/09/2024 16:00,07/09/2024,16,17,5,2.97971806,565.963
bounty_madera,30/09/2024,07/09/2024 17:00,07/09/2024,17,18,5,2.812892168,569.805
bounty_madera,30/09/2024,07/09/2024 18:00,07/09/2024,18,19,5,8.109852424,560.38
bounty_madera,30/09/2024,07/09/2024 19:00,07/09/2024,19,20,5,3.468675504,532.383
bounty_madera,30/09/2024,07/09/2024 20:00,07/09/2024,20,21,5,5.965324184,523.4
bounty_madera,30/09/2024,07/09/2024 21:00,07/09/2024,21,22,5,3.686501037,501.507
bounty_madera,30/09/2024,07/09/2024 22:00,07/09/2024,22,23,5,3.54690413,467.595
bounty_madera,30/09/2024,07/09/2024 23:00,07/09/2024,23,24,5,5.300406767,464.449
bounty_madera,30/09/2024,08/09/2024 0:00,08/09/2024,0,1,6,3.056864464,439.342
bounty_madera,30/09/2024,08/09/2024 1:00,08/09/2024,1,2,6,2.945879983,363.69
bounty_madera,30/09/2024,08/09/2024 2:00,08/09/2024,2,3,6,2.777971464,323.307
bounty_madera,30/09/2024,08/09/2024 3:00,08/09/2024,3,4,6,2.472996926,312.374
bounty_madera,30/09/2024,08/09/2024 4:00,08/09/2024,4,5,6,2.422083692,320.64
bounty_madera,30/09/2024,08/09/2024 5:00,08/09/2024,5,6,6,2.359066964,358.215
bounty_madera,30/09/2024,08/09/2024 6:00,08/09/2024,6,7,6,1.128717381,367.695
bounty_madera,30/09/2024,08/09/2024 7:00,08/09/2024,7,8,6,0.391153923,430.144
bounty_madera,30/09/2024,08/09/2024 8:00,08/09/2024,8,9,6,-0.535582335,548.644
bounty_madera,30/09/2024,08/09/2024 9:00,08/09/2024,9,10,6,0.926299636,594.069
bounty_madera,30/09/2024,08/09/2024 10:00,08/09/2024,10,11,6,2.806937645,603.242
bounty_madera,30/09/2024,08/09/2024 11:00,08/09/2024,11,12,6,2.147990999,588.912
bounty_madera,30/09/2024,08/09/2024 12:00,08/09/2024,12,13,6,1.337104234,608.682
bounty_madera,30/09/2024,08/09/2024 13:00,08/09/2024,13,14,6,1.954868258,636.677
bounty_madera,30/09/2024,08/09/2024 14:00,08/09/2024,14,15,6,2.524495906,627.923
bounty_madera,30/09/2024,08/09/2024 15:00,08/09/2024,15,16,6,2.835947766,613.531
bounty_madera,30/09/2024,08/09/2024 16:00,08/09/2024,16,17,6,2.862235874,586.47
bounty_madera,30/09/2024,08/09/2024 17:00,08/09/2024,17,18,6,3.575706992,600.157
bounty_madera,30/09/2024,08/09/2024 18:00,08/09/2024,18,19,6,10.21208116,568.163
bounty_madera,30/09/2024,08/09/2024 19:00,08/09/2024,19,20,6,4.270864694,502.601
bounty_madera,30/09/2024,08/09/2024 20:00,08/09/2024,20,21,6,5.113135476,507.444
bounty_madera,30/09/2024,08/09/2024 21:00,08/09/2024,21,22,6,5.112181287,501.736
bounty_madera,30/09/2024,08/09/2024 22:00,08/09/2024,22,23,6,3.602465393,477.529
bounty_madera,30/09/2024,08/09/2024 23:00,08/09/2024,23,24,6,3.29869289,501.979
bounty_madera,30/09/2024,09/09/2024 0:00,09/09/2024,0,1,0,3.342837095,489.426
bounty_madera,30/09/2024,09/09/2024 1:00,09/09/2024,1,2,0,3.19702556,444.503
bounty_madera,30/09/2024,09/09/2024 2:00,09/09/2024,2,3,0,2.931505283,424.167
bounty_madera,30/09/2024,09/09/2024 3:00,09/09/2024,3,4,0,2.724611461,415.746
bounty_madera,30/09/2024,09/09/2024 4:00,09/09/2024,4,5,0,2.925222698,440.354
bounty_madera,30/09/2024,09/09/2024 5:00,09/09/2024,5,6,0,3.077804774,471.165
bounty_madera,30/09/2024,09/09/2024 6:00,09/09/2024,6,7,0,2.605029787,454.142
bounty_madera,30/09/2024,09/09/2024 7:00,09/09/2024,7,8,0,3.166274168,483.542
bounty_madera,30/09/2024,09/09/2024 8:00,09/09/2024,8,9,0,3.668252786,472.05
bounty_madera,30/09/2024,09/09/2024 9:00,09/09/2024,9,10,0,3.410946904,460.19
bounty_madera,30/09/2024,09/09/2024 10:00,09/09/2024,10,11,0,3.650886179,452.071
bounty_madera,30/09/2024,09/09/2024 11:00,09/09/2024,11,12,0,3.553107137,492.845
bounty_madera,30/09/2024,09/09/2024 12:00,09/09/2024,12,13,0,3.387776477,542.553
bounty_madera,30/09/2024,09/09/2024 13:00,09/09/2024,13,14,0,5.533963067,532.497
bounty_madera,30/09/2024,09/09/2024 14:00,09/09/2024,14,15,0,4.527835406,492.617
bounty_madera,30/09/2024,09/09/2024 15:00,09/09/2024,15,16,0,5.336477407,499.238
bounty_madera,30/09/2024,09/09/2024 16:00,09/09/2024,16,17,0,4.837784529,492.213
bounty_madera,30/09/2024,09/09/2024 17:00,09/09/2024,17,18,0,3.459837969,496.483
bounty_madera,30/09/2024,09/09/2024 18:00,09/09/2024,18,19,0,5.719836843,477.817
bounty_madera,30/09/2024,09/09/2024 19:00,09/09/2024,19,20,0,5.081281286,408.829
bounty_madera,30/09/2024,09/09/2024 20:00,09/09/2024,20,21,0,4.566959832,373.323
bounty_madera,30/09/2024,09/09/2024 21:00,09/09/2024,21,22,0,3.466386134,366.29
bounty_madera,30/09/2024,09/09/2024 22:00,09/09/2024,22,23,0,4.908598759,361.546
bounty_madera,30/09/2024,09/09/2024 23:00,09/09/2024,23,24,0,3.542976184,380.532
bounty_madera,30/09/2024,10/09/2024 0:00,10/09/2024,0,1,1,3.342606202,374.304
bounty_madera,30/09/2024,10/09/2024 1:00,10/09/2024,1,2,1,3.011382967,342.846
bounty_madera,30/09/2024,10/09/2024 2:00,10/09/2024,2,3,1,2.718527373,317.533
bounty_madera,30/09/2024,10/09/2024 3:00,10/09/2024,3,4,1,2.417470899,295.771
bounty_madera,30/09/2024,10/09/2024 4:00,10/09/2024,4,5,1,2.744231106,316.398
bounty_madera,30/09/2024,10/09/2024 5:00,10/09/2024,5,6,1,2.858104894,350.462
bounty_madera,30/09/2024,10/09/2024 6:00,10/09/2024,6,7,1,2.36134254,385.769
bounty_madera,30/09/2024,10/09/2024 7:00,10/09/2024,7,8,1,2.436527517,482.606
bounty_madera,30/09/2024,10/09/2024 8:00,10/09/2024,8,9,1,2.504087154,525.864
bounty_madera,30/09/2024,10/09/2024 9:00,10/09/2024,9,10,1,2.226858763,572.426
bounty_madera,30/09/2024,10/09/2024 10:00,10/09/2024,10,11,1,2.638736537,584.484
bounty_madera,30/09/2024,10/09/2024 11:00,10/09/2024,11,12,1,2.642918369,579.518
bounty_madera,30/09/2024,10/09/2024 12:00,10/09/2024,12,13,1,2.239846135,605.947
bounty_madera,30/09/2024,10/09/2024 13:00,10/09/2024,13,14,1,4.936996332,627.61
bounty_madera,30/09/2024,10/09/2024 14:00,10/09/2024,14,15,1,4.112707082,610.92
bounty_madera,30/09/2024,10/09/2024 15:00,10/09/2024,15,16,1,4.398794746,571.69
bounty_madera,30/09/2024,10/09/2024 16:00,10/09/2024,16,17,1,4.162822166,556.802
bounty_madera,30/09/2024,10/09/2024 17:00,10/09/2024,17,18,1,3.558916336,525.537
bounty_madera,30/09/2024,10/09/2024 18:00,10/09/2024,18,19,1,4.397867475,497.881
bounty_madera,30/09/2024,10/09/2024 19:00,10/09/2024,19,20,1,4.980612478,428.363
bounty_madera,30/09/2024,10/09/2024 20:00,10/09/2024,20,21,1,5.280093608,415.296
bounty_madera,30/09/2024,10/09/2024 21:00,10/09/2024,21,22,1,4.506611198,398.418
bounty_madera,30/09/2024,10/09/2024 22:00,10/09/2024,22,23,1,5.040469475,396.519
bounty_madera,30/09/2024,10/09/2024 23:00,10/09/2024,23,24,1,5.117459383,414.536
bounty_madera,30/09/2024,11/09/2024 0:00,11/09/2024,0,1,2,3.439192326,408.097
bounty_madera,30/09/2024,11/09/2024 1:00,11/09/2024,1,2,2,3.426952623,359.869
bounty_madera,30/09/2024,11/09/2024 2:00,11/09/2024,2,3,2,2.975259381,325.524
bounty_madera,30/09/2024,11/09/2024 3:00,11/09/2024,3,4,2,2.751518376,318.226
bounty_madera,30/09/2024,11/09/2024 4:00,11/09/2024,4,5,2,2.813561838,340.662
bounty_madera,30/09/2024,11/09/2024 5:00,11/09/2024,5,6,2,3.02075045,374.707
bounty_madera,30/09/2024,11/09/2024 6:00,11/09/2024,6,7,2,2.280028306,411.583
bounty_madera,30/09/2024,11/09/2024 7:00,11/09/2024,7,8,2,2.431034508,499.517
bounty_madera,30/09/2024,11/09/2024 8:00,11/09/2024,8,9,2,2.36343163,558.628
bounty_madera,30/09/2024,11/09/2024 9:00,11/09/2024,9,10,2,2.509466657,593.297
bounty_madera,30/09/2024,11/09/2024 10:00,11/09/2024,10,11,2,3.557129636,618.177
bounty_madera,30/09/2024,11/09/2024 11:00,11/09/2024,11,12,2,3.448876777,595.236
bounty_madera,30/09/2024,11/09/2024 12:00,11/09/2024,12,13,2,3.195384173,625.023
bounty_madera,30/09/2024,11/09/2024 13:00,11/09/2024,13,14,2,5.450739802,635.011
bounty_madera,30/09/2024,11/09/2024 14:00,11/09/2024,14,15,2,4.421587037,576.883
bounty_madera,30/09/2024,11/09/2024 15:00,11/09/2024,15,16,2,5.493550665,516.362
bounty_madera,30/09/2024,11/09/2024 16:00,11/09/2024,16,17,2,4.152201218,537.19
bounty_madera,30/09/2024,11/09/2024 17:00,11/09/2024,17,18,2,3.825422875,567.206
bounty_madera,30/09/2024,11/09/2024 18:00,11/09/2024,18,19,2,5.483015617,548.247
bounty_madera,30/09/2024,11/09/2024 19:00,11/09/2024,19,20,2,4.764206662,488.476
bounty_madera,30/09/2024,11/09/2024 20:00,11/09/2024,20,21,2,5.750205652,475.132
bounty_madera,30/09/2024,11/09/2024 21:00,11/09/2024,21,22,2,9.994516796,463.294
bounty_madera,30/09/2024,11/09/2024 22:00,11/09/2024,22,23,2,4.929154282,427.127
bounty_madera,30/09/2024,11/09/2024 23:00,11/09/2024,23,24,2,3.534103951,456.372
bounty_madera,30/09/2024,12/09/2024 0:00,12/09/2024,0,1,3,3.294414206,441.13
bounty_madera,30/09/2024,12/09/2024 1:00,12/09/2024,1,2,3,3.014108508,405.143
bounty_madera,30/09/2024,12/09/2024 2:00,12/09/2024,2,3,3,2.790512421,383.785
bounty_madera,30/09/2024,12/09/2024 3:00,12/09/2024,3,4,3,2.661647268,378.609
bounty_madera,30/09/2024,12/09/2024 4:00,12/09/2024,4,5,3,2.929168697,387.961
bounty_madera,30/09/2024,12/09/2024 5:00,12/09/2024,5,6,3,2.913152956,417.771
bounty_madera,30/09/2024,12/09/2024 6:00,12/09/2024,6,7,3,2.238616,444.732
bounty_madera,30/09/2024,12/09/2024 7:00,12/09/2024,7,8,3,2.649815578,500.901
bounty_madera,30/09/2024,12/09/2024 8:00,12/09/2024,8,9,3,2.986623626,568.348
bounty_madera,30/09/2024,12/09/2024 9:00,12/09/2024,9,10,3,3.337990516,611.39
bounty_madera,30/09/2024,12/09/2024 10:00,12/09/2024,10,11,3,3.282874481,627.428
bounty_madera,30/09/2024,12/09/2024 11:00,12/09/2024,11,12,3,3.130117499,587.673
bounty_madera,30/09/2024,12/09/2024 12:00,12/09/2024,12,13,3,3.103769996,603.087
bounty_madera,30/09/2024,12/09/2024 13:00,12/09/2024,13,14,3,4.178397028,625.385
bounty_madera,30/09/2024,12/09/2024 14:00,12/09/2024,14,15,3,4.168140231,604.989
bounty_madera,30/09/2024,12/09/2024 15:00,12/09/2024,15,16,3,3.959108789,526.928
bounty_madera,30/09/2024,12/09/2024 16:00,12/09/2024,16,17,3,3.727416944,499.485
bounty_madera,30/09/2024,12/09/2024 17:00,12/09/2024,17,18,3,3.05024755,526.709
bounty_madera,30/09/2024,12/09/2024 18:00,12/09/2024,18,19,3,4.50836939,514.681
bounty_madera,30/09/2024,12/09/2024 19:00,12/09/2024,19,20,3,3.607051231,474.195
bounty_madera,30/09/2024,12/09/2024 20:00,12/09/2024,20,21,3,3.749335703,461.575
bounty_madera,30/09/2024,12/09/2024 21:00,12/09/2024,21,22,3,3.338632232,451.485
bounty_madera,30/09/2024,12/09/2024 22:00,12/09/2024,22,23,3,4.946524529,422.614
bounty_madera,30/09/2024,12/09/2024 23:00,12/09/2024,23,24,3,2.605679509,432.2
bounty_madera,30/09/2024,13/09/2024 0:00,13/09/2024,0,1,4,3.020430237,435.884
bounty_madera,30/09/2024,13/09/2024 1:00,13/09/2024,1,2,4,2.990324776,382.787
bounty_madera,30/09/2024,13/09/2024 2:00,13/09/2024,2,3,4,2.187480179,372.791
bounty_madera,30/09/2024,13/09/2024 3:00,13/09/2024,3,4,4,2.428541842,368.075
bounty_madera,30/09/2024,13/09/2024 4:00,13/09/2024,4,5,4,4.346532944,384.045
bounty_madera,30/09/2024,13/09/2024 5:00,13/09/2024,5,6,4,3.245367196,415.57
bounty_madera,30/09/2024,13/09/2024 6:00,13/09/2024,6,7,4,1.96587404,472.16
bounty_madera,30/09/2024,13/09/2024 7:00,13/09/2024,7,8,4,2.806056441,527.81
bounty_madera,30/09/2024,13/09/2024 8:00,13/09/2024,8,9,4,2.825886564,560.015
bounty_madera,30/09/2024,13/09/2024 9:00,13/09/2024,9,10,4,3.552609387,580.864
bounty_madera,30/09/2024,13/09/2024 10:00,13/09/2024,10,11,4,3.523667622,601.058
bounty_madera,30/09/2024,13/09/2024 11:00,13/09/2024,11,12,4,2.73645702,581.725
bounty_madera,30/09/2024,13/09/2024 12:00,13/09/2024,12,13,4,2.681292063,596.776
bounty_madera,30/09/2024,13/09/2024 13:00,13/09/2024,13,14,4,3.483013969,599.281
bounty_madera,30/09/2024,13/09/2024 14:00,13/09/2024,14,15,4,3.783591857,559.579
bounty_madera,30/09/2024,13/09/2024 15:00,13/09/2024,15,16,4,3.519860414,496.582
bounty_madera,30/09/2024,13/09/2024 16:00,13/09/2024,16,17,4,3.256124736,505.251
bounty_madera,30/09/2024,13/09/2024 17:00,13/09/2024,17,18,4,2.694551129,491.029
bounty_madera,30/09/2024,13/09/2024 18:00,13/09/2024,18,19,4,3.948945818,469.073
bounty_madera,30/09/2024,13/09/2024 19:00,13/09/2024,19,20,4,3.190344254,427.136
bounty_madera,30/09/2024,13/09/2024 20:00,13/09/2024,20,21,4,5.8691812,411.717
bounty_madera,30/09/2024,13/09/2024 21:00,13/09/2024,21,22,4,24.33344576,403.923
bounty_madera,30/09/2024,13/09/2024 22:00,13/09/2024,22,23,4,3.120627681,383.498
bounty_madera,30/09/2024,13/09/2024 23:00,13/09/2024,23,24,4,3.332370254,398.365
bounty_madera,30/09/2024,14/09/2024 0:00,14/09/2024,0,1,5,4.38275645,380.365
bounty_madera,30/09/2024,14/09/2024 1:00,14/09/2024,1,2,5,3.549031046,335.427
bounty_madera,30/09/2024,14/09/2024 2:00,14/09/2024,2,3,5,3.478136628,317.932
bounty_madera,30/09/2024,14/09/2024 3:00,14/09/2024,3,4,5,3.143419903,295.588
bounty_madera,30/09/2024,14/09/2024 4:00,14/09/2024,4,5,5,2.669799261,306.423
bounty_madera,30/09/2024,14/09/2024 5:00,14/09/2024,5,6,5,2.041182582,344.575
bounty_madera,30/09/2024,14/09/2024 6:00,14/09/2024,6,7,5,2.262310956,361.378
bounty_madera,30/09/2024,14/09/2024 7:00,14/09/2024,7,8,5,2.346402354,477.503
bounty_madera,30/09/2024,14/09/2024 8:00,14/09/2024,8,9,5,2.224329195,564.526
bounty_madera,30/09/2024,14/09/2024 9:00,14/09/2024,9,10,5,1.872009871,582.044
bounty_madera,30/09/2024,14/09/2024 10:00,14/09/2024,10,11,5,1.965742718,606.102
bounty_madera,30/09/2024,14/09/2024 11:00,14/09/2024,11,12,5,2.205268395,592.452
bounty_madera,30/09/2024,14/09/2024 12:00,14/09/2024,12,13,5,2.442651477,612.54
bounty_madera,30/09/2024,14/09/2024 13:00,14/09/2024,13,14,5,2.821748646,627.039
bounty_madera,30/09/2024,14/09/2024 14:00,14/09/2024,14,15,5,2.897992041,614.786
bounty_madera,30/09/2024,14/09/2024 15:00,14/09/2024,15,16,5,2.602721338,565.252
bounty_madera,30/09/2024,14/09/2024 16:00,14/09/2024,16,17,5,2.535950111,552.033
bounty_madera,30/09/2024,14/09/2024 17:00,14/09/2024,17,18,5,2.454660904,513.715
bounty_madera,30/09/2024,14/09/2024 18:00,14/09/2024,18,19,5,3.3637194,505.713
bounty_madera,30/09/2024,14/09/2024 19:00,14/09/2024,19,20,5,2.911032666,468.867
bounty_madera,30/09/2024,14/09/2024 20:00,14/09/2024,20,21,5,4.352943839,455.332
bounty_madera,30/09/2024,14/09/2024 21:00,14/09/2024,21,22,5,3.676435761,429.618
bounty_madera,30/09/2024,14/09/2024 22:00,14/09/2024,22,23,5,3.63314667,410.265
bounty_madera,30/09/2024,14/09/2024 23:00,14/09/2024,23,24,5,2.773326835,424.945
bounty_madera,30/09/2024,15/09/2024 0:00,15/09/2024,0,1,6,3.069654428,415.401
bounty_madera,30/09/2024,15/09/2024 1:00,15/09/2024,1,2,6,3.307467649,361.342
bounty_madera,30/09/2024,15/09/2024 2:00,15/09/2024,2,3,6,3.583855955,357.113
bounty_madera,30/09/2024,15/09/2024 3:00,15/09/2024,3,4,6,2.864241959,351.292
bounty_madera,30/09/2024,15/09/2024 4:00,15/09/2024,4,5,6,2.779876336,368.335
bounty_madera,30/09/2024,15/09/2024 5:00,15/09/2024,5,6,6,2.10543249,399.038
bounty_madera,30/09/2024,15/09/2024 6:00,15/09/2024,6,7,6,0.999554238,435.927
bounty_madera,30/09/2024,15/09/2024 7:00,15/09/2024,7,8,6,0.978581917,497.343
bounty_madera,30/09/2024,15/09/2024 8:00,15/09/2024,8,9,6,0.796251746,565.649
bounty_madera,30/09/2024,15/09/2024 9:00,15/09/2024,9,10,6,1.738556857,590.615
bounty_madera,30/09/2024,15/09/2024 10:00,15/09/2024,10,11,6,1.894987432,612.242
bounty_madera,30/09/2024,15/09/2024 11:00,15/09/2024,11,12,6,1.717319373,593.116
bounty_madera,30/09/2024,15/09/2024 12:00,15/09/2024,12,13,6,2.046464235,608.81
bounty_madera,30/09/2024,15/09/2024 13:00,15/09/2024,13,14,6,2.36159282,632.885
bounty_madera,30/09/2024,15/09/2024 14:00,15/09/2024,14,15,6,2.926248091,618.022
bounty_madera,30/09/2024,15/09/2024 15:00,15/09/2024,15,16,6,3.424734411,604.205
bounty_madera,30/09/2024,15/09/2024 16:00,15/09/2024,16,17,6,3.057900902,548.948
bounty_madera,30/09/2024,15/09/2024 17:00,15/09/2024,17,18,6,3.367480434,543.858
bounty_madera,30/09/2024,15/09/2024 18:00,15/09/2024,18,19,6,10.68792004,535.78
bounty_madera,30/09/2024,15/09/2024 19:00,15/09/2024,19,20,6,4.020303501,504.844
bounty_madera,30/09/2024,15/09/2024 20:00,15/09/2024,20,21,6,3.828908712,515.663
bounty_madera,30/09/2024,15/09/2024 21:00,15/09/2024,21,22,6,3.549970168,498.709
bounty_madera,30/09/2024,15/09/2024 22:00,15/09/2024,22,23,6,3.5598829,490.081
bounty_madera,30/09/2024,15/09/2024 23:00,15/09/2024,23,24,6,2.667618733,486.356
bounty_madera,30/09/2024,16/09/2024 0:00,16/09/2024,0,1,0,3.098854653,455.837
bounty_madera,30/09/2024,16/09/2024 1:00,16/09/2024,1,2,0,3.34826351,419.766
bounty_madera,30/09/2024,16/09/2024 2:00,16/09/2024,2,3,0,3.262948548,404.968
bounty_madera,30/09/2024,16/09/2024 3:00,16/09/2024,3,4,0,2.415238201,391.772
bounty_madera,30/09/2024,16/09/2024 4:00,16/09/2024,4,5,0,2.682787895,400.765
bounty_madera,30/09/2024,16/09/2024 5:00,16/09/2024,5,6,0,2.800582119,408.751
bounty_madera,30/09/2024,16/09/2024 6:00,16/09/2024,6,7,0,2.336678481,417.811
bounty_madera,30/09/2024,16/09/2024 7:00,16/09/2024,7,8,0,2.836011276,518.716
bounty_madera,30/09/2024,16/09/2024 8:00,16/09/2024,8,9,0,3.461442537,588.142
bounty_madera,30/09/2024,16/09/2024 9:00,16/09/2024,9,10,0,3.974832996,618.21
bounty_madera,30/09/2024,16/09/2024 10:00,16/09/2024,10,11,0,4.163437479,612.113
bounty_madera,30/09/2024,16/09/2024 11:00,16/09/2024,11,12,0,3.569192785,588.774
bounty_madera,30/09/2024,16/09/2024 12:00,16/09/2024,12,13,0,3.763082137,612.168
bounty_madera,30/09/2024,16/09/2024 13:00,16/09/2024,13,14,0,5.415568877,627.24
bounty_madera,30/09/2024,16/09/2024 14:00,16/09/2024,14,15,0,4.957986224,581.548
bounty_madera,30/09/2024,16/09/2024 15:00,16/09/2024,15,16,0,3.929503157,554.584
bounty_madera,30/09/2024,16/09/2024 16:00,16/09/2024,16,17,0,3.851315471,582.104
bounty_madera,30/09/2024,16/09/2024 17:00,16/09/2024,17,18,0,4.229727744,556.063
bounty_madera,30/09/2024,16/09/2024 18:00,16/09/2024,18,19,0,10.21168898,516.646
bounty_madera,30/09/2024,16/09/2024 19:00,16/09/2024,19,20,0,5.164685573,482.077
bounty_madera,30/09/2024,16/09/2024 20:00,16/09/2024,20,21,0,4.651255782,463.218
bounty_madera,30/09/2024,16/09/2024 21:00,16/09/2024,21,22,0,6.605566894,456.009
bounty_madera,30/09/2024,16/09/2024 22:00,16/09/2024,22,23,0,4.940194697,441.652
bounty_madera,30/09/2024,16/09/2024 23:00,16/09/2024,23,24,0,4.265913021,466.338
bounty_madera,30/09/2024,17/09/2024 0:00,17/09/2024,0,1,1,3.658376081,448.06
bounty_madera,30/09/2024,17/09/2024 1:00,17/09/2024,1,2,1,3.61294982,399.101
bounty_madera,30/09/2024,17/09/2024 2:00,17/09/2024,2,3,1,3.478481143,379.567
bounty_madera,30/09/2024,17/09/2024 3:00,17/09/2024,3,4,1,3.505809807,379.6
bounty_madera,30/09/2024,17/09/2024 4:00,17/09/2024,4,5,1,3.736049637,392.498
bounty_madera,30/09/2024,17/09/2024 5:00,17/09/2024,5,6,1,3.329513484,420.548
bounty_madera,30/09/2024,17/09/2024 6:00,17/09/2024,6,7,1,2.765932603,432.692
bounty_madera,30/09/2024,17/09/2024 7:00,17/09/2024,7,8,1,3.650157557,468.518
bounty_madera,30/09/2024,17/09/2024 8:00,17/09/2024,8,9,1,4.794860003,502.063
bounty_madera,30/09/2024,17/09/2024 9:00,17/09/2024,9,10,1,10.20328409,562.993
bounty_madera,30/09/2024,17/09/2024 10:00,17/09/2024,10,11,1,3.773274278,578.131
bounty_madera,30/09/2024,17/09/2024 11:00,17/09/2024,11,12,1,3.250658409,565.61
bounty_madera,30/09/2024,17/09/2024 12:00,17/09/2024,12,13,1,3.396640105,588.243
bounty_madera,30/09/2024,17/09/2024 13:00,17/09/2024,13,14,1,4.050593073,568.23
bounty_madera,30/09/2024,17/09/2024 14:00,17/09/2024,14,15,1,4.273184567,427.174
bounty_madera,30/09/2024,17/09/2024 15:00,17/09/2024,15,16,1,4.758626465,494.428
bounty_madera,30/09/2024,17/09/2024 16:00,17/09/2024,16,17,1,3.835661611,521.964
bounty_madera,30/09/2024,17/09/2024 17:00,17/09/2024,17,18,1,4.03443846,406.967
bounty_madera,30/09/2024,17/09/2024 18:00,17/09/2024,18,19,1,6.149309103,508.09
bounty_madera,30/09/2024,17/09/2024 19:00,17/09/2024,19,20,1,4.224626008,453.908
bounty_madera,30/09/2024,17/09/2024 20:00,17/09/2024,20,21,1,6.573186846,398.862
bounty_madera,30/09/2024,17/09/2024 21:00,17/09/2024,21,22,1,4.367684319,374.278
bounty_madera,30/09/2024,17/09/2024 22:00,17/09/2024,22,23,1,4.113359408,379.045
bounty_madera,30/09/2024,17/09/2024 23:00,17/09/2024,23,24,1,4.062702409,398.264
bounty_madera,30/09/2024,18/09/2024 0:00,18/09/2024,0,1,2,6.853981268,394.826
bounty_madera,30/09/2024,18/09/2024 1:00,18/09/2024,1,2,2,3.660093843,383.22
bounty_madera,30/09/2024,18/09/2024 2:00,18/09/2024,2,3,2,3.372515978,368.786
bounty_madera,30/09/2024,18/09/2024 3:00,18/09/2024,3,4,2,3.282829733,366.547
bounty_madera,30/09/2024,18/09/2024 4:00,18/09/2024,4,5,2,4.008821688,389.332
bounty_madera,30/09/2024,18/09/2024 5:00,18/09/2024,5,6,2,3.772392968,419.57
bounty_madera,30/09/2024,18/09/2024 6:00,18/09/2024,6,7,2,3.218173912,440.608
bounty_madera,30/09/2024,18/09/2024 7:00,18/09/2024,7,8,2,3.184003146,464.062
bounty_madera,30/09/2024,18/09/2024 8:00,18/09/2024,8,9,2,4.054680062,517.209
bounty_madera,30/09/2024,18/09/2024 9:00,18/09/2024,9,10,2,5.871932442,575.405
bounty_madera,30/09/2024,18/09/2024 10:00,18/09/2024,10,11,2,5.069694668,573.379
bounty_madera,30/09/2024,18/09/2024 11:00,18/09/2024,11,12,2,3.538251667,552.581
bounty_madera,30/09/2024,18/09/2024 12:00,18/09/2024,12,13,2,2.838951692,590.855
bounty_madera,30/09/2024,18/09/2024 13:00,18/09/2024,13,14,2,3.037919059,563.2
bounty_madera,30/09/2024,18/09/2024 14:00,18/09/2024,14,15,2,2.855533174,531.211
bounty_madera,30/09/2024,18/09/2024 15:00,18/09/2024,15,16,2,3.269062431,529.15
bounty_madera,30/09/2024,18/09/2024 16:00,18/09/2024,16,17,2,3.552467519,507.374
bounty_madera,30/09/2024,18/09/2024 17:00,18/09/2024,17,18,2,3.777039393,501.148
bounty_madera,30/09/2024,18/09/2024 18:00,18/09/2024,18,19,2,4.747198239,479.767
bounty_madera,30/09/2024,18/09/2024 19:00,18/09/2024,19,20,2,3.631776743,425.683
bounty_madera,30/09/2024,18/09/2024 20:00,18/09/2024,20,21,2,3.927864195,430.268
bounty_madera,30/09/2024,18/09/2024 21:00,18/09/2024,21,22,2,3.343875898,432.952
bounty_madera,30/09/2024,18/09/2024 22:00,18/09/2024,22,23,2,2.967955698,422.294
bounty_madera,30/09/2024,18/09/2024 23:00,18/09/2024,23,24,2,2.62953709,440.131
bounty_madera,30/09/2024,19/09/2024 0:00,19/09/2024,0,1,3,3.008311546,417.88
bounty_madera,30/09/2024,19/09/2024 1:00,19/09/2024,1,2,3,3.55696494,377.668
bounty_madera,30/09/2024,19/09/2024 2:00,19/09/2024,2,3,3,4.579193179,362.724
bounty_madera,30/09/2024,19/09/2024 3:00,19/09/2024,3,4,3,3.180516424,359.725
bounty_madera,30/09/2024,19/09/2024 4:00,19/09/2024,4,5,3,3.5918044,372.957
bounty_madera,30/09/2024,19/09/2024 5:00,19/09/2024,5,6,3,3.581871961,410.124
bounty_madera,30/09/2024,19/09/2024 6:00,19/09/2024,6,7,3,2.435098351,434.616
bounty_madera,30/09/2024,19/09/2024 7:00,19/09/2024,7,8,3,3.424903395,443.138
bounty_madera,30/09/2024,19/09/2024 8:00,19/09/2024,8,9,3,3.511992684,557.485
bounty_madera,30/09/2024,19/09/2024 9:00,19/09/2024,9,10,3,4.473074425,603.43
bounty_madera,30/09/2024,19/09/2024 10:00,19/09/2024,10,11,3,5.51635616,595.96
bounty_madera,30/09/2024,19/09/2024 11:00,19/09/2024,11,12,3,3.498586014,520.161
bounty_madera,30/09/2024,19/09/2024 12:00,19/09/2024,12,13,3,2.758720161,528.263
bounty_madera,30/09/2024,19/09/2024 13:00,19/09/2024,13,14,3,4.181039453,575.164
bounty_madera,30/09/2024,19/09/2024 14:00,19/09/2024,14,15,3,4.831946994,579.433
bounty_madera,30/09/2024,19/09/2024 15:00,19/09/2024,15,16,3,5.087610898,496.718
bounty_madera,30/09/2024,19/09/2024 16:00,19/09/2024,16,17,3,4.482901578,486.471
bounty_madera,30/09/2024,19/09/2024 17:00,19/09/2024,17,18,3,3.99058483,483.142
bounty_madera,30/09/2024,19/09/2024 18:00,19/09/2024,18,19,3,12.43166845,464.911
bounty_madera,30/09/2024,19/09/2024 19:00,19/09/2024,19,20,3,7.37543789,411.373
bounty_madera,30/09/2024,19/09/2024 20:00,19/09/2024,20,21,3,5.49940859,424.493
bounty_madera,30/09/2024,19/09/2024 21:00,19/09/2024,21,22,3,3.724606522,429.687
bounty_madera,30/09/2024,19/09/2024 22:00,19/09/2024,22,23,3,3.549513898,427.418
bounty_madera,30/09/2024,19/09/2024 23:00,19/09/2024,23,24,3,3.359457016,441.312
bounty_madera,30/09/2024,20/09/2024 0:00,20/09/2024,0,1,4,3.734988108,441.247
bounty_madera,30/09/2024,20/09/2024 1:00,20/09/2024,1,2,4,3.280649995,398.923
bounty_madera,30/09/2024,20/09/2024 2:00,20/09/2024,2,3,4,2.578637183,365.159
bounty_madera,30/09/2024,20/09/2024 3:00,20/09/2024,3,4,4,2.570339096,353.594
bounty_madera,30/09/2024,20/09/2024 4:00,20/09/2024,4,5,4,2.996777105,366.925
bounty_madera,30/09/2024,20/09/2024 5:00,20/09/2024,5,6,4,2.766994533,399.302
bounty_madera,30/09/2024,20/09/2024 6:00,20/09/2024,6,7,4,2.339831895,412.592
bounty_madera,30/09/2024,20/09/2024 7:00,20/09/2024,7,8,4,2.818877913,460.106
bounty_madera,30/09/2024,20/09/2024 8:00,20/09/2024,8,9,4,3.283649235,498.191
bounty_madera,30/09/2024,20/09/2024 9:00,20/09/2024,9,10,4,3.762563355,558.093
bounty_madera,30/09/2024,20/09/2024 10:00,20/09/2024,10,11,4,3.065317229,582.817
bounty_madera,30/09/2024,20/09/2024 11:00,20/09/2024,11,12,4,3.146315701,519.947
bounty_madera,30/09/2024,20/09/2024 12:00,20/09/2024,12,13,4,3.148653041,506.003
bounty_madera,30/09/2024,20/09/2024 13:00,20/09/2024,13,14,4,4.295399755,538.352
bounty_madera,30/09/2024,20/09/2024 14:00,20/09/2024,14,15,4,4.533429999,557.264
bounty_madera,30/09/2024,20/09/2024 15:00,20/09/2024,15,16,4,3.967885649,519.017
bounty_madera,30/09/2024,20/09/2024 16:00,20/09/2024,16,17,4,3.730872749,467.052
bounty_madera,30/09/2024,20/09/2024 17:00,20/09/2024,17,18,4,3.2715738,426.12
bounty_madera,30/09/2024,20/09/2024 18:00,20/09/2024,18,19,4,4.454237076,418.742
bounty_madera,30/09/2024,20/09/2024 19:00,20/09/2024,19,20,4,3.705894781,380.176
bounty_madera,30/09/2024,20/09/2024 20:00,20/09/2024,20,21,4,4.209155227,352.841
bounty_madera,30/09/2024,20/09/2024 21:00,20/09/2024,21,22,4,4.369620349,372.442
bounty_madera,30/09/2024,20/09/2024 22:00,20/09/2024,22,23,4,3.630133878,370.654
bounty_madera,30/09/2024,20/09/2024 23:00,20/09/2024,23,24,4,3.349961505,396.049
bounty_madera,30/09/2024,21/09/2024 0:00,21/09/2024,0,1,5,3.179945191,385.275
bounty_madera,30/09/2024,21/09/2024 1:00,21/09/2024,1,2,5,2.977580775,343.75
bounty_madera,30/09/2024,21/09/2024 2:00,21/09/2024,2,3,5,2.933992768,341.489
bounty_madera,30/09/2024,21/09/2024 3:00,21/09/2024,3,4,5,2.852193845,330.821
bounty_madera,30/09/2024,21/09/2024 4:00,21/09/2024,4,5,5,2.875032628,348.707
bounty_madera,30/09/2024,21/09/2024 5:00,21/09/2024,5,6,5,2.747906593,377.068
bounty_madera,30/09/2024,21/09/2024 6:00,21/09/2024,6,7,5,2.559710597,392.116
bounty_madera,30/09/2024,21/09/2024 7:00,21/09/2024,7,8,5,2.437481519,421.683
bounty_madera,30/09/2024,21/09/2024 8:00,21/09/2024,8,9,5,2.691034048,457.997
bounty_madera,30/09/2024,21/09/2024 9:00,21/09/2024,9,10,5,3.043543214,482.014
bounty_madera,30/09/2024,21/09/2024 10:00,21/09/2024,10,11,5,3.115438153,528.73
bounty_madera,30/09/2024,21/09/2024 11:00,21/09/2024,11,12,5,3.089552849,544.711
bounty_madera,30/09/2024,21/09/2024 12:00,21/09/2024,12,13,5,2.904954135,568.871
bounty_madera,30/09/2024,21/09/2024 13:00,21/09/2024,13,14,5,3.291189585,588.245
bounty_madera,30/09/2024,21/09/2024 14:00,21/09/2024,14,15,5,3.171915813,433.411
bounty_madera,30/09/2024,21/09/2024 15:00,21/09/2024,15,16,5,2.787990638,422.974
bounty_madera,30/09/2024,21/09/2024 16:00,21/09/2024,16,17,5,2.580227038,434.957
bounty_madera,30/09/2024,21/09/2024 17:00,21/09/2024,17,18,5,3.020091585,445.575
bounty_madera,30/09/2024,21/09/2024 18:00,21/09/2024,18,19,5,3.831439261,443.24
bounty_madera,30/09/2024,21/09/2024 19:00,21/09/2024,19,20,5,3.149480824,397.963
bounty_madera,30/09/2024,21/09/2024 20:00,21/09/2024,20,21,5,3.305629257,378.847
bounty_madera,30/09/2024,21/09/2024 21:00,21/09/2024,21,22,5,3.591208527,379.605
bounty_madera,30/09/2024,21/09/2024 22:00,21/09/2024,22,23,5,-7.43140128,380.242
bounty_madera,30/09/2024,21/09/2024 23:00,21/09/2024,23,24,5,56.42277768,395.039
bounty_madera,30/09/2024,22/09/2024 0:00,22/09/2024,0,1,6,17.52693267,382.633
bounty_madera,30/09/2024,22/09/2024 1:00,22/09/2024,1,2,6,3.182793718,345.009
bounty_madera,30/09/2024,22/09/2024 2:00,22/09/2024,2,3,6,-1.91520878,339.202
bounty_madera,30/09/2024,22/09/2024 3:00,22/09/2024,3,4,6,-1.048269616,334.933
bounty_madera,30/09/2024,22/09/2024 4:00,22/09/2024,4,5,6,9.382473225,348.888
bounty_madera,30/09/2024,22/09/2024 5:00,22/09/2024,5,6,6,-5.249355239,380.084
bounty_madera,30/09/2024,22/09/2024 6:00,22/09/2024,6,7,6,3.676658833,413.031
bounty_madera,30/09/2024,22/09/2024 7:00,22/09/2024,7,8,6,16.74064262,437.846
bounty_madera,30/09/2024,22/09/2024 8:00,22/09/2024,8,9,6,67.16447726,503.384
bounty_madera,30/09/2024,22/09/2024 9:00,22/09/2024,9,10,6,3.316669293,562.127
bounty_madera,30/09/2024,22/09/2024 10:00,22/09/2024,10,11,6,-4.439177672,580.424
bounty_madera,30/09/2024,22/09/2024 11:00,22/09/2024,11,12,6,-16.97201103,563.745
bounty_madera,30/09/2024,22/09/2024 12:00,22/09/2024,12,13,6,-28.1321818,592.381
bounty_madera,30/09/2024,22/09/2024 13:00,22/09/2024,13,14,6,33.4214626,615.993
bounty_madera,30/09/2024,22/09/2024 14:00,22/09/2024,14,15,6,46.18278844,598.64
bounty_madera,30/09/2024,22/09/2024 15:00,22/09/2024,15,16,6,-2.850537743,596.63
bounty_madera,30/09/2024,22/09/2024 16:00,22/09/2024,16,17,6,-2.263421692,582.201
bounty_madera,30/09/2024,22/09/2024 17:00,22/09/2024,17,18,6,4.345973106,317.81
bounty_madera,30/09/2024,22/09/2024 18:00,22/09/2024,18,19,6,57.36327401,215.784
bounty_madera,30/09/2024,22/09/2024 19:00,22/09/2024,19,20,6,63.88408579,346.516
bounty_madera,30/09/2024,22/09/2024 20:00,22/09/2024,20,21,6,42.49737844,330.452
bounty_madera,30/09/2024,22/09/2024 21:00,22/09/2024,21,22,6,14.50169833,329.847
bounty_madera,30/09/2024,22/09/2024 22:00,22/09/2024,22,23,6,2.607257958,326.735
bounty_madera,30/09/2024,22/09/2024 23:00,22/09/2024,23,24,6,2.975005554,355.502
bounty_madera,30/09/2024,23/09/2024 0:00,23/09/2024,0,1,0,2.951823511,351.441
bounty_madera,30/09/2024,23/09/2024 1:00,23/09/2024,1,2,0,3.32909194,310.963
bounty_madera,30/09/2024,23/09/2024 2:00,23/09/2024,2,3,0,2.990451798,293.95
bounty_madera,30/09/2024,23/09/2024 3:00,23/09/2024,3,4,0,2.830185014,282.331
bounty_madera,30/09/2024,23/09/2024 4:00,23/09/2024,4,5,0,3.279693159,303.795
bounty_madera,30/09/2024,23/09/2024 5:00,23/09/2024,5,6,0,3.641426618,311.317
bounty_madera,30/09/2024,23/09/2024 6:00,23/09/2024,6,7,0,2.72850773,337.671
bounty_madera,30/09/2024,23/09/2024 7:00,23/09/2024,7,8,0,2.825007917,419.498
bounty_madera,30/09/2024,23/09/2024 8:00,23/09/2024,8,9,0,3.604456173,525.877
bounty_madera,30/09/2024,23/09/2024 9:00,23/09/2024,9,10,0,4.24647782,602.833
bounty_madera,30/09/2024,23/09/2024 10:00,23/09/2024,10,11,0,3.664239908,615.333
bounty_madera,30/09/2024,23/09/2024 11:00,23/09/2024,11,12,0,3.814551921,601.166
bounty_madera,30/09/2024,23/09/2024 12:00,23/09/2024,12,13,0,3.703198221,620.797
bounty_madera,30/09/2024,23/09/2024 13:00,23/09/2024,13,14,0,8.224589104,654.839
bounty_madera,30/09/2024,23/09/2024 14:00,23/09/2024,14,15,0,7.365001481,638.443
bounty_madera,30/09/2024,23/09/2024 15:00,23/09/2024,15,16,0,6.010606366,640.915
bounty_madera,30/09/2024,23/09/2024 16:00,23/09/2024,16,17,0,8.346267499,643.553
bounty_madera,30/09/2024,23/09/2024 17:00,23/09/2024,17,18,0,6.28455601,613.103
bounty_madera,30/09/2024,23/09/2024 18:00,23/09/2024,18,19,0,8.366601276,604.901
bounty_madera,30/09/2024,23/09/2024 19:00,23/09/2024,19,20,0,7.047742044,544.147
bounty_madera,30/09/2024,23/09/2024 20:00,23/09/2024,20,21,0,8.296896908,527.506
bounty_madera,30/09/2024,23/09/2024 21:00,23/09/2024,21,22,0,8.790885761,505.063
bounty_madera,30/09/2024,23/09/2024 22:00,23/09/2024,22,23,0,6.514404953,487.701
bounty_madera,30/09/2024,23/09/2024 23:00,23/09/2024,23,24,0,4.355393016,492.734
bounty_madera,30/09/2024,24/09/2024 0:00,24/09/2024,0,1,1,4.129210279,500.084
bounty_madera,30/09/2024,24/09/2024 1:00,24/09/2024,1,2,1,3.940656297,461.807
bounty_madera,30/09/2024,24/09/2024 2:00,24/09/2024,2,3,1,3.603299731,433.735
bounty_madera,30/09/2024,24/09/2024 3:00,24/09/2024,3,4,1,3.469176563,410.702
bounty_madera,30/09/2024,24/09/2024 4:00,24/09/2024,4,5,1,5.482829265,414.376
bounty_madera,30/09/2024,24/09/2024 5:00,24/09/2024,5,6,1,4.000745147,428.811
bounty_madera,30/09/2024,24/09/2024 6:00,24/09/2024,6,7,1,2.678971165,446.557
bounty_madera,30/09/2024,24/09/2024 7:00,24/09/2024,7,8,1,3.010982457,518.422
bounty_madera,30/09/2024,24/09/2024 8:00,24/09/2024,8,9,1,5.110583957,605.204
bounty_madera,30/09/2024,24/09/2024 9:00,24/09/2024,9,10,1,5.532581456,633.063
bounty_madera,30/09/2024,24/09/2024 10:00,24/09/2024,10,11,1,5.568317181,639.556
bounty_madera,30/09/2024,24/09/2024 11:00,24/09/2024,11,12,1,5.198039296,616.813
bounty_madera,30/09/2024,24/09/2024 12:00,24/09/2024,12,13,1,6.056682185,631.961
bounty_madera,30/09/2024,24/09/2024 13:00,24/09/2024,13,14,1,7.672810051,652.382
bounty_madera,30/09/2024,24/09/2024 14:00,24/09/2024,14,15,1,5.962981727,638.695
bounty_madera,30/09/2024,24/09/2024 15:00,24/09/2024,15,16,1,5.816652421,633.469
bounty_madera,30/09/2024,24/09/2024 16:00,24/09/2024,16,17,1,5.443385249,641.062
bounty_madera,30/09/2024,24/09/2024 17:00,24/09/2024,17,18,1,5.28178915,579.901
bounty_madera,30/09/2024,24/09/2024 18:00,24/09/2024,18,19,1,5.786629622,525.358
bounty_madera,30/09/2024,24/09/2024 19:00,24/09/2024,19,20,1,5.706285828,435.712
bounty_madera,30/09/2024,24/09/2024 20:00,24/09/2024,20,21,1,5.682435828,444.187
bounty_madera,30/09/2024,24/09/2024 21:00,24/09/2024,21,22,1,5.206757393,472.84
bounty_madera,30/09/2024,24/09/2024 22:00,24/09/2024,22,23,1,4.716357247,477.582
bounty_madera,30/09/2024,24/09/2024 23:00,24/09/2024,23,24,1,4.417206304,467.292
bounty_madera,30/09/2024,25/09/2024 0:00,25/09/2024,0,1,2,4.000667645,485.952
bounty_madera,30/09/2024,25/09/2024 1:00,25/09/2024,1,2,2,3.735620157,450.688
bounty_madera,30/09/2024,25/09/2024 2:00,25/09/2024,2,3,2,3.53094396,413.557
bounty_madera,30/09/2024,25/09/2024 3:00,25/09/2024,3,4,2,3.504241399,397.782
bounty_madera,30/09/2024,25/09/2024 4:00,25/09/2024,4,5,2,3.603862385,400.637
bounty_madera,30/09/2024,25/09/2024 5:00,25/09/2024,5,6,2,3.505954793,432.874
bounty_madera,30/09/2024,25/09/2024 6:00,25/09/2024,6,7,2,2.703567333,454.147
bounty_madera,30/09/2024,25/09/2024 7:00,25/09/2024,7,8,2,2.890730408,561.909
bounty_madera,30/09/2024,25/09/2024 8:00,25/09/2024,8,9,2,3.268598001,608.449
bounty_madera,30/09/2024,25/09/2024 9:00,25/09/2024,9,10,2,3.709841941,639.312
bounty_madera,30/09/2024,25/09/2024 10:00,25/09/2024,10,11,2,4.093273134,633.066
bounty_madera,30/09/2024,25/09/2024 11:00,25/09/2024,11,12,2,3.701506132,611.945
bounty_madera,30/09/2024,25/09/2024 12:00,25/09/2024,12,13,2,3.44056161,629.139
bounty_madera,30/09/2024,25/09/2024 13:00,25/09/2024,13,14,2,5.46560835,650.159
bounty_madera,30/09/2024,25/09/2024 14:00,25/09/2024,14,15,2,5.520638374,646.254
bounty_madera,30/09/2024,25/09/2024 15:00,25/09/2024,15,16,2,5.765113459,636.208
bounty_madera,30/09/2024,25/09/2024 16:00,25/09/2024,16,17,2,11.21206708,628.002
bounty_madera,30/09/2024,25/09/2024 17:00,25/09/2024,17,18,2,6.846503069,621.201
bounty_madera,30/09/2024,25/09/2024 18:00,25/09/2024,18,19,2,9.365866925,612.036
bounty_madera,30/09/2024,25/09/2024 19:00,25/09/2024,19,20,2,6.084256814,550.646
bounty_madera,30/09/2024,25/09/2024 20:00,25/09/2024,20,21,2,8.33108087,542.412
bounty_madera,30/09/2024,25/09/2024 21:00,25/09/2024,21,22,2,6.597957966,525.861
bounty_madera,30/09/2024,25/09/2024 22:00,25/09/2024,22,23,2,5.75521223,529.344
bounty_madera,30/09/2024,25/09/2024 23:00,25/09/2024,23,24,2,5.297475492,539.821
